concurrency	elapsed-r	errors-r	ops(total)-r	ops/sec(cum)-r	avg(ms)-r	p50(ms)-r	p95(ms)-r	p99(ms)-r	pMax(ms)-r	total-r	elapsed-w	errors-w	ops(total)-w	ops/sec(cum)-w	avg(ms)-w	p50(ms)-w	p95(ms)-w	p99(ms)-w	pMax(ms)-w	total-w	elapsed	errors	ops(total)	ops/sec(cum)	avg(ms)	p50(ms)	p95(ms)	p99(ms)	pMax(ms)
43	0.0	0.0	1927989.0	64264.50000000001	4.5	3.7874999999999996	10.9375	18.075	63.68749999999999	0.0	0.0	0.0	100943.0	3364.7000000000003	8.1375	7.275	18.75	27.412500000000005	85.47500000000001	0.0	0.0	0.0	2028932.0	67629.2	4.6625000000000005	3.85	11.8	19.150000000000002	85.47500000000001
