concurrency	elapsed-r	errors-r	ops(total)-r	ops/sec(cum)-r	avg(ms)-r	p50(ms)-r	p95(ms)-r	p99(ms)-r	pMax(ms)-r	total-r	elapsed	errors	ops(total)	ops/sec(cum)	avg(ms)	p50(ms)	p95(ms)	p99(ms)	pMax(ms)
13	0.0	0.0	1003342.0	33444.200000000004	2.9	2.75	5.0	6.7625	22.662499999999998	0.0	0.0	0.0	1003342.0	33444.200000000004	2.9	2.75	5.0	6.7625	22.662499999999998
