concurrency	elapsed-r	errors-r	ops(total)-r	ops/sec(cum)-r	avg(ms)-r	p50(ms)-r	p95(ms)-r	p99(ms)-r	pMax(ms)-r	total-r	elapsed-w	errors-w	ops(total)-w	ops/sec(cum)-w	avg(ms)-w	p50(ms)-w	p95(ms)-w	p99(ms)-w	pMax(ms)-w	total-w	elapsed	errors	ops(total)	ops/sec(cum)	avg(ms)	p50(ms)	p95(ms)	p99(ms)	pMax(ms)
112	0.0	0.0	2710949.0	90360.5	6.539999999999999	5.139999999999999	17.419999999999998	27.46	249.16000000000003	0.0	0.0	0.0	142551.0	4751.3	17.68	15.780000000000001	37.96	49.89999999999999	238.24	0.0	0.0	0.0	2853500.0	95111.9	7.06	5.26	19.82	31.839999999999996	253.36000000000004
