concurrency	elapsed-r	errors-r	ops(total)-r	ops/sec(cum)-r	avg(ms)-r	p50(ms)-r	p95(ms)-r	p99(ms)-r	pMax(ms)-r	total-r	elapsed-w	errors-w	ops(total)-w	ops/sec(cum)-w	avg(ms)-w	p50(ms)-w	p95(ms)-w	p99(ms)-w	pMax(ms)-w	total-w	elapsed	errors	ops(total)	ops/sec(cum)	avg(ms)	p50(ms)	p95(ms)	p99(ms)	pMax(ms)
69	0.0	0.0	2990800.0	99688.6	1.8800000000000001	1.3	4.88	7.8199999999999985	35.22	0.0	0.0	0.0	156566.0	5218.6	44.940000000000005	2.22	243.6	261.91999999999996	281.02000000000004	0.0	0.0	0.0	3147366.0	104907.1	4.0200000000000005	1.3	5.16	14.239999999999998	281.02000000000004
