concurrency	elapsed-r	errors-r	ops(total)-r	ops/sec(cum)-r	avg(ms)-r	p50(ms)-r	p95(ms)-r	p99(ms)-r	pMax(ms)-r	total-r	elapsed-w	errors-w	ops(total)-w	ops/sec(cum)-w	avg(ms)-w	p50(ms)-w	p95(ms)-w	p99(ms)-w	pMax(ms)-w	total-w	elapsed	errors	ops(total)	ops/sec(cum)	avg(ms)	p50(ms)	p95(ms)	p99(ms)	pMax(ms)
55	0.0	0.0	663214.0	22106.4	4.2	2.7999999999999994	10.5	23.100000000000005	67.8	0.0	0.0	0.0	34413.0	1147.1	1.4666666666666668	0.9	3.4666666666666663	13.1	44.0	0.0	0.0	0.0	697627.0	23253.4	4.1	1.9666666666666668	10.5	22.733333333333334	67.8
