ops/sec(cum)	p50(ms)	p99(ms)	read_tp	read_p50	read_p99	write_tp	write_p50	write_p99
273274.6833333334	0.23925000000000002	1.2248333333333332	262954.45	0.23883333333333334	1.2248333333333332	10319.233333333334	0.23966666666666667	1.213
