concurrency	elapsed-r	errors-r	ops(total)-r	ops/sec(cum)-r	avg(ms)-r	p50(ms)-r	p95(ms)-r	p99(ms)-r	pMax(ms)-r	total-r	elapsed-w	errors-w	ops(total)-w	ops/sec(cum)-w	avg(ms)-w	p50(ms)-w	p95(ms)-w	p99(ms)-w	pMax(ms)-w	total-w	elapsed	errors	ops(total)	ops/sec(cum)	avg(ms)	p50(ms)	p95(ms)	p99(ms)	pMax(ms)
45	0.0	0.0	3233732.0	107788.7	2.9000000000000004	2.775	4.95	9.05	56.1	0.0	0.0	0.0	171303.0	5710.2	2.9000000000000004	2.7375	4.95	9.287500000000001	25.437499999999996	0.0	0.0	0.0	3405035.0	113498.90000000001	2.9000000000000004	2.775	4.95	9.05	56.1
