concurrency	elapsed-r	errors-r	ops(total)-r	ops/sec(cum)-r	avg(ms)-r	p50(ms)-r	p95(ms)-r	p99(ms)-r	pMax(ms)-r	total-r	elapsed-w	errors-w	ops(total)-w	ops/sec(cum)-w	avg(ms)-w	p50(ms)-w	p95(ms)-w	p99(ms)-w	pMax(ms)-w	total-w	elapsed	errors	ops(total)	ops/sec(cum)	avg(ms)	p50(ms)	p95(ms)	p99(ms)	pMax(ms)
101	0.0	0.0	2622377.0	87408.4	6.4399999999999995	5.06	17.52	27.020000000000003	256.7	0.0	0.0	0.0	138249.0	4608.1	17.9	16.26	38.14	49.9	230.68	0.0	0.0	0.0	2760626.0	92016.5	7.0	5.220000000000001	20.159999999999997	31.119999999999997	260.06000000000006
