concurrency	elapsed-w	errors-w	ops(total)-w	ops/sec(cum)-w	avg(ms)-w	p50(ms)-w	p95(ms)-w	p99(ms)-w	pMax(ms)-w	total-w	elapsed	errors	ops(total)	ops/sec(cum)	avg(ms)	p50(ms)	p95(ms)	p99(ms)	pMax(ms)
37	0.0	0.0	4775736.0	159188.19999999998	1.5624999999999998	1.45	2.9500000000000006	4.675	152.2875	0.0	0.0	0.0	4775736.0	159188.19999999998	1.5624999999999998	1.45	2.9500000000000006	4.675	152.2875
