concurrency	elapsed-r	errors-r	ops(total)-r	ops/sec(cum)-r	avg(ms)-r	p50(ms)-r	p95(ms)-r	p99(ms)-r	pMax(ms)-r	total-r	elapsed-w	errors-w	ops(total)-w	ops/sec(cum)-w	avg(ms)-w	p50(ms)-w	p95(ms)-w	p99(ms)-w	pMax(ms)-w	total-w	elapsed	errors	ops(total)	ops/sec(cum)	avg(ms)	p50(ms)	p95(ms)	p99(ms)	pMax(ms)
68	0.0	0.0	894034.0	29800.0	2.3	1.6000000000000003	5.866666666666667	13.433333333333332	60.79999999999999	0.0	0.0	0.0	46867.0	1562.2	64.36666666666667	2.9	369.1000000000001	402.7	453.0	0.0	0.0	0.0	940901.0	31362.3	5.400000000000001	1.6000000000000003	6.3	30.766666666666666	453.0
