concurrency	elapsed-r	errors-r	ops(total)-r	ops/sec(cum)-r	avg(ms)-r	p50(ms)-r	p95(ms)-r	p99(ms)-r	pMax(ms)-r	total-r	elapsed-w	errors-w	ops(total)-w	ops/sec(cum)-w	avg(ms)-w	p50(ms)-w	p95(ms)-w	p99(ms)-w	pMax(ms)-w	total-w	elapsed	errors	ops(total)	ops/sec(cum)	avg(ms)	p50(ms)	p95(ms)	p99(ms)	pMax(ms)
48	0.0	0.0	3309967.0	110329.00000000001	3.0250000000000004	2.875	6.874999999999999	10.2375	143.7875	0.0	0.0	0.0	174314.0	5810.2	3.0375	2.8875	6.874999999999999	10.3	35.7875	0.0	0.0	0.0	3484281.0	116139.3	3.0250000000000004	2.875	6.874999999999999	10.2375	145.36249999999998
