concurrency	elapsed-r	errors-r	ops(total)-r	ops/sec(cum)-r	avg(ms)-r	p50(ms)-r	p95(ms)-r	p99(ms)-r	pMax(ms)-r	total-r	elapsed-w	errors-w	ops(total)-w	ops/sec(cum)-w	avg(ms)-w	p50(ms)-w	p95(ms)-w	p99(ms)-w	pMax(ms)-w	total-w	elapsed	errors	ops(total)	ops/sec(cum)	avg(ms)	p50(ms)	p95(ms)	p99(ms)	pMax(ms)
49	0.0	0.0	1245331.0	41509.399999999994	8.0375	7.1000000000000005	18.075	26.874999999999996	90.19999999999999	0.0	0.0	0.0	66024.0	2200.7000000000003	15.8375	14.637500000000001	32.65	45.05	100.67500000000001	0.0	0.0	0.0	1311355.0	43710.2	8.4125	7.249999999999999	19.650000000000002	29.650000000000002	101.2
