concurrency	elapsed-r	errors-r	ops(total)-r	ops/sec(cum)-r	avg(ms)-r	p50(ms)-r	p95(ms)-r	p99(ms)-r	pMax(ms)-r	total-r	elapsed-w	errors-w	ops(total)-w	ops/sec(cum)-w	avg(ms)-w	p50(ms)-w	p95(ms)-w	p99(ms)-w	pMax(ms)-w	total-w	elapsed	errors	ops(total)	ops/sec(cum)	avg(ms)	p50(ms)	p95(ms)	p99(ms)	pMax(ms)
63	0.0	0.0	2390487.0	53120.100000000006	3.84	2.4	12.6	27.3	97.32000000000001	0.0	0.0	0.0	125620.0	2791.3999999999996	8.459999999999999	6.0	27.5	44.0	86.42	0.0	0.0	0.0	2516107.0	55911.600000000006	4.1	2.5	14.080000000000002	28.74	105.72
