concurrency	elapsed-r	errors-r	ops(total)-r	ops/sec(cum)-r	avg(ms)-r	p50(ms)-r	p95(ms)-r	p99(ms)-r	pMax(ms)-r	total-r	elapsed-w	errors-w	ops(total)-w	ops/sec(cum)-w	avg(ms)-w	p50(ms)-w	p95(ms)-w	p99(ms)-w	pMax(ms)-w	total-w	elapsed	errors	ops(total)	ops/sec(cum)	avg(ms)	p50(ms)	p95(ms)	p99(ms)	pMax(ms)
144	0.0	0.0	2576030.0	85862.1	7.9	5.66	23.3	42.339999999999996	337.2	0.0	0.0	0.0	135491.0	4516.099999999999	48.620000000000005	20.66	51.58	832.14	3402.4199999999996	0.0	0.0	0.0	2711521.0	90378.2	9.959999999999999	5.94	26.660000000000004	47.18	3402.4199999999996
