concurrency	elapsed-r	errors-r	ops(total)-r	ops/sec(cum)-r	avg(ms)-r	p50(ms)-r	p95(ms)-r	p99(ms)-r	pMax(ms)-r	total-r	elapsed-w	errors-w	ops(total)-w	ops/sec(cum)-w	avg(ms)-w	p50(ms)-w	p95(ms)-w	p99(ms)-w	pMax(ms)-w	total-w	elapsed	errors	ops(total)	ops/sec(cum)	avg(ms)	p50(ms)	p95(ms)	p99(ms)	pMax(ms)
152	0.0	0.0	4443166.0	148089.2	5.14	4.04	13.760000000000002	22.14	212.64000000000001	0.0	0.0	0.0	234184.0	7805.200000000001	14.24	12.9	30.82	41.739999999999995	199.24	0.0	0.0	0.0	4677350.0	155894.6	5.6	4.239999999999999	15.74	25.98	212.64000000000001
