concurrency	elapsed-r	errors-r	ops(total)-r	ops/sec(cum)-r	avg(ms)-r	p50(ms)-r	p95(ms)-r	p99(ms)-r	pMax(ms)-r	total-r	elapsed-w	errors-w	ops(total)-w	ops/sec(cum)-w	avg(ms)-w	p50(ms)-w	p95(ms)-w	p99(ms)-w	pMax(ms)-w	total-w	elapsed	errors	ops(total)	ops/sec(cum)	avg(ms)	p50(ms)	p95(ms)	p99(ms)	pMax(ms)
29	0.0	0.0	1256511.0	41882.9	4.887499999999999	5.125	9.55	11.0	70.51249999999999	0.0	0.0	0.0	66717.0	2223.8	8.675	6.799999999999999	16.849999999999998	75.5	122.64999999999999	0.0	0.0	0.0	1323228.0	44106.600000000006	5.0625	5.2	9.55	11.8	122.64999999999999
