concurrency	elapsed-r	errors-r	ops(total)-r	ops/sec(cum)-r	avg(ms)-r	p50(ms)-r	p95(ms)-r	p99(ms)-r	pMax(ms)-r	total-r	elapsed-w	errors-w	ops(total)-w	ops/sec(cum)-w	avg(ms)-w	p50(ms)-w	p95(ms)-w	p99(ms)-w	pMax(ms)-w	total-w	elapsed	errors	ops(total)	ops/sec(cum)	avg(ms)	p50(ms)	p95(ms)	p99(ms)	pMax(ms)
19	0.0	0.0	557640.0	18587.4	2.0625	1.5499999999999998	4.475	5.949999999999999	54.762499999999996	0.0	0.0	0.0	29377.0	979.1999999999999	111.4375	2.7125000000000004	318.8	325.0625	371.2	0.0	0.0	0.0	587017.0	19566.6	7.55	1.625	4.8	302.0	371.2
