concurrency	elapsed-r	errors-r	ops(total)-r	ops/sec(cum)-r	avg(ms)-r	p50(ms)-r	p95(ms)-r	p99(ms)-r	pMax(ms)-r	total-r	elapsed-w	errors-w	ops(total)-w	ops/sec(cum)-w	avg(ms)-w	p50(ms)-w	p95(ms)-w	p99(ms)-w	pMax(ms)-w	total-w	elapsed	errors	ops(total)	ops/sec(cum)	avg(ms)	p50(ms)	p95(ms)	p99(ms)	pMax(ms)
23	0.0	0.0	1446739.0	48223.8	3.0375000000000005	2.9375	6.774999999999999	9.025	59.4875	0.0	0.0	0.0	75947.0	2531.7	11.462499999999999	5.925	48.4625	63.94999999999999	93.87499999999999	0.0	0.0	0.0	1522686.0	50755.2	3.45	2.975	7.225	16.0	93.87499999999999
