concurrency	elapsed-r	errors-r	ops(total)-r	ops/sec(cum)-r	avg(ms)-r	p50(ms)-r	p95(ms)-r	p99(ms)-r	pMax(ms)-r	total-r	elapsed	errors	ops(total)	ops/sec(cum)	avg(ms)	p50(ms)	p95(ms)	p99(ms)	pMax(ms)
32	0.0	0.0	1529334.0	50976.9	4.625	4.25	10.0625	14.887500000000001	114.82499999999999	0.0	0.0	0.0	1529334.0	50976.9	4.625	4.25	10.0625	14.887500000000001	114.82499999999999
