concurrency	elapsed-r	errors-r	ops(total)-r	ops/sec(cum)-r	avg(ms)-r	p50(ms)-r	p95(ms)-r	p99(ms)-r	pMax(ms)-r	total-r	elapsed-w	errors-w	ops(total)-w	ops/sec(cum)-w	avg(ms)-w	p50(ms)-w	p95(ms)-w	p99(ms)-w	pMax(ms)-w	total-w	elapsed	errors	ops(total)	ops/sec(cum)	avg(ms)	p50(ms)	p95(ms)	p99(ms)	pMax(ms)
19	0.0	0.0	832549.0	27751.1	1.7750000000000001	1.3250000000000002	4.075	5.75	59.50000000000001	0.0	0.0	0.0	43696.0	1456.5	66.7375	2.3625	261.05	289.4	1056.9624999999999	0.0	0.0	0.0	876245.0	29207.400000000005	5.0125	1.35	4.35	241.20000000000002	1056.9624999999999
