concurrency	elapsed-r	errors-r	ops(total)-r	ops/sec(cum)-r	avg(ms)-r	p50(ms)-r	p95(ms)-r	p99(ms)-r	pMax(ms)-r	total-r	elapsed	errors	ops(total)	ops/sec(cum)	avg(ms)	p50(ms)	p95(ms)	p99(ms)	pMax(ms)
16	0.0	0.0	1373341.0	45777.299999999996	2.5999999999999996	2.5	4.625	7.3625	19.400000000000002	0.0	0.0	0.0	1373341.0	45777.299999999996	2.5999999999999996	2.5	4.625	7.3625	19.400000000000002
