concurrency	elapsed-r	errors-r	ops(total)-r	ops/sec(cum)-r	avg(ms)-r	p50(ms)-r	p95(ms)-r	p99(ms)-r	pMax(ms)-r	total-r	elapsed	errors	ops(total)	ops/sec(cum)	avg(ms)	p50(ms)	p95(ms)	p99(ms)	pMax(ms)
39	0.0	0.0	950114.0	31669.699999999997	9.875000000000002	9.0625	21.099999999999998	29.525	83.9	0.0	0.0	0.0	950114.0	31669.699999999997	9.875000000000002	9.0625	21.099999999999998	29.525	83.9
