concurrency	elapsed-w	errors-w	ops(total)-w	ops/sec(cum)-w	avg(ms)-w	p50(ms)-w	p95(ms)-w	p99(ms)-w	pMax(ms)-w	total-w	elapsed	errors	ops(total)	ops/sec(cum)	avg(ms)	p50(ms)	p95(ms)	p99(ms)	pMax(ms)
52	0.0	0.0	3624643.0	120819.00000000001	3.1499999999999995	2.9000000000000004	5.475	9.7125	32.800000000000004	0.0	0.0	0.0	3624643.0	120819.00000000001	3.1499999999999995	2.9000000000000004	5.475	9.7125	32.800000000000004
