concurrency	elapsed-r	errors-r	ops(total)-r	ops/sec(cum)-r	avg(ms)-r	p50(ms)-r	p95(ms)-r	p99(ms)-r	pMax(ms)-r	total-r	elapsed-w	errors-w	ops(total)-w	ops/sec(cum)-w	avg(ms)-w	p50(ms)-w	p95(ms)-w	p99(ms)-w	pMax(ms)-w	total-w	elapsed	errors	ops(total)	ops/sec(cum)	avg(ms)	p50(ms)	p95(ms)	p99(ms)	pMax(ms)
144	0.0	0.0	2653285.0	88438.4	8.879999999999999	6.760000000000001	24.46	36.28	452.98	0.0	0.0	0.0	139707.0	4656.7	24.32	22.04	52.019999999999996	68.38	439.53999999999996	0.0	0.0	0.0	2792992.0	93095.0	9.64	7.12	27.220000000000006	42.78000000000001	466.4
