concurrency	elapsed-r	errors-r	ops(total)-r	ops/sec(cum)-r	avg(ms)-r	p50(ms)-r	p95(ms)-r	p99(ms)-r	pMax(ms)-r	total-r	elapsed-w	errors-w	ops(total)-w	ops/sec(cum)-w	avg(ms)-w	p50(ms)-w	p95(ms)-w	p99(ms)-w	pMax(ms)-w	total-w	elapsed	errors	ops(total)	ops/sec(cum)	avg(ms)	p50(ms)	p95(ms)	p99(ms)	pMax(ms)
160	0.0	0.0	2802110.0	93397.2	8.0	5.9	21.8	37.54	775.1400000000001	0.0	0.0	0.0	147502.0	4916.400000000001	29.820000000000004	27.779999999999994	61.25999999999999	82.6	731.5200000000001	0.0	0.0	0.0	2949612.0	98313.6	9.1	6.12	27.26	52.02	788.5600000000001
