concurrency	elapsed-w	errors-w	ops(total)-w	ops/sec(cum)-w	avg(ms)-w	p50(ms)-w	p95(ms)-w	p99(ms)-w	pMax(ms)-w	total-w	elapsed	errors	ops(total)	ops/sec(cum)	avg(ms)	p50(ms)	p95(ms)	p99(ms)	pMax(ms)
11	0.0	0.0	427844.0	14261.199999999999	5.9624999999999995	2.1999999999999997	5.675	121.60000000000001	155.20000000000002	0.0	0.0	0.0	427844.0	14261.199999999999	5.9624999999999995	2.1999999999999997	5.675	121.60000000000001	155.20000000000002
