concurrency	elapsed-r	errors-r	ops(total)-r	ops/sec(cum)-r	avg(ms)-r	p50(ms)-r	p95(ms)-r	p99(ms)-r	pMax(ms)-r	total-r	elapsed-w	errors-w	ops(total)-w	ops/sec(cum)-w	avg(ms)-w	p50(ms)-w	p95(ms)-w	p99(ms)-w	pMax(ms)-w	total-w	elapsed	errors	ops(total)	ops/sec(cum)	avg(ms)	p50(ms)	p95(ms)	p99(ms)	pMax(ms)
88	0.0	0.0	2460268.0	82005.6	3.5333333333333337	3.0	7.2	15.666666666666666	97.7	0.0	0.0	0.0	129577.0	4319.1	8.766666666666666	7.933333333333334	17.666666666666668	24.633333333333336	53.13333333333333	0.0	0.0	0.0	2589845.0	86324.7	3.8333333333333335	3.133333333333333	9.033333333333333	16.400000000000002	98.56666666666666
