concurrency	elapsed-r	errors-r	ops(total)-r	ops/sec(cum)-r	avg(ms)-r	p50(ms)-r	p95(ms)-r	p99(ms)-r	pMax(ms)-r	total-r	elapsed-w	errors-w	ops(total)-w	ops/sec(cum)-w	avg(ms)-w	p50(ms)-w	p95(ms)-w	p99(ms)-w	pMax(ms)-w	total-w	elapsed	errors	ops(total)	ops/sec(cum)	avg(ms)	p50(ms)	p95(ms)	p99(ms)	pMax(ms)
88	0.0	0.0	1865596.0	62184.3	2.2666666666666666	1.5333333333333332	6.033333333333334	10.033333333333333	55.20000000000001	0.0	0.0	0.0	97833.0	3261.0	81.63333333333334	2.6999999999999997	460.6666666666667	487.2	522.9	0.0	0.0	0.0	1963429.0	65445.299999999996	6.233333333333333	1.5666666666666667	6.533333333333334	18.0	522.9
