concurrency	elapsed-r	errors-r	ops(total)-r	ops/sec(cum)-r	avg(ms)-r	p50(ms)-r	p95(ms)-r	p99(ms)-r	pMax(ms)-r	total-r	elapsed-w	errors-w	ops(total)-w	ops/sec(cum)-w	avg(ms)-w	p50(ms)-w	p95(ms)-w	p99(ms)-w	pMax(ms)-w	total-w	elapsed	errors	ops(total)	ops/sec(cum)	avg(ms)	p50(ms)	p95(ms)	p99(ms)	pMax(ms)
31	0.0	0.0	2870927.0	95695.79999999999	2.2375	2.025	4.4625	6.8999999999999995	72.225	0.0	0.0	0.0	150433.0	5014.3	2.175	1.9375	4.375	6.7375	42.275	0.0	0.0	0.0	3021360.0	100710.09999999999	2.2375	2.025	4.4625	6.8999999999999995	72.8875
