concurrency	elapsed-r	errors-r	ops(total)-r	ops/sec(cum)-r	avg(ms)-r	p50(ms)-r	p95(ms)-r	p99(ms)-r	pMax(ms)-r	total-r	elapsed-w	errors-w	ops(total)-w	ops/sec(cum)-w	avg(ms)-w	p50(ms)-w	p95(ms)-w	p99(ms)-w	pMax(ms)-w	total-w	elapsed	errors	ops(total)	ops/sec(cum)	avg(ms)	p50(ms)	p95(ms)	p99(ms)	pMax(ms)
84	0.0	0.0	407829.0	13593.7	3.533333333333333	2.4333333333333336	10.5	16.3	145.36666666666665	0.0	0.0	0.0	21391.0	713.1	272.09999999999997	4.3999999999999995	1543.5	1610.5999999999997	1677.7	0.0	0.0	0.0	429220.0	14306.7	16.933333333333334	2.5	11.0	53.13333333333333	1677.7
