concurrency	elapsed-r	errors-r	ops(total)-r	ops/sec(cum)-r	avg(ms)-r	p50(ms)-r	p95(ms)-r	p99(ms)-r	pMax(ms)-r	total-r	elapsed-w	errors-w	ops(total)-w	ops/sec(cum)-w	avg(ms)-w	p50(ms)-w	p95(ms)-w	p99(ms)-w	pMax(ms)-w	total-w	elapsed	errors	ops(total)	ops/sec(cum)	avg(ms)	p50(ms)	p95(ms)	p99(ms)	pMax(ms)
112	0.0	0.0	2503256.0	83437.70000000001	4.86	3.4200000000000004	15.3	28.060000000000002	104.84	0.0	0.0	0.0	131471.0	4382.1	77.02000000000001	8.68	33.64	2751.4800000000005	3140.6800000000003	0.0	0.0	0.0	2634727.0	87819.8	8.459999999999999	3.54	16.660000000000004	29.76	3140.6800000000003
