concurrency	elapsed-r	errors-r	ops(total)-r	ops/sec(cum)-r	avg(ms)-r	p50(ms)-r	p95(ms)-r	p99(ms)-r	pMax(ms)-r	total-r	elapsed	errors	ops(total)	ops/sec(cum)	avg(ms)	p50(ms)	p95(ms)	p99(ms)	pMax(ms)
39	0.0	0.0	997651.0	33254.0	9.4375	8.675	19.8125	27.950000000000003	80.75000000000001	0.0	0.0	0.0	997651.0	33254.0	9.4375	8.675	19.8125	27.950000000000003	80.75000000000001
