concurrency	elapsed-r	errors-r	ops(total)-r	ops/sec(cum)-r	avg(ms)-r	p50(ms)-r	p95(ms)-r	p99(ms)-r	pMax(ms)-r	total-r	elapsed	errors	ops(total)	ops/sec(cum)	avg(ms)	p50(ms)	p95(ms)	p99(ms)	pMax(ms)
35	0.0	0.0	1511360.0	50377.700000000004	5.1499999999999995	4.75	11.25	16.6125	105.9	0.0	0.0	0.0	1511360.0	50377.700000000004	5.1499999999999995	4.75	11.25	16.6125	105.9
