concurrency	elapsed-r	errors-r	ops(total)-r	ops/sec(cum)-r	avg(ms)-r	p50(ms)-r	p95(ms)-r	p99(ms)-r	pMax(ms)-r	total-r	elapsed-w	errors-w	ops(total)-w	ops/sec(cum)-w	avg(ms)-w	p50(ms)-w	p95(ms)-w	p99(ms)-w	pMax(ms)-w	total-w	elapsed	errors	ops(total)	ops/sec(cum)	avg(ms)	p50(ms)	p95(ms)	p99(ms)	pMax(ms)
42	0.0	0.0	1894938.0	63162.3	1.5	1.3	2.4	8.4	34.266666666666666	0.0	0.0	0.0	99661.0	3322.0	3.1666666666666665	2.8333333333333335	5.866666666666667	11.0	25.166666666666668	0.0	0.0	0.0	1994599.0	66484.2	1.6000000000000003	1.3999999999999997	3.0	8.4	34.266666666666666
