concurrency	elapsed-r	errors-r	ops(total)-r	ops/sec(cum)-r	avg(ms)-r	p50(ms)-r	p95(ms)-r	p99(ms)-r	pMax(ms)-r	total-r	elapsed-w	errors-w	ops(total)-w	ops/sec(cum)-w	avg(ms)-w	p50(ms)-w	p95(ms)-w	p99(ms)-w	pMax(ms)-w	total-w	elapsed	errors	ops(total)	ops/sec(cum)	avg(ms)	p50(ms)	p95(ms)	p99(ms)	pMax(ms)
24	0.0	0.0	2012061.0	44712.1	1.7600000000000002	1.44	3.44	9.0	59.54	0.0	0.0	0.0	106704.0	2371.1	3.1199999999999997	2.6399999999999997	7.220000000000001	19.72	52.4	0.0	0.0	0.0	2118765.0	47083.2	1.8199999999999998	1.46	3.7600000000000002	9.620000000000001	60.379999999999995
