concurrency	elapsed-r	errors-r	ops(total)-r	ops/sec(cum)-r	avg(ms)-r	p50(ms)-r	p95(ms)-r	p99(ms)-r	pMax(ms)-r	total-r	elapsed	errors	ops(total)	ops/sec(cum)	avg(ms)	p50(ms)	p95(ms)	p99(ms)	pMax(ms)
15	0.0	0.0	1002492.0	33415.9	3.4250000000000003	3.175	6.137499999999999	8.3125	26.875000000000004	0.0	0.0	0.0	1002492.0	33415.9	3.4250000000000003	3.175	6.137499999999999	8.3125	26.875000000000004
