concurrency	elapsed-r	errors-r	ops(total)-r	ops/sec(cum)-r	avg(ms)-r	p50(ms)-r	p95(ms)-r	p99(ms)-r	pMax(ms)-r	total-r	elapsed-w	errors-w	ops(total)-w	ops/sec(cum)-w	avg(ms)-w	p50(ms)-w	p95(ms)-w	p99(ms)-w	pMax(ms)-w	total-w	elapsed	errors	ops(total)	ops/sec(cum)	avg(ms)	p50(ms)	p95(ms)	p99(ms)	pMax(ms)
32	0.0	0.0	559643.0	9327.400000000001	2.0	1.5750000000000002	3.75	11.0	76.55	0.0	0.0	0.0	29207.0	486.70000000000005	3.6	2.8499999999999996	7.3500000000000005	19.675	82.85000000000001	0.0	0.0	0.0	588850.0	9814.099999999999	2.075	1.6250000000000002	4.125	11.65	82.85000000000001
