concurrency	elapsed-r	errors-r	ops(total)-r	ops/sec(cum)-r	avg(ms)-r	p50(ms)-r	p95(ms)-r	p99(ms)-r	pMax(ms)-r	total-r	elapsed-w	errors-w	ops(total)-w	ops/sec(cum)-w	avg(ms)-w	p50(ms)-w	p95(ms)-w	p99(ms)-w	pMax(ms)-w	total-w	elapsed	errors	ops(total)	ops/sec(cum)	avg(ms)	p50(ms)	p95(ms)	p99(ms)	pMax(ms)
43	0.0	0.0	805466.0	26848.1	3.2999999999999994	2.6	7.3	17.46666666666667	106.3	0.0	0.0	0.0	42706.0	1423.5	1.3999999999999997	0.9333333333333332	3.6	10.666666666666666	51.0	0.0	0.0	0.0	848172.0	28271.6	3.2000000000000006	2.5	7.3	16.8	106.3
