concurrency	elapsed-r	errors-r	ops(total)-r	ops/sec(cum)-r	avg(ms)-r	p50(ms)-r	p95(ms)-r	p99(ms)-r	pMax(ms)-r	total-r	elapsed-w	errors-w	ops(total)-w	ops/sec(cum)-w	avg(ms)-w	p50(ms)-w	p95(ms)-w	p99(ms)-w	pMax(ms)-w	total-w	elapsed	errors	ops(total)	ops/sec(cum)	avg(ms)	p50(ms)	p95(ms)	p99(ms)	pMax(ms)
111	0.0	0.0	4438566.0	147941.2	3.6799999999999997	3.12	8.02	16.22	113.22	0.0	0.0	0.0	233486.0	7782.2	9.540000000000001	8.66	19.740000000000002	26.18	90.17999999999999	0.0	0.0	0.0	4672052.0	155723.6	3.9800000000000004	3.1800000000000006	10.84	17.72	113.22
