concurrency	elapsed-r	errors-r	ops(total)-r	ops/sec(cum)-r	avg(ms)-r	p50(ms)-r	p95(ms)-r	p99(ms)-r	pMax(ms)-r	total-r	elapsed-w	errors-w	ops(total)-w	ops/sec(cum)-w	avg(ms)-w	p50(ms)-w	p95(ms)-w	p99(ms)-w	pMax(ms)-w	total-w	elapsed	errors	ops(total)	ops/sec(cum)	avg(ms)	p50(ms)	p95(ms)	p99(ms)	pMax(ms)
80	0.0	0.0	3271458.0	109045.6	1.8666666666666665	1.6333333333333335	2.766666666666667	8.200000000000001	31.099999999999998	0.0	0.0	0.0	171415.0	5713.7	3.5333333333333337	3.1666666666666665	6.266666666666667	14.233333333333334	26.233333333333334	0.0	0.0	0.0	3442873.0	114759.2	1.9333333333333333	1.6666666666666667	3.4333333333333336	8.733333333333334	31.433333333333334
