concurrency	elapsed-r	errors-r	ops(total)-r	ops/sec(cum)-r	avg(ms)-r	p50(ms)-r	p95(ms)-r	p99(ms)-r	pMax(ms)-r	total-r	elapsed-w	errors-w	ops(total)-w	ops/sec(cum)-w	avg(ms)-w	p50(ms)-w	p95(ms)-w	p99(ms)-w	pMax(ms)-w	total-w	elapsed	errors	ops(total)	ops/sec(cum)	avg(ms)	p50(ms)	p95(ms)	p99(ms)	pMax(ms)
36	0.0	0.0	431650.0	14387.900000000001	3.1333333333333333	1.9333333333333333	9.4	15.9	60.800000000000004	0.0	0.0	0.0	22866.0	762.2	74.53333333333335	4.166666666666667	402.7	436.2	492.09999999999997	0.0	0.0	0.0	454516.0	15150.099999999999	6.766666666666667	2.033333333333333	10.0	31.5	492.09999999999997
