concurrency	elapsed-r	errors-r	ops(total)-r	ops/sec(cum)-r	avg(ms)-r	p50(ms)-r	p95(ms)-r	p99(ms)-r	pMax(ms)-r	total-r	elapsed	errors	ops(total)	ops/sec(cum)	avg(ms)	p50(ms)	p95(ms)	p99(ms)	pMax(ms)
27	0.0	0.0	1383525.0	46116.6	4.5249999999999995	4.15	8.8	13.375000000000002	41.925000000000004	0.0	0.0	0.0	1383525.0	46116.6	4.5249999999999995	4.15	8.8	13.375000000000002	41.925000000000004
