concurrency	elapsed-w	errors-w	ops(total)-w	ops/sec(cum)-w	avg(ms)-w	p50(ms)-w	p95(ms)-w	p99(ms)-w	pMax(ms)-w	total-w	elapsed	errors	ops(total)	ops/sec(cum)	avg(ms)	p50(ms)	p95(ms)	p99(ms)	pMax(ms)
64	0.0	0.0	671110.0	22369.200000000004	22.375	12.8	66.05	84.94999999999999	354.4375	0.0	0.0	0.0	671110.0	22369.200000000004	22.375	12.8	66.05	84.94999999999999	354.4375
