concurrency	elapsed-r	errors-r	ops(total)-r	ops/sec(cum)-r	avg(ms)-r	p50(ms)-r	p95(ms)-r	p99(ms)-r	pMax(ms)-r	total-r	elapsed	errors	ops(total)	ops/sec(cum)	avg(ms)	p50(ms)	p95(ms)	p99(ms)	pMax(ms)
15	0.0	0.0	1397657.0	46587.9	2.4250000000000003	2.2625	4.2	6.637499999999999	18.362500000000004	0.0	0.0	0.0	1397657.0	46587.9	2.4250000000000003	2.2625	4.2	6.637499999999999	18.362500000000004
