concurrency	elapsed-r	errors-r	ops(total)-r	ops/sec(cum)-r	avg(ms)-r	p50(ms)-r	p95(ms)-r	p99(ms)-r	pMax(ms)-r	total-r	elapsed	errors	ops(total)	ops/sec(cum)	avg(ms)	p50(ms)	p95(ms)	p99(ms)	pMax(ms)
22	0.0	0.0	1367732.0	45590.200000000004	3.6999999999999993	3.3875	7.012499999999999	10.55	26.624999999999996	0.0	0.0	0.0	1367732.0	45590.200000000004	3.6999999999999993	3.3875	7.012499999999999	10.55	26.624999999999996
