concurrency	elapsed-r	errors-r	ops(total)-r	ops/sec(cum)-r	avg(ms)-r	p50(ms)-r	p95(ms)-r	p99(ms)-r	pMax(ms)-r	total-r	elapsed	errors	ops(total)	ops/sec(cum)	avg(ms)	p50(ms)	p95(ms)	p99(ms)	pMax(ms)
48	0.0	0.0	1314974.0	43831.1	8.799999999999999	7.699999999999999	19.125	29.3625	66.05	0.0	0.0	0.0	1314974.0	43831.1	8.799999999999999	7.699999999999999	19.125	29.3625	66.05
