concurrency	elapsed-r	errors-r	ops(total)-r	ops/sec(cum)-r	avg(ms)-r	p50(ms)-r	p95(ms)-r	p99(ms)-r	pMax(ms)-r	total-r	elapsed-w	errors-w	ops(total)-w	ops/sec(cum)-w	avg(ms)-w	p50(ms)-w	p95(ms)-w	p99(ms)-w	pMax(ms)-w	total-w	elapsed	errors	ops(total)	ops/sec(cum)	avg(ms)	p50(ms)	p95(ms)	p99(ms)	pMax(ms)
27	0.0	0.0	3121868.0	104060.2	1.8	1.6750000000000003	3.1875	5.8125	49.15	0.0	0.0	0.0	164855.0	5495.099999999999	1.8	1.6750000000000003	3.1999999999999997	5.8	17.7	0.0	0.0	0.0	3286723.0	109555.3	1.8	1.6750000000000003	3.1875	5.8125	49.15
