concurrency	elapsed-r	errors-r	ops(total)-r	ops/sec(cum)-r	avg(ms)-r	p50(ms)-r	p95(ms)-r	p99(ms)-r	pMax(ms)-r	total-r	elapsed-w	errors-w	ops(total)-w	ops/sec(cum)-w	avg(ms)-w	p50(ms)-w	p95(ms)-w	p99(ms)-w	pMax(ms)-w	total-w	elapsed	errors	ops(total)	ops/sec(cum)	avg(ms)	p50(ms)	p95(ms)	p99(ms)	pMax(ms)
86	0.0	0.0	2829377.0	94308.70000000001	4.340000000000001	3.5	10.6	19.720000000000002	189.56	0.0	0.0	0.0	148792.0	4959.599999999999	12.919999999999998	11.6	27.220000000000006	35.2	140.92000000000002	0.0	0.0	0.0	2978169.0	99268.3	4.779999999999999	3.72	14.02	23.1	189.56
