concurrency	elapsed-r	errors-r	ops(total)-r	ops/sec(cum)-r	avg(ms)-r	p50(ms)-r	p95(ms)-r	p99(ms)-r	pMax(ms)-r	total-r	elapsed-w	errors-w	ops(total)-w	ops/sec(cum)-w	avg(ms)-w	p50(ms)-w	p95(ms)-w	p99(ms)-w	pMax(ms)-w	total-w	elapsed	errors	ops(total)	ops/sec(cum)	avg(ms)	p50(ms)	p95(ms)	p99(ms)	pMax(ms)
62	0.0	0.0	1933321.0	64441.399999999994	6.437500000000001	5.550000000000001	15.475000000000001	23.737499999999997	74.1875	0.0	0.0	0.0	101695.0	3389.7	12.1	11.25	27.137500000000003	37.9625	89.1375	0.0	0.0	0.0	2035016.0	67831.2	6.737499999999999	5.75	16.65	25.699999999999996	90.1875
