concurrency	elapsed-w	errors-w	ops(total)-w	ops/sec(cum)-w	avg(ms)-w	p50(ms)-w	p95(ms)-w	p99(ms)-w	pMax(ms)-w	total-w	elapsed	errors	ops(total)	ops/sec(cum)	avg(ms)	p50(ms)	p95(ms)	p99(ms)	pMax(ms)
67	0.0	0.0	738432.0	24613.3	21.2375	17.1125	45.31250000000001	63.425	3590.3500000000004	0.0	0.0	0.0	738432.0	24613.3	21.2375	17.1125	45.31250000000001	63.425	3590.3500000000004
