concurrency	elapsed-w	errors-w	ops(total)-w	ops/sec(cum)-w	avg(ms)-w	p50(ms)-w	p95(ms)-w	p99(ms)-w	pMax(ms)-w	total-w	elapsed	errors	ops(total)	ops/sec(cum)	avg(ms)	p50(ms)	p95(ms)	p99(ms)	pMax(ms)
59	0.0	0.0	741690.0	24722.100000000002	18.575000000000003	15.600000000000001	44.525000000000006	61.849999999999994	224.39999999999998	0.0	0.0	0.0	741690.0	24722.100000000002	18.575000000000003	15.600000000000001	44.525000000000006	61.849999999999994	224.39999999999998
