concurrency	elapsed-r	errors-r	ops(total)-r	ops/sec(cum)-r	avg(ms)-r	p50(ms)-r	p95(ms)-r	p99(ms)-r	pMax(ms)-r	total-r	elapsed-w	errors-w	ops(total)-w	ops/sec(cum)-w	avg(ms)-w	p50(ms)-w	p95(ms)-w	p99(ms)-w	pMax(ms)-w	total-w	elapsed	errors	ops(total)	ops/sec(cum)	avg(ms)	p50(ms)	p95(ms)	p99(ms)	pMax(ms)
43	0.0	0.0	1283556.0	42783.8	6.825000000000001	6.1	15.200000000000001	22.55	64.2125	0.0	0.0	0.0	67381.0	2246.0999999999995	12.7875	11.925	25.699999999999996	34.775000000000006	59.225	0.0	0.0	0.0	1350937.0	45029.8	7.099999999999999	6.3	16.25	23.599999999999998	68.4125
