concurrency	elapsed-r	errors-r	ops(total)-r	ops/sec(cum)-r	avg(ms)-r	p50(ms)-r	p95(ms)-r	p99(ms)-r	pMax(ms)-r	total-r	elapsed	errors	ops(total)	ops/sec(cum)	avg(ms)	p50(ms)	p95(ms)	p99(ms)	pMax(ms)
23	0.0	0.0	1358824.0	45293.4	3.8999999999999995	3.625	7.425	11.062499999999998	29.737499999999997	0.0	0.0	0.0	1358824.0	45293.4	3.8999999999999995	3.625	7.425	11.062499999999998	29.737499999999997
