concurrency	elapsed-r	errors-r	ops(total)-r	ops/sec(cum)-r	avg(ms)-r	p50(ms)-r	p95(ms)-r	p99(ms)-r	pMax(ms)-r	total-r	elapsed-w	errors-w	ops(total)-w	ops/sec(cum)-w	avg(ms)-w	p50(ms)-w	p95(ms)-w	p99(ms)-w	pMax(ms)-w	total-w	elapsed	errors	ops(total)	ops/sec(cum)	avg(ms)	p50(ms)	p95(ms)	p99(ms)	pMax(ms)
39	0.0	0.0	1069298.0	35642.200000000004	7.4375	6.574999999999999	17.5625	25.4625	91.25	0.0	0.0	0.0	56020.0	1867.4	15.075	14.424999999999999	33.675000000000004	45.05	101.1875	0.0	0.0	0.0	1125318.0	37509.4	7.8125	6.7749999999999995	19.287499999999998	28.85	106.4375
