concurrency	elapsed-r	errors-r	ops(total)-r	ops/sec(cum)-r	avg(ms)-r	p50(ms)-r	p95(ms)-r	p99(ms)-r	pMax(ms)-r	total-r	elapsed-w	errors-w	ops(total)-w	ops/sec(cum)-w	avg(ms)-w	p50(ms)-w	p95(ms)-w	p99(ms)-w	pMax(ms)-w	total-w	elapsed	errors	ops(total)	ops/sec(cum)	avg(ms)	p50(ms)	p95(ms)	p99(ms)	pMax(ms)
129	0.0	0.0	3526875.0	117556.40000000001	2.8666666666666667	2.4	5.1000000000000005	15.033333333333331	54.166666666666664	0.0	0.0	0.0	185898.0	6196.2	5.966666666666666	5.266666666666667	13.233333333333334	20.133333333333333	49.96666666666667	0.0	0.0	0.0	3712773.0	123752.59999999999	2.966666666666667	2.466666666666667	6.433333333333333	15.733333333333334	55.56666666666667
