concurrency	elapsed-r	errors-r	ops(total)-r	ops/sec(cum)-r	avg(ms)-r	p50(ms)-r	p95(ms)-r	p99(ms)-r	pMax(ms)-r	total-r	elapsed-w	errors-w	ops(total)-w	ops/sec(cum)-w	avg(ms)-w	p50(ms)-w	p95(ms)-w	p99(ms)-w	pMax(ms)-w	total-w	elapsed	errors	ops(total)	ops/sec(cum)	avg(ms)	p50(ms)	p95(ms)	p99(ms)	pMax(ms)
72	0.0	0.0	2897196.0	96569.5	3.4199999999999995	2.8600000000000003	7.359999999999999	16.16	141.32	0.0	0.0	0.0	152433.0	5080.9	9.4	8.540000000000001	20.34	27.26	116.58	0.0	0.0	0.0	3049629.0	101650.3	3.7400000000000007	2.9200000000000004	10.279999999999998	18.02	142.58
