concurrency	elapsed-r	errors-r	ops(total)-r	ops/sec(cum)-r	avg(ms)-r	p50(ms)-r	p95(ms)-r	p99(ms)-r	pMax(ms)-r	total-r	elapsed-w	errors-w	ops(total)-w	ops/sec(cum)-w	avg(ms)-w	p50(ms)-w	p95(ms)-w	p99(ms)-w	pMax(ms)-w	total-w	elapsed	errors	ops(total)	ops/sec(cum)	avg(ms)	p50(ms)	p95(ms)	p99(ms)	pMax(ms)
32	0.0	0.0	1700471.0	56681.1	3.8374999999999995	3.1624999999999996	8.625	13.9875	59.08749999999999	0.0	0.0	0.0	89137.0	2971.3	5.949999999999999	4.125	15.624999999999998	22.025	49.512499999999996	0.0	0.0	0.0	1789608.0	59652.2	3.9375	3.2249999999999996	9.4	14.7375	63.150000000000006
