concurrency	elapsed-r	errors-r	ops(total)-r	ops/sec(cum)-r	avg(ms)-r	p50(ms)-r	p95(ms)-r	p99(ms)-r	pMax(ms)-r	total-r	elapsed-w	errors-w	ops(total)-w	ops/sec(cum)-w	avg(ms)-w	p50(ms)-w	p95(ms)-w	p99(ms)-w	pMax(ms)-w	total-w	elapsed	errors	ops(total)	ops/sec(cum)	avg(ms)	p50(ms)	p95(ms)	p99(ms)	pMax(ms)
32	0.0	0.0	3333178.0	111103.3	2.0125	1.9	4.5	6.7	117.82499999999999	0.0	0.0	0.0	175002.0	5833.299999999999	2.0375	1.9249999999999998	4.625	6.75	25.637500000000003	0.0	0.0	0.0	3508180.0	116936.7	2.0125	1.9	4.5	6.7	117.94999999999999
