concurrency	elapsed-r	errors-r	ops(total)-r	ops/sec(cum)-r	avg(ms)-r	p50(ms)-r	p95(ms)-r	p99(ms)-r	pMax(ms)-r	total-r	elapsed-w	errors-w	ops(total)-w	ops/sec(cum)-w	avg(ms)-w	p50(ms)-w	p95(ms)-w	p99(ms)-w	pMax(ms)-w	total-w	elapsed	errors	ops(total)	ops/sec(cum)	avg(ms)	p50(ms)	p95(ms)	p99(ms)	pMax(ms)
143	0.0	0.0	4648286.0	154931.6	4.200000000000001	3.4200000000000004	10.239999999999998	18.36	229.42000000000002	0.0	0.0	0.0	244256.0	8141.400000000001	13.16	12.139999999999999	26.1	34.7	181.2	0.0	0.0	0.0	4892542.0	163072.9	4.640000000000001	3.5200000000000005	13.86	22.979999999999997	229.42000000000002
