concurrency	elapsed-r	errors-r	ops(total)-r	ops/sec(cum)-r	avg(ms)-r	p50(ms)-r	p95(ms)-r	p99(ms)-r	pMax(ms)-r	total-r	elapsed-w	errors-w	ops(total)-w	ops/sec(cum)-w	avg(ms)-w	p50(ms)-w	p95(ms)-w	p99(ms)-w	pMax(ms)-w	total-w	elapsed	errors	ops(total)	ops/sec(cum)	avg(ms)	p50(ms)	p95(ms)	p99(ms)	pMax(ms)
32	0.0	0.0	1929895.0	64328.299999999996	3.2750000000000004	2.9125	7.312499999999999	12.224999999999998	46.2625	0.0	0.0	0.0	101588.0	3386.3	6.0125	5.612500000000001	13.099999999999998	18.625000000000004	33.575	0.0	0.0	0.0	2031483.0	67714.40000000001	3.425	2.975	8.05	12.974999999999998	46.7875
