concurrency	elapsed-r	errors-r	ops(total)-r	ops/sec(cum)-r	avg(ms)-r	p50(ms)-r	p95(ms)-r	p99(ms)-r	pMax(ms)-r	total-r	elapsed-w	errors-w	ops(total)-w	ops/sec(cum)-w	avg(ms)-w	p50(ms)-w	p95(ms)-w	p99(ms)-w	pMax(ms)-w	total-w	elapsed	errors	ops(total)	ops/sec(cum)	avg(ms)	p50(ms)	p95(ms)	p99(ms)	pMax(ms)
152	0.0	0.0	2623810.0	87455.20000000001	9.279999999999998	6.8	25.720000000000006	41.1	550.3199999999999	0.0	0.0	0.0	137441.0	4581.099999999999	38.2	28.3	110.54	159.82	489.9	0.0	0.0	0.0	2761251.0	92036.20000000001	10.719999999999999	7.18	31.24	63.98	552.0
