concurrency	elapsed-r	errors-r	ops(total)-r	ops/sec(cum)-r	avg(ms)-r	p50(ms)-r	p95(ms)-r	p99(ms)-r	pMax(ms)-r	total-r	elapsed-w	errors-w	ops(total)-w	ops/sec(cum)-w	avg(ms)-w	p50(ms)-w	p95(ms)-w	p99(ms)-w	pMax(ms)-w	total-w	elapsed	errors	ops(total)	ops/sec(cum)	avg(ms)	p50(ms)	p95(ms)	p99(ms)	pMax(ms)
47	0.0	0.0	3749924.0	124993.3	2.6	1.8375000000000001	7.6000000000000005	10.875	168.54999999999998	0.0	0.0	0.0	197392.0	6579.5	2.6625	1.8625	7.7125	11.0625	94.375	0.0	0.0	0.0	3947316.0	131572.7	2.6	1.8375000000000001	7.6375	10.875	168.54999999999998
