concurrency	elapsed-r	errors-r	ops(total)-r	ops/sec(cum)-r	avg(ms)-r	p50(ms)-r	p95(ms)-r	p99(ms)-r	pMax(ms)-r	total-r	elapsed-w	errors-w	ops(total)-w	ops/sec(cum)-w	avg(ms)-w	p50(ms)-w	p95(ms)-w	p99(ms)-w	pMax(ms)-w	total-w	elapsed	errors	ops(total)	ops/sec(cum)	avg(ms)	p50(ms)	p95(ms)	p99(ms)	pMax(ms)
47	0.0	0.0	9651.0	160.8	2.9	1.975	7.725	17.55	34.574999999999996	0.0	0.0	0.0	313.0	5.1000000000000005	7.55	5.699999999999999	18.349999999999998	25.450000000000003	31.424999999999997	0.0	0.0	0.0	9964.0	166.0	3.05	1.975	8.7	18.349999999999998	36.925
