concurrency	elapsed-r	errors-r	ops(total)-r	ops/sec(cum)-r	avg(ms)-r	p50(ms)-r	p95(ms)-r	p99(ms)-r	pMax(ms)-r	total-r	elapsed-w	errors-w	ops(total)-w	ops/sec(cum)-w	avg(ms)-w	p50(ms)-w	p95(ms)-w	p99(ms)-w	pMax(ms)-w	total-w	elapsed	errors	ops(total)	ops/sec(cum)	avg(ms)	p50(ms)	p95(ms)	p99(ms)	pMax(ms)
47	0.0	0.0	3386879.0	112893.1	2.8750000000000004	2.75	4.875	9.4	104.72500000000001	0.0	0.0	0.0	178513.0	5950.299999999999	2.8750000000000004	2.7375	4.875	9.525	24.9	0.0	0.0	0.0	3565392.0	118843.2	2.8750000000000004	2.75	4.875	9.4	104.72500000000001
