concurrency	elapsed-r	errors-r	ops(total)-r	ops/sec(cum)-r	avg(ms)-r	p50(ms)-r	p95(ms)-r	p99(ms)-r	pMax(ms)-r	total-r	elapsed	errors	ops(total)	ops/sec(cum)	avg(ms)	p50(ms)	p95(ms)	p99(ms)	pMax(ms)
21	0.0	0.0	1091189.0	36372.2	4.4625	4.1625000000000005	8.5	12.312499999999998	34.0875	0.0	0.0	0.0	1091189.0	36372.2	4.4625	4.1625000000000005	8.5	12.312499999999998	34.0875
