concurrency	elapsed-r	errors-r	ops(total)-r	ops/sec(cum)-r	avg(ms)-r	p50(ms)-r	p95(ms)-r	p99(ms)-r	pMax(ms)-r	total-r	elapsed-w	errors-w	ops(total)-w	ops/sec(cum)-w	avg(ms)-w	p50(ms)-w	p95(ms)-w	p99(ms)-w	pMax(ms)-w	total-w	elapsed	errors	ops(total)	ops/sec(cum)	avg(ms)	p50(ms)	p95(ms)	p99(ms)	pMax(ms)
144	0.0	0.0	2733161.0	91099.1	8.24	6.2	22.619999999999997	34.6	488.2	0.0	0.0	0.0	143756.0	4791.6	22.82	20.339999999999996	51.17999999999999	66.08	315.4	0.0	0.0	0.0	2876917.0	95890.7	8.98	6.460000000000001	26.620000000000005	40.660000000000004	488.2
