concurrency	elapsed-r	errors-r	ops(total)-r	ops/sec(cum)-r	avg(ms)-r	p50(ms)-r	p95(ms)-r	p99(ms)-r	pMax(ms)-r	total-r	elapsed-w	errors-w	ops(total)-w	ops/sec(cum)-w	avg(ms)-w	p50(ms)-w	p95(ms)-w	p99(ms)-w	pMax(ms)-w	total-w	elapsed	errors	ops(total)	ops/sec(cum)	avg(ms)	p50(ms)	p95(ms)	p99(ms)	pMax(ms)
60	0.0	0.0	687408.0	22912.800000000003	2.766666666666667	1.8	7.3	15.199999999999998	58.70000000000001	0.0	0.0	0.0	36162.0	1205.3	72.60000000000001	3.7999999999999994	402.7	436.2	486.5	0.0	0.0	0.0	723570.0	24118.0	6.233333333333333	1.8999999999999997	7.966666666666666	31.833333333333332	486.5
