concurrency	elapsed-r	errors-r	ops(total)-r	ops/sec(cum)-r	avg(ms)-r	p50(ms)-r	p95(ms)-r	p99(ms)-r	pMax(ms)-r	total-r	elapsed	errors	ops(total)	ops/sec(cum)	avg(ms)	p50(ms)	p95(ms)	p99(ms)	pMax(ms)
24	0.0	0.0	1403854.0	46794.4	3.9124999999999996	3.624999999999999	7.5375	11.537499999999998	30.812500000000004	0.0	0.0	0.0	1403854.0	46794.4	3.9124999999999996	3.624999999999999	7.5375	11.537499999999998	30.812500000000004
