concurrency	elapsed-r	errors-r	ops(total)-r	ops/sec(cum)-r	avg(ms)-r	p50(ms)-r	p95(ms)-r	p99(ms)-r	pMax(ms)-r	total-r	elapsed	errors	ops(total)	ops/sec(cum)	avg(ms)	p50(ms)	p95(ms)	p99(ms)	pMax(ms)
32	0.0	0.0	1528501.0	50949.0	4.6375	4.25	10.0	15.200000000000001	156.26250000000002	0.0	0.0	0.0	1528501.0	50949.0	4.6375	4.25	10.0	15.200000000000001	156.26250000000002
