concurrency	elapsed-r	errors-r	ops(total)-r	ops/sec(cum)-r	avg(ms)-r	p50(ms)-r	p95(ms)-r	p99(ms)-r	pMax(ms)-r	total-r	elapsed-w	errors-w	ops(total)-w	ops/sec(cum)-w	avg(ms)-w	p50(ms)-w	p95(ms)-w	p99(ms)-w	pMax(ms)-w	total-w	elapsed	errors	ops(total)	ops/sec(cum)	avg(ms)	p50(ms)	p95(ms)	p99(ms)	pMax(ms)
80	0.0	0.0	2749505.0	91646.6	4.4	3.6399999999999997	10.14	19.48	152.66000000000003	0.0	0.0	0.0	143943.0	4798.0	13.0	11.76	26.820000000000004	34.18	105.08	0.0	0.0	0.0	2893448.0	96444.50000000001	4.799999999999999	3.72	13.819999999999999	22.24	152.66000000000003
