concurrency	elapsed-r	errors-r	ops(total)-r	ops/sec(cum)-r	avg(ms)-r	p50(ms)-r	p95(ms)-r	p99(ms)-r	pMax(ms)-r	total-r	elapsed	errors	ops(total)	ops/sec(cum)	avg(ms)	p50(ms)	p95(ms)	p99(ms)	pMax(ms)
47	0.0	0.0	1896739.0	63222.9	5.4875	4.8625	12.575	19.412499999999998	81.52499999999999	0.0	0.0	0.0	1896739.0	63222.9	5.4875	4.8625	12.575	19.412499999999998	81.52499999999999
