concurrency	elapsed-r	errors-r	ops(total)-r	ops/sec(cum)-r	avg(ms)-r	p50(ms)-r	p95(ms)-r	p99(ms)-r	pMax(ms)-r	total-r	elapsed	errors	ops(total)	ops/sec(cum)	avg(ms)	p50(ms)	p95(ms)	p99(ms)	pMax(ms)
50	0.0	0.0	5502769.0	183421.40000000002	1.7625000000000002	1.6500000000000001	3.125	6.4125000000000005	220.2	0.0	0.0	0.0	5502769.0	183421.40000000002	1.7625000000000002	1.6500000000000001	3.125	6.4125000000000005	220.2
