concurrency	elapsed-w	errors-w	ops(total)-w	ops/sec(cum)-w	avg(ms)-w	p50(ms)-w	p95(ms)-w	p99(ms)-w	pMax(ms)-w	total-w	elapsed	errors	ops(total)	ops/sec(cum)	avg(ms)	p50(ms)	p95(ms)	p99(ms)	pMax(ms)
8	0.0	0.0	240251.0	8008.099999999999	3.7749999999999995	2.25	22.275	33.6	59.224999999999994	0.0	0.0	0.0	240251.0	8008.099999999999	3.7749999999999995	2.25	22.275	33.6	59.224999999999994
