ops/sec(cum)	p50(ms)	p99(ms)	read_tp	read_p50	read_p99	write_tp	write_p50	write_p99
269272.8833333333	0.2818333333333333	2.0288333333333335	258759.96666666667	0.2818333333333333	2.0288333333333335	10511.916666666666	0.2818333333333333	1.9165
