concurrency	elapsed-r	errors-r	ops(total)-r	ops/sec(cum)-r	avg(ms)-r	p50(ms)-r	p95(ms)-r	p99(ms)-r	pMax(ms)-r	total-r	elapsed-w	errors-w	ops(total)-w	ops/sec(cum)-w	avg(ms)-w	p50(ms)-w	p95(ms)-w	p99(ms)-w	pMax(ms)-w	total-w	elapsed	errors	ops(total)	ops/sec(cum)	avg(ms)	p50(ms)	p95(ms)	p99(ms)	pMax(ms)
9	0.0	0.0	449418.0	14980.400000000001	2.8125	2.05	6.175	7.825	16.712500000000002	0.0	0.0	0.0	23762.0	792.1	33.4375	4.1	109.10000000000001	121.60000000000001	142.6	0.0	0.0	0.0	473180.0	15772.299999999997	4.35	2.2125	6.675	90.2	142.6
