concurrency	elapsed-r	errors-r	ops(total)-r	ops/sec(cum)-r	avg(ms)-r	p50(ms)-r	p95(ms)-r	p99(ms)-r	pMax(ms)-r	total-r	elapsed-w	errors-w	ops(total)-w	ops/sec(cum)-w	avg(ms)-w	p50(ms)-w	p95(ms)-w	p99(ms)-w	pMax(ms)-w	total-w	elapsed	errors	ops(total)	ops/sec(cum)	avg(ms)	p50(ms)	p95(ms)	p99(ms)	pMax(ms)
49	0.0	0.0	1938477.0	64613.799999999996	5.062500000000001	4.4375	12.2625	18.875000000000004	150.1875	0.0	0.0	0.0	101499.0	3383.3	9.4625	8.825	20.975	29.250000000000004	59.4875	0.0	0.0	0.0	2039976.0	67997.1	5.3	4.4875	12.912499999999998	20.3375	150.1875
