concurrency	elapsed-r	errors-r	ops(total)-r	ops/sec(cum)-r	avg(ms)-r	p50(ms)-r	p95(ms)-r	p99(ms)-r	pMax(ms)-r	total-r	elapsed-w	errors-w	ops(total)-w	ops/sec(cum)-w	avg(ms)-w	p50(ms)-w	p95(ms)-w	p99(ms)-w	pMax(ms)-w	total-w	elapsed	errors	ops(total)	ops/sec(cum)	avg(ms)	p50(ms)	p95(ms)	p99(ms)	pMax(ms)
7	0.0	0.0	634201.0	21139.6	2.225	2.0749999999999997	3.6250000000000004	5.025	14.499999999999998	0.0	0.0	0.0	32862.0	1095.3000000000002	4.3500000000000005	4.25	6.549999999999999	8.862499999999999	15.4	0.0	0.0	0.0	667063.0	22235.0	2.35	2.0749999999999997	4.25	5.824999999999999	16.0125
