concurrency	elapsed-r	errors-r	ops(total)-r	ops/sec(cum)-r	avg(ms)-r	p50(ms)-r	p95(ms)-r	p99(ms)-r	pMax(ms)-r	total-r	elapsed-w	errors-w	ops(total)-w	ops/sec(cum)-w	avg(ms)-w	p50(ms)-w	p95(ms)-w	p99(ms)-w	pMax(ms)-w	total-w	elapsed	errors	ops(total)	ops/sec(cum)	avg(ms)	p50(ms)	p95(ms)	p99(ms)	pMax(ms)
27	0.0	0.0	3217681.0	107254.4	1.6875000000000002	1.5624999999999998	3.1	5.9624999999999995	141.4125	0.0	0.0	0.0	168951.0	5631.7	1.6750000000000003	1.4874999999999998	2.95	5.737499999999999	41.349999999999994	0.0	0.0	0.0	3386632.0	112886.0	1.6750000000000003	1.5624999999999998	3.1	5.9624999999999995	141.4125
