concurrency	elapsed-r	errors-r	ops(total)-r	ops/sec(cum)-r	avg(ms)-r	p50(ms)-r	p95(ms)-r	p99(ms)-r	pMax(ms)-r	total-r	elapsed-w	errors-w	ops(total)-w	ops/sec(cum)-w	avg(ms)-w	p50(ms)-w	p95(ms)-w	p99(ms)-w	pMax(ms)-w	total-w	elapsed	errors	ops(total)	ops/sec(cum)	avg(ms)	p50(ms)	p95(ms)	p99(ms)	pMax(ms)
55	0.0	0.0	3123611.0	104117.5	3.6375	3.175	7.1875	16.9875	190.83749999999998	0.0	0.0	0.0	163828.0	5460.700000000001	3.6375	3.1249999999999996	7.1875	17.1125	118.225	0.0	0.0	0.0	3287439.0	109578.2	3.6375	3.175	7.1875	16.9875	190.83749999999998
