concurrency	elapsed-r	errors-r	ops(total)-r	ops/sec(cum)-r	avg(ms)-r	p50(ms)-r	p95(ms)-r	p99(ms)-r	pMax(ms)-r	total-r	elapsed	errors	ops(total)	ops/sec(cum)	avg(ms)	p50(ms)	p95(ms)	p99(ms)	pMax(ms)
56	0.0	0.0	1868936.0	62295.700000000004	6.6875	5.5874999999999995	16.25	25.175	96.47500000000001	0.0	0.0	0.0	1868936.0	62295.700000000004	6.6875	5.5874999999999995	16.25	25.175	96.47500000000001
