concurrency	elapsed-r	errors-r	ops(total)-r	ops/sec(cum)-r	avg(ms)-r	p50(ms)-r	p95(ms)-r	p99(ms)-r	pMax(ms)-r	total-r	elapsed-w	errors-w	ops(total)-w	ops/sec(cum)-w	avg(ms)-w	p50(ms)-w	p95(ms)-w	p99(ms)-w	pMax(ms)-w	total-w	elapsed	errors	ops(total)	ops/sec(cum)	avg(ms)	p50(ms)	p95(ms)	p99(ms)	pMax(ms)
23	0.0	0.0	1601290.0	53375.0	1.8000000000000003	1.325	5.075	8.525	53.45000000000001	0.0	0.0	0.0	84168.0	2805.6000000000004	27.375	2.4499999999999997	316.7	366.99999999999994	444.59999999999997	0.0	0.0	0.0	1685458.0	56180.799999999996	3.0875000000000004	1.3625	5.375	9.725	444.59999999999997
