concurrency	elapsed-r	errors-r	ops(total)-r	ops/sec(cum)-r	avg(ms)-r	p50(ms)-r	p95(ms)-r	p99(ms)-r	pMax(ms)-r	total-r	elapsed-w	errors-w	ops(total)-w	ops/sec(cum)-w	avg(ms)-w	p50(ms)-w	p95(ms)-w	p99(ms)-w	pMax(ms)-w	total-w	elapsed	errors	ops(total)	ops/sec(cum)	avg(ms)	p50(ms)	p95(ms)	p99(ms)	pMax(ms)
15	0.0	0.0	1178136.0	39270.4	1.2249999999999999	1.2	2.025	3.7	14.799999999999999	0.0	0.0	0.0	61742.0	2058.0	2.125	2.075	3.525	6.05	12.450000000000001	0.0	0.0	0.0	1239878.0	41328.4	1.3	1.2249999999999999	2.25	3.8499999999999996	14.799999999999999
