concurrency	elapsed-r	errors-r	ops(total)-r	ops/sec(cum)-r	avg(ms)-r	p50(ms)-r	p95(ms)-r	p99(ms)-r	pMax(ms)-r	total-r	elapsed-w	errors-w	ops(total)-w	ops/sec(cum)-w	avg(ms)-w	p50(ms)-w	p95(ms)-w	p99(ms)-w	pMax(ms)-w	total-w	elapsed	errors	ops(total)	ops/sec(cum)	avg(ms)	p50(ms)	p95(ms)	p99(ms)	pMax(ms)
47	0.0	0.0	1937006.0	64564.799999999996	4.8500000000000005	4.3	11.25	18.212500000000002	153.075	0.0	0.0	0.0	101284.0	3376.1	8.774999999999999	8.1625	19.400000000000002	27.025000000000002	97.5	0.0	0.0	0.0	2038290.0	67940.90000000001	5.05	4.375	12.224999999999998	19.150000000000002	187.675
