concurrency	elapsed-r	errors-r	ops(total)-r	ops/sec(cum)-r	avg(ms)-r	p50(ms)-r	p95(ms)-r	p99(ms)-r	pMax(ms)-r	total-r	elapsed-w	errors-w	ops(total)-w	ops/sec(cum)-w	avg(ms)-w	p50(ms)-w	p95(ms)-w	p99(ms)-w	pMax(ms)-w	total-w	elapsed	errors	ops(total)	ops/sec(cum)	avg(ms)	p50(ms)	p95(ms)	p99(ms)	pMax(ms)
53	0.0	0.0	1919182.0	63970.5	5.550000000000001	4.8	13.649999999999999	21.5	94.6375	0.0	0.0	0.0	100942.0	3364.7000000000003	10.512500000000001	9.55	23.875	34.91250000000001	103.82499999999999	0.0	0.0	0.0	2020124.0	67335.09999999999	5.8	4.85	14.475	23.05	115.36249999999998
