concurrency	elapsed-r	errors-r	ops(total)-r	ops/sec(cum)-r	avg(ms)-r	p50(ms)-r	p95(ms)-r	p99(ms)-r	pMax(ms)-r	total-r	elapsed-w	errors-w	ops(total)-w	ops/sec(cum)-w	avg(ms)-w	p50(ms)-w	p95(ms)-w	p99(ms)-w	pMax(ms)-w	total-w	elapsed	errors	ops(total)	ops/sec(cum)	avg(ms)	p50(ms)	p95(ms)	p99(ms)	pMax(ms)
127	0.0	0.0	3488943.0	116292.29999999999	2.9	2.433333333333333	5.733333333333333	15.033333333333331	67.43333333333334	0.0	0.0	0.0	183685.0	6122.6	6.133333333333334	5.333333333333333	13.9	20.3	40.86666666666667	0.0	0.0	0.0	3672628.0	122414.9	3.0666666666666664	2.466666666666667	6.833333333333333	15.9	67.43333333333334
