concurrency	elapsed-r	errors-r	ops(total)-r	ops/sec(cum)-r	avg(ms)-r	p50(ms)-r	p95(ms)-r	p99(ms)-r	pMax(ms)-r	total-r	elapsed-w	errors-w	ops(total)-w	ops/sec(cum)-w	avg(ms)-w	p50(ms)-w	p95(ms)-w	p99(ms)-w	pMax(ms)-w	total-w	elapsed	errors	ops(total)	ops/sec(cum)	avg(ms)	p50(ms)	p95(ms)	p99(ms)	pMax(ms)
76	0.0	0.0	604497.0	20148.8	2.7000000000000006	1.7666666666666666	7.599999999999999	14.699999999999998	165.0	0.0	0.0	0.0	31395.0	1046.5	134.13333333333333	3.4	771.7999999999998	805.2999999999998	872.4	0.0	0.0	0.0	635892.0	21195.3	9.200000000000001	1.8	8.299999999999999	26.566666666666666	872.4
