concurrency	elapsed-r	errors-r	ops(total)-r	ops/sec(cum)-r	avg(ms)-r	p50(ms)-r	p95(ms)-r	p99(ms)-r	pMax(ms)-r	total-r	elapsed-w	errors-w	ops(total)-w	ops/sec(cum)-w	avg(ms)-w	p50(ms)-w	p95(ms)-w	p99(ms)-w	pMax(ms)-w	total-w	elapsed	errors	ops(total)	ops/sec(cum)	avg(ms)	p50(ms)	p95(ms)	p99(ms)	pMax(ms)
64	0.0	0.0	1939148.0	64634.700000000004	6.6375	5.775	15.875	24.3875	73.39999999999999	0.0	0.0	0.0	102174.0	3405.7	12.250000000000002	11.4	27.275000000000002	37.975	75.7625	0.0	0.0	0.0	2041322.0	68040.40000000001	6.9125	5.9	17.175	25.949999999999996	80.75
