concurrency	elapsed-r	errors-r	ops(total)-r	ops/sec(cum)-r	avg(ms)-r	p50(ms)-r	p95(ms)-r	p99(ms)-r	pMax(ms)-r	total-r	elapsed-w	errors-w	ops(total)-w	ops/sec(cum)-w	avg(ms)-w	p50(ms)-w	p95(ms)-w	p99(ms)-w	pMax(ms)-w	total-w	elapsed	errors	ops(total)	ops/sec(cum)	avg(ms)	p50(ms)	p95(ms)	p99(ms)	pMax(ms)
47	0.0	0.0	1924527.0	64148.9	4.800000000000001	3.9875	12.162499999999998	19.650000000000002	63.425	0.0	0.0	0.0	101493.0	3383.1	11.025000000000002	7.6499999999999995	21.375	116.9	396.375	0.0	0.0	0.0	2026020.0	67531.90000000001	5.0874999999999995	4.125	12.724999999999998	21.0	396.375
