concurrency	elapsed-r	errors-r	ops(total)-r	ops/sec(cum)-r	avg(ms)-r	p50(ms)-r	p95(ms)-r	p99(ms)-r	pMax(ms)-r	total-r	elapsed-w	errors-w	ops(total)-w	ops/sec(cum)-w	avg(ms)-w	p50(ms)-w	p95(ms)-w	p99(ms)-w	pMax(ms)-w	total-w	elapsed	errors	ops(total)	ops/sec(cum)	avg(ms)	p50(ms)	p95(ms)	p99(ms)	pMax(ms)
152	0.0	0.0	2698360.0	89939.9	6.033333333333334	4.933333333333333	15.633333333333333	24.633333333333336	191.86666666666665	0.0	0.0	0.0	141676.0	4722.200000000001	16.133333333333336	14.199999999999998	34.666666666666664	47.166666666666664	165.0	0.0	0.0	0.0	2840036.0	94662.2	6.566666666666667	5.1000000000000005	17.900000000000002	29.666666666666668	191.86666666666665
