concurrency	elapsed-r	errors-r	ops(total)-r	ops/sec(cum)-r	avg(ms)-r	p50(ms)-r	p95(ms)-r	p99(ms)-r	pMax(ms)-r	total-r	elapsed-w	errors-w	ops(total)-w	ops/sec(cum)-w	avg(ms)-w	p50(ms)-w	p95(ms)-w	p99(ms)-w	pMax(ms)-w	total-w	elapsed	errors	ops(total)	ops/sec(cum)	avg(ms)	p50(ms)	p95(ms)	p99(ms)	pMax(ms)
35	0.0	0.0	3151819.0	105058.49999999999	2.3125	2.2375000000000003	4.025	7.4125	97.88749999999999	0.0	0.0	0.0	166208.0	5540.1	2.3125	2.2375000000000003	4.0	7.425	22.55	0.0	0.0	0.0	3318027.0	110598.5	2.3125	2.2375000000000003	4.025	7.375	97.88749999999999
