concurrency	elapsed-w	errors-w	ops(total)-w	ops/sec(cum)-w	avg(ms)-w	p50(ms)-w	p95(ms)-w	p99(ms)-w	pMax(ms)-w	total-w	elapsed	errors	ops(total)	ops/sec(cum)	avg(ms)	p50(ms)	p95(ms)	p99(ms)	pMax(ms)
17	0.0	0.0	658944.0	21964.300000000003	5.9125	3.9124999999999996	12.2	44.0	231.75000000000003	0.0	0.0	0.0	658944.0	21964.300000000003	5.9125	3.9124999999999996	12.2	44.0	231.75000000000003
