concurrency	elapsed-r	errors-r	ops(total)-r	ops/sec(cum)-r	avg(ms)-r	p50(ms)-r	p95(ms)-r	p99(ms)-r	pMax(ms)-r	total-r	elapsed-w	errors-w	ops(total)-w	ops/sec(cum)-w	avg(ms)-w	p50(ms)-w	p95(ms)-w	p99(ms)-w	pMax(ms)-w	total-w	elapsed	errors	ops(total)	ops/sec(cum)	avg(ms)	p50(ms)	p95(ms)	p99(ms)	pMax(ms)
128	0.0	0.0	4362788.0	145415.8	3.4799999999999995	2.6	9.78	18.14	82.24	0.0	0.0	0.0	228220.0	7606.799999999999	28.120000000000005	6.839999999999999	21.72	730.2199999999999	897.5600000000001	0.0	0.0	0.0	4591008.0	153022.59999999998	4.68	2.7	10.940000000000001	19.619999999999997	899.24
