concurrency	elapsed-w	errors-w	ops(total)-w	ops/sec(cum)-w	avg(ms)-w	p50(ms)-w	p95(ms)-w	p99(ms)-w	pMax(ms)-w	total-w	elapsed	errors	ops(total)	ops/sec(cum)	avg(ms)	p50(ms)	p95(ms)	p99(ms)	pMax(ms)
50	0.0	0.0	4987536.0	166247.5	2.0	1.8250000000000002	3.7250000000000005	5.975	175.1	0.0	0.0	0.0	4987536.0	166247.5	2.0	1.8250000000000002	3.7250000000000005	5.975	175.1
