concurrency	elapsed-r	errors-r	ops(total)-r	ops/sec(cum)-r	avg(ms)-r	p50(ms)-r	p95(ms)-r	p99(ms)-r	pMax(ms)-r	total-r	elapsed-w	errors-w	ops(total)-w	ops/sec(cum)-w	avg(ms)-w	p50(ms)-w	p95(ms)-w	p99(ms)-w	pMax(ms)-w	total-w	elapsed	errors	ops(total)	ops/sec(cum)	avg(ms)	p50(ms)	p95(ms)	p99(ms)	pMax(ms)
48	0.0	0.0	37383.0	1246.1000000000001	234.6125	7.4375	1283.4875000000002	2080.3999999999996	3087.0	0.0	0.0	0.0	1843.0	61.599999999999994	1370.55	1182.8125	3925.8625	5402.2625	6878.675000000001	0.0	0.0	0.0	39226.0	1307.6000000000001	288.0875	8.612499999999999	1484.7875	2583.6875000000005	6878.675000000001
