concurrency	elapsed-r	errors-r	ops(total)-r	ops/sec(cum)-r	avg(ms)-r	p50(ms)-r	p95(ms)-r	p99(ms)-r	pMax(ms)-r	total-r	elapsed	errors	ops(total)	ops/sec(cum)	avg(ms)	p50(ms)	p95(ms)	p99(ms)	pMax(ms)
13	0.0	0.0	1070760.0	35691.4	2.725	2.6125	4.7250000000000005	6.987500000000001	21.362499999999997	0.0	0.0	0.0	1070760.0	35691.4	2.725	2.6125	4.7250000000000005	6.987500000000001	21.362499999999997
