concurrency	elapsed-r	errors-r	ops(total)-r	ops/sec(cum)-r	avg(ms)-r	p50(ms)-r	p95(ms)-r	p99(ms)-r	pMax(ms)-r	total-r	elapsed-w	errors-w	ops(total)-w	ops/sec(cum)-w	avg(ms)-w	p50(ms)-w	p95(ms)-w	p99(ms)-w	pMax(ms)-w	total-w	elapsed	errors	ops(total)	ops/sec(cum)	avg(ms)	p50(ms)	p95(ms)	p99(ms)	pMax(ms)
48	0.0	0.0	1938377.0	64610.5	5.062500000000001	4.175	11.799999999999999	18.625	69.46249999999999	0.0	0.0	0.0	101993.0	3399.7000000000003	7.050000000000001	4.5625	19.474999999999998	27.8	71.5625	0.0	0.0	0.0	2040370.0	68010.2	5.1625000000000005	4.175	12.325	19.537499999999998	77.07499999999999
