concurrency	elapsed-r	errors-r	ops(total)-r	ops/sec(cum)-r	avg(ms)-r	p50(ms)-r	p95(ms)-r	p99(ms)-r	pMax(ms)-r	total-r	elapsed-w	errors-w	ops(total)-w	ops/sec(cum)-w	avg(ms)-w	p50(ms)-w	p95(ms)-w	p99(ms)-w	pMax(ms)-w	total-w	elapsed	errors	ops(total)	ops/sec(cum)	avg(ms)	p50(ms)	p95(ms)	p99(ms)	pMax(ms)
113	0.0	0.0	4630803.0	154353.0	3.5	2.88	7.9	15.939999999999998	103.6	0.0	0.0	0.0	243277.0	8108.9	8.719999999999999	7.760000000000001	18.74	26.419999999999998	89.11999999999999	0.0	0.0	0.0	4874080.0	162461.90000000002	3.7399999999999998	2.92	10.34	17.46	103.8
