concurrency	elapsed-r	errors-r	ops(total)-r	ops/sec(cum)-r	avg(ms)-r	p50(ms)-r	p95(ms)-r	p99(ms)-r	pMax(ms)-r	total-r	elapsed-w	errors-w	ops(total)-w	ops/sec(cum)-w	avg(ms)-w	p50(ms)-w	p95(ms)-w	p99(ms)-w	pMax(ms)-w	total-w	elapsed	errors	ops(total)	ops/sec(cum)	avg(ms)	p50(ms)	p95(ms)	p99(ms)	pMax(ms)
32	0.0	0.0	1009809.0	33659.2	9.8	7.6499999999999995	22.224999999999998	33.65	58.462500000000006	0.0	0.0	0.0	53031.0	1767.6	10.6125	9.225000000000001	27.612500000000004	33.775	54.775000000000006	0.0	0.0	0.0	1062840.0	35426.9	9.825	7.725	22.737499999999997	33.65	59.51250000000001
