concurrency	elapsed-r	errors-r	ops(total)-r	ops/sec(cum)-r	avg(ms)-r	p50(ms)-r	p95(ms)-r	p99(ms)-r	pMax(ms)-r	total-r	elapsed	errors	ops(total)	ops/sec(cum)	avg(ms)	p50(ms)	p95(ms)	p99(ms)	pMax(ms)
24	0.0	0.0	1370566.0	45684.600000000006	4.05	3.7249999999999996	7.85	11.612499999999999	30.5375	0.0	0.0	0.0	1370566.0	45684.600000000006	4.05	3.7249999999999996	7.85	11.612499999999999	30.5375
