concurrency	elapsed-r	errors-r	ops(total)-r	ops/sec(cum)-r	avg(ms)-r	p50(ms)-r	p95(ms)-r	p99(ms)-r	pMax(ms)-r	total-r	elapsed-w	errors-w	ops(total)-w	ops/sec(cum)-w	avg(ms)-w	p50(ms)-w	p95(ms)-w	p99(ms)-w	pMax(ms)-w	total-w	elapsed	errors	ops(total)	ops/sec(cum)	avg(ms)	p50(ms)	p95(ms)	p99(ms)	pMax(ms)
39	0.0	0.0	1794078.0	59800.8	4.3875	3.6499999999999995	10.475	17.025	75.21249999999999	0.0	0.0	0.0	94773.0	3159.0	7.4	5.8625	19.25	27.5375	48.9875	0.0	0.0	0.0	1888851.0	62959.899999999994	4.55	3.7250000000000005	11.424999999999999	18.25	77.31249999999999
