concurrency	elapsed-r	errors-r	ops(total)-r	ops/sec(cum)-r	avg(ms)-r	p50(ms)-r	p95(ms)-r	p99(ms)-r	pMax(ms)-r	total-r	elapsed-w	errors-w	ops(total)-w	ops/sec(cum)-w	avg(ms)-w	p50(ms)-w	p95(ms)-w	p99(ms)-w	pMax(ms)-w	total-w	elapsed	errors	ops(total)	ops/sec(cum)	avg(ms)	p50(ms)	p95(ms)	p99(ms)	pMax(ms)
32	0.0	0.0	164324.0	5477.1	5.3875	5.475	9.65	12.825	38.41250000000001	0.0	0.0	0.0	8373.0	279.1	790.5749999999999	1006.6000000000001	1073.7	1073.7	1082.1	0.0	0.0	0.0	172697.0	5756.200000000001	43.512499999999996	5.5249999999999995	13.237499999999999	1040.2	1082.1
