concurrency	elapsed-r	errors-r	ops(total)-r	ops/sec(cum)-r	avg(ms)-r	p50(ms)-r	p95(ms)-r	p99(ms)-r	pMax(ms)-r	total-r	elapsed-w	errors-w	ops(total)-w	ops/sec(cum)-w	avg(ms)-w	p50(ms)-w	p95(ms)-w	p99(ms)-w	pMax(ms)-w	total-w	elapsed	errors	ops(total)	ops/sec(cum)	avg(ms)	p50(ms)	p95(ms)	p99(ms)	pMax(ms)
133	0.0	0.0	4712456.0	157070.9	3.8599999999999994	3.2	8.819999999999999	17.099999999999998	174.46	0.0	0.0	0.0	247389.0	8245.8	11.499999999999998	10.32	23.68	31.439999999999998	171.11999999999998	0.0	0.0	0.0	4959845.0	165316.4	4.24	3.34	12.26	19.82	211.38000000000002
