concurrency	elapsed-r	errors-r	ops(total)-r	ops/sec(cum)-r	avg(ms)-r	p50(ms)-r	p95(ms)-r	p99(ms)-r	pMax(ms)-r	total-r	elapsed-w	errors-w	ops(total)-w	ops/sec(cum)-w	avg(ms)-w	p50(ms)-w	p95(ms)-w	p99(ms)-w	pMax(ms)-w	total-w	elapsed	errors	ops(total)	ops/sec(cum)	avg(ms)	p50(ms)	p95(ms)	p99(ms)	pMax(ms)
34	0.0	0.0	3368761.0	112290.1	2.025	1.875	3.25	6.887499999999999	209.70000000000002	0.0	0.0	0.0	177569.0	5919.0	2.4250000000000007	2.3375	3.9124999999999996	7.425	47.725	0.0	0.0	0.0	3546330.0	118208.8	2.0374999999999996	1.9249999999999998	3.425	6.887499999999999	209.70000000000002
