concurrency	elapsed-r	errors-r	ops(total)-r	ops/sec(cum)-r	avg(ms)-r	p50(ms)-r	p95(ms)-r	p99(ms)-r	pMax(ms)-r	total-r	elapsed-w	errors-w	ops(total)-w	ops/sec(cum)-w	avg(ms)-w	p50(ms)-w	p95(ms)-w	p99(ms)-w	pMax(ms)-w	total-w	elapsed	errors	ops(total)	ops/sec(cum)	avg(ms)	p50(ms)	p95(ms)	p99(ms)	pMax(ms)
128	0.0	0.0	4464191.0	148797.5	4.08	3.16	11.419999999999998	19.84	178.7	0.0	0.0	0.0	234922.0	7830.299999999999	11.36	9.819999999999999	23.32	35.66	289.41999999999996	0.0	0.0	0.0	4699113.0	156627.8	4.4399999999999995	3.3	13.080000000000002	21.92	319.62
