concurrency	elapsed-r	errors-r	ops(total)-r	ops/sec(cum)-r	avg(ms)-r	p50(ms)-r	p95(ms)-r	p99(ms)-r	pMax(ms)-r	total-r	elapsed-w	errors-w	ops(total)-w	ops/sec(cum)-w	avg(ms)-w	p50(ms)-w	p95(ms)-w	p99(ms)-w	pMax(ms)-w	total-w	elapsed	errors	ops(total)	ops/sec(cum)	avg(ms)	p50(ms)	p95(ms)	p99(ms)	pMax(ms)
54	0.0	0.0	3477729.0	115921.2	3.2249999999999996	3.1499999999999995	5.55	10.25	101.5875	0.0	0.0	0.0	182329.0	6077.299999999999	3.2375	3.1499999999999995	5.574999999999999	10.275	68.2875	0.0	0.0	0.0	3660058.0	121998.79999999997	3.2249999999999996	3.1499999999999995	5.55	10.2125	101.5875
