concurrency	elapsed-w	errors-w	ops(total)-w	ops/sec(cum)-w	avg(ms)-w	p50(ms)-w	p95(ms)-w	p99(ms)-w	pMax(ms)-w	total-w	elapsed	errors	ops(total)	ops/sec(cum)	avg(ms)	p50(ms)	p95(ms)	p99(ms)	pMax(ms)
64	0.0	0.0	4581079.0	152697.89999999997	3.0375	1.9749999999999996	8.5	13.424999999999997	126.8875	0.0	0.0	0.0	4581079.0	152697.89999999997	3.0375	1.9749999999999996	8.5	13.424999999999997	126.8875
