concurrency	elapsed-r	errors-r	ops(total)-r	ops/sec(cum)-r	avg(ms)-r	p50(ms)-r	p95(ms)-r	p99(ms)-r	pMax(ms)-r	total-r	elapsed-w	errors-w	ops(total)-w	ops/sec(cum)-w	avg(ms)-w	p50(ms)-w	p95(ms)-w	p99(ms)-w	pMax(ms)-w	total-w	elapsed	errors	ops(total)	ops/sec(cum)	avg(ms)	p50(ms)	p95(ms)	p99(ms)	pMax(ms)
30	0.0	0.0	1037890.0	34595.4	6.4	6.2124999999999995	11.8875	16.7875	45.574999999999996	0.0	0.0	0.0	54271.0	1809.1000000000001	6.9125000000000005	6.524999999999999	12.5875	17.8375	125.825	0.0	0.0	0.0	1092161.0	36404.3	6.4375	6.2124999999999995	11.8875	16.7875	125.825
