concurrency	elapsed-r	errors-r	ops(total)-r	ops/sec(cum)-r	avg(ms)-r	p50(ms)-r	p95(ms)-r	p99(ms)-r	pMax(ms)-r	total-r	elapsed-w	errors-w	ops(total)-w	ops/sec(cum)-w	avg(ms)-w	p50(ms)-w	p95(ms)-w	p99(ms)-w	pMax(ms)-w	total-w	elapsed	errors	ops(total)	ops/sec(cum)	avg(ms)	p50(ms)	p95(ms)	p99(ms)	pMax(ms)
46	0.0	0.0	4497175.0	149902.30000000002	1.9249999999999998	1.8125	3.55	6.637499999999999	217.04999999999995	0.0	0.0	0.0	236126.0	7870.5	2.0124999999999997	1.8125	3.7	7.725	108.5	0.0	0.0	0.0	4733301.0	157773.1	1.9500000000000002	1.8125	3.55	6.75	217.04999999999995
