concurrency	elapsed-w	errors-w	ops(total)-w	ops/sec(cum)-w	avg(ms)-w	p50(ms)-w	p95(ms)-w	p99(ms)-w	pMax(ms)-w	total-w	elapsed	errors	ops(total)	ops/sec(cum)	avg(ms)	p50(ms)	p95(ms)	p99(ms)	pMax(ms)
59	0.0	0.0	3655728.0	121854.2	3.5250000000000004	3.425	5.975	10.5375	29.25	0.0	0.0	0.0	3655728.0	121854.2	3.5250000000000004	3.425	5.975	10.5375	29.25
