concurrency	elapsed-r	errors-r	ops(total)-r	ops/sec(cum)-r	avg(ms)-r	p50(ms)-r	p95(ms)-r	p99(ms)-r	pMax(ms)-r	total-r	elapsed-w	errors-w	ops(total)-w	ops/sec(cum)-w	avg(ms)-w	p50(ms)-w	p95(ms)-w	p99(ms)-w	pMax(ms)-w	total-w	elapsed	errors	ops(total)	ops/sec(cum)	avg(ms)	p50(ms)	p95(ms)	p99(ms)	pMax(ms)
39	0.0	0.0	3370970.0	112363.20000000001	2.375	2.3625	4.35	7.937499999999999	119.275	0.0	0.0	0.0	176648.0	5888.3	2.3875	2.375	4.449999999999999	7.925	20.724999999999998	0.0	0.0	0.0	3547618.0	118251.4	2.375	2.3625	4.35	7.937499999999999	119.275
