concurrency	elapsed-r	errors-r	ops(total)-r	ops/sec(cum)-r	avg(ms)-r	p50(ms)-r	p95(ms)-r	p99(ms)-r	pMax(ms)-r	total-r	elapsed-w	errors-w	ops(total)-w	ops/sec(cum)-w	avg(ms)-w	p50(ms)-w	p95(ms)-w	p99(ms)-w	pMax(ms)-w	total-w	elapsed	errors	ops(total)	ops/sec(cum)	avg(ms)	p50(ms)	p95(ms)	p99(ms)	pMax(ms)
53	0.0	0.0	1923911.0	64127.99999999999	5.437499999999999	4.675	13.224999999999998	21.8875	156.2375	0.0	0.0	0.0	101287.0	3376.2000000000003	11.825	9.15	23.849999999999998	60.275	738.2	0.0	0.0	0.0	2025198.0	67504.09999999999	5.750000000000001	4.725	14.325000000000001	23.349999999999998	738.2
