concurrency	elapsed-r	errors-r	ops(total)-r	ops/sec(cum)-r	avg(ms)-r	p50(ms)-r	p95(ms)-r	p99(ms)-r	pMax(ms)-r	total-r	elapsed-w	errors-w	ops(total)-w	ops/sec(cum)-w	avg(ms)-w	p50(ms)-w	p95(ms)-w	p99(ms)-w	pMax(ms)-w	total-w	elapsed	errors	ops(total)	ops/sec(cum)	avg(ms)	p50(ms)	p95(ms)	p99(ms)	pMax(ms)
120	0.0	0.0	2607632.0	86916.09999999999	7.019999999999999	5.220000000000001	19.94	36.04	386.7	0.0	0.0	0.0	137234.0	4574.2	25.920000000000005	20.119999999999997	46.120000000000005	147.44	756.6800000000001	0.0	0.0	0.0	2744866.0	91490.2	7.959999999999999	5.34	23.5	41.92	756.6800000000001
