concurrency	elapsed-w	errors-w	ops(total)-w	ops/sec(cum)-w	avg(ms)-w	p50(ms)-w	p95(ms)-w	p99(ms)-w	pMax(ms)-w	total-w	elapsed	errors	ops(total)	ops/sec(cum)	avg(ms)	p50(ms)	p95(ms)	p99(ms)	pMax(ms)
47	0.0	0.0	715063.0	23834.6	15.375	11.225	40.875	56.074999999999996	188.7375	0.0	0.0	0.0	715063.0	23834.6	15.375	11.225	40.875	56.074999999999996	188.7375
