concurrency	elapsed-r	errors-r	ops(total)-r	ops/sec(cum)-r	avg(ms)-r	p50(ms)-r	p95(ms)-r	p99(ms)-r	pMax(ms)-r	total-r	elapsed-w	errors-w	ops(total)-w	ops/sec(cum)-w	avg(ms)-w	p50(ms)-w	p95(ms)-w	p99(ms)-w	pMax(ms)-w	total-w	elapsed	errors	ops(total)	ops/sec(cum)	avg(ms)	p50(ms)	p95(ms)	p99(ms)	pMax(ms)
63	0.0	0.0	3245485.0	108178.8	3.937500000000001	3.5124999999999997	7.4375	17.150000000000002	45.3125	0.0	0.0	0.0	170749.0	5691.400000000001	4.2375	3.775	8.3125	17.975	41.375	0.0	0.0	0.0	3416234.0	113870.0	3.9625000000000004	3.5374999999999996	7.5	17.150000000000002	45.3125
