ops/sec(cum)	p50(ms)	p99(ms)	read_tp	read_p50	read_p99	write_tp	write_p50	write_p99
75151.58333333333	2.9209285714285715	12.189	71712.03333333333	3.021857142857143	12.189	3438.5499999999997	2.82	10.95357142857143
