concurrency	elapsed-r	errors-r	ops(total)-r	ops/sec(cum)-r	avg(ms)-r	p50(ms)-r	p95(ms)-r	p99(ms)-r	pMax(ms)-r	total-r	elapsed-w	errors-w	ops(total)-w	ops/sec(cum)-w	avg(ms)-w	p50(ms)-w	p95(ms)-w	p99(ms)-w	pMax(ms)-w	total-w	elapsed	errors	ops(total)	ops/sec(cum)	avg(ms)	p50(ms)	p95(ms)	p99(ms)	pMax(ms)
21	0.0	0.0	409889.0	13662.599999999999	10.024999999999999	2.15	44.7875	167.79999999999998	587.1875	0.0	0.0	0.0	21459.0	715.2	38.78750000000001	4.7	191.85000000000002	348.1	692.05	0.0	0.0	0.0	431348.0	14377.9	11.4625	2.275	54.2375	184.5	696.2375
