concurrency	elapsed-r	errors-r	ops(total)-r	ops/sec(cum)-r	avg(ms)-r	p50(ms)-r	p95(ms)-r	p99(ms)-r	pMax(ms)-r	total-r	elapsed-w	errors-w	ops(total)-w	ops/sec(cum)-w	avg(ms)-w	p50(ms)-w	p95(ms)-w	p99(ms)-w	pMax(ms)-w	total-w	elapsed	errors	ops(total)	ops/sec(cum)	avg(ms)	p50(ms)	p95(ms)	p99(ms)	pMax(ms)
14	0.0	0.0	1062251.0	35407.700000000004	2.8125	2.725	5.2	6.0	17.9625	0.0	0.0	0.0	56040.0	1868.1	2.8749999999999996	2.8000000000000003	5.2	6.3374999999999995	13.3125	0.0	0.0	0.0	1118291.0	37275.700000000004	2.8125	2.725	5.2	6.0	18.875000000000004
