concurrency	elapsed-r	errors-r	ops(total)-r	ops/sec(cum)-r	avg(ms)-r	p50(ms)-r	p95(ms)-r	p99(ms)-r	pMax(ms)-r	total-r	elapsed-w	errors-w	ops(total)-w	ops/sec(cum)-w	avg(ms)-w	p50(ms)-w	p95(ms)-w	p99(ms)-w	pMax(ms)-w	total-w	elapsed	errors	ops(total)	ops/sec(cum)	avg(ms)	p50(ms)	p95(ms)	p99(ms)	pMax(ms)
135	0.0	0.0	4575138.0	152494.8	4.1	3.4	10.3	18.439999999999998	178.68	0.0	0.0	0.0	240770.0	8025.1	12.4	11.299999999999999	25.32	33.86	158.14000000000001	0.0	0.0	0.0	4815908.0	160520.0	4.5200000000000005	3.4799999999999995	13.38	21.82	178.68
