concurrency	elapsed-r	errors-r	ops(total)-r	ops/sec(cum)-r	avg(ms)-r	p50(ms)-r	p95(ms)-r	p99(ms)-r	pMax(ms)-r	total-r	elapsed-w	errors-w	ops(total)-w	ops/sec(cum)-w	avg(ms)-w	p50(ms)-w	p95(ms)-w	p99(ms)-w	pMax(ms)-w	total-w	elapsed	errors	ops(total)	ops/sec(cum)	avg(ms)	p50(ms)	p95(ms)	p99(ms)	pMax(ms)
29	0.0	0.0	1167261.0	38907.5	4.9125000000000005	3.2125	12.075	40.5875	249.5875	0.0	0.0	0.0	61193.0	2039.8999999999999	13.8375	6.225	80.22500000000001	139.45	272.65	0.0	0.0	0.0	1228454.0	40947.3	5.35	3.2750000000000004	12.662499999999998	57.3875	278.9375
