concurrency	elapsed-r	errors-r	ops(total)-r	ops/sec(cum)-r	avg(ms)-r	p50(ms)-r	p95(ms)-r	p99(ms)-r	pMax(ms)-r	total-r	elapsed-w	errors-w	ops(total)-w	ops/sec(cum)-w	avg(ms)-w	p50(ms)-w	p95(ms)-w	p99(ms)-w	pMax(ms)-w	total-w	elapsed	errors	ops(total)	ops/sec(cum)	avg(ms)	p50(ms)	p95(ms)	p99(ms)	pMax(ms)
65	0.0	0.0	1382502.0	46081.8	2.7999999999999994	2.0	8.200000000000001	19.9	96.5	0.0	0.0	0.0	72531.0	2417.6000000000004	5.733333333333333	4.1	18.9	36.36666666666667	74.10000000000001	0.0	0.0	0.0	1455033.0	48499.4	2.9	2.0	8.9	21.0	96.5
