concurrency	elapsed-r	errors-r	ops(total)-r	ops/sec(cum)-r	avg(ms)-r	p50(ms)-r	p95(ms)-r	p99(ms)-r	pMax(ms)-r	total-r	elapsed-w	errors-w	ops(total)-w	ops/sec(cum)-w	avg(ms)-w	p50(ms)-w	p95(ms)-w	p99(ms)-w	pMax(ms)-w	total-w	elapsed	errors	ops(total)	ops/sec(cum)	avg(ms)	p50(ms)	p95(ms)	p99(ms)	pMax(ms)
133	0.0	0.0	4553007.0	151755.5	4.4799999999999995	3.6399999999999997	11.26	19.0	173.61999999999998	0.0	0.0	0.0	239869.0	7995.0	10.679999999999998	9.539999999999997	23.04	31.659999999999997	102.74000000000001	0.0	0.0	0.0	4792876.0	159750.5	4.82	3.7399999999999998	13.02	20.66	173.61999999999998
