concurrency	elapsed-r	errors-r	ops(total)-r	ops/sec(cum)-r	avg(ms)-r	p50(ms)-r	p95(ms)-r	p99(ms)-r	pMax(ms)-r	total-r	elapsed-w	errors-w	ops(total)-w	ops/sec(cum)-w	avg(ms)-w	p50(ms)-w	p95(ms)-w	p99(ms)-w	pMax(ms)-w	total-w	elapsed	errors	ops(total)	ops/sec(cum)	avg(ms)	p50(ms)	p95(ms)	p99(ms)	pMax(ms)
50	0.0	0.0	1866423.0	62212.0	5.3125	4.475	12.974999999999998	21.1125	179.29999999999998	0.0	0.0	0.0	98262.0	3275.3	11.0875	10.125	25.324999999999996	36.199999999999996	115.08749999999999	0.0	0.0	0.0	1964685.0	65487.4	5.6125	4.725	14.1125	23.0875	185.6
