concurrency	elapsed-w	errors-w	ops(total)-w	ops/sec(cum)-w	avg(ms)-w	p50(ms)-w	p95(ms)-w	p99(ms)-w	pMax(ms)-w	total-w	elapsed	errors	ops(total)	ops/sec(cum)	avg(ms)	p50(ms)	p95(ms)	p99(ms)	pMax(ms)
54	0.0	0.0	4898911.0	163293.3	2.2125	2.0	4.575	7.375000000000001	125.27499999999998	0.0	0.0	0.0	4898911.0	163293.3	2.2125	2.0	4.575	7.375000000000001	125.27499999999998
