concurrency	elapsed-r	errors-r	ops(total)-r	ops/sec(cum)-r	avg(ms)-r	p50(ms)-r	p95(ms)-r	p99(ms)-r	pMax(ms)-r	total-r	elapsed-w	errors-w	ops(total)-w	ops/sec(cum)-w	avg(ms)-w	p50(ms)-w	p95(ms)-w	p99(ms)-w	pMax(ms)-w	total-w	elapsed	errors	ops(total)	ops/sec(cum)	avg(ms)	p50(ms)	p95(ms)	p99(ms)	pMax(ms)
72	0.0	0.0	442642.0	7377.299999999999	2.5	1.85	6.449999999999999	14.825	52.4	0.0	0.0	0.0	23052.0	384.20000000000005	4.55	3.3	12.975	25.974999999999998	50.3	0.0	0.0	0.0	465694.0	7761.5	2.6	1.875	7.1499999999999995	16.275	55.025000000000006
