concurrency	elapsed-r	errors-r	ops(total)-r	ops/sec(cum)-r	avg(ms)-r	p50(ms)-r	p95(ms)-r	p99(ms)-r	pMax(ms)-r	total-r	elapsed-w	errors-w	ops(total)-w	ops/sec(cum)-w	avg(ms)-w	p50(ms)-w	p95(ms)-w	p99(ms)-w	pMax(ms)-w	total-w	elapsed	errors	ops(total)	ops/sec(cum)	avg(ms)	p50(ms)	p95(ms)	p99(ms)	pMax(ms)
50	0.0	0.0	1945908.0	64860.899999999994	5.1	4.55	11.875	18.625000000000004	96.475	0.0	0.0	0.0	102769.0	3425.5	9.6	9.025	21.25	29.500000000000004	63.95	0.0	0.0	0.0	2048677.0	68286.3	5.35	4.7	12.849999999999998	20.0375	96.99999999999999
