concurrency	elapsed-r	errors-r	ops(total)-r	ops/sec(cum)-r	avg(ms)-r	p50(ms)-r	p95(ms)-r	p99(ms)-r	pMax(ms)-r	total-r	elapsed-w	errors-w	ops(total)-w	ops/sec(cum)-w	avg(ms)-w	p50(ms)-w	p95(ms)-w	p99(ms)-w	pMax(ms)-w	total-w	elapsed	errors	ops(total)	ops/sec(cum)	avg(ms)	p50(ms)	p95(ms)	p99(ms)	pMax(ms)
32	0.0	0.0	634623.0	21153.6	3.2000000000000006	2.6	6.0	20.266666666666666	190.1	0.0	0.0	0.0	33193.0	1106.4	6.566666666666666	5.0	14.366666666666665	33.6	153.79999999999998	0.0	0.0	0.0	667816.0	22260.1	3.3666666666666667	2.7999999999999994	7.3	21.0	190.1
