concurrency	elapsed-r	errors-r	ops(total)-r	ops/sec(cum)-r	avg(ms)-r	p50(ms)-r	p95(ms)-r	p99(ms)-r	pMax(ms)-r	total-r	elapsed-w	errors-w	ops(total)-w	ops/sec(cum)-w	avg(ms)-w	p50(ms)-w	p95(ms)-w	p99(ms)-w	pMax(ms)-w	total-w	elapsed	errors	ops(total)	ops/sec(cum)	avg(ms)	p50(ms)	p95(ms)	p99(ms)	pMax(ms)
39	0.0	0.0	1937500.0	64581.20000000001	4.025	3.525	9.275	14.675	40.8625	0.0	0.0	0.0	102071.0	3402.3	7.2875000000000005	6.8625	15.875	22.299999999999997	46.10000000000001	0.0	0.0	0.0	2039571.0	67983.50000000001	4.15	3.6	10.1	15.549999999999999	47.675000000000004
