concurrency	elapsed-r	errors-r	ops(total)-r	ops/sec(cum)-r	avg(ms)-r	p50(ms)-r	p95(ms)-r	p99(ms)-r	pMax(ms)-r	total-r	elapsed-w	errors-w	ops(total)-w	ops/sec(cum)-w	avg(ms)-w	p50(ms)-w	p95(ms)-w	p99(ms)-w	pMax(ms)-w	total-w	elapsed	errors	ops(total)	ops/sec(cum)	avg(ms)	p50(ms)	p95(ms)	p99(ms)	pMax(ms)
14	0.0	0.0	1607760.0	53591.200000000004	1.6249999999999998	1.35	3.925	6.55	29.099999999999998	0.0	0.0	0.0	84419.0	2814.1	4.8374999999999995	2.4124999999999996	24.112499999999997	45.05	68.9375	0.0	0.0	0.0	1692179.0	56404.9	1.8000000000000003	1.35	4.0875	7.9	68.9375
