concurrency	elapsed-r	errors-r	ops(total)-r	ops/sec(cum)-r	avg(ms)-r	p50(ms)-r	p95(ms)-r	p99(ms)-r	pMax(ms)-r	total-r	elapsed-w	errors-w	ops(total)-w	ops/sec(cum)-w	avg(ms)-w	p50(ms)-w	p95(ms)-w	p99(ms)-w	pMax(ms)-w	total-w	elapsed	errors	ops(total)	ops/sec(cum)	avg(ms)	p50(ms)	p95(ms)	p99(ms)	pMax(ms)
44	0.0	0.0	1222902.0	40762.200000000004	7.3500000000000005	6.624999999999999	16.0	23.599999999999998	167.2375	0.0	0.0	0.0	64573.0	2152.5	14.05	13.312499999999998	28.050000000000004	38.225	109.0625	0.0	0.0	0.0	1287475.0	42914.50000000001	7.700000000000001	6.699999999999999	17.675	25.949999999999996	175.62500000000003
