concurrency	elapsed-r	errors-r	ops(total)-r	ops/sec(cum)-r	avg(ms)-r	p50(ms)-r	p95(ms)-r	p99(ms)-r	pMax(ms)-r	total-r	elapsed-w	errors-w	ops(total)-w	ops/sec(cum)-w	avg(ms)-w	p50(ms)-w	p95(ms)-w	p99(ms)-w	pMax(ms)-w	total-w	elapsed	errors	ops(total)	ops/sec(cum)	avg(ms)	p50(ms)	p95(ms)	p99(ms)	pMax(ms)
39	0.0	0.0	4406587.0	146882.1	1.725	1.5124999999999997	3.2375	5.8374999999999995	148.61249999999998	0.0	0.0	0.0	232951.0	7764.799999999999	1.7625000000000002	1.5374999999999999	3.4875000000000003	6.6625000000000005	55.0375	0.0	0.0	0.0	4639538.0	154646.69999999998	1.725	1.525	3.275	5.875	150.71249999999998
