concurrency	elapsed-r	errors-r	ops(total)-r	ops/sec(cum)-r	avg(ms)-r	p50(ms)-r	p95(ms)-r	p99(ms)-r	pMax(ms)-r	total-r	elapsed-w	errors-w	ops(total)-w	ops/sec(cum)-w	avg(ms)-w	p50(ms)-w	p95(ms)-w	p99(ms)-w	pMax(ms)-w	total-w	elapsed	errors	ops(total)	ops/sec(cum)	avg(ms)	p50(ms)	p95(ms)	p99(ms)	pMax(ms)
51	0.0	0.0	1260103.0	42001.8	8.2375	6.924999999999999	19.150000000000002	29.900000000000002	354.4125	0.0	0.0	0.0	65727.0	2190.9	17.775	13.799999999999999	35.7875	136.29999999999998	358.59999999999997	0.0	0.0	0.0	1325830.0	44192.7	8.6875	7.074999999999999	20.587500000000002	32.925	362.79999999999995
