concurrency	elapsed-r	errors-r	ops(total)-r	ops/sec(cum)-r	avg(ms)-r	p50(ms)-r	p95(ms)-r	p99(ms)-r	pMax(ms)-r	total-r	elapsed-w	errors-w	ops(total)-w	ops/sec(cum)-w	avg(ms)-w	p50(ms)-w	p95(ms)-w	p99(ms)-w	pMax(ms)-w	total-w	elapsed	errors	ops(total)	ops/sec(cum)	avg(ms)	p50(ms)	p95(ms)	p99(ms)	pMax(ms)
32	0.0	0.0	1214850.0	40493.8	5.375	4.725	12.412499999999998	19.400000000000002	102.25	0.0	0.0	0.0	64167.0	2138.8	10.149999999999999	9.3	21.1125	30.4125	99.1	0.0	0.0	0.0	1279017.0	42632.5	5.625	4.8	12.974999999999998	20.7	113.77499999999999
