concurrency	elapsed-r	errors-r	ops(total)-r	ops/sec(cum)-r	avg(ms)-r	p50(ms)-r	p95(ms)-r	p99(ms)-r	pMax(ms)-r	total-r	elapsed-w	errors-w	ops(total)-w	ops/sec(cum)-w	avg(ms)-w	p50(ms)-w	p95(ms)-w	p99(ms)-w	pMax(ms)-w	total-w	elapsed	errors	ops(total)	ops/sec(cum)	avg(ms)	p50(ms)	p95(ms)	p99(ms)	pMax(ms)
48	0.0	0.0	2430342.0	81008.70000000001	3.9750000000000005	3.4	8.5625	14.175	44.525	0.0	0.0	0.0	127071.0	4235.5	5.0874999999999995	3.6875	13.299999999999999	20.1875	44.0	0.0	0.0	0.0	2557413.0	85244.3	4.0125	3.4499999999999993	8.825	14.675	45.575
