concurrency	elapsed-r	errors-r	ops(total)-r	ops/sec(cum)-r	avg(ms)-r	p50(ms)-r	p95(ms)-r	p99(ms)-r	pMax(ms)-r	total-r	elapsed-w	errors-w	ops(total)-w	ops/sec(cum)-w	avg(ms)-w	p50(ms)-w	p95(ms)-w	p99(ms)-w	pMax(ms)-w	total-w	elapsed	errors	ops(total)	ops/sec(cum)	avg(ms)	p50(ms)	p95(ms)	p99(ms)	pMax(ms)
51	0.0	0.0	714716.0	23823.3	3.5	2.4	8.9	18.533333333333335	111.83333333333333	0.0	0.0	0.0	37708.0	1257.0	6.733333333333333	5.3999999999999995	17.46666666666667	34.300000000000004	90.86666666666667	0.0	0.0	0.0	752424.0	25080.1	3.7000000000000006	2.5	9.4	19.9	116.0
