concurrency	elapsed-r	errors-r	ops(total)-r	ops/sec(cum)-r	avg(ms)-r	p50(ms)-r	p95(ms)-r	p99(ms)-r	pMax(ms)-r	total-r	elapsed-w	errors-w	ops(total)-w	ops/sec(cum)-w	avg(ms)-w	p50(ms)-w	p95(ms)-w	p99(ms)-w	pMax(ms)-w	total-w	elapsed	errors	ops(total)	ops/sec(cum)	avg(ms)	p50(ms)	p95(ms)	p99(ms)	pMax(ms)
14	0.0	0.0	441275.0	14708.900000000001	2.8375000000000004	2.15	6.175000000000001	7.8500000000000005	16.987499999999997	0.0	0.0	0.0	23106.0	770.3	86.52499999999999	4.0	283.1	287.3	322.975	0.0	0.0	0.0	464381.0	15479.1	7.012500000000001	2.2750000000000004	6.587499999999999	251.70000000000002	322.975
