concurrency	elapsed-r	errors-r	ops(total)-r	ops/sec(cum)-r	avg(ms)-r	p50(ms)-r	p95(ms)-r	p99(ms)-r	pMax(ms)-r	total-r	elapsed-w	errors-w	ops(total)-w	ops/sec(cum)-w	avg(ms)-w	p50(ms)-w	p95(ms)-w	p99(ms)-w	pMax(ms)-w	total-w	elapsed	errors	ops(total)	ops/sec(cum)	avg(ms)	p50(ms)	p95(ms)	p99(ms)	pMax(ms)
48	0.0	0.0	578383.0	19278.899999999998	3.875	2.3375000000000004	12.662499999999998	21.5	99.125	0.0	0.0	0.0	30145.0	1004.8000000000001	286.90000000000003	5.699999999999999	2969.575	3204.425	3221.2000000000003	0.0	0.0	0.0	608528.0	20283.7	17.9125	2.3625	13.349999999999998	29.900000000000002	3221.2000000000003
