concurrency	elapsed-r	errors-r	ops(total)-r	ops/sec(cum)-r	avg(ms)-r	p50(ms)-r	p95(ms)-r	p99(ms)-r	pMax(ms)-r	total-r	elapsed-w	errors-w	ops(total)-w	ops/sec(cum)-w	avg(ms)-w	p50(ms)-w	p95(ms)-w	p99(ms)-w	pMax(ms)-w	total-w	elapsed	errors	ops(total)	ops/sec(cum)	avg(ms)	p50(ms)	p95(ms)	p99(ms)	pMax(ms)
104	0.0	0.0	4206532.0	140211.40000000002	3.6399999999999997	2.7	10.8	18.82	90.58	0.0	0.0	0.0	221238.0	7374.3	16.46	6.840000000000001	21.76	329.04	497.4599999999999	0.0	0.0	0.0	4427770.0	147585.5	4.26	2.8600000000000003	11.78	20.14	498.71999999999997
