concurrency	elapsed-w	errors-w	ops(total)-w	ops/sec(cum)-w	avg(ms)-w	p50(ms)-w	p95(ms)-w	p99(ms)-w	pMax(ms)-w	total-w	elapsed	errors	ops(total)	ops/sec(cum)	avg(ms)	p50(ms)	p95(ms)	p99(ms)	pMax(ms)
48	0.0	0.0	3604494.0	120146.50000000001	3.0	2.575	8.55	12.474999999999998	47.037499999999994	0.0	0.0	0.0	3604494.0	120146.50000000001	3.0	2.575	8.55	12.474999999999998	47.037499999999994
