concurrency	elapsed-r	errors-r	ops(total)-r	ops/sec(cum)-r	avg(ms)-r	p50(ms)-r	p95(ms)-r	p99(ms)-r	pMax(ms)-r	total-r	elapsed-w	errors-w	ops(total)-w	ops/sec(cum)-w	avg(ms)-w	p50(ms)-w	p95(ms)-w	p99(ms)-w	pMax(ms)-w	total-w	elapsed	errors	ops(total)	ops/sec(cum)	avg(ms)	p50(ms)	p95(ms)	p99(ms)	pMax(ms)
96	0.0	0.0	2726301.0	90873.2	5.28	4.24	13.739999999999998	22.880000000000003	275.16	0.0	0.0	0.0	144248.0	4808.1	16.919999999999998	15.4	33.96	44.46	166.51999999999998	0.0	0.0	0.0	2870549.0	95681.1	5.859999999999999	4.4	16.860000000000003	28.479999999999997	277.68
