concurrency	elapsed-r	errors-r	ops(total)-r	ops/sec(cum)-r	avg(ms)-r	p50(ms)-r	p95(ms)-r	p99(ms)-r	pMax(ms)-r	total-r	elapsed-w	errors-w	ops(total)-w	ops/sec(cum)-w	avg(ms)-w	p50(ms)-w	p95(ms)-w	p99(ms)-w	pMax(ms)-w	total-w	elapsed	errors	ops(total)	ops/sec(cum)	avg(ms)	p50(ms)	p95(ms)	p99(ms)	pMax(ms)
38	0.0	0.0	1509508.0	50315.700000000004	7.499999999999999	3.4250000000000003	18.95	33.199999999999996	52.16250000000001	0.0	0.0	0.0	79773.0	2659.1000000000004	7.5375000000000005	3.4	19.6625	33.225	45.8	0.0	0.0	0.0	1589281.0	52974.59999999999	7.499999999999999	3.4250000000000003	18.95	33.199999999999996	52.68750000000001
