concurrency	elapsed-r	errors-r	ops(total)-r	ops/sec(cum)-r	avg(ms)-r	p50(ms)-r	p95(ms)-r	p99(ms)-r	pMax(ms)-r	total-r	elapsed-w	errors-w	ops(total)-w	ops/sec(cum)-w	avg(ms)-w	p50(ms)-w	p95(ms)-w	p99(ms)-w	pMax(ms)-w	total-w	elapsed	errors	ops(total)	ops/sec(cum)	avg(ms)	p50(ms)	p95(ms)	p99(ms)	pMax(ms)
18	0.0	0.0	1317595.0	43919.399999999994	0.9333333333333332	0.9	1.1	3.9	12.566666666666668	0.0	0.0	0.0	68963.0	2298.8	1.5666666666666667	1.3999999999999997	1.8999999999999997	6.333333333333333	10.333333333333334	0.0	0.0	0.0	1386558.0	46218.100000000006	1.0	0.9	1.3999999999999997	4.1	12.766666666666666
