concurrency	elapsed-r	errors-r	ops(total)-r	ops/sec(cum)-r	avg(ms)-r	p50(ms)-r	p95(ms)-r	p99(ms)-r	pMax(ms)-r	total-r	elapsed-w	errors-w	ops(total)-w	ops/sec(cum)-w	avg(ms)-w	p50(ms)-w	p95(ms)-w	p99(ms)-w	pMax(ms)-w	total-w	elapsed	errors	ops(total)	ops/sec(cum)	avg(ms)	p50(ms)	p95(ms)	p99(ms)	pMax(ms)
105	0.0	0.0	2688920.0	89627.0	6.0200000000000005	4.8	15.64	25.18	335.56	0.0	0.0	0.0	140913.0	4696.900000000001	18.779999999999998	17.32	37.32	48.660000000000004	294.84	0.0	0.0	0.0	2829833.0	94324.0	6.640000000000001	4.9399999999999995	18.56	31.439999999999998	345.6
