concurrency	elapsed-r	errors-r	ops(total)-r	ops/sec(cum)-r	avg(ms)-r	p50(ms)-r	p95(ms)-r	p99(ms)-r	pMax(ms)-r	total-r	elapsed-w	errors-w	ops(total)-w	ops/sec(cum)-w	avg(ms)-w	p50(ms)-w	p95(ms)-w	p99(ms)-w	pMax(ms)-w	total-w	elapsed	errors	ops(total)	ops/sec(cum)	avg(ms)	p50(ms)	p95(ms)	p99(ms)	pMax(ms)
25	0.0	0.0	475297.0	15842.9	3.033333333333333	1.9333333333333333	8.733333333333334	15.9	40.5	0.0	0.0	0.0	24994.0	833.1	24.46666666666667	4.033333333333333	142.6	173.4	206.9	0.0	0.0	0.0	500291.0	16676.0	4.133333333333334	2.0	9.4	28.0	206.9
