concurrency	elapsed-r	errors-r	ops(total)-r	ops/sec(cum)-r	avg(ms)-r	p50(ms)-r	p95(ms)-r	p99(ms)-r	pMax(ms)-r	total-r	elapsed-w	errors-w	ops(total)-w	ops/sec(cum)-w	avg(ms)-w	p50(ms)-w	p95(ms)-w	p99(ms)-w	pMax(ms)-w	total-w	elapsed	errors	ops(total)	ops/sec(cum)	avg(ms)	p50(ms)	p95(ms)	p99(ms)	pMax(ms)
19	0.0	0.0	1183102.0	39435.799999999996	3.5	3.325	6.299999999999999	7.299999999999999	19.925	0.0	0.0	0.0	62008.0	2066.9	3.4875	3.3625	6.1499999999999995	7.449999999999999	15.4875	0.0	0.0	0.0	1245110.0	41502.700000000004	3.5	3.325	6.299999999999999	7.299999999999999	20.05
