concurrency	elapsed-r	errors-r	ops(total)-r	ops/sec(cum)-r	avg(ms)-r	p50(ms)-r	p95(ms)-r	p99(ms)-r	pMax(ms)-r	total-r	elapsed-w	errors-w	ops(total)-w	ops/sec(cum)-w	avg(ms)-w	p50(ms)-w	p95(ms)-w	p99(ms)-w	pMax(ms)-w	total-w	elapsed	errors	ops(total)	ops/sec(cum)	avg(ms)	p50(ms)	p95(ms)	p99(ms)	pMax(ms)
12	0.0	0.0	901713.0	30056.499999999996	1.7000000000000002	1.3250000000000002	3.8125	5.3	57.12500000000001	0.0	0.0	0.0	47700.0	1590.0	24.462500000000002	2.35	100.70000000000002	113.20000000000002	131.05	0.0	0.0	0.0	949413.0	31646.7	2.8374999999999995	1.3375000000000001	4.025	82.85	131.05
