concurrency	elapsed-r	errors-r	ops(total)-r	ops/sec(cum)-r	avg(ms)-r	p50(ms)-r	p95(ms)-r	p99(ms)-r	pMax(ms)-r	total-r	elapsed-w	errors-w	ops(total)-w	ops/sec(cum)-w	avg(ms)-w	p50(ms)-w	p95(ms)-w	p99(ms)-w	pMax(ms)-w	total-w	elapsed	errors	ops(total)	ops/sec(cum)	avg(ms)	p50(ms)	p95(ms)	p99(ms)	pMax(ms)
63	0.0	0.0	1832137.0	61068.9	4.550000000000001	3.4000000000000004	12.787499999999998	22.9375	162.03750000000002	0.0	0.0	0.0	96571.0	3219.0	61.95	6.5249999999999995	25.1875	2885.6999999999994	5670.7	0.0	0.0	0.0	1928708.0	64287.9	7.425	3.475	13.349999999999998	24.65	5670.7
