concurrency	elapsed-r	errors-r	ops(total)-r	ops/sec(cum)-r	avg(ms)-r	p50(ms)-r	p95(ms)-r	p99(ms)-r	pMax(ms)-r	total-r	elapsed	errors	ops(total)	ops/sec(cum)	avg(ms)	p50(ms)	p95(ms)	p99(ms)	pMax(ms)
18	0.0	0.0	1393752.0	46457.9	2.9499999999999997	2.6875	5.324999999999999	8.125	21.737499999999997	0.0	0.0	0.0	1393752.0	46457.9	2.9499999999999997	2.6875	5.324999999999999	8.125	21.737499999999997
