concurrency	elapsed-r	errors-r	ops(total)-r	ops/sec(cum)-r	avg(ms)-r	p50(ms)-r	p95(ms)-r	p99(ms)-r	pMax(ms)-r	total-r	elapsed	errors	ops(total)	ops/sec(cum)	avg(ms)	p50(ms)	p95(ms)	p99(ms)	pMax(ms)
59	0.0	0.0	1910363.0	63676.9	6.824999999999999	5.9624999999999995	15.999999999999998	24.15	88.5875	0.0	0.0	0.0	1910363.0	63676.9	6.824999999999999	5.9624999999999995	15.999999999999998	24.15	88.5875
