concurrency	elapsed-r	errors-r	ops(total)-r	ops/sec(cum)-r	avg(ms)-r	p50(ms)-r	p95(ms)-r	p99(ms)-r	pMax(ms)-r	total-r	elapsed-w	errors-w	ops(total)-w	ops/sec(cum)-w	avg(ms)-w	p50(ms)-w	p95(ms)-w	p99(ms)-w	pMax(ms)-w	total-w	elapsed	errors	ops(total)	ops/sec(cum)	avg(ms)	p50(ms)	p95(ms)	p99(ms)	pMax(ms)
47	0.0	0.0	2575437.0	85845.20000000001	3.6624999999999996	3.2249999999999996	7.525	12.1375	65.7875	0.0	0.0	0.0	135002.0	4500.1	4.3500000000000005	3.4375	11.424999999999999	17.237499999999997	40.362500000000004	0.0	0.0	0.0	2710439.0	90345.1	3.6999999999999997	3.2249999999999996	7.7375	12.45	67.625
