concurrency	elapsed-r	errors-r	ops(total)-r	ops/sec(cum)-r	avg(ms)-r	p50(ms)-r	p95(ms)-r	p99(ms)-r	pMax(ms)-r	total-r	elapsed-w	errors-w	ops(total)-w	ops/sec(cum)-w	avg(ms)-w	p50(ms)-w	p95(ms)-w	p99(ms)-w	pMax(ms)-w	total-w	elapsed	errors	ops(total)	ops/sec(cum)	avg(ms)	p50(ms)	p95(ms)	p99(ms)	pMax(ms)
39	0.0	0.0	3146924.0	104895.1	2.5749999999999997	2.45	4.5	8.2875	48.625	0.0	0.0	0.0	165720.0	5523.900000000001	2.5749999999999997	2.45	4.45	8.1625	19.0125	0.0	0.0	0.0	3312644.0	110419.09999999999	2.5749999999999997	2.45	4.5	8.2875	48.625
