concurrency	elapsed-r	errors-r	ops(total)-r	ops/sec(cum)-r	avg(ms)-r	p50(ms)-r	p95(ms)-r	p99(ms)-r	pMax(ms)-r	total-r	elapsed	errors	ops(total)	ops/sec(cum)	avg(ms)	p50(ms)	p95(ms)	p99(ms)	pMax(ms)
43	0.0	0.0	5523289.0	184106.3	1.5374999999999999	1.375	2.625	5.3625	218.09999999999997	0.0	0.0	0.0	5523289.0	184106.3	1.5374999999999999	1.375	2.625	5.3625	218.09999999999997
