concurrency	elapsed-r	errors-r	ops(total)-r	ops/sec(cum)-r	avg(ms)-r	p50(ms)-r	p95(ms)-r	p99(ms)-r	pMax(ms)-r	total-r	elapsed-w	errors-w	ops(total)-w	ops/sec(cum)-w	avg(ms)-w	p50(ms)-w	p95(ms)-w	p99(ms)-w	pMax(ms)-w	total-w	elapsed	errors	ops(total)	ops/sec(cum)	avg(ms)	p50(ms)	p95(ms)	p99(ms)	pMax(ms)
42	0.0	0.0	3225492.0	107514.1	2.6125	2.4750000000000005	4.4	8.3	42.962500000000006	0.0	0.0	0.0	170085.0	5669.400000000001	2.8500000000000005	2.6125	5.4624999999999995	9.287500000000001	30.400000000000002	0.0	0.0	0.0	3395577.0	113183.5	2.6249999999999996	2.4750000000000005	4.45	8.3625	42.962500000000006
