concurrency	elapsed-r	errors-r	ops(total)-r	ops/sec(cum)-r	avg(ms)-r	p50(ms)-r	p95(ms)-r	p99(ms)-r	pMax(ms)-r	total-r	elapsed-w	errors-w	ops(total)-w	ops/sec(cum)-w	avg(ms)-w	p50(ms)-w	p95(ms)-w	p99(ms)-w	pMax(ms)-w	total-w	elapsed	errors	ops(total)	ops/sec(cum)	avg(ms)	p50(ms)	p95(ms)	p99(ms)	pMax(ms)
63	0.0	0.0	3337565.0	111248.0	4.0625	3.9000000000000004	10.0	14.9	101.58750000000002	0.0	0.0	0.0	175673.0	5855.499999999999	4.0875	3.9499999999999993	10.0	14.962500000000002	28.05	0.0	0.0	0.0	3513238.0	117103.5	4.0625	3.9000000000000004	10.0	14.9	101.83750000000002
