concurrency	elapsed-r	errors-r	ops(total)-r	ops/sec(cum)-r	avg(ms)-r	p50(ms)-r	p95(ms)-r	p99(ms)-r	pMax(ms)-r	total-r	elapsed	errors	ops(total)	ops/sec(cum)	avg(ms)	p50(ms)	p95(ms)	p99(ms)	pMax(ms)
34	0.0	0.0	1561650.0	52053.8	4.825	4.449999999999999	10.5	15.200000000000001	131.35	0.0	0.0	0.0	1561650.0	52053.8	4.825	4.449999999999999	10.5	15.200000000000001	131.35
