concurrency	elapsed-r	errors-r	ops(total)-r	ops/sec(cum)-r	avg(ms)-r	p50(ms)-r	p95(ms)-r	p99(ms)-r	pMax(ms)-r	total-r	elapsed-w	errors-w	ops(total)-w	ops/sec(cum)-w	avg(ms)-w	p50(ms)-w	p95(ms)-w	p99(ms)-w	pMax(ms)-w	total-w	elapsed	errors	ops(total)	ops/sec(cum)	avg(ms)	p50(ms)	p95(ms)	p99(ms)	pMax(ms)
18	0.0	0.0	3226404.0	107545.1	1.1	1.025	1.4999999999999998	3.5500000000000003	115.86249999999998	0.0	0.0	0.0	169078.0	5635.9	1.0875	1.025	1.4874999999999998	3.6125	15.274999999999999	0.0	0.0	0.0	3395482.0	113181.0	1.1	1.025	1.4874999999999998	3.5500000000000003	115.86249999999998
