concurrency	elapsed-r	errors-r	ops(total)-r	ops/sec(cum)-r	avg(ms)-r	p50(ms)-r	p95(ms)-r	p99(ms)-r	pMax(ms)-r	total-r	elapsed-w	errors-w	ops(total)-w	ops/sec(cum)-w	avg(ms)-w	p50(ms)-w	p95(ms)-w	p99(ms)-w	pMax(ms)-w	total-w	elapsed	errors	ops(total)	ops/sec(cum)	avg(ms)	p50(ms)	p95(ms)	p99(ms)	pMax(ms)
15	0.0	0.0	1785666.0	59521.30000000001	1.625	1.475	2.9749999999999996	6.299999999999999	92.5375	0.0	0.0	0.0	94101.0	3136.7	2.9625	2.7750000000000004	6.0625	9.925	30.4125	0.0	0.0	0.0	1879767.0	62657.9	1.6875	1.5	3.3874999999999993	6.674999999999999	92.5375
