concurrency	elapsed-r	errors-r	ops(total)-r	ops/sec(cum)-r	avg(ms)-r	p50(ms)-r	p95(ms)-r	p99(ms)-r	pMax(ms)-r	total-r	elapsed-w	errors-w	ops(total)-w	ops/sec(cum)-w	avg(ms)-w	p50(ms)-w	p95(ms)-w	p99(ms)-w	pMax(ms)-w	total-w	elapsed	errors	ops(total)	ops/sec(cum)	avg(ms)	p50(ms)	p95(ms)	p99(ms)	pMax(ms)
50	0.0	0.0	3168034.0	105598.5	3.2500000000000004	2.825	6.0249999999999995	16.0	96.43750000000001	0.0	0.0	0.0	167238.0	5574.5	3.5249999999999995	3.0999999999999996	6.637499999999999	16.900000000000002	69.9875	0.0	0.0	0.0	3335272.0	111172.70000000001	3.2625	2.825	6.062499999999999	16.0	96.43750000000001
