concurrency	elapsed-r	errors-r	ops(total)-r	ops/sec(cum)-r	avg(ms)-r	p50(ms)-r	p95(ms)-r	p99(ms)-r	pMax(ms)-r	total-r	elapsed-w	errors-w	ops(total)-w	ops/sec(cum)-w	avg(ms)-w	p50(ms)-w	p95(ms)-w	p99(ms)-w	pMax(ms)-w	total-w	elapsed	errors	ops(total)	ops/sec(cum)	avg(ms)	p50(ms)	p95(ms)	p99(ms)	pMax(ms)
15	0.0	0.0	552841.0	18427.600000000002	2.0625	1.525	4.4375	5.9875	438.31249999999994	0.0	0.0	0.0	29089.0	969.6999999999999	80.16250000000001	2.75	218.09999999999997	234.90000000000003	692.0375000000001	0.0	0.0	0.0	581930.0	19397.3	5.975	1.6	4.775	209.70000000000002	692.0375000000001
