concurrency	elapsed-r	errors-r	ops(total)-r	ops/sec(cum)-r	avg(ms)-r	p50(ms)-r	p95(ms)-r	p99(ms)-r	pMax(ms)-r	total-r	elapsed-w	errors-w	ops(total)-w	ops/sec(cum)-w	avg(ms)-w	p50(ms)-w	p95(ms)-w	p99(ms)-w	pMax(ms)-w	total-w	elapsed	errors	ops(total)	ops/sec(cum)	avg(ms)	p50(ms)	p95(ms)	p99(ms)	pMax(ms)
147	0.0	0.0	4597799.0	153247.6	4.4	3.5400000000000005	11.36	19.2	118.47999999999999	0.0	0.0	0.0	242003.0	8066.099999999999	14.02	12.98	28.46	37.32000000000001	96.46000000000001	0.0	0.0	0.0	4839802.0	161313.7	4.88	3.6799999999999997	14.319999999999999	23.779999999999998	119.94000000000001
