concurrency	elapsed-r	errors-r	ops(total)-r	ops/sec(cum)-r	avg(ms)-r	p50(ms)-r	p95(ms)-r	p99(ms)-r	pMax(ms)-r	total-r	elapsed-w	errors-w	ops(total)-w	ops/sec(cum)-w	avg(ms)-w	p50(ms)-w	p95(ms)-w	p99(ms)-w	pMax(ms)-w	total-w	elapsed	errors	ops(total)	ops/sec(cum)	avg(ms)	p50(ms)	p95(ms)	p99(ms)	pMax(ms)
60	0.0	0.0	3174026.0	105797.79999999999	4.0	3.8125	7.124999999999999	11.487499999999999	100.41250000000001	0.0	0.0	0.0	167328.0	5577.3	3.9625	3.8125	7.124999999999999	11.487499999999999	26.6	0.0	0.0	0.0	3341354.0	111375.29999999999	4.0	3.8125	7.124999999999999	11.487499999999999	100.41250000000001
