concurrency	elapsed-r	errors-r	ops(total)-r	ops/sec(cum)-r	avg(ms)-r	p50(ms)-r	p95(ms)-r	p99(ms)-r	pMax(ms)-r	total-r	elapsed-w	errors-w	ops(total)-w	ops/sec(cum)-w	avg(ms)-w	p50(ms)-w	p95(ms)-w	p99(ms)-w	pMax(ms)-w	total-w	elapsed	errors	ops(total)	ops/sec(cum)	avg(ms)	p50(ms)	p95(ms)	p99(ms)	pMax(ms)
48	0.0	0.0	577559.0	19251.300000000003	2.6666666666666665	1.8	7.3	13.433333333333332	60.1	0.0	0.0	0.0	30516.0	1017.3	68.63333333333334	3.4	385.8999999999999	419.3999999999999	486.5333333333333	0.0	0.0	0.0	608075.0	20268.6	5.966666666666666	1.8	7.900000000000001	31.099999999999998	486.5333333333333
