concurrency	elapsed-w	errors-w	ops(total)-w	ops/sec(cum)-w	avg(ms)-w	p50(ms)-w	p95(ms)-w	p99(ms)-w	pMax(ms)-w	total-w	elapsed	errors	ops(total)	ops/sec(cum)	avg(ms)	p50(ms)	p95(ms)	p99(ms)	pMax(ms)
29	0.0	0.0	3616317.0	120541.9	1.7500000000000002	1.5499999999999998	4.425	5.6499999999999995	22.675000000000004	0.0	0.0	0.0	3616317.0	120541.9	1.7500000000000002	1.5499999999999998	4.425	5.6499999999999995	22.675000000000004
