concurrency	elapsed-w	errors-w	ops(total)-w	ops/sec(cum)-w	avg(ms)-w	p50(ms)-w	p95(ms)-w	p99(ms)-w	pMax(ms)-w	total-w	elapsed	errors	ops(total)	ops/sec(cum)	avg(ms)	p50(ms)	p95(ms)	p99(ms)	pMax(ms)
64	0.0	0.0	4617463.0	153910.8	2.9875	2.125	7.999999999999999	13.075	164.88750000000002	0.0	0.0	0.0	4617463.0	153910.8	2.9875	2.125	7.999999999999999	13.075	164.88750000000002
