concurrency	elapsed-r	errors-r	ops(total)-r	ops/sec(cum)-r	avg(ms)-r	p50(ms)-r	p95(ms)-r	p99(ms)-r	pMax(ms)-r	total-r	elapsed-w	errors-w	ops(total)-w	ops/sec(cum)-w	avg(ms)-w	p50(ms)-w	p95(ms)-w	p99(ms)-w	pMax(ms)-w	total-w	elapsed	errors	ops(total)	ops/sec(cum)	avg(ms)	p50(ms)	p95(ms)	p99(ms)	pMax(ms)
59	0.0	0.0	2525678.0	56124.700000000004	3.54	2.2	12.1	26.2	201.32	0.0	0.0	0.0	133109.0	2957.8999999999996	7.340000000000001	4.9399999999999995	25.2	42.32	177.82	0.0	0.0	0.0	2658787.0	59082.600000000006	3.7400000000000007	2.2	13.1	28.3	202.98
