concurrency	elapsed-r	errors-r	ops(total)-r	ops/sec(cum)-r	avg(ms)-r	p50(ms)-r	p95(ms)-r	p99(ms)-r	pMax(ms)-r	total-r	elapsed-w	errors-w	ops(total)-w	ops/sec(cum)-w	avg(ms)-w	p50(ms)-w	p95(ms)-w	p99(ms)-w	pMax(ms)-w	total-w	elapsed	errors	ops(total)	ops/sec(cum)	avg(ms)	p50(ms)	p95(ms)	p99(ms)	pMax(ms)
37	0.0	0.0	2130053.0	71000.0	3.5125	2.95	7.7250000000000005	13.374999999999998	53.974999999999994	0.0	0.0	0.0	112172.0	3739.1	5.0	3.4000000000000004	13.025	19.7875	40.3375	0.0	0.0	0.0	2242225.0	74739.0	3.5749999999999997	2.975	8.375	14.05	55.54999999999999
