concurrency	elapsed-w	errors-w	ops(total)-w	ops/sec(cum)-w	avg(ms)-w	p50(ms)-w	p95(ms)-w	p99(ms)-w	pMax(ms)-w	total-w	elapsed	errors	ops(total)	ops/sec(cum)	avg(ms)	p50(ms)	p95(ms)	p99(ms)	pMax(ms)
38	0.0	0.0	3596037.0	119865.1	2.2875	2.2625	3.9625000000000004	6.9624999999999995	29.8875	0.0	0.0	0.0	3596037.0	119865.1	2.2875	2.2625	3.9625000000000004	6.9624999999999995	29.8875
