concurrency	elapsed-r	errors-r	ops(total)-r	ops/sec(cum)-r	avg(ms)-r	p50(ms)-r	p95(ms)-r	p99(ms)-r	pMax(ms)-r	total-r	elapsed	errors	ops(total)	ops/sec(cum)	avg(ms)	p50(ms)	p95(ms)	p99(ms)	pMax(ms)
18	0.0	0.0	1152055.0	38401.1	3.5625	3.3249999999999997	6.5249999999999995	9.65	27.15	0.0	0.0	0.0	1152055.0	38401.1	3.5625	3.3249999999999997	6.5249999999999995	9.65	27.15
