concurrency	elapsed-r	errors-r	ops(total)-r	ops/sec(cum)-r	avg(ms)-r	p50(ms)-r	p95(ms)-r	p99(ms)-r	pMax(ms)-r	total-r	elapsed-w	errors-w	ops(total)-w	ops/sec(cum)-w	avg(ms)-w	p50(ms)-w	p95(ms)-w	p99(ms)-w	pMax(ms)-w	total-w	elapsed	errors	ops(total)	ops/sec(cum)	avg(ms)	p50(ms)	p95(ms)	p99(ms)	pMax(ms)
17	0.0	0.0	500978.0	16698.7	6.7125	2.125	27.0125	116.35	572.5125	0.0	0.0	0.0	26270.0	875.5999999999999	22.575	4.3625	78.125	188.7	662.6999999999999	0.0	0.0	0.0	527248.0	17574.6	7.512499999999999	2.2249999999999996	32.3875	127.375	683.6624999999999
