concurrency	elapsed-r	errors-r	ops(total)-r	ops/sec(cum)-r	avg(ms)-r	p50(ms)-r	p95(ms)-r	p99(ms)-r	pMax(ms)-r	total-r	elapsed-w	errors-w	ops(total)-w	ops/sec(cum)-w	avg(ms)-w	p50(ms)-w	p95(ms)-w	p99(ms)-w	pMax(ms)-w	total-w	elapsed	errors	ops(total)	ops/sec(cum)	avg(ms)	p50(ms)	p95(ms)	p99(ms)	pMax(ms)
40	0.0	0.0	766286.0	25542.1	3.6	3.0	7.7	19.9	95.10000000000001	0.0	0.0	0.0	40541.0	1351.3	7.566666666666666	6.599999999999999	17.3	26.2	58.699999999999996	0.0	0.0	0.0	806827.0	26893.399999999998	3.7999999999999994	3.0666666666666664	8.9	21.0	95.10000000000001
