concurrency	elapsed-r	errors-r	ops(total)-r	ops/sec(cum)-r	avg(ms)-r	p50(ms)-r	p95(ms)-r	p99(ms)-r	pMax(ms)-r	total-r	elapsed-w	errors-w	ops(total)-w	ops/sec(cum)-w	avg(ms)-w	p50(ms)-w	p95(ms)-w	p99(ms)-w	pMax(ms)-w	total-w	elapsed	errors	ops(total)	ops/sec(cum)	avg(ms)	p50(ms)	p95(ms)	p99(ms)	pMax(ms)
28	0.0	0.0	941500.0	31382.600000000002	2.1	1.6400000000000001	5.38	11.0	171.16	0.0	0.0	0.0	49739.0	1658.0000000000002	31.380000000000003	2.9	167.8	221.45999999999998	369.1	0.0	0.0	0.0	991239.0	33040.5	3.5799999999999996	1.6600000000000001	5.96	24.740000000000002	369.1
