concurrency	elapsed-r	errors-r	ops(total)-r	ops/sec(cum)-r	avg(ms)-r	p50(ms)-r	p95(ms)-r	p99(ms)-r	pMax(ms)-r	total-r	elapsed-w	errors-w	ops(total)-w	ops/sec(cum)-w	avg(ms)-w	p50(ms)-w	p95(ms)-w	p99(ms)-w	pMax(ms)-w	total-w	elapsed	errors	ops(total)	ops/sec(cum)	avg(ms)	p50(ms)	p95(ms)	p99(ms)	pMax(ms)
24	0.0	0.0	281762.0	9391.9	3.7249999999999996	3.275	7.387500000000001	10.225	29.099999999999998	0.0	0.0	0.0	14754.0	491.7	311.51250000000005	34.7375	704.6000000000001	713.0	742.4	0.0	0.0	0.0	296516.0	9883.7	19.025000000000002	3.425	8.5	671.1	742.4
