concurrency	elapsed-w	errors-w	ops(total)-w	ops/sec(cum)-w	avg(ms)-w	p50(ms)-w	p95(ms)-w	p99(ms)-w	pMax(ms)-w	total-w	elapsed	errors	ops(total)	ops/sec(cum)	avg(ms)	p50(ms)	p95(ms)	p99(ms)	pMax(ms)
56	0.0	0.0	3604071.0	120132.59999999999	3.4375	3.25	5.7875	10.2125	25.1625	0.0	0.0	0.0	3604071.0	120132.59999999999	3.4375	3.25	5.7875	10.2125	25.1625
