concurrency	elapsed-r	errors-r	ops(total)-r	ops/sec(cum)-r	avg(ms)-r	p50(ms)-r	p95(ms)-r	p99(ms)-r	pMax(ms)-r	total-r	elapsed-w	errors-w	ops(total)-w	ops/sec(cum)-w	avg(ms)-w	p50(ms)-w	p95(ms)-w	p99(ms)-w	pMax(ms)-w	total-w	elapsed	errors	ops(total)	ops/sec(cum)	avg(ms)	p50(ms)	p95(ms)	p99(ms)	pMax(ms)
34	0.0	0.0	3326872.0	110893.6	2.0875	1.9124999999999999	3.525	7.112500000000001	96.35	0.0	0.0	0.0	175589.0	5852.9	2.2	2.0	3.7124999999999995	7.3125	23.599999999999998	0.0	0.0	0.0	3502461.0	116746.29999999999	2.0875	1.925	3.525	7.1875	96.35
