concurrency	elapsed-r	errors-r	ops(total)-r	ops/sec(cum)-r	avg(ms)-r	p50(ms)-r	p95(ms)-r	p99(ms)-r	pMax(ms)-r	total-r	elapsed-w	errors-w	ops(total)-w	ops/sec(cum)-w	avg(ms)-w	p50(ms)-w	p95(ms)-w	p99(ms)-w	pMax(ms)-w	total-w	elapsed	errors	ops(total)	ops/sec(cum)	avg(ms)	p50(ms)	p95(ms)	p99(ms)	pMax(ms)
16	0.0	0.0	522428.0	17413.800000000003	2.9625000000000004	2.05	7.4	10.225	23.7375	0.0	0.0	0.0	27680.0	922.8000000000001	78.15	3.7125	400.59999999999997	434.0999999999999	490.7	0.0	0.0	0.0	550108.0	18336.5	6.762499999999999	2.225	7.875	215.35000000000002	490.7
