concurrency	elapsed-w	errors-w	ops(total)-w	ops/sec(cum)-w	avg(ms)-w	p50(ms)-w	p95(ms)-w	p99(ms)-w	pMax(ms)-w	total-w	elapsed	errors	ops(total)	ops/sec(cum)	avg(ms)	p50(ms)	p95(ms)	p99(ms)	pMax(ms)
43	0.0	0.0	3492190.0	116403.89999999998	2.7375	2.625	5.15	8.5	27.412499999999998	0.0	0.0	0.0	3492190.0	116403.89999999998	2.7375	2.625	5.15	8.5	27.412499999999998
