concurrency	elapsed-r	errors-r	ops(total)-r	ops/sec(cum)-r	avg(ms)-r	p50(ms)-r	p95(ms)-r	p99(ms)-r	pMax(ms)-r	total-r	elapsed-w	errors-w	ops(total)-w	ops/sec(cum)-w	avg(ms)-w	p50(ms)-w	p95(ms)-w	p99(ms)-w	pMax(ms)-w	total-w	elapsed	errors	ops(total)	ops/sec(cum)	avg(ms)	p50(ms)	p95(ms)	p99(ms)	pMax(ms)
44	0.0	0.0	1412423.0	47079.299999999996	6.499999999999999	5.449999999999999	15.624999999999998	24.0125	62.112500000000004	0.0	0.0	0.0	73841.0	2461.4	10.975	8.7125	28.312500000000004	39.56249999999999	64.21249999999999	0.0	0.0	0.0	1486264.0	49540.40000000001	6.7	5.4875	16.9625	26.075	65.7875
