concurrency	elapsed-r	errors-r	ops(total)-r	ops/sec(cum)-r	avg(ms)-r	p50(ms)-r	p95(ms)-r	p99(ms)-r	pMax(ms)-r	total-r	elapsed	errors	ops(total)	ops/sec(cum)	avg(ms)	p50(ms)	p95(ms)	p99(ms)	pMax(ms)
44	0.0	0.0	1375677.0	45854.600000000006	7.1625000000000005	6.3374999999999995	15.8	23.7125	209.7125	0.0	0.0	0.0	1375677.0	45854.600000000006	7.1625000000000005	6.3374999999999995	15.8	23.7125	209.7125
