concurrency	elapsed-r	errors-r	ops(total)-r	ops/sec(cum)-r	avg(ms)-r	p50(ms)-r	p95(ms)-r	p99(ms)-r	pMax(ms)-r	total-r	elapsed-w	errors-w	ops(total)-w	ops/sec(cum)-w	avg(ms)-w	p50(ms)-w	p95(ms)-w	p99(ms)-w	pMax(ms)-w	total-w	elapsed	errors	ops(total)	ops/sec(cum)	avg(ms)	p50(ms)	p95(ms)	p99(ms)	pMax(ms)
36	0.0	0.0	3072337.0	102409.0	2.3375000000000004	2.2125000000000004	3.9875	7.3	75.1	0.0	0.0	0.0	161696.0	5389.9	2.5500000000000003	2.2625	5.6875	8.925	70.0	0.0	0.0	0.0	3234033.0	107798.70000000001	2.3375000000000004	2.2125000000000004	4.025	7.475	75.5
