concurrency	elapsed-r	errors-r	ops(total)-r	ops/sec(cum)-r	avg(ms)-r	p50(ms)-r	p95(ms)-r	p99(ms)-r	pMax(ms)-r	total-r	elapsed-w	errors-w	ops(total)-w	ops/sec(cum)-w	avg(ms)-w	p50(ms)-w	p95(ms)-w	p99(ms)-w	pMax(ms)-w	total-w	elapsed	errors	ops(total)	ops/sec(cum)	avg(ms)	p50(ms)	p95(ms)	p99(ms)	pMax(ms)
103	0.0	0.0	2866025.0	95529.19999999998	5.1	4.1	13.219999999999999	22.04	242.42000000000002	0.0	0.0	0.0	150551.0	5018.099999999999	16.18	15.0	33.1	42.78000000000001	195.45999999999998	0.0	0.0	0.0	3016576.0	100547.3	5.66	4.319999999999999	16.5	27.46	245.78000000000003
