concurrency	elapsed-r	errors-r	ops(total)-r	ops/sec(cum)-r	avg(ms)-r	p50(ms)-r	p95(ms)-r	p99(ms)-r	pMax(ms)-r	total-r	elapsed-w	errors-w	ops(total)-w	ops/sec(cum)-w	avg(ms)-w	p50(ms)-w	p95(ms)-w	p99(ms)-w	pMax(ms)-w	total-w	elapsed	errors	ops(total)	ops/sec(cum)	avg(ms)	p50(ms)	p95(ms)	p99(ms)	pMax(ms)
7	0.0	0.0	235893.0	7862.999999999999	3.675	3.4749999999999996	6.7375	8.475	15.5375	0.0	0.0	0.0	12203.0	406.90000000000003	61.675	81.275	116.35	126.32499999999999	139.45	0.0	0.0	0.0	248096.0	8269.6	6.537499999999999	3.5875000000000004	7.887499999999999	100.70000000000002	139.45
