concurrency	elapsed-r	errors-r	ops(total)-r	ops/sec(cum)-r	avg(ms)-r	p50(ms)-r	p95(ms)-r	p99(ms)-r	pMax(ms)-r	total-r	elapsed-w	errors-w	ops(total)-w	ops/sec(cum)-w	avg(ms)-w	p50(ms)-w	p95(ms)-w	p99(ms)-w	pMax(ms)-w	total-w	elapsed	errors	ops(total)	ops/sec(cum)	avg(ms)	p50(ms)	p95(ms)	p99(ms)	pMax(ms)
155	0.0	0.0	4495771.0	149848.90000000002	5.200000000000001	4.159999999999999	13.3	22.04	239.27999999999997	0.0	0.0	0.0	236423.0	7880.200000000001	16.32	14.919999999999998	35.019999999999996	46.14	227.76	0.0	0.0	0.0	4732194.0	157729.2	5.720000000000001	4.3	16.339999999999996	27.880000000000003	245.97999999999996
