concurrency	elapsed-r	errors-r	ops(total)-r	ops/sec(cum)-r	avg(ms)-r	p50(ms)-r	p95(ms)-r	p99(ms)-r	pMax(ms)-r	total-r	elapsed-w	errors-w	ops(total)-w	ops/sec(cum)-w	avg(ms)-w	p50(ms)-w	p95(ms)-w	p99(ms)-w	pMax(ms)-w	total-w	elapsed	errors	ops(total)	ops/sec(cum)	avg(ms)	p50(ms)	p95(ms)	p99(ms)	pMax(ms)
20	0.0	0.0	1379741.0	45990.49999999999	1.4249999999999998	1.3	2.675	5.0	163.60000000000002	0.0	0.0	0.0	72644.0	2421.5	2.5	2.35	4.775	7.949999999999999	18.075	0.0	0.0	0.0	1452385.0	48412.0	1.5	1.3	2.9250000000000003	5.225	163.60000000000002
