concurrency	elapsed-w	errors-w	ops(total)-w	ops/sec(cum)-w	avg(ms)-w	p50(ms)-w	p95(ms)-w	p99(ms)-w	pMax(ms)-w	total-w	elapsed	errors	ops(total)	ops/sec(cum)	avg(ms)	p50(ms)	p95(ms)	p99(ms)	pMax(ms)
32	0.0	0.0	694816.0	23159.9	10.6875	7.7875000000000005	27.412500000000005	37.975	113.24999999999999	0.0	0.0	0.0	694816.0	23159.9	10.6875	7.7875000000000005	27.412500000000005	37.975	113.24999999999999
