concurrency	elapsed-r	errors-r	ops(total)-r	ops/sec(cum)-r	avg(ms)-r	p50(ms)-r	p95(ms)-r	p99(ms)-r	pMax(ms)-r	total-r	elapsed	errors	ops(total)	ops/sec(cum)	avg(ms)	p50(ms)	p95(ms)	p99(ms)	pMax(ms)	elapsed-w	errors-w	ops(total)-w	ops/sec(cum)-w	avg(ms)-w	p50(ms)-w	p95(ms)-w	p99(ms)-w	pMax(ms)-w	total-w
47	0.0	0.0	115.0	3.6999999999999997	578.4625000000001	446.9375	1400.9	1577.0625000000002	1577.0625000000002	0.0	0.0	0.0	117.0	3.9000000000000004	585.25	457.42499999999995	1258.3	1577.0625000000002	1577.0625000000002	0.0	0.0	2.0	0.0	216.0125	222.3	222.3	222.3	222.3	0.0
