concurrency	elapsed-r	errors-r	ops(total)-r	ops/sec(cum)-r	avg(ms)-r	p50(ms)-r	p95(ms)-r	p99(ms)-r	pMax(ms)-r	total-r	elapsed-w	errors-w	ops(total)-w	ops/sec(cum)-w	avg(ms)-w	p50(ms)-w	p95(ms)-w	p99(ms)-w	pMax(ms)-w	total-w	elapsed	errors	ops(total)	ops/sec(cum)	avg(ms)	p50(ms)	p95(ms)	p99(ms)	pMax(ms)
69	0.0	0.0	2881506.0	96047.9	3.3200000000000003	2.74	7.039999999999999	16.56	133.78000000000003	0.0	0.0	0.0	150951.0	5031.599999999999	9.26	8.379999999999999	20.279999999999998	26.860000000000003	92.9	0.0	0.0	0.0	3032457.0	101079.3	3.62	2.8	9.899999999999999	18.22	133.78000000000003
