concurrency	elapsed-r	errors-r	ops(total)-r	ops/sec(cum)-r	avg(ms)-r	p50(ms)-r	p95(ms)-r	p99(ms)-r	pMax(ms)-r	total-r	elapsed-w	errors-w	ops(total)-w	ops/sec(cum)-w	avg(ms)-w	p50(ms)-w	p95(ms)-w	p99(ms)-w	pMax(ms)-w	total-w	elapsed	errors	ops(total)	ops/sec(cum)	avg(ms)	p50(ms)	p95(ms)	p99(ms)	pMax(ms)
58	0.0	0.0	1905027.0	63498.19999999999	6.0874999999999995	5.25	15.012500000000001	23.849999999999998	78.65	0.0	0.0	0.0	101007.0	3366.9	12.2	11.0	27.7875	40.5875	136.29999999999998	0.0	0.0	0.0	2006034.0	66865.0	6.3875	5.275	16.2	25.962499999999995	136.29999999999998
