concurrency	elapsed-r	errors-r	ops(total)-r	ops/sec(cum)-r	avg(ms)-r	p50(ms)-r	p95(ms)-r	p99(ms)-r	pMax(ms)-r	total-r	elapsed-w	errors-w	ops(total)-w	ops/sec(cum)-w	avg(ms)-w	p50(ms)-w	p95(ms)-w	p99(ms)-w	pMax(ms)-w	total-w	elapsed	errors	ops(total)	ops/sec(cum)	avg(ms)	p50(ms)	p95(ms)	p99(ms)	pMax(ms)
47	0.0	0.0	1251394.0	41711.6	7.7125	6.75	17.55	26.5	91.76249999999999	0.0	0.0	0.0	66018.0	2200.6	14.4375	13.587499999999999	29.375000000000004	40.324999999999996	96.4875	0.0	0.0	0.0	1317412.0	43912.100000000006	8.0375	6.999999999999999	18.625	27.925	101.725
