concurrency	elapsed-r	errors-r	ops(total)-r	ops/sec(cum)-r	avg(ms)-r	p50(ms)-r	p95(ms)-r	p99(ms)-r	pMax(ms)-r	total-r	elapsed-w	errors-w	ops(total)-w	ops/sec(cum)-w	avg(ms)-w	p50(ms)-w	p95(ms)-w	p99(ms)-w	pMax(ms)-w	total-w	elapsed	errors	ops(total)	ops/sec(cum)	avg(ms)	p50(ms)	p95(ms)	p99(ms)	pMax(ms)
27	0.0	0.0	551655.0	18388.1	2.733333333333333	1.9333333333333333	7.3999999999999995	11.5	31.5	0.0	0.0	0.0	28802.0	960.0	25.433333333333334	3.5	139.79999999999998	167.8	198.5	0.0	0.0	0.0	580457.0	19348.1	3.8666666666666667	2.0	7.966666666666666	21.666666666666668	198.5
