concurrency	elapsed-r	errors-r	ops(total)-r	ops/sec(cum)-r	avg(ms)-r	p50(ms)-r	p95(ms)-r	p99(ms)-r	pMax(ms)-r	total-r	elapsed-w	errors-w	ops(total)-w	ops/sec(cum)-w	avg(ms)-w	p50(ms)-w	p95(ms)-w	p99(ms)-w	pMax(ms)-w	total-w	elapsed	errors	ops(total)	ops/sec(cum)	avg(ms)	p50(ms)	p95(ms)	p99(ms)	pMax(ms)
34	0.0	0.0	1929275.0	64307.4	3.4875000000000003	3.0250000000000004	8.0	12.912499999999998	38.0	0.0	0.0	0.0	102084.0	3402.7	6.324999999999999	5.95	13.749999999999998	19.525000000000002	35.400000000000006	0.0	0.0	0.0	2031359.0	67710.3	3.625	3.15	8.775	13.474999999999998	39.05
