concurrency	elapsed-r	errors-r	ops(total)-r	ops/sec(cum)-r	avg(ms)-r	p50(ms)-r	p95(ms)-r	p99(ms)-r	pMax(ms)-r	total-r	elapsed-w	errors-w	ops(total)-w	ops/sec(cum)-w	avg(ms)-w	p50(ms)-w	p95(ms)-w	p99(ms)-w	pMax(ms)-w	total-w	elapsed	errors	ops(total)	ops/sec(cum)	avg(ms)	p50(ms)	p95(ms)	p99(ms)	pMax(ms)
164	0.0	0.0	4572918.0	152420.7	5.339999999999999	4.32	13.6	22.14	268.84000000000003	0.0	0.0	0.0	240863.0	8028.2	17.220000000000002	15.86	33.959999999999994	45.519999999999996	184.98	0.0	0.0	0.0	4813781.0	160449.0	5.959999999999999	4.4799999999999995	16.919999999999998	28.2	270.52000000000004
