concurrency	elapsed-r	errors-r	ops(total)-r	ops/sec(cum)-r	avg(ms)-r	p50(ms)-r	p95(ms)-r	p99(ms)-r	pMax(ms)-r	total-r	elapsed-w	errors-w	ops(total)-w	ops/sec(cum)-w	avg(ms)-w	p50(ms)-w	p95(ms)-w	p99(ms)-w	pMax(ms)-w	total-w	elapsed	errors	ops(total)	ops/sec(cum)	avg(ms)	p50(ms)	p95(ms)	p99(ms)	pMax(ms)
15	0.0	0.0	153638.0	5121.0	4.9750000000000005	4.875	8.875	10.662500000000001	20.387500000000003	0.0	0.0	0.0	7990.0	266.3	346.99999999999994	402.69999999999993	446.7	455.1	473.975	0.0	0.0	0.0	161628.0	5387.3	21.912499999999998	5.0625	11.8125	419.40000000000003	473.975
