concurrency	elapsed-r	errors-r	ops(total)-r	ops/sec(cum)-r	avg(ms)-r	p50(ms)-r	p95(ms)-r	p99(ms)-r	pMax(ms)-r	total-r	elapsed	errors	ops(total)	ops/sec(cum)	avg(ms)	p50(ms)	p95(ms)	p99(ms)	pMax(ms)
58	0.0	0.0	1554489.0	51814.49999999999	8.3125	7.5249999999999995	18.35	26.199999999999996	102.7875	0.0	0.0	0.0	1554489.0	51814.49999999999	8.3125	7.5249999999999995	18.35	26.199999999999996	102.7875
