concurrency	elapsed-r	errors-r	ops(total)-r	ops/sec(cum)-r	avg(ms)-r	p50(ms)-r	p95(ms)-r	p99(ms)-r	pMax(ms)-r	total-r	elapsed-w	errors-w	ops(total)-w	ops/sec(cum)-w	avg(ms)-w	p50(ms)-w	p95(ms)-w	p99(ms)-w	pMax(ms)-w	total-w	elapsed	errors	ops(total)	ops/sec(cum)	avg(ms)	p50(ms)	p95(ms)	p99(ms)	pMax(ms)
54	0.0	0.0	1971922.0	65728.1	5.4750000000000005	4.8	12.849999999999998	19.900000000000002	78.91250000000001	0.0	0.0	0.0	103741.0	3457.9000000000005	9.8375	9.275	21.5	29.125000000000004	72.35	0.0	0.0	0.0	2075663.0	69185.9	5.687499999999999	5.0	13.624999999999998	21.0	84.425
