concurrency	elapsed-r	errors-r	ops(total)-r	ops/sec(cum)-r	avg(ms)-r	p50(ms)-r	p95(ms)-r	p99(ms)-r	pMax(ms)-r	total-r	elapsed-w	errors-w	ops(total)-w	ops/sec(cum)-w	avg(ms)-w	p50(ms)-w	p95(ms)-w	p99(ms)-w	pMax(ms)-w	total-w	elapsed	errors	ops(total)	ops/sec(cum)	avg(ms)	p50(ms)	p95(ms)	p99(ms)	pMax(ms)
116	0.0	0.0	4374469.0	145805.90000000002	3.16	2.36	9.54	17.259999999999998	141.34	0.0	0.0	0.0	230401.0	7679.5	23.82	5.92	20.42	674.76	871.14	0.0	0.0	0.0	4604870.0	153485.19999999998	4.220000000000001	2.44	10.440000000000001	18.98	872.8199999999999
