concurrency	elapsed-r	errors-r	ops(total)-r	ops/sec(cum)-r	avg(ms)-r	p50(ms)-r	p95(ms)-r	p99(ms)-r	pMax(ms)-r	total-r	elapsed-w	errors-w	ops(total)-w	ops/sec(cum)-w	avg(ms)-w	p50(ms)-w	p95(ms)-w	p99(ms)-w	pMax(ms)-w	total-w	elapsed	errors	ops(total)	ops/sec(cum)	avg(ms)	p50(ms)	p95(ms)	p99(ms)	pMax(ms)
136	0.0	0.0	2578516.0	85943.50000000001	8.120000000000001	5.859999999999999	23.5	41.08	330.52	0.0	0.0	0.0	135840.0	4527.6	34.68	21.8	51.17999999999999	369.92	2097.14	0.0	0.0	0.0	2714356.0	90471.4	9.4	6.38	27.020000000000003	46.120000000000005	2097.14
