concurrency	elapsed-r	errors-r	ops(total)-r	ops/sec(cum)-r	avg(ms)-r	p50(ms)-r	p95(ms)-r	p99(ms)-r	pMax(ms)-r	total-r	elapsed-w	errors-w	ops(total)-w	ops/sec(cum)-w	avg(ms)-w	p50(ms)-w	p95(ms)-w	p99(ms)-w	pMax(ms)-w	total-w	elapsed	errors	ops(total)	ops/sec(cum)	avg(ms)	p50(ms)	p95(ms)	p99(ms)	pMax(ms)
55	0.0	0.0	1951404.0	65044.7	5.612500000000001	4.925	13.224999999999998	20.45	53.45000000000001	0.0	0.0	0.0	102683.0	3422.8	10.2625	9.85	22.1375	30.675	56.074999999999996	0.0	0.0	0.0	2054087.0	68467.3	5.85	5.1	14.05	22.0	57.387499999999996
