concurrency	elapsed-r	errors-r	ops(total)-r	ops/sec(cum)-r	avg(ms)-r	p50(ms)-r	p95(ms)-r	p99(ms)-r	pMax(ms)-r	total-r	elapsed-w	errors-w	ops(total)-w	ops/sec(cum)-w	avg(ms)-w	p50(ms)-w	p95(ms)-w	p99(ms)-w	pMax(ms)-w	total-w	elapsed	errors	ops(total)	ops/sec(cum)	avg(ms)	p50(ms)	p95(ms)	p99(ms)	pMax(ms)
22	0.0	0.0	1610471.0	53681.1	1.9125	1.4500000000000002	5.6499999999999995	9.725	57.0	0.0	0.0	0.0	85206.0	2840.1	21.749999999999996	2.5875	258.9875	343.90000000000003	425.7	0.0	0.0	0.0	1695677.0	56521.299999999996	2.8999999999999995	1.4500000000000002	5.875	10.875	425.7
