ops/sec(cum)	p50(ms)	p99(ms)	read_tp	read_p50	read_p99	write_tp	write_p50	write_p99
80578.73333333331	1.67675	9.6205	76967.5	1.7305000000000001	9.6205	3610.2333333333336	1.623	8.630166666666666
