concurrency	elapsed-r	errors-r	ops(total)-r	ops/sec(cum)-r	avg(ms)-r	p50(ms)-r	p95(ms)-r	p99(ms)-r	pMax(ms)-r	total-r	elapsed-w	errors-w	ops(total)-w	ops/sec(cum)-w	avg(ms)-w	p50(ms)-w	p95(ms)-w	p99(ms)-w	pMax(ms)-w	total-w	elapsed	errors	ops(total)	ops/sec(cum)	avg(ms)	p50(ms)	p95(ms)	p99(ms)	pMax(ms)
81	0.0	0.0	22687.0	378.09999999999997	4.7	2.075	19.925	44.525000000000006	121.65	0.0	0.0	0.0	932.0	15.399999999999999	23.1	12.725000000000001	69.2	207.625	377.5	0.0	0.0	0.0	23619.0	393.5	5.425000000000001	2.175	23.35	50.824999999999996	377.5
