concurrency	elapsed-r	errors-r	ops(total)-r	ops/sec(cum)-r	avg(ms)-r	p50(ms)-r	p95(ms)-r	p99(ms)-r	pMax(ms)-r	total-r	elapsed-w	errors-w	ops(total)-w	ops/sec(cum)-w	avg(ms)-w	p50(ms)-w	p95(ms)-w	p99(ms)-w	pMax(ms)-w	total-w	elapsed	errors	ops(total)	ops/sec(cum)	avg(ms)	p50(ms)	p95(ms)	p99(ms)	pMax(ms)
15	0.0	0.0	655523.0	21850.4	3.6125000000000007	2.375	6.649999999999999	44.525000000000006	121.625	0.0	0.0	0.0	34470.0	1149.0	31.699999999999996	31.225	45.575	72.875	147.85	0.0	0.0	0.0	689993.0	22999.199999999997	5.0	2.45	27.525000000000002	47.93749999999999	147.85
