concurrency	elapsed-r	errors-r	ops(total)-r	ops/sec(cum)-r	avg(ms)-r	p50(ms)-r	p95(ms)-r	p99(ms)-r	pMax(ms)-r	total-r	elapsed-w	errors-w	ops(total)-w	ops/sec(cum)-w	avg(ms)-w	p50(ms)-w	p95(ms)-w	p99(ms)-w	pMax(ms)-w	total-w	elapsed	errors	ops(total)	ops/sec(cum)	avg(ms)	p50(ms)	p95(ms)	p99(ms)	pMax(ms)
48	0.0	0.0	3209417.0	106977.90000000001	3.1	2.9000000000000004	5.4125	9.5875	75.1	0.0	0.0	0.0	168937.0	5631.1	3.1	2.9000000000000004	5.3375	9.55	20.8375	0.0	0.0	0.0	3378354.0	112609.00000000001	3.1	2.9000000000000004	5.4125	9.5875	75.1
