concurrency	elapsed-r	errors-r	ops(total)-r	ops/sec(cum)-r	avg(ms)-r	p50(ms)-r	p95(ms)-r	p99(ms)-r	pMax(ms)-r	total-r	elapsed-w	errors-w	ops(total)-w	ops/sec(cum)-w	avg(ms)-w	p50(ms)-w	p95(ms)-w	p99(ms)-w	pMax(ms)-w	total-w	elapsed	errors	ops(total)	ops/sec(cum)	avg(ms)	p50(ms)	p95(ms)	p99(ms)	pMax(ms)
48	0.0	0.0	405587.0	13519.1	3.3333333333333335	2.1333333333333333	10.0	16.3	41.9	0.0	0.0	0.0	21552.0	718.4	128.36666666666667	4.5	704.6	760.6	805.2999999999998	0.0	0.0	0.0	427139.0	14237.5	9.666666666666666	2.4	10.666666666666666	31.133333333333336	805.2999999999998
