concurrency	elapsed-w	errors-w	ops(total)-w	ops/sec(cum)-w	avg(ms)-w	p50(ms)-w	p95(ms)-w	p99(ms)-w	pMax(ms)-w	total-w	elapsed	errors	ops(total)	ops/sec(cum)	avg(ms)	p50(ms)	p95(ms)	p99(ms)	pMax(ms)
31	0.0	0.0	4793932.0	159795.3	1.3125	1.1125	2.6374999999999997	4.2	78.76249999999999	0.0	0.0	0.0	4793932.0	159795.3	1.3125	1.1125	2.6374999999999997	4.2	78.76249999999999
