concurrency	elapsed-r	errors-r	ops(total)-r	ops/sec(cum)-r	avg(ms)-r	p50(ms)-r	p95(ms)-r	p99(ms)-r	pMax(ms)-r	total-r	elapsed-w	errors-w	ops(total)-w	ops/sec(cum)-w	avg(ms)-w	p50(ms)-w	p95(ms)-w	p99(ms)-w	pMax(ms)-w	total-w	elapsed	errors	ops(total)	ops/sec(cum)	avg(ms)	p50(ms)	p95(ms)	p99(ms)	pMax(ms)
79	0.0	0.0	17389.0	289.79999999999995	3.2	1.7500000000000002	9.7	26.5	87.05	0.0	0.0	0.0	591.0	9.8	6.799999999999999	4.075	20.299999999999997	37.975	61.324999999999996	0.0	0.0	0.0	17980.0	299.6	3.35	1.7750000000000001	10.25	28.85	88.625
