concurrency	elapsed-r	errors-r	ops(total)-r	ops/sec(cum)-r	avg(ms)-r	p50(ms)-r	p95(ms)-r	p99(ms)-r	pMax(ms)-r	total-r	elapsed	errors	ops(total)	ops/sec(cum)	avg(ms)	p50(ms)	p95(ms)	p99(ms)	pMax(ms)
50	0.0	0.0	1563747.0	52123.200000000004	7.15	6.499999999999999	15.325000000000001	22.275	63.162499999999994	0.0	0.0	0.0	1563747.0	52123.200000000004	7.15	6.499999999999999	15.325000000000001	22.275	63.162499999999994
