concurrency	elapsed-r	errors-r	ops(total)-r	ops/sec(cum)-r	avg(ms)-r	p50(ms)-r	p95(ms)-r	p99(ms)-r	pMax(ms)-r	total-r	elapsed-w	errors-w	ops(total)-w	ops/sec(cum)-w	avg(ms)-w	p50(ms)-w	p95(ms)-w	p99(ms)-w	pMax(ms)-w	total-w	elapsed	errors	ops(total)	ops/sec(cum)	avg(ms)	p50(ms)	p95(ms)	p99(ms)	pMax(ms)
95	0.0	0.0	783702.0	26122.100000000002	8.466666666666667	6.599999999999999	24.100000000000005	37.7	212.5	0.0	0.0	0.0	41441.0	1381.3	18.233333333333334	15.199999999999998	43.300000000000004	56.6	134.20000000000002	0.0	0.0	0.0	825143.0	27503.300000000003	8.933333333333332	6.8	26.2	39.8	212.5
