concurrency	elapsed-r	errors-r	ops(total)-r	ops/sec(cum)-r	avg(ms)-r	p50(ms)-r	p95(ms)-r	p99(ms)-r	pMax(ms)-r	total-r	elapsed-w	errors-w	ops(total)-w	ops/sec(cum)-w	avg(ms)-w	p50(ms)-w	p95(ms)-w	p99(ms)-w	pMax(ms)-w	total-w	elapsed	errors	ops(total)	ops/sec(cum)	avg(ms)	p50(ms)	p95(ms)	p99(ms)	pMax(ms)
15	0.0	0.0	222610.0	7420.099999999999	3.9124999999999996	3.7499999999999996	7.05	8.95	22.025	0.0	0.0	0.0	11690.0	389.7	227.37500000000003	335.5	369.09999999999997	390.1	404.78749999999997	0.0	0.0	0.0	234300.0	7809.8	15.062500000000002	3.925	8.475	352.30000000000007	404.78749999999997
