concurrency	elapsed-r	errors-r	ops(total)-r	ops/sec(cum)-r	avg(ms)-r	p50(ms)-r	p95(ms)-r	p99(ms)-r	pMax(ms)-r	total-r	elapsed-w	errors-w	ops(total)-w	ops/sec(cum)-w	avg(ms)-w	p50(ms)-w	p95(ms)-w	p99(ms)-w	pMax(ms)-w	total-w	elapsed	errors	ops(total)	ops/sec(cum)	avg(ms)	p50(ms)	p95(ms)	p99(ms)	pMax(ms)
50	0.0	0.0	1031750.0	34390.5	3.4	2.5	8.9	22.0	85.3	0.0	0.0	0.0	54075.0	1802.4	1.5333333333333332	0.9333333333333332	4.833333333333333	11.333333333333334	57.300000000000004	0.0	0.0	0.0	1085825.0	36193.1	3.2999999999999994	2.4	8.9	21.0	85.3
