concurrency	elapsed-r	errors-r	ops(total)-r	ops/sec(cum)-r	avg(ms)-r	p50(ms)-r	p95(ms)-r	p99(ms)-r	pMax(ms)-r	total-r	elapsed-w	errors-w	ops(total)-w	ops/sec(cum)-w	avg(ms)-w	p50(ms)-w	p95(ms)-w	p99(ms)-w	pMax(ms)-w	total-w	elapsed	errors	ops(total)	ops/sec(cum)	avg(ms)	p50(ms)	p95(ms)	p99(ms)	pMax(ms)
25	0.0	0.0	3232953.0	107763.4	1.5749999999999997	1.4249999999999998	2.7625	5.5249999999999995	145.5	0.0	0.0	0.0	169692.0	5656.4	1.5374999999999999	1.375	2.6999999999999993	5.424999999999999	40.77499999999999	0.0	0.0	0.0	3402645.0	113419.9	1.5749999999999997	1.4124999999999999	2.7625	5.4875	145.5
