concurrency	elapsed-r	errors-r	ops(total)-r	ops/sec(cum)-r	avg(ms)-r	p50(ms)-r	p95(ms)-r	p99(ms)-r	pMax(ms)-r	total-r	elapsed-w	errors-w	ops(total)-w	ops/sec(cum)-w	avg(ms)-w	p50(ms)-w	p95(ms)-w	p99(ms)-w	pMax(ms)-w	total-w	elapsed	errors	ops(total)	ops/sec(cum)	avg(ms)	p50(ms)	p95(ms)	p99(ms)	pMax(ms)
51	0.0	0.0	3418092.0	113932.80000000002	3.1125000000000003	2.9250000000000003	6.3625	10.0875	122.17500000000001	0.0	0.0	0.0	179811.0	5993.5	3.1250000000000004	3.0000000000000004	6.324999999999999	9.9	21.75	0.0	0.0	0.0	3597903.0	119926.40000000001	3.1125000000000003	2.9250000000000003	6.3625	10.0875	122.17500000000001
