concurrency	elapsed-w	errors-w	ops(total)-w	ops/sec(cum)-w	avg(ms)-w	p50(ms)-w	p95(ms)-w	p99(ms)-w	pMax(ms)-w	total-w	elapsed	errors	ops(total)	ops/sec(cum)	avg(ms)	p50(ms)	p95(ms)	p99(ms)	pMax(ms)
34	0.0	0.0	3874732.0	129155.40000000001	1.9500000000000002	1.2875	5.2	6.9750000000000005	69.8375	0.0	0.0	0.0	3874732.0	129155.40000000001	1.9500000000000002	1.2875	5.2	6.9750000000000005	69.8375
