concurrency	elapsed-r	errors-r	ops(total)-r	ops/sec(cum)-r	avg(ms)-r	p50(ms)-r	p95(ms)-r	p99(ms)-r	pMax(ms)-r	total-r	elapsed-w	errors-w	ops(total)-w	ops/sec(cum)-w	avg(ms)-w	p50(ms)-w	p95(ms)-w	p99(ms)-w	pMax(ms)-w	total-w	elapsed	errors	ops(total)	ops/sec(cum)	avg(ms)	p50(ms)	p95(ms)	p99(ms)	pMax(ms)
31	0.0	0.0	3299054.0	109966.6	1.925	1.7500000000000002	3.275	6.4624999999999995	29.3625	0.0	0.0	0.0	173723.0	5790.9	2.025	1.85	3.55	6.625	22.537499999999998	0.0	0.0	0.0	3472777.0	115757.09999999999	1.9375	1.7500000000000002	3.3125	6.4624999999999995	30.15
