concurrency	elapsed-r	errors-r	ops(total)-r	ops/sec(cum)-r	avg(ms)-r	p50(ms)-r	p95(ms)-r	p99(ms)-r	pMax(ms)-r	total-r	elapsed-w	errors-w	ops(total)-w	ops/sec(cum)-w	avg(ms)-w	p50(ms)-w	p95(ms)-w	p99(ms)-w	pMax(ms)-w	total-w	elapsed	errors	ops(total)	ops/sec(cum)	avg(ms)	p50(ms)	p95(ms)	p99(ms)	pMax(ms)
112	0.0	0.0	4422801.0	147417.4	3.6399999999999997	3.0599999999999996	8.02	16.38	107.97999999999999	0.0	0.0	0.0	231809.0	7726.5	9.74	8.8	19.94	26.74	95.84	0.0	0.0	0.0	4654610.0	155144.0	3.9599999999999995	3.14	10.94	18.259999999999998	111.33999999999999
