concurrency	elapsed-r	errors-r	ops(total)-r	ops/sec(cum)-r	avg(ms)-r	p50(ms)-r	p95(ms)-r	p99(ms)-r	pMax(ms)-r	total-r	elapsed	errors	ops(total)	ops/sec(cum)	avg(ms)	p50(ms)	p95(ms)	p99(ms)	pMax(ms)
14	0.0	0.0	1056529.0	35217.3	2.975	2.8000000000000003	5.225	7.450000000000001	32.650000000000006	0.0	0.0	0.0	1056529.0	35217.3	2.975	2.8000000000000003	5.225	7.450000000000001	32.650000000000006
