concurrency	elapsed-r	errors-r	ops(total)-r	ops/sec(cum)-r	avg(ms)-r	p50(ms)-r	p95(ms)-r	p99(ms)-r	pMax(ms)-r	total-r	elapsed-w	errors-w	ops(total)-w	ops/sec(cum)-w	avg(ms)-w	p50(ms)-w	p95(ms)-w	p99(ms)-w	pMax(ms)-w	total-w	elapsed	errors	ops(total)	ops/sec(cum)	avg(ms)	p50(ms)	p95(ms)	p99(ms)	pMax(ms)
55	0.0	0.0	1278428.0	42612.3	8.8	7.8375	19.650000000000002	28.300000000000004	148.36249999999998	0.0	0.0	0.0	67594.0	2253.2000000000003	16.5	15.387500000000001	32.775	43.2125	105.375	0.0	0.0	0.0	1346022.0	44865.5	9.1875	8.0	21.0	30.675	165.1375
