concurrency	elapsed-r	errors-r	ops(total)-r	ops/sec(cum)-r	avg(ms)-r	p50(ms)-r	p95(ms)-r	p99(ms)-r	pMax(ms)-r	total-r	elapsed-w	errors-w	ops(total)-w	ops/sec(cum)-w	avg(ms)-w	p50(ms)-w	p95(ms)-w	p99(ms)-w	pMax(ms)-w	total-w	elapsed	errors	ops(total)	ops/sec(cum)	avg(ms)	p50(ms)	p95(ms)	p99(ms)	pMax(ms)
38	0.0	0.0	1918538.0	63949.3	3.9124999999999996	3.4374999999999996	9.15	14.450000000000001	60.012499999999996	0.0	0.0	0.0	100708.0	3356.9000000000005	7.675000000000001	7.075	16.8	23.599999999999998	53.7125	0.0	0.0	0.0	2019246.0	67306.2	4.1125	3.4999999999999996	10.0	15.450000000000001	62.112500000000004
