concurrency	elapsed-r	errors-r	ops(total)-r	ops/sec(cum)-r	avg(ms)-r	p50(ms)-r	p95(ms)-r	p99(ms)-r	pMax(ms)-r	total-r	elapsed-w	errors-w	ops(total)-w	ops/sec(cum)-w	avg(ms)-w	p50(ms)-w	p95(ms)-w	p99(ms)-w	pMax(ms)-w	total-w	elapsed	errors	ops(total)	ops/sec(cum)	avg(ms)	p50(ms)	p95(ms)	p99(ms)	pMax(ms)
63	0.0	0.0	3301308.0	110040.50000000001	4.0875	3.925	8.3875	12.5125	57.14999999999999	0.0	0.0	0.0	174344.0	5811.1	4.0875	3.925	8.6375	12.787499999999998	27.4	0.0	0.0	0.0	3475652.0	115851.79999999999	4.0875	3.925	8.3875	12.575	57.412499999999994
