ops/sec(cum)	p50(ms)	p99(ms)	read_tp	read_p50	read_p99	write_tp	write_p50	write_p99
252047.28333333333	0.30066666666666664	2.2946666666666666	239459.5	0.29866666666666664	2.2946666666666666	12586.783333333333	0.30266666666666664	2.3773333333333335
