concurrency	elapsed-r	errors-r	ops(total)-r	ops/sec(cum)-r	avg(ms)-r	p50(ms)-r	p95(ms)-r	p99(ms)-r	pMax(ms)-r	total-r	elapsed-w	errors-w	ops(total)-w	ops/sec(cum)-w	avg(ms)-w	p50(ms)-w	p95(ms)-w	p99(ms)-w	pMax(ms)-w	total-w	elapsed	errors	ops(total)	ops/sec(cum)	avg(ms)	p50(ms)	p95(ms)	p99(ms)	pMax(ms)
55	0.0	0.0	1949786.0	64990.69999999999	5.625	4.9750000000000005	13.224999999999998	20.45	107.7375	0.0	0.0	0.0	102261.0	3408.7000000000003	10.275	9.85	22.412499999999998	30.700000000000003	66.825	0.0	0.0	0.0	2052047.0	68399.2	5.862500000000001	5.0625	14.05	21.75	109.04999999999998
