concurrency	elapsed-r	errors-r	ops(total)-r	ops/sec(cum)-r	avg(ms)-r	p50(ms)-r	p95(ms)-r	p99(ms)-r	pMax(ms)-r	total-r	elapsed-w	errors-w	ops(total)-w	ops/sec(cum)-w	avg(ms)-w	p50(ms)-w	p95(ms)-w	p99(ms)-w	pMax(ms)-w	total-w	elapsed	errors	ops(total)	ops/sec(cum)	avg(ms)	p50(ms)	p95(ms)	p99(ms)	pMax(ms)
23	0.0	0.0	407458.0	13581.5	11.262500000000001	2.4	48.9875	176.20000000000002	570.4	0.0	0.0	0.0	21520.0	717.3	38.625	5.4125000000000005	189.75	343.90000000000003	738.2125000000001	0.0	0.0	0.0	428978.0	14298.8	12.65	2.5124999999999997	57.125	184.5	738.2125000000001
