concurrency	elapsed-r	errors-r	ops(total)-r	ops/sec(cum)-r	avg(ms)-r	p50(ms)-r	p95(ms)-r	p99(ms)-r	pMax(ms)-r	total-r	elapsed	errors	ops(total)	ops/sec(cum)	avg(ms)	p50(ms)	p95(ms)	p99(ms)	pMax(ms)
22	0.0	0.0	1392008.0	46399.5	3.6374999999999997	3.35	6.7875000000000005	10.325	25.962500000000002	0.0	0.0	0.0	1392008.0	46399.5	3.6374999999999997	3.35	6.7875000000000005	10.325	25.962500000000002
