concurrency	elapsed-r	errors-r	ops(total)-r	ops/sec(cum)-r	avg(ms)-r	p50(ms)-r	p95(ms)-r	p99(ms)-r	pMax(ms)-r	total-r	elapsed-w	errors-w	ops(total)-w	ops/sec(cum)-w	avg(ms)-w	p50(ms)-w	p95(ms)-w	p99(ms)-w	pMax(ms)-w	total-w	elapsed	errors	ops(total)	ops/sec(cum)	avg(ms)	p50(ms)	p95(ms)	p99(ms)	pMax(ms)
51	0.0	0.0	3730726.0	124353.89999999998	2.8625	2.025	8.2125	12.474999999999998	193.2	0.0	0.0	0.0	196439.0	6547.7	2.8875	2.075	8.2375	12.599999999999998	63.962500000000006	0.0	0.0	0.0	3927165.0	130901.70000000001	2.8625	2.025	8.2375	12.474999999999998	196.6
