concurrency	elapsed-r	errors-r	ops(total)-r	ops/sec(cum)-r	avg(ms)-r	p50(ms)-r	p95(ms)-r	p99(ms)-r	pMax(ms)-r	total-r	elapsed-w	errors-w	ops(total)-w	ops/sec(cum)-w	avg(ms)-w	p50(ms)-w	p95(ms)-w	p99(ms)-w	pMax(ms)-w	total-w	elapsed	errors	ops(total)	ops/sec(cum)	avg(ms)	p50(ms)	p95(ms)	p99(ms)	pMax(ms)
48	0.0	0.0	757642.0	25253.700000000004	17.7125	16.1375	36.675	46.375	114.31249999999999	0.0	0.0	0.0	39978.0	1332.6000000000001	37.0	26.2	107.48749999999998	149.95	223.35	0.0	0.0	0.0	797620.0	26586.2	18.6875	16.299999999999997	36.675	67.1	223.35
