concurrency	elapsed-r	errors-r	ops(total)-r	ops/sec(cum)-r	avg(ms)-r	p50(ms)-r	p95(ms)-r	p99(ms)-r	pMax(ms)-r	total-r	elapsed	errors	ops(total)	ops/sec(cum)	avg(ms)	p50(ms)	p95(ms)	p99(ms)	pMax(ms)
47	0.0	0.0	1547886.0	51594.8	6.800000000000001	6.15	14.700000000000001	21.375	76.275	0.0	0.0	0.0	1547886.0	51594.8	6.800000000000001	6.15	14.700000000000001	21.375	76.275
