concurrency	elapsed-w	errors-w	ops(total)-w	ops/sec(cum)-w	avg(ms)-w	p50(ms)-w	p95(ms)-w	p99(ms)-w	pMax(ms)-w	total-w	elapsed	errors	ops(total)	ops/sec(cum)	avg(ms)	p50(ms)	p95(ms)	p99(ms)	pMax(ms)
64	0.0	0.0	3539662.0	117985.1	4.0375	3.8875	7.749999999999999	11.7	31.212500000000002	0.0	0.0	0.0	3539662.0	117985.1	4.0375	3.8875	7.749999999999999	11.7	31.212500000000002
