concurrency	elapsed-r	errors-r	ops(total)-r	ops/sec(cum)-r	avg(ms)-r	p50(ms)-r	p95(ms)-r	p99(ms)-r	pMax(ms)-r	total-r	elapsed-w	errors-w	ops(total)-w	ops/sec(cum)-w	avg(ms)-w	p50(ms)-w	p95(ms)-w	p99(ms)-w	pMax(ms)-w	total-w	elapsed	errors	ops(total)	ops/sec(cum)	avg(ms)	p50(ms)	p95(ms)	p99(ms)	pMax(ms)
88	0.0	0.0	2571723.0	85720.0	4.82	3.6199999999999997	14.919999999999998	24.1	322.96000000000004	0.0	0.0	0.0	135693.0	4522.8	30.639999999999997	8.78	28.919999999999998	855.0199999999999	1077.9199999999998	0.0	0.0	0.0	2707416.0	90242.9	6.119999999999999	3.72	15.84	26.26	1284.2800000000002
