concurrency	elapsed-r	errors-r	ops(total)-r	ops/sec(cum)-r	avg(ms)-r	p50(ms)-r	p95(ms)-r	p99(ms)-r	pMax(ms)-r	total-r	elapsed	errors	ops(total)	ops/sec(cum)	avg(ms)	p50(ms)	p95(ms)	p99(ms)	pMax(ms)
47	0.0	0.0	1546353.0	51543.50000000001	6.775	6.1	14.700000000000001	21.75	97.775	0.0	0.0	0.0	1546353.0	51543.50000000001	6.775	6.1	14.700000000000001	21.75	97.775
