concurrency	elapsed-r	errors-r	ops(total)-r	ops/sec(cum)-r	avg(ms)-r	p50(ms)-r	p95(ms)-r	p99(ms)-r	pMax(ms)-r	total-r	elapsed-w	errors-w	ops(total)-w	ops/sec(cum)-w	avg(ms)-w	p50(ms)-w	p95(ms)-w	p99(ms)-w	pMax(ms)-w	total-w	elapsed	errors	ops(total)	ops/sec(cum)	avg(ms)	p50(ms)	p95(ms)	p99(ms)	pMax(ms)
52	0.0	0.0	596008.0	19866.2	2.7000000000000006	1.8	7.3	11.5	44.699999999999996	0.0	0.0	0.0	31172.0	1039.1	82.76666666666667	3.5	453.0	486.5	531.3000000000001	0.0	0.0	0.0	627180.0	20905.1	6.666666666666667	1.8	7.599999999999999	23.8	531.3000000000001
