concurrency	elapsed-r	errors-r	ops(total)-r	ops/sec(cum)-r	avg(ms)-r	p50(ms)-r	p95(ms)-r	p99(ms)-r	pMax(ms)-r	total-r	elapsed	errors	ops(total)	ops/sec(cum)	avg(ms)	p50(ms)	p95(ms)	p99(ms)	pMax(ms)
13	0.0	0.0	1284629.0	42820.5	2.2625	2.15	3.7750000000000004	6.262499999999999	17.499999999999996	0.0	0.0	0.0	1284629.0	42820.5	2.2625	2.15	3.7750000000000004	6.262499999999999	17.499999999999996
