concurrency	elapsed-r	errors-r	ops(total)-r	ops/sec(cum)-r	avg(ms)-r	p50(ms)-r	p95(ms)-r	p99(ms)-r	pMax(ms)-r	total-r	elapsed-w	errors-w	ops(total)-w	ops/sec(cum)-w	avg(ms)-w	p50(ms)-w	p95(ms)-w	p99(ms)-w	pMax(ms)-w	total-w	elapsed	errors	ops(total)	ops/sec(cum)	avg(ms)	p50(ms)	p95(ms)	p99(ms)	pMax(ms)
22	0.0	0.0	82458.0	2748.4	48.862500000000004	3.8875	279.95	645.9	2038.4374999999998	0.0	0.0	0.0	4237.0	141.3	290.43750000000006	167.26250000000002	1056.95	1837.0874999999999	2868.9125000000004	0.0	0.0	0.0	86695.0	2889.7	60.7	4.15	337.625	759.1999999999999	2868.9125000000004
