concurrency	elapsed-r	errors-r	ops(total)-r	ops/sec(cum)-r	avg(ms)-r	p50(ms)-r	p95(ms)-r	p99(ms)-r	pMax(ms)-r	total-r	elapsed	errors	ops(total)	ops/sec(cum)	avg(ms)	p50(ms)	p95(ms)	p99(ms)	pMax(ms)
15	0.0	0.0	1088579.0	36285.4	3.1374999999999997	2.9625000000000004	5.5125	8.175	30.7875	0.0	0.0	0.0	1088579.0	36285.4	3.1374999999999997	2.9625000000000004	5.5125	8.175	30.7875
