concurrency	elapsed-r	errors-r	ops(total)-r	ops/sec(cum)-r	avg(ms)-r	p50(ms)-r	p95(ms)-r	p99(ms)-r	pMax(ms)-r	total-r	elapsed	errors	ops(total)	ops/sec(cum)	avg(ms)	p50(ms)	p95(ms)	p99(ms)	pMax(ms)
18	0.0	0.0	981459.0	32714.699999999997	4.2	4.0	7.9750000000000005	10.899999999999999	31.9875	0.0	0.0	0.0	981459.0	32714.699999999997	4.2	4.0	7.9750000000000005	10.899999999999999	31.9875
