concurrency	elapsed-r	errors-r	ops(total)-r	ops/sec(cum)-r	avg(ms)-r	p50(ms)-r	p95(ms)-r	p99(ms)-r	pMax(ms)-r	total-r	elapsed-w	errors-w	ops(total)-w	ops/sec(cum)-w	avg(ms)-w	p50(ms)-w	p95(ms)-w	p99(ms)-w	pMax(ms)-w	total-w	elapsed	errors	ops(total)	ops/sec(cum)	avg(ms)	p50(ms)	p95(ms)	p99(ms)	pMax(ms)
143	0.0	0.0	4504263.0	150132.6	5.28	4.14	13.98	22.220000000000002	207.19999999999996	0.0	0.0	0.0	237695.0	7922.6	14.440000000000001	12.260000000000002	33.8	48.14	218.1	0.0	0.0	0.0	4741958.0	158055.19999999998	5.74	4.26	16.08	27.02	236.56
