concurrency	elapsed-w	errors-w	ops(total)-w	ops/sec(cum)-w	avg(ms)-w	p50(ms)-w	p95(ms)-w	p99(ms)-w	pMax(ms)-w	total-w	elapsed	errors	ops(total)	ops/sec(cum)	avg(ms)	p50(ms)	p95(ms)	p99(ms)	pMax(ms)
54	0.0	0.0	4192854.0	139757.9	2.8625	1.425	8.7125	13.749999999999998	157.67499999999998	0.0	0.0	0.0	4192854.0	139757.9	2.8625	1.425	8.7125	13.749999999999998	157.67499999999998
