concurrency	elapsed-r	errors-r	ops(total)-r	ops/sec(cum)-r	avg(ms)-r	p50(ms)-r	p95(ms)-r	p99(ms)-r	pMax(ms)-r	total-r	elapsed-w	errors-w	ops(total)-w	ops/sec(cum)-w	avg(ms)-w	p50(ms)-w	p95(ms)-w	p99(ms)-w	pMax(ms)-w	total-w	elapsed	errors	ops(total)	ops/sec(cum)	avg(ms)	p50(ms)	p95(ms)	p99(ms)	pMax(ms)
31	0.0	0.0	290960.0	9698.3	21.1125	2.7375000000000003	141.55	327.15	738.1999999999999	0.0	0.0	0.0	15189.0	506.3	78.03750000000001	8.8125	362.8	612.35	1254.125	0.0	0.0	0.0	306149.0	10204.6	23.924999999999997	2.8499999999999996	158.35	346.0	1254.125
