concurrency	elapsed-r	errors-r	ops(total)-r	ops/sec(cum)-r	avg(ms)-r	p50(ms)-r	p95(ms)-r	p99(ms)-r	pMax(ms)-r	total-r	elapsed-w	errors-w	ops(total)-w	ops/sec(cum)-w	avg(ms)-w	p50(ms)-w	p95(ms)-w	p99(ms)-w	pMax(ms)-w	total-w	elapsed	errors	ops(total)	ops/sec(cum)	avg(ms)	p50(ms)	p95(ms)	p99(ms)	pMax(ms)
70	0.0	0.0	2864112.0	95466.40000000001	3.4	2.8200000000000003	7.38	16.759999999999998	133.76000000000002	0.0	0.0	0.0	151198.0	5039.6	9.959999999999999	9.08	21.8	28.919999999999995	117.24000000000001	0.0	0.0	0.0	3015310.0	100506.00000000001	3.7400000000000007	2.88	10.540000000000001	18.880000000000003	133.76000000000002
