concurrency	elapsed-r	errors-r	ops(total)-r	ops/sec(cum)-r	avg(ms)-r	p50(ms)-r	p95(ms)-r	p99(ms)-r	pMax(ms)-r	total-r	elapsed-w	errors-w	ops(total)-w	ops/sec(cum)-w	avg(ms)-w	p50(ms)-w	p95(ms)-w	p99(ms)-w	pMax(ms)-w	total-w	elapsed	errors	ops(total)	ops/sec(cum)	avg(ms)	p50(ms)	p95(ms)	p99(ms)	pMax(ms)
102	0.0	0.0	2848709.0	94952.6	5.04	4.1	13.219999999999999	22.04	251.66000000000003	0.0	0.0	0.0	148955.0	4964.899999999999	16.5	15.0	33.1	43.61999999999999	176.58	0.0	0.0	0.0	2997664.0	99917.5	5.6	4.279999999999999	16.5	27.46	251.66000000000003
