concurrency	elapsed-r	errors-r	ops(total)-r	ops/sec(cum)-r	avg(ms)-r	p50(ms)-r	p95(ms)-r	p99(ms)-r	pMax(ms)-r	total-r	elapsed	errors	ops(total)	ops/sec(cum)	avg(ms)	p50(ms)	p95(ms)	p99(ms)	pMax(ms)
17	0.0	0.0	1255030.0	41833.8	3.0625	2.825	5.624999999999999	8.7	22.299999999999997	0.0	0.0	0.0	1255030.0	41833.8	3.0625	2.825	5.624999999999999	8.7	22.299999999999997
