concurrency	elapsed-r	errors-r	ops(total)-r	ops/sec(cum)-r	avg(ms)-r	p50(ms)-r	p95(ms)-r	p99(ms)-r	pMax(ms)-r	total-r	elapsed-w	errors-w	ops(total)-w	ops/sec(cum)-w	avg(ms)-w	p50(ms)-w	p95(ms)-w	p99(ms)-w	pMax(ms)-w	total-w	elapsed	errors	ops(total)	ops/sec(cum)	avg(ms)	p50(ms)	p95(ms)	p99(ms)	pMax(ms)
25	0.0	0.0	485265.0	16175.2	3.0	1.8333333333333333	8.9	14.199999999999998	35.300000000000004	0.0	0.0	0.0	25443.0	848.1999999999999	24.53333333333333	3.966666666666667	132.79999999999998	167.8	204.1	0.0	0.0	0.0	510708.0	17023.2	4.033333333333333	1.9333333333333333	9.4	24.46666666666667	204.1
