concurrency	elapsed-r	errors-r	ops(total)-r	ops/sec(cum)-r	avg(ms)-r	p50(ms)-r	p95(ms)-r	p99(ms)-r	pMax(ms)-r	total-r	elapsed-w	errors-w	ops(total)-w	ops/sec(cum)-w	avg(ms)-w	p50(ms)-w	p95(ms)-w	p99(ms)-w	pMax(ms)-w	total-w	elapsed	errors	ops(total)	ops/sec(cum)	avg(ms)	p50(ms)	p95(ms)	p99(ms)	pMax(ms)
62	0.0	0.0	4047998.0	134928.6	3.175	2.1125000000000003	9.025	14.425	215.99999999999997	0.0	0.0	0.0	213179.0	7105.8	3.25	2.125	9.075	14.55	101.17500000000001	0.0	0.0	0.0	4261177.0	142034.2	3.175	2.1125000000000003	9.025	14.425	215.99999999999997
