concurrency	elapsed-r	errors-r	ops(total)-r	ops/sec(cum)-r	avg(ms)-r	p50(ms)-r	p95(ms)-r	p99(ms)-r	pMax(ms)-r	total-r	elapsed-w	errors-w	ops(total)-w	ops/sec(cum)-w	avg(ms)-w	p50(ms)-w	p95(ms)-w	p99(ms)-w	pMax(ms)-w	total-w	elapsed	errors	ops(total)	ops/sec(cum)	avg(ms)	p50(ms)	p95(ms)	p99(ms)	pMax(ms)
47	0.0	0.0	4042707.0	134753.69999999998	2.4250000000000003	1.6	6.6	9.85	218.09999999999997	0.0	0.0	0.0	212760.0	7091.8	2.4375	1.6	6.7124999999999995	10.225	108.63749999999999	0.0	0.0	0.0	4255467.0	141845.6	2.4250000000000003	1.6	6.6	9.9125	218.09999999999997
