concurrency	elapsed-r	errors-r	ops(total)-r	ops/sec(cum)-r	avg(ms)-r	p50(ms)-r	p95(ms)-r	p99(ms)-r	pMax(ms)-r	total-r	elapsed-w	errors-w	ops(total)-w	ops/sec(cum)-w	avg(ms)-w	p50(ms)-w	p95(ms)-w	p99(ms)-w	pMax(ms)-w	total-w	elapsed	errors	ops(total)	ops/sec(cum)	avg(ms)	p50(ms)	p95(ms)	p99(ms)	pMax(ms)
59	0.0	0.0	2682938.0	59619.40000000001	3.02	1.8	10.6	22.880000000000003	91.44000000000001	0.0	0.0	0.0	141480.0	3143.9	5.82	3.8600000000000003	20.119999999999997	34.86	91.42	0.0	0.0	0.0	2824418.0	62763.3	3.2	1.9	11.0	23.3	113.24000000000001
