concurrency	elapsed-r	errors-r	ops(total)-r	ops/sec(cum)-r	avg(ms)-r	p50(ms)-r	p95(ms)-r	p99(ms)-r	pMax(ms)-r	total-r	elapsed-w	errors-w	ops(total)-w	ops/sec(cum)-w	avg(ms)-w	p50(ms)-w	p95(ms)-w	p99(ms)-w	pMax(ms)-w	total-w	elapsed	errors	ops(total)	ops/sec(cum)	avg(ms)	p50(ms)	p95(ms)	p99(ms)	pMax(ms)
156	0.0	0.0	4638337.0	154599.2	4.62	3.8	11.639999999999999	19.619999999999997	227.76	0.0	0.0	0.0	243733.0	8123.700000000001	14.919999999999998	13.680000000000001	30.459999999999997	39.839999999999996	201.74	0.0	0.0	0.0	4882070.0	162722.9	5.119999999999999	3.9200000000000004	14.819999999999999	25.139999999999997	227.76
