concurrency	elapsed-r	errors-r	ops(total)-r	ops/sec(cum)-r	avg(ms)-r	p50(ms)-r	p95(ms)-r	p99(ms)-r	pMax(ms)-r	total-r	elapsed-w	errors-w	ops(total)-w	ops/sec(cum)-w	avg(ms)-w	p50(ms)-w	p95(ms)-w	p99(ms)-w	pMax(ms)-w	total-w	elapsed	errors	ops(total)	ops/sec(cum)	avg(ms)	p50(ms)	p95(ms)	p99(ms)	pMax(ms)
6	0.0	0.0	456886.0	15229.2	2.575	1.9500000000000002	5.45	6.825	13.287499999999998	0.0	0.0	0.0	24073.0	802.4000000000001	7.2	3.425	23.724999999999998	33.45	52.662499999999994	0.0	0.0	0.0	480959.0	16031.8	2.825	2.025	5.75	12.0125	52.662499999999994
