concurrency	elapsed-r	errors-r	ops(total)-r	ops/sec(cum)-r	avg(ms)-r	p50(ms)-r	p95(ms)-r	p99(ms)-r	pMax(ms)-r	total-r	elapsed-w	errors-w	ops(total)-w	ops/sec(cum)-w	avg(ms)-w	p50(ms)-w	p95(ms)-w	p99(ms)-w	pMax(ms)-w	total-w	elapsed	errors	ops(total)	ops/sec(cum)	avg(ms)	p50(ms)	p95(ms)	p99(ms)	pMax(ms)
44	0.0	0.0	2585716.0	86188.4	3.425	3.0375	6.999999999999999	11.424999999999999	36.1625	0.0	0.0	0.0	135784.0	4526.0	4.0625	3.1874999999999996	10.6	16.2	30.425	0.0	0.0	0.0	2721500.0	90714.5	3.4625	3.0375	7.112500000000001	11.799999999999999	36.2875
