concurrency	elapsed-r	errors-r	ops(total)-r	ops/sec(cum)-r	avg(ms)-r	p50(ms)-r	p95(ms)-r	p99(ms)-r	pMax(ms)-r	total-r	elapsed	errors	ops(total)	ops/sec(cum)	avg(ms)	p50(ms)	p95(ms)	p99(ms)	pMax(ms)
62	0.0	0.0	1555894.0	51861.0	8.937499999999998	8.1625	19.400000000000002	27.800000000000004	127.4125	0.0	0.0	0.0	1555894.0	51861.0	8.937499999999998	8.1625	19.400000000000002	27.800000000000004	127.4125
