concurrency	elapsed-r	errors-r	ops(total)-r	ops/sec(cum)-r	avg(ms)-r	p50(ms)-r	p95(ms)-r	p99(ms)-r	pMax(ms)-r	total-r	elapsed-w	errors-w	ops(total)-w	ops/sec(cum)-w	avg(ms)-w	p50(ms)-w	p95(ms)-w	p99(ms)-w	pMax(ms)-w	total-w	elapsed	errors	ops(total)	ops/sec(cum)	avg(ms)	p50(ms)	p95(ms)	p99(ms)	pMax(ms)
31	0.0	0.0	3246303.0	108207.9	1.95	1.8250000000000002	3.3375	6.512499999999999	53.3375	0.0	0.0	0.0	170064.0	5668.7	1.9374999999999998	1.7500000000000002	3.3000000000000003	6.487500000000001	26.1	0.0	0.0	0.0	3416367.0	113876.59999999999	1.95	1.8125	3.3375	6.512499999999999	53.3375
