concurrency	elapsed-r	errors-r	ops(total)-r	ops/sec(cum)-r	avg(ms)-r	p50(ms)-r	p95(ms)-r	p99(ms)-r	pMax(ms)-r	total-r	elapsed-w	errors-w	ops(total)-w	ops/sec(cum)-w	avg(ms)-w	p50(ms)-w	p95(ms)-w	p99(ms)-w	pMax(ms)-w	total-w	elapsed	errors	ops(total)	ops/sec(cum)	avg(ms)	p50(ms)	p95(ms)	p99(ms)	pMax(ms)
6	0.0	0.0	605902.0	20196.499999999996	1.9749999999999999	1.875	3.1	4.387499999999999	15.35	0.0	0.0	0.0	31841.0	1061.3999999999999	3.5875	3.4999999999999996	5.175	7.325	12.9875	0.0	0.0	0.0	637743.0	21257.8	2.0624999999999996	1.875	3.4999999999999996	4.875	15.612499999999999
