concurrency	elapsed-r	errors-r	ops(total)-r	ops/sec(cum)-r	avg(ms)-r	p50(ms)-r	p95(ms)-r	p99(ms)-r	pMax(ms)-r	total-r	elapsed-w	errors-w	ops(total)-w	ops/sec(cum)-w	avg(ms)-w	p50(ms)-w	p95(ms)-w	p99(ms)-w	pMax(ms)-w	total-w	elapsed	errors	ops(total)	ops/sec(cum)	avg(ms)	p50(ms)	p95(ms)	p99(ms)	pMax(ms)
34	0.0	0.0	3368714.0	112287.89999999998	2.0374999999999996	1.875	3.4749999999999996	6.925	31.737500000000004	0.0	0.0	0.0	176842.0	5894.6	2.35	2.225	4.0625	7.3	23.8625	0.0	0.0	0.0	3545556.0	118182.50000000001	2.0749999999999997	1.8875	3.4875	6.9624999999999995	32.0
