concurrency	elapsed-r	errors-r	ops(total)-r	ops/sec(cum)-r	avg(ms)-r	p50(ms)-r	p95(ms)-r	p99(ms)-r	pMax(ms)-r	total-r	elapsed-w	errors-w	ops(total)-w	ops/sec(cum)-w	avg(ms)-w	p50(ms)-w	p95(ms)-w	p99(ms)-w	pMax(ms)-w	total-w	elapsed	errors	ops(total)	ops/sec(cum)	avg(ms)	p50(ms)	p95(ms)	p99(ms)	pMax(ms)
22	0.0	0.0	1250127.0	41670.3	1.2333333333333334	1.0	2.9	5.0	12.433333333333332	0.0	0.0	0.0	65718.0	2190.5	2.5	1.6000000000000003	7.966666666666666	14.199999999999998	30.766666666666666	0.0	0.0	0.0	1315845.0	43860.9	1.3	1.0	3.033333333333333	6.1000000000000005	30.766666666666666
