concurrency	elapsed-r	errors-r	ops(total)-r	ops/sec(cum)-r	avg(ms)-r	p50(ms)-r	p95(ms)-r	p99(ms)-r	pMax(ms)-r	total-r	elapsed-w	errors-w	ops(total)-w	ops/sec(cum)-w	avg(ms)-w	p50(ms)-w	p95(ms)-w	p99(ms)-w	pMax(ms)-w	total-w	elapsed	errors	ops(total)	ops/sec(cum)	avg(ms)	p50(ms)	p95(ms)	p99(ms)	pMax(ms)
71	0.0	0.0	155914.0	2598.6000000000004	2.675	1.5750000000000002	7.424999999999999	17.975	59.224999999999994	0.0	0.0	0.0	7865.0	131.0	6.725	3.4749999999999996	25.7	40.35	56.599999999999994	0.0	0.0	0.0	163779.0	2729.6	2.875	1.6500000000000001	8.375	21.25	61.325
