concurrency	elapsed-r	errors-r	ops(total)-r	ops/sec(cum)-r	avg(ms)-r	p50(ms)-r	p95(ms)-r	p99(ms)-r	pMax(ms)-r	total-r	elapsed-w	errors-w	ops(total)-w	ops/sec(cum)-w	avg(ms)-w	p50(ms)-w	p95(ms)-w	p99(ms)-w	pMax(ms)-w	total-w	elapsed	errors	ops(total)	ops/sec(cum)	avg(ms)	p50(ms)	p95(ms)	p99(ms)	pMax(ms)
42	0.0	0.0	3127088.0	104233.9	2.8000000000000003	2.5500000000000003	5.2749999999999995	14.112499999999999	170.37499999999997	0.0	0.0	0.0	164631.0	5487.699999999999	2.775	2.4375000000000004	5.1875	14.0375	26.475	0.0	0.0	0.0	3291719.0	109721.5	2.7875	2.5500000000000003	5.2749999999999995	14.049999999999999	170.37499999999997
