concurrency	elapsed-r	errors-r	ops(total)-r	ops/sec(cum)-r	avg(ms)-r	p50(ms)-r	p95(ms)-r	p99(ms)-r	pMax(ms)-r	total-r	elapsed-w	errors-w	ops(total)-w	ops/sec(cum)-w	avg(ms)-w	p50(ms)-w	p95(ms)-w	p99(ms)-w	pMax(ms)-w	total-w	elapsed	errors	ops(total)	ops/sec(cum)	avg(ms)	p50(ms)	p95(ms)	p99(ms)	pMax(ms)
44	0.0	0.0	381115.0	12703.5	3.6666666666666665	2.3333333333333335	11.5	18.166666666666668	67.8	0.0	0.0	0.0	19741.0	658.1	95.5	5.2	536.9	604.0	704.6	0.0	0.0	0.0	400856.0	13361.400000000001	8.166666666666666	2.4	12.266666666666666	35.300000000000004	704.6
