concurrency	elapsed-r	errors-r	ops(total)-r	ops/sec(cum)-r	avg(ms)-r	p50(ms)-r	p95(ms)-r	p99(ms)-r	pMax(ms)-r	total-r	elapsed-w	errors-w	ops(total)-w	ops/sec(cum)-w	avg(ms)-w	p50(ms)-w	p95(ms)-w	p99(ms)-w	pMax(ms)-w	total-w	elapsed	errors	ops(total)	ops/sec(cum)	avg(ms)	p50(ms)	p95(ms)	p99(ms)	pMax(ms)
104	0.0	0.0	2715281.0	90505.1	6.14	4.880000000000001	16.340000000000003	25.820000000000004	229.01999999999998	0.0	0.0	0.0	142950.0	4764.799999999999	15.960000000000003	14.580000000000002	33.96	44.86	145.14000000000001	0.0	0.0	0.0	2858231.0	95269.90000000001	6.620000000000002	5.1	18.56	28.919999999999995	229.85999999999999
