concurrency	elapsed-r	errors-r	ops(total)-r	ops/sec(cum)-r	avg(ms)-r	p50(ms)-r	p95(ms)-r	p99(ms)-r	pMax(ms)-r	total-r	elapsed-w	errors-w	ops(total)-w	ops/sec(cum)-w	avg(ms)-w	p50(ms)-w	p95(ms)-w	p99(ms)-w	pMax(ms)-w	total-w	elapsed	errors	ops(total)	ops/sec(cum)	avg(ms)	p50(ms)	p95(ms)	p99(ms)	pMax(ms)
23	0.0	0.0	3261112.0	108702.09999999999	1.375	1.3	2.1625	4.6	25.562499999999996	0.0	0.0	0.0	171173.0	5705.7	1.4749999999999999	1.3250000000000002	2.7375000000000003	5.4375	17.375	0.0	0.0	0.0	3432285.0	114407.8	1.375	1.3	2.175	4.625	26.212499999999995
