concurrency	elapsed-r	errors-r	ops(total)-r	ops/sec(cum)-r	avg(ms)-r	p50(ms)-r	p95(ms)-r	p99(ms)-r	pMax(ms)-r	total-r	elapsed-w	errors-w	ops(total)-w	ops/sec(cum)-w	avg(ms)-w	p50(ms)-w	p95(ms)-w	p99(ms)-w	pMax(ms)-w	total-w	elapsed	errors	ops(total)	ops/sec(cum)	avg(ms)	p50(ms)	p95(ms)	p99(ms)	pMax(ms)
32	0.0	0.0	1165797.0	38858.7	5.4125	3.375	12.724999999999998	59.75	310.375	0.0	0.0	0.0	61870.0	2062.3	15.9	6.3625	100.7	162.55	353.3625	0.0	0.0	0.0	1227667.0	40920.899999999994	5.9375	3.4250000000000003	13.562499999999998	77.6	362.8125
