concurrency	elapsed-r	errors-r	ops(total)-r	ops/sec(cum)-r	avg(ms)-r	p50(ms)-r	p95(ms)-r	p99(ms)-r	pMax(ms)-r	total-r	elapsed-w	errors-w	ops(total)-w	ops/sec(cum)-w	avg(ms)-w	p50(ms)-w	p95(ms)-w	p99(ms)-w	pMax(ms)-w	total-w	elapsed	errors	ops(total)	ops/sec(cum)	avg(ms)	p50(ms)	p95(ms)	p99(ms)	pMax(ms)
31	0.0	0.0	959716.0	31989.5	6.1	2.4	13.725	121.07499999999999	492.8375000000001	0.0	0.0	0.0	50352.0	1678.3	26.0875	4.5	224.39999999999998	346.0	685.7624999999999	0.0	0.0	0.0	1010068.0	33668.00000000001	7.1000000000000005	2.4625	14.7375	158.35	687.8625
