concurrency	elapsed-r	errors-r	ops(total)-r	ops/sec(cum)-r	avg(ms)-r	p50(ms)-r	p95(ms)-r	p99(ms)-r	pMax(ms)-r	total-r	elapsed-w	errors-w	ops(total)-w	ops/sec(cum)-w	avg(ms)-w	p50(ms)-w	p95(ms)-w	p99(ms)-w	pMax(ms)-w	total-w	elapsed	errors	ops(total)	ops/sec(cum)	avg(ms)	p50(ms)	p95(ms)	p99(ms)	pMax(ms)
23	0.0	0.0	625441.0	20847.5	5.2125	2.325	8.075	101.75000000000001	241.175	0.0	0.0	0.0	32778.0	1092.6000000000001	64.48750000000001	62.37499999999999	82.325	166.75	279.975	0.0	0.0	0.0	658219.0	21940.2	8.1625	2.35	60.275000000000006	105.42499999999998	279.975
