concurrency	elapsed-r	errors-r	ops(total)-r	ops/sec(cum)-r	avg(ms)-r	p50(ms)-r	p95(ms)-r	p99(ms)-r	pMax(ms)-r	total-r	elapsed-w	errors-w	ops(total)-w	ops/sec(cum)-w	avg(ms)-w	p50(ms)-w	p95(ms)-w	p99(ms)-w	pMax(ms)-w	total-w	elapsed	errors	ops(total)	ops/sec(cum)	avg(ms)	p50(ms)	p95(ms)	p99(ms)	pMax(ms)
53	0.0	0.0	2544381.0	56540.40000000001	2.8600000000000003	1.8	9.4	21.0	3597.04	0.0	0.0	0.0	133794.0	2973.1	10.14	4.1	21.0	37.7	3945.9799999999996	0.0	0.0	0.0	2678175.0	59513.6	3.2199999999999998	1.8	10.0	22.880000000000003	3945.9799999999996
