concurrency	elapsed-r	errors-r	ops(total)-r	ops/sec(cum)-r	avg(ms)-r	p50(ms)-r	p95(ms)-r	p99(ms)-r	pMax(ms)-r	total-r	elapsed-w	errors-w	ops(total)-w	ops/sec(cum)-w	avg(ms)-w	p50(ms)-w	p95(ms)-w	p99(ms)-w	pMax(ms)-w	total-w	elapsed	errors	ops(total)	ops/sec(cum)	avg(ms)	p50(ms)	p95(ms)	p99(ms)	pMax(ms)
32	0.0	0.0	3291651.0	109719.70000000001	2.025	1.9375	4.025	6.5875	23.987499999999997	0.0	0.0	0.0	173704.0	5790.000000000001	2.0375	2.0125	4.075	6.637499999999999	17.575	0.0	0.0	0.0	3465355.0	115509.79999999999	2.025	1.9500000000000002	4.025	6.5875	24.249999999999996
