concurrency	elapsed-r	errors-r	ops(total)-r	ops/sec(cum)-r	avg(ms)-r	p50(ms)-r	p95(ms)-r	p99(ms)-r	pMax(ms)-r	total-r	elapsed	errors	ops(total)	ops/sec(cum)	avg(ms)	p50(ms)	p95(ms)	p99(ms)	pMax(ms)
18	0.0	0.0	968863.0	32294.899999999998	4.2875000000000005	4.0125	7.975	10.975	28.725000000000005	0.0	0.0	0.0	968863.0	32294.899999999998	4.2875000000000005	4.0125	7.975	10.975	28.725000000000005
