concurrency	elapsed-r	errors-r	ops(total)-r	ops/sec(cum)-r	avg(ms)-r	p50(ms)-r	p95(ms)-r	p99(ms)-r	pMax(ms)-r	total-r	elapsed-w	errors-w	ops(total)-w	ops/sec(cum)-w	avg(ms)-w	p50(ms)-w	p95(ms)-w	p99(ms)-w	pMax(ms)-w	total-w	elapsed	errors	ops(total)	ops/sec(cum)	avg(ms)	p50(ms)	p95(ms)	p99(ms)	pMax(ms)
48	0.0	0.0	1697722.0	56588.799999999996	5.824999999999999	4.7250000000000005	13.9	21.6375	59.75000000000001	0.0	0.0	0.0	89986.0	2999.6	9.112499999999999	5.8375	25.287499999999998	36.025	66.05000000000001	0.0	0.0	0.0	1787708.0	59588.200000000004	5.975	4.75	14.8	23.187499999999996	67.36250000000001
