concurrency	elapsed-r	errors-r	ops(total)-r	ops/sec(cum)-r	avg(ms)-r	p50(ms)-r	p95(ms)-r	p99(ms)-r	pMax(ms)-r	total-r	elapsed-w	errors-w	ops(total)-w	ops/sec(cum)-w	avg(ms)-w	p50(ms)-w	p95(ms)-w	p99(ms)-w	pMax(ms)-w	total-w	elapsed	errors	ops(total)	ops/sec(cum)	avg(ms)	p50(ms)	p95(ms)	p99(ms)	pMax(ms)
78	0.0	0.0	1666930.0	55562.299999999996	2.6999999999999997	1.7666666666666668	7.8	13.066666666666668	108.33333333333333	0.0	0.0	0.0	87530.0	2917.6	101.0	3.5666666666666664	565.1999999999999	591.4	643.8000000000001	0.0	0.0	0.0	1754460.0	58479.8	7.6000000000000005	1.9333333333333333	8.5	25.0	643.8000000000001
