concurrency	elapsed-r	errors-r	ops(total)-r	ops/sec(cum)-r	avg(ms)-r	p50(ms)-r	p95(ms)-r	p99(ms)-r	pMax(ms)-r	total-r	elapsed-w	errors-w	ops(total)-w	ops/sec(cum)-w	avg(ms)-w	p50(ms)-w	p95(ms)-w	p99(ms)-w	pMax(ms)-w	total-w	elapsed	errors	ops(total)	ops/sec(cum)	avg(ms)	p50(ms)	p95(ms)	p99(ms)	pMax(ms)
21	0.0	0.0	1185553.0	39517.600000000006	3.825	3.7249999999999996	6.874999999999999	8.1	19.6625	0.0	0.0	0.0	62607.0	2087.0	3.8625	3.7249999999999996	6.837499999999999	8.2125	15.487499999999997	0.0	0.0	0.0	1248160.0	41604.49999999999	3.825	3.7249999999999996	6.874999999999999	8.1	19.8
