concurrency	elapsed-r	errors-r	ops(total)-r	ops/sec(cum)-r	avg(ms)-r	p50(ms)-r	p95(ms)-r	p99(ms)-r	pMax(ms)-r	total-r	elapsed-w	errors-w	ops(total)-w	ops/sec(cum)-w	avg(ms)-w	p50(ms)-w	p95(ms)-w	p99(ms)-w	pMax(ms)-w	total-w	elapsed	errors	ops(total)	ops/sec(cum)	avg(ms)	p50(ms)	p95(ms)	p99(ms)	pMax(ms)
84	0.0	0.0	22388.0	372.99999999999994	5.45	1.95	24.650000000000002	66.575	133.15	0.0	0.0	0.0	893.0	14.799999999999999	27.974999999999998	15.025	92.275	232.775	295.675	0.0	0.0	0.0	23281.0	388.0	6.324999999999999	1.975	29.65	73.4	295.675
