concurrency	elapsed-r	errors-r	ops(total)-r	ops/sec(cum)-r	avg(ms)-r	p50(ms)-r	p95(ms)-r	p99(ms)-r	pMax(ms)-r	total-r	elapsed-w	errors-w	ops(total)-w	ops/sec(cum)-w	avg(ms)-w	p50(ms)-w	p95(ms)-w	p99(ms)-w	pMax(ms)-w	total-w	elapsed	errors	ops(total)	ops/sec(cum)	avg(ms)	p50(ms)	p95(ms)	p99(ms)	pMax(ms)
42	0.0	0.0	4419380.0	147308.6	1.8250000000000002	1.6500000000000001	3.3749999999999996	6.074999999999999	217.04999999999998	0.0	0.0	0.0	232710.0	7756.7	1.9249999999999998	1.6500000000000001	3.5000000000000004	7.25	104.32499999999999	0.0	0.0	0.0	4652090.0	155065.4	1.8250000000000002	1.6500000000000001	3.3874999999999997	6.1125	217.04999999999998
