concurrency	elapsed-r	errors-r	ops(total)-r	ops/sec(cum)-r	avg(ms)-r	p50(ms)-r	p95(ms)-r	p99(ms)-r	pMax(ms)-r	total-r	elapsed	errors	ops(total)	ops/sec(cum)	avg(ms)	p50(ms)	p95(ms)	p99(ms)	pMax(ms)
23	0.0	0.0	1364099.0	45469.200000000004	3.9000000000000004	3.4999999999999996	7.7875	11.724999999999998	27.925000000000004	0.0	0.0	0.0	1364099.0	45469.200000000004	3.9000000000000004	3.4999999999999996	7.7875	11.724999999999998	27.925000000000004
