concurrency	elapsed-r	errors-r	ops(total)-r	ops/sec(cum)-r	avg(ms)-r	p50(ms)-r	p95(ms)-r	p99(ms)-r	pMax(ms)-r	total-r	elapsed-w	errors-w	ops(total)-w	ops/sec(cum)-w	avg(ms)-w	p50(ms)-w	p95(ms)-w	p99(ms)-w	pMax(ms)-w	total-w	elapsed	errors	ops(total)	ops/sec(cum)	avg(ms)	p50(ms)	p95(ms)	p99(ms)	pMax(ms)
12	0.0	0.0	662655.0	22088.1	3.2499999999999996	2.5000000000000004	6.549999999999999	20.3125	78.38749999999999	0.0	0.0	0.0	34932.0	1164.4	16.500000000000004	15.899999999999999	26.900000000000002	37.4875	108.01249999999999	0.0	0.0	0.0	697587.0	23252.5	3.9124999999999996	2.6375	13.349999999999998	25.949999999999996	108.01249999999999
