concurrency	elapsed-w	errors-w	ops(total)-w	ops/sec(cum)-w	avg(ms)-w	p50(ms)-w	p95(ms)-w	p99(ms)-w	pMax(ms)-w	total-w	elapsed	errors	ops(total)	ops/sec(cum)	avg(ms)	p50(ms)	p95(ms)	p99(ms)	pMax(ms)
51	0.0	0.0	3321242.0	110704.6	3.3875	3.2499999999999996	5.95	10.0375	36.824999999999996	0.0	0.0	0.0	3321242.0	110704.6	3.3875	3.2499999999999996	5.95	10.0375	36.824999999999996
