concurrency	elapsed-r	errors-r	ops(total)-r	ops/sec(cum)-r	avg(ms)-r	p50(ms)-r	p95(ms)-r	p99(ms)-r	pMax(ms)-r	total-r	elapsed	errors	ops(total)	ops/sec(cum)	avg(ms)	p50(ms)	p95(ms)	p99(ms)	pMax(ms)
20	0.0	0.0	1388964.0	46298.1	3.2875	3.0374999999999996	6.049999999999999	9.325	23.475	0.0	0.0	0.0	1388964.0	46298.1	3.2875	3.0374999999999996	6.049999999999999	9.325	23.475
