concurrency	elapsed-r	errors-r	ops(total)-r	ops/sec(cum)-r	avg(ms)-r	p50(ms)-r	p95(ms)-r	p99(ms)-r	pMax(ms)-r	total-r	elapsed-w	errors-w	ops(total)-w	ops/sec(cum)-w	avg(ms)-w	p50(ms)-w	p95(ms)-w	p99(ms)-w	pMax(ms)-w	total-w	elapsed	errors	ops(total)	ops/sec(cum)	avg(ms)	p50(ms)	p95(ms)	p99(ms)	pMax(ms)
48	0.0	0.0	1259455.0	41980.200000000004	7.824999999999999	6.9	17.8	26.199999999999996	67.625	0.0	0.0	0.0	66240.0	2207.9999999999995	14.5375	13.562499999999998	29.525000000000002	40.5875	70.5125	0.0	0.0	0.0	1325695.0	44188.100000000006	8.1625	7.124999999999999	19.025000000000002	28.050000000000004	70.5125
