concurrency	elapsed-r	errors-r	ops(total)-r	ops/sec(cum)-r	avg(ms)-r	p50(ms)-r	p95(ms)-r	p99(ms)-r	pMax(ms)-r	total-r	elapsed-w	errors-w	ops(total)-w	ops/sec(cum)-w	avg(ms)-w	p50(ms)-w	p95(ms)-w	p99(ms)-w	pMax(ms)-w	total-w	elapsed	errors	ops(total)	ops/sec(cum)	avg(ms)	p50(ms)	p95(ms)	p99(ms)	pMax(ms)
71	0.0	0.0	9615.0	160.2	2.9749999999999996	1.8749999999999998	9.9	19.675	44.825	0.0	0.0	0.0	271.0	4.4	7.1	3.325	32.775	43.25	56.6	0.0	0.0	0.0	9886.0	164.70000000000002	3.0999999999999996	1.9249999999999998	10.375	21.099999999999998	58.7
