concurrency	elapsed-r	errors-r	ops(total)-r	ops/sec(cum)-r	avg(ms)-r	p50(ms)-r	p95(ms)-r	p99(ms)-r	pMax(ms)-r	total-r	elapsed-w	errors-w	ops(total)-w	ops/sec(cum)-w	avg(ms)-w	p50(ms)-w	p95(ms)-w	p99(ms)-w	pMax(ms)-w	total-w	elapsed	errors	ops(total)	ops/sec(cum)	avg(ms)	p50(ms)	p95(ms)	p99(ms)	pMax(ms)
54	0.0	0.0	3181884.0	106059.7	3.5625	3.325	6.4	10.6	101.45000000000002	0.0	0.0	0.0	166959.0	5565.1	3.5625	3.3000000000000003	6.4	10.6	22.150000000000002	0.0	0.0	0.0	3348843.0	111624.79999999999	3.5625	3.325	6.4	10.6	101.45000000000002
