concurrency	elapsed-r	errors-r	ops(total)-r	ops/sec(cum)-r	avg(ms)-r	p50(ms)-r	p95(ms)-r	p99(ms)-r	pMax(ms)-r	total-r	elapsed-w	errors-w	ops(total)-w	ops/sec(cum)-w	avg(ms)-w	p50(ms)-w	p95(ms)-w	p99(ms)-w	pMax(ms)-w	total-w	elapsed	errors	ops(total)	ops/sec(cum)	avg(ms)	p50(ms)	p95(ms)	p99(ms)	pMax(ms)
152	0.0	0.0	4492536.0	149740.7	5.32	4.220000000000001	14.24	22.46	183.7	0.0	0.0	0.0	236493.0	7882.6	13.16	11.48	29.619999999999997	40.48	144.3	0.0	0.0	0.0	4729029.0	157623.30000000002	5.720000000000001	4.38	15.8	25.559999999999995	183.7
