concurrency	elapsed-w	errors-w	ops(total)-w	ops/sec(cum)-w	avg(ms)-w	p50(ms)-w	p95(ms)-w	p99(ms)-w	pMax(ms)-w	total-w	elapsed	errors	ops(total)	ops/sec(cum)	avg(ms)	p50(ms)	p95(ms)	p99(ms)	pMax(ms)
64	0.0	0.0	707447.0	23580.5	21.2625	11.900000000000002	62.900000000000006	82.85000000000001	210.76250000000002	0.0	0.0	0.0	707447.0	23580.5	21.2625	11.900000000000002	62.900000000000006	82.85000000000001	210.76250000000002
