concurrency	elapsed-r	errors-r	ops(total)-r	ops/sec(cum)-r	avg(ms)-r	p50(ms)-r	p95(ms)-r	p99(ms)-r	pMax(ms)-r	total-r	elapsed-w	errors-w	ops(total)-w	ops/sec(cum)-w	avg(ms)-w	p50(ms)-w	p95(ms)-w	p99(ms)-w	pMax(ms)-w	total-w	elapsed	errors	ops(total)	ops/sec(cum)	avg(ms)	p50(ms)	p95(ms)	p99(ms)	pMax(ms)
33	0.0	0.0	3273346.0	109109.2	2.025	1.85	3.5500000000000003	6.8375	209.70000000000002	0.0	0.0	0.0	172989.0	5766.0999999999985	2.025	1.8375000000000001	3.4375	6.7875	24.5125	0.0	0.0	0.0	3446335.0	114875.7	2.025	1.85	3.5500000000000003	6.8375	209.70000000000002
