concurrency	elapsed-r	errors-r	ops(total)-r	ops/sec(cum)-r	avg(ms)-r	p50(ms)-r	p95(ms)-r	p99(ms)-r	pMax(ms)-r	total-r	elapsed-w	errors-w	ops(total)-w	ops/sec(cum)-w	avg(ms)-w	p50(ms)-w	p95(ms)-w	p99(ms)-w	pMax(ms)-w	total-w	elapsed	errors	ops(total)	ops/sec(cum)	avg(ms)	p50(ms)	p95(ms)	p99(ms)	pMax(ms)
31	0.0	0.0	406999.0	13565.999999999998	3.1999999999999997	2.3	7.049999999999999	10.600000000000001	48.3375	0.0	0.0	0.0	21365.0	712.0999999999999	278.81249999999994	4.4625	901.8	939.5	939.5	0.0	0.0	0.0	428364.0	14278.199999999999	16.95	2.4	7.7875	838.8999999999999	939.5
