concurrency	elapsed-r	errors-r	ops(total)-r	ops/sec(cum)-r	avg(ms)-r	p50(ms)-r	p95(ms)-r	p99(ms)-r	pMax(ms)-r	total-r	elapsed-w	errors-w	ops(total)-w	ops/sec(cum)-w	avg(ms)-w	p50(ms)-w	p95(ms)-w	p99(ms)-w	pMax(ms)-w	total-w	elapsed	errors	ops(total)	ops/sec(cum)	avg(ms)	p50(ms)	p95(ms)	p99(ms)	pMax(ms)
36	0.0	0.0	1939512.0	64648.799999999996	3.6750000000000003	3.225	8.65	13.899999999999999	59.4875	0.0	0.0	0.0	101624.0	3387.4	6.8125	6.375	14.887500000000001	21.375	43.5125	0.0	0.0	0.0	2041136.0	68036.09999999999	3.8249999999999997	3.25	9.3375	14.575000000000001	62.1125
