concurrency	elapsed-r	errors-r	ops(total)-r	ops/sec(cum)-r	avg(ms)-r	p50(ms)-r	p95(ms)-r	p99(ms)-r	pMax(ms)-r	total-r	elapsed-w	errors-w	ops(total)-w	ops/sec(cum)-w	avg(ms)-w	p50(ms)-w	p95(ms)-w	p99(ms)-w	pMax(ms)-w	total-w	elapsed	errors	ops(total)	ops/sec(cum)	avg(ms)	p50(ms)	p95(ms)	p99(ms)	pMax(ms)
79	0.0	0.0	2248080.0	74933.3	2.433333333333333	1.5666666666666667	6.733333333333334	11.533333333333333	41.93333333333333	0.0	0.0	0.0	118334.0	3944.3	21.099999999999998	3.1666666666666665	116.03333333333335	139.46666666666667	193.63333333333333	0.0	0.0	0.0	2366414.0	78877.6	3.3666666666666667	1.6666666666666667	7.166666666666667	19.733333333333334	193.63333333333333
