concurrency	elapsed-w	errors-w	ops(total)-w	ops/sec(cum)-w	avg(ms)-w	p50(ms)-w	p95(ms)-w	p99(ms)-w	pMax(ms)-w	total-w	elapsed	errors	ops(total)	ops/sec(cum)	avg(ms)	p50(ms)	p95(ms)	p99(ms)	pMax(ms)
57	0.0	0.0	3716802.0	123890.1	3.3375000000000004	3.2375	5.625	10.225	27.787499999999998	0.0	0.0	0.0	3716802.0	123890.1	3.3375000000000004	3.2375	5.625	10.225	27.787499999999998
