concurrency	elapsed-r	errors-r	ops(total)-r	ops/sec(cum)-r	avg(ms)-r	p50(ms)-r	p95(ms)-r	p99(ms)-r	pMax(ms)-r	total-r	elapsed-w	errors-w	ops(total)-w	ops/sec(cum)-w	avg(ms)-w	p50(ms)-w	p95(ms)-w	p99(ms)-w	pMax(ms)-w	total-w	elapsed	errors	ops(total)	ops/sec(cum)	avg(ms)	p50(ms)	p95(ms)	p99(ms)	pMax(ms)
33	0.0	0.0	493160.0	16438.0	2.55	1.7500000000000002	5.8	8.9625	32.0	0.0	0.0	0.0	25887.0	862.9	250.48749999999998	3.1624999999999996	771.8000000000001	805.3000000000001	838.8999999999999	0.0	0.0	0.0	519047.0	17300.9	14.925000000000002	1.85	6.3625	738.1999999999999	838.8999999999999
