concurrency	elapsed-r	errors-r	ops(total)-r	ops/sec(cum)-r	avg(ms)-r	p50(ms)-r	p95(ms)-r	p99(ms)-r	pMax(ms)-r	total-r	elapsed-w	errors-w	ops(total)-w	ops/sec(cum)-w	avg(ms)-w	p50(ms)-w	p95(ms)-w	p99(ms)-w	pMax(ms)-w	total-w	elapsed	errors	ops(total)	ops/sec(cum)	avg(ms)	p50(ms)	p95(ms)	p99(ms)	pMax(ms)
23	0.0	0.0	979834.0	21773.9	2.2399999999999998	1.6	5.4399999999999995	12.4	50.3	0.0	0.0	0.0	51629.0	1147.3	38.21999999999999	2.6800000000000006	159.4	176.2	219.78000000000003	0.0	0.0	0.0	1031463.0	22921.1	4.04	1.6	6.0	130.0	219.78000000000003
