concurrency	elapsed-r	errors-r	ops(total)-r	ops/sec(cum)-r	avg(ms)-r	p50(ms)-r	p95(ms)-r	p99(ms)-r	pMax(ms)-r	total-r	elapsed-w	errors-w	ops(total)-w	ops/sec(cum)-w	avg(ms)-w	p50(ms)-w	p95(ms)-w	p99(ms)-w	pMax(ms)-w	total-w	elapsed	errors	ops(total)	ops/sec(cum)	avg(ms)	p50(ms)	p95(ms)	p99(ms)	pMax(ms)
37	0.0	0.0	3333748.0	111122.29999999999	2.2	2.0749999999999997	3.5875	7.1000000000000005	31.975	0.0	0.0	0.0	175358.0	5845.299999999999	2.5875000000000004	2.5	4.300000000000001	7.9125	27.25	0.0	0.0	0.0	3509106.0	116967.7	2.25	2.175	3.6499999999999995	7.199999999999999	33.025000000000006
