concurrency	elapsed-r	errors-r	ops(total)-r	ops/sec(cum)-r	avg(ms)-r	p50(ms)-r	p95(ms)-r	p99(ms)-r	pMax(ms)-r	total-r	elapsed-w	errors-w	ops(total)-w	ops/sec(cum)-w	avg(ms)-w	p50(ms)-w	p95(ms)-w	p99(ms)-w	pMax(ms)-w	total-w	elapsed	errors	ops(total)	ops/sec(cum)	avg(ms)	p50(ms)	p95(ms)	p99(ms)	pMax(ms)
61	0.0	0.0	1937697.0	64587.30000000001	6.300000000000001	5.45	15.350000000000001	23.875	166.725	0.0	0.0	0.0	102192.0	3406.2	12.0375	11.0	27.400000000000002	38.224999999999994	101.18749999999999	0.0	0.0	0.0	2039889.0	67993.5	6.6	5.55	16.5	25.974999999999998	167.775
