concurrency	elapsed-r	errors-r	ops(total)-r	ops/sec(cum)-r	avg(ms)-r	p50(ms)-r	p95(ms)-r	p99(ms)-r	pMax(ms)-r	total-r	elapsed-w	errors-w	ops(total)-w	ops/sec(cum)-w	avg(ms)-w	p50(ms)-w	p95(ms)-w	p99(ms)-w	pMax(ms)-w	total-w	elapsed	errors	ops(total)	ops/sec(cum)	avg(ms)	p50(ms)	p95(ms)	p99(ms)	pMax(ms)
88	0.0	0.0	832630.0	27752.699999999997	7.3	6.0	18.9	29.03333333333333	167.8	0.0	0.0	0.0	43894.0	1463.0	17.433333333333334	15.699999999999998	37.7	48.20000000000001	176.16666666666666	0.0	0.0	0.0	876524.0	29215.7	7.8	6.0	21.666666666666668	31.5	181.76666666666665
