concurrency	elapsed-r	errors-r	ops(total)-r	ops/sec(cum)-r	avg(ms)-r	p50(ms)-r	p95(ms)-r	p99(ms)-r	pMax(ms)-r	total-r	elapsed	errors	ops(total)	ops/sec(cum)	avg(ms)	p50(ms)	p95(ms)	p99(ms)	pMax(ms)
15	0.0	0.0	995097.0	33169.5	3.4250000000000003	3.2375	6.15	8.375	30.549999999999997	0.0	0.0	0.0	995097.0	33169.5	3.4250000000000003	3.2375	6.15	8.375	30.549999999999997
