concurrency	elapsed-w	errors-w	ops(total)-w	ops/sec(cum)-w	avg(ms)-w	p50(ms)-w	p95(ms)-w	p99(ms)-w	pMax(ms)-w	total-w	elapsed	errors	ops(total)	ops/sec(cum)	avg(ms)	p50(ms)	p95(ms)	p99(ms)	pMax(ms)
19	0.0	0.0	567080.0	18902.3	7.7875	2.7500000000000004	7.3999999999999995	333.4125	486.51250000000005	0.0	0.0	0.0	567080.0	18902.3	7.7875	2.7500000000000004	7.3999999999999995	333.4125	486.51250000000005
