concurrency	elapsed-r	errors-r	ops(total)-r	ops/sec(cum)-r	avg(ms)-r	p50(ms)-r	p95(ms)-r	p99(ms)-r	pMax(ms)-r	total-r	elapsed-w	errors-w	ops(total)-w	ops/sec(cum)-w	avg(ms)-w	p50(ms)-w	p95(ms)-w	p99(ms)-w	pMax(ms)-w	total-w	elapsed	errors	ops(total)	ops/sec(cum)	avg(ms)	p50(ms)	p95(ms)	p99(ms)	pMax(ms)
139	0.0	0.0	2682171.0	89400.3	8.139999999999999	6.18	22.139999999999997	35.2	637.5400000000001	0.0	0.0	0.0	141763.0	4725.099999999999	26.379999999999995	24.580000000000002	56.42	73.86000000000001	602.32	0.0	0.0	0.0	2823934.0	94125.49999999999	9.040000000000001	6.5	26.620000000000005	44.04	637.5400000000001
