concurrency	elapsed-r	errors-r	ops(total)-r	ops/sec(cum)-r	avg(ms)-r	p50(ms)-r	p95(ms)-r	p99(ms)-r	pMax(ms)-r	total-r	elapsed	errors	ops(total)	ops/sec(cum)	avg(ms)	p50(ms)	p95(ms)	p99(ms)	pMax(ms)
40	0.0	0.0	1338547.0	44617.399999999994	7.1000000000000005	6.262499999999999	15.450000000000001	23.262499999999996	72.08749999999999	0.0	0.0	0.0	1338547.0	44617.399999999994	7.1000000000000005	6.262499999999999	15.450000000000001	23.262499999999996	72.08749999999999
