concurrency	elapsed-r	errors-r	ops(total)-r	ops/sec(cum)-r	avg(ms)-r	p50(ms)-r	p95(ms)-r	p99(ms)-r	pMax(ms)-r	total-r	elapsed-w	errors-w	ops(total)-w	ops/sec(cum)-w	avg(ms)-w	p50(ms)-w	p95(ms)-w	p99(ms)-w	pMax(ms)-w	total-w	elapsed	errors	ops(total)	ops/sec(cum)	avg(ms)	p50(ms)	p95(ms)	p99(ms)	pMax(ms)
63	0.0	0.0	3417985.0	113929.69999999998	3.6875	3.4	6.562499999999999	12.112499999999999	174.58749999999998	0.0	0.0	0.0	179822.0	5993.900000000001	3.675	3.4	6.5249999999999995	11.8875	158.6125	0.0	0.0	0.0	3597807.0	119923.49999999999	3.6875	3.4	6.562499999999999	12.112499999999999	174.58749999999998
