concurrency	elapsed-r	errors-r	ops(total)-r	ops/sec(cum)-r	avg(ms)-r	p50(ms)-r	p95(ms)-r	p99(ms)-r	pMax(ms)-r	total-r	elapsed-w	errors-w	ops(total)-w	ops/sec(cum)-w	avg(ms)-w	p50(ms)-w	p95(ms)-w	p99(ms)-w	pMax(ms)-w	total-w	elapsed	errors	ops(total)	ops/sec(cum)	avg(ms)	p50(ms)	p95(ms)	p99(ms)	pMax(ms)
20	0.0	0.0	886965.0	29564.899999999998	1.875	1.35	4.975	6.9750000000000005	43.224999999999994	0.0	0.0	0.0	46409.0	1546.9	12.5	2.525	64.475	82.85000000000001	105.94999999999999	0.0	0.0	0.0	933374.0	31111.800000000003	2.4	1.375	5.225	12.200000000000001	105.94999999999999
