concurrency	elapsed-r	errors-r	ops(total)-r	ops/sec(cum)-r	avg(ms)-r	p50(ms)-r	p95(ms)-r	p99(ms)-r	pMax(ms)-r	total-r	elapsed	errors	ops(total)	ops/sec(cum)	avg(ms)	p50(ms)	p95(ms)	p99(ms)	pMax(ms)
15	0.0	0.0	1283359.0	42778.1	2.625	2.5	4.625	7.362500000000001	18.987500000000004	0.0	0.0	0.0	1283359.0	42778.1	2.625	2.5	4.625	7.362500000000001	18.987500000000004
