concurrency	elapsed-r	errors-r	ops(total)-r	ops/sec(cum)-r	avg(ms)-r	p50(ms)-r	p95(ms)-r	p99(ms)-r	pMax(ms)-r	total-r	elapsed-w	errors-w	ops(total)-w	ops/sec(cum)-w	avg(ms)-w	p50(ms)-w	p95(ms)-w	p99(ms)-w	pMax(ms)-w	total-w	elapsed	errors	ops(total)	ops/sec(cum)	avg(ms)	p50(ms)	p95(ms)	p99(ms)	pMax(ms)
64	0.0	0.0	4141184.0	138034.8	2.24	1.9400000000000002	3.9	11.36	44.019999999999996	0.0	0.0	0.0	218009.0	7266.700000000001	4.619999999999999	4.08	9.559999999999999	15.680000000000001	38.66	0.0	0.0	0.0	4359193.0	145301.6	2.3600000000000003	1.98	4.799999999999999	11.919999999999998	44.86
