concurrency	elapsed-r	errors-r	ops(total)-r	ops/sec(cum)-r	avg(ms)-r	p50(ms)-r	p95(ms)-r	p99(ms)-r	pMax(ms)-r	total-r	elapsed-w	errors-w	ops(total)-w	ops/sec(cum)-w	avg(ms)-w	p50(ms)-w	p95(ms)-w	p99(ms)-w	pMax(ms)-w	total-w	elapsed	errors	ops(total)	ops/sec(cum)	avg(ms)	p50(ms)	p95(ms)	p99(ms)	pMax(ms)
23	0.0	0.0	937279.0	31242.000000000004	2.2	1.8	5.8	12.5	79.25999999999999	0.0	0.0	0.0	49418.0	1647.1999999999998	10.64	3.18	61.21999999999999	83.9	135.88000000000002	0.0	0.0	0.0	986697.0	32889.3	2.64	1.8	6.6	20.339999999999996	135.88000000000002
