concurrency	elapsed-r	errors-r	ops(total)-r	ops/sec(cum)-r	avg(ms)-r	p50(ms)-r	p95(ms)-r	p99(ms)-r	pMax(ms)-r	total-r	elapsed-w	errors-w	ops(total)-w	ops/sec(cum)-w	avg(ms)-w	p50(ms)-w	p95(ms)-w	p99(ms)-w	pMax(ms)-w	total-w	elapsed	errors	ops(total)	ops/sec(cum)	avg(ms)	p50(ms)	p95(ms)	p99(ms)	pMax(ms)
31	0.0	0.0	646381.0	21545.5	2.5	1.7333333333333334	6.599999999999999	10.5	31.5	0.0	0.0	0.0	33798.0	1126.5	29.066666666666666	3.0	159.4	176.19999999999996	209.69999999999996	0.0	0.0	0.0	680179.0	22672.2	3.7999999999999994	1.7333333333333334	6.8999999999999995	19.566666666666666	209.69999999999996
