concurrency	elapsed-r	errors-r	ops(total)-r	ops/sec(cum)-r	avg(ms)-r	p50(ms)-r	p95(ms)-r	p99(ms)-r	pMax(ms)-r	total-r	elapsed	errors	ops(total)	ops/sec(cum)	avg(ms)	p50(ms)	p95(ms)	p99(ms)	pMax(ms)
30	0.0	0.0	997935.0	33263.7	7.1375	6.474999999999999	14.562499999999998	20.474999999999998	51.35	0.0	0.0	0.0	997935.0	33263.7	7.1375	6.474999999999999	14.562499999999998	20.474999999999998	51.35
