concurrency	elapsed-r	errors-r	ops(total)-r	ops/sec(cum)-r	avg(ms)-r	p50(ms)-r	p95(ms)-r	p99(ms)-r	pMax(ms)-r	total-r	elapsed-w	errors-w	ops(total)-w	ops/sec(cum)-w	avg(ms)-w	p50(ms)-w	p95(ms)-w	p99(ms)-w	pMax(ms)-w	total-w	elapsed	errors	ops(total)	ops/sec(cum)	avg(ms)	p50(ms)	p95(ms)	p99(ms)	pMax(ms)
39	0.0	0.0	821240.0	27373.899999999998	2.9	2.0	6.8	15.699999999999998	72.69999999999999	0.0	0.0	0.0	43513.0	1450.4	1.3	0.9	3.1	7.766666666666666	48.9	0.0	0.0	0.0	864753.0	28824.4	2.7999999999999994	2.0	6.599999999999999	15.199999999999998	72.69999999999999
