concurrency	elapsed-r	errors-r	ops(total)-r	ops/sec(cum)-r	avg(ms)-r	p50(ms)-r	p95(ms)-r	p99(ms)-r	pMax(ms)-r	total-r	elapsed-w	errors-w	ops(total)-w	ops/sec(cum)-w	avg(ms)-w	p50(ms)-w	p95(ms)-w	p99(ms)-w	pMax(ms)-w	total-w	elapsed	errors	ops(total)	ops/sec(cum)	avg(ms)	p50(ms)	p95(ms)	p99(ms)	pMax(ms)
24	0.0	0.0	788519.0	26283.499999999996	2.2333333333333334	2.0	3.9	8.9	58.0	0.0	0.0	0.0	41266.0	1375.5	1.2333333333333334	0.9333333333333332	2.733333333333333	5.233333333333333	38.43333333333333	0.0	0.0	0.0	829785.0	27659.100000000002	2.2	2.0	3.8333333333333335	8.4	58.0
