concurrency	elapsed-r	errors-r	ops(total)-r	ops/sec(cum)-r	avg(ms)-r	p50(ms)-r	p95(ms)-r	p99(ms)-r	pMax(ms)-r	total-r	elapsed-w	errors-w	ops(total)-w	ops/sec(cum)-w	avg(ms)-w	p50(ms)-w	p95(ms)-w	p99(ms)-w	pMax(ms)-w	total-w	elapsed	errors	ops(total)	ops/sec(cum)	avg(ms)	p50(ms)	p95(ms)	p99(ms)	pMax(ms)
24	0.0	0.0	210003.0	6999.900000000001	4.35	4.275	8.0	10.675	25.425	0.0	0.0	0.0	10905.0	363.59999999999997	434.45000000000005	637.5	708.8000000000001	738.1999999999999	771.8000000000001	0.0	0.0	0.0	220908.0	7363.199999999999	25.574999999999996	4.375	10.0375	692.0375000000001	771.8000000000001
