concurrency	elapsed-r	errors-r	ops(total)-r	ops/sec(cum)-r	avg(ms)-r	p50(ms)-r	p95(ms)-r	p99(ms)-r	pMax(ms)-r	total-r	elapsed-w	errors-w	ops(total)-w	ops/sec(cum)-w	avg(ms)-w	p50(ms)-w	p95(ms)-w	p99(ms)-w	pMax(ms)-w	total-w	elapsed	errors	ops(total)	ops/sec(cum)	avg(ms)	p50(ms)	p95(ms)	p99(ms)	pMax(ms)
160	0.0	0.0	910922.0	30361.800000000003	11.199999999999998	8.9	29.399999999999995	44.0	1185.6333333333334	0.0	0.0	0.0	47732.0	1591.0000000000002	40.53333333333333	37.7	81.10000000000001	103.5	1118.5	0.0	0.0	0.0	958654.0	31952.7	12.699999999999998	9.4	35.7	62.9	1185.6333333333334
