concurrency	elapsed-r	errors-r	ops(total)-r	ops/sec(cum)-r	avg(ms)-r	p50(ms)-r	p95(ms)-r	p99(ms)-r	pMax(ms)-r	total-r	elapsed-w	errors-w	ops(total)-w	ops/sec(cum)-w	avg(ms)-w	p50(ms)-w	p95(ms)-w	p99(ms)-w	pMax(ms)-w	total-w	elapsed	errors	ops(total)	ops/sec(cum)	avg(ms)	p50(ms)	p95(ms)	p99(ms)	pMax(ms)
36	0.0	0.0	3285502.0	109514.0	2.225	2.025	3.675	7.2875	60.68749999999999	0.0	0.0	0.0	173848.0	5794.799999999999	2.2624999999999997	2.025	4.075	7.5875	55.4625	0.0	0.0	0.0	3459350.0	115308.90000000002	2.225	2.025	3.7	7.2875	60.68749999999999
