concurrency	elapsed-r	errors-r	ops(total)-r	ops/sec(cum)-r	avg(ms)-r	p50(ms)-r	p95(ms)-r	p99(ms)-r	pMax(ms)-r	total-r	elapsed-w	errors-w	ops(total)-w	ops/sec(cum)-w	avg(ms)-w	p50(ms)-w	p95(ms)-w	p99(ms)-w	pMax(ms)-w	total-w	elapsed	errors	ops(total)	ops/sec(cum)	avg(ms)	p50(ms)	p95(ms)	p99(ms)	pMax(ms)
60	0.0	0.0	1817095.0	60568.3	2.066666666666667	1.4666666666666668	5.366666666666667	8.5	25.53333333333333	0.0	0.0	0.0	94863.0	3162.0000000000005	38.766666666666666	2.5	214.26666666666665	226.79999999999998	252.36666666666667	0.0	0.0	0.0	1911958.0	63730.3	3.866666666666667	1.5	5.666666666666667	14.933333333333332	252.36666666666667
