concurrency	elapsed-r	errors-r	ops(total)-r	ops/sec(cum)-r	avg(ms)-r	p50(ms)-r	p95(ms)-r	p99(ms)-r	pMax(ms)-r	total-r	elapsed	errors	ops(total)	ops/sec(cum)	avg(ms)	p50(ms)	p95(ms)	p99(ms)	pMax(ms)
47	0.0	0.0	5529709.0	184319.8	1.6500000000000001	1.4749999999999999	2.9	6.0249999999999995	220.2	0.0	0.0	0.0	5529709.0	184319.8	1.6500000000000001	1.4749999999999999	2.9	6.0249999999999995	220.2
