concurrency	elapsed-r	errors-r	ops(total)-r	ops/sec(cum)-r	avg(ms)-r	p50(ms)-r	p95(ms)-r	p99(ms)-r	pMax(ms)-r	total-r	elapsed-w	errors-w	ops(total)-w	ops/sec(cum)-w	avg(ms)-w	p50(ms)-w	p95(ms)-w	p99(ms)-w	pMax(ms)-w	total-w	elapsed	errors	ops(total)	ops/sec(cum)	avg(ms)	p50(ms)	p95(ms)	p99(ms)	pMax(ms)
15	0.0	0.0	817399.0	27246.100000000002	1.675	1.275	3.55	4.825	21.375	0.0	0.0	0.0	42687.0	1422.9	6.775	2.3000000000000003	27.025	36.2	54.5	0.0	0.0	0.0	860086.0	28669.000000000004	1.925	1.3499999999999999	3.8	12.450000000000001	54.5
