concurrency	elapsed-r	errors-r	ops(total)-r	ops/sec(cum)-r	avg(ms)-r	p50(ms)-r	p95(ms)-r	p99(ms)-r	pMax(ms)-r	total-r	elapsed-w	errors-w	ops(total)-w	ops/sec(cum)-w	avg(ms)-w	p50(ms)-w	p95(ms)-w	p99(ms)-w	pMax(ms)-w	total-w	elapsed	errors	ops(total)	ops/sec(cum)	avg(ms)	p50(ms)	p95(ms)	p99(ms)	pMax(ms)
48	0.0	0.0	1444734.0	48156.3	6.85	5.8875	16.375	24.4	58.9625	0.0	0.0	0.0	75925.0	2530.8999999999996	11.5375	9.9625	29.1125	39.824999999999996	70.25	0.0	0.0	0.0	1520659.0	50687.0	7.087500000000001	6.000000000000001	17.712500000000002	26.500000000000004	71.0375
