concurrency	elapsed-r	errors-r	ops(total)-r	ops/sec(cum)-r	avg(ms)-r	p50(ms)-r	p95(ms)-r	p99(ms)-r	pMax(ms)-r	total-r	elapsed-w	errors-w	ops(total)-w	ops/sec(cum)-w	avg(ms)-w	p50(ms)-w	p95(ms)-w	p99(ms)-w	pMax(ms)-w	total-w	elapsed	errors	ops(total)	ops/sec(cum)	avg(ms)	p50(ms)	p95(ms)	p99(ms)	pMax(ms)
38	0.0	0.0	1932746.0	64422.899999999994	3.9124999999999996	3.4000000000000004	9.15	14.450000000000001	40.1125	0.0	0.0	0.0	102292.0	3409.7999999999997	7.0874999999999995	6.699999999999999	15.450000000000001	22.412499999999998	46.625	0.0	0.0	0.0	2035038.0	67832.59999999999	4.05	3.5124999999999993	9.700000000000001	15.387500000000001	48.9875
