ops/sec(cum)	p50(ms)	p99(ms)	read_tp	read_p50	read_p99	write_tp	write_p50	write_p99
113094.68333333333	2.115285714285714	6.757714285714286	107936.38333333333	2.1478571428571427	6.757714285714286	5157.3	2.0827142857142857	6.2744285714285715
