concurrency	elapsed-r	errors-r	ops(total)-r	ops/sec(cum)-r	avg(ms)-r	p50(ms)-r	p95(ms)-r	p99(ms)-r	pMax(ms)-r	total-r	elapsed-w	errors-w	ops(total)-w	ops/sec(cum)-w	avg(ms)-w	p50(ms)-w	p95(ms)-w	p99(ms)-w	pMax(ms)-w	total-w	elapsed	errors	ops(total)	ops/sec(cum)	avg(ms)	p50(ms)	p95(ms)	p99(ms)	pMax(ms)
115	0.0	0.0	4389012.0	146289.9	3.88	3.2399999999999998	9.12	16.919999999999998	105.3	0.0	0.0	0.0	231097.0	7702.6	9.280000000000001	8.239999999999998	19.300000000000004	26.72	124.16000000000001	0.0	0.0	0.0	4620109.0	153992.6	4.159999999999999	3.3200000000000003	11.22	18.18	131.72
