concurrency	elapsed-w	errors-w	ops(total)-w	ops/sec(cum)-w	avg(ms)-w	p50(ms)-w	p95(ms)-w	p99(ms)-w	pMax(ms)-w	total-w	elapsed	errors	ops(total)	ops/sec(cum)	avg(ms)	p50(ms)	p95(ms)	p99(ms)	pMax(ms)
24	0.0	0.0	3396815.0	113225.59999999999	1.4875	1.475	3.2500000000000004	4.4	23.200000000000003	0.0	0.0	0.0	3396815.0	113225.59999999999	1.4875	1.475	3.2500000000000004	4.4	23.200000000000003
