concurrency	elapsed-r	errors-r	ops(total)-r	ops/sec(cum)-r	avg(ms)-r	p50(ms)-r	p95(ms)-r	p99(ms)-r	pMax(ms)-r	total-r	elapsed-w	errors-w	ops(total)-w	ops/sec(cum)-w	avg(ms)-w	p50(ms)-w	p95(ms)-w	p99(ms)-w	pMax(ms)-w	total-w	elapsed	errors	ops(total)	ops/sec(cum)	avg(ms)	p50(ms)	p95(ms)	p99(ms)	pMax(ms)
69	0.0	0.0	3013571.0	100447.40000000001	1.8800000000000001	1.36	4.9	8.040000000000001	31.859999999999996	0.0	0.0	0.0	159040.0	5301.1	42.480000000000004	2.2399999999999998	226.83999999999997	251.84	278.3	0.0	0.0	0.0	3172611.0	105748.39999999998	3.94	1.4	5.220000000000001	14.9	278.3
