concurrency	elapsed-r	errors-r	ops(total)-r	ops/sec(cum)-r	avg(ms)-r	p50(ms)-r	p95(ms)-r	p99(ms)-r	pMax(ms)-r	total-r	elapsed-w	errors-w	ops(total)-w	ops/sec(cum)-w	avg(ms)-w	p50(ms)-w	p95(ms)-w	p99(ms)-w	pMax(ms)-w	total-w	elapsed	errors	ops(total)	ops/sec(cum)	avg(ms)	p50(ms)	p95(ms)	p99(ms)	pMax(ms)
55	0.0	0.0	1015994.0	33865.1	3.5	2.7999999999999994	7.599999999999999	22.0	170.6	0.0	0.0	0.0	53585.0	1786.0	8.9	7.3	24.100000000000005	46.1	74.10000000000001	0.0	0.0	0.0	1069579.0	35651.1	3.7999999999999994	2.7999999999999994	9.4	23.433333333333337	170.6
