concurrency	elapsed-r	errors-r	ops(total)-r	ops/sec(cum)-r	avg(ms)-r	p50(ms)-r	p95(ms)-r	p99(ms)-r	pMax(ms)-r	total-r	elapsed-w	errors-w	ops(total)-w	ops/sec(cum)-w	avg(ms)-w	p50(ms)-w	p95(ms)-w	p99(ms)-w	pMax(ms)-w	total-w	elapsed	errors	ops(total)	ops/sec(cum)	avg(ms)	p50(ms)	p95(ms)	p99(ms)	pMax(ms)
101	0.0	0.0	864216.0	28805.800000000003	7.533333333333334	6.3	18.9	29.73333333333333	441.8	0.0	0.0	0.0	45320.0	1510.6	25.76666666666667	24.100000000000005	50.29999999999999	62.9	352.3333333333333	0.0	0.0	0.0	909536.0	30316.3	8.433333333333332	6.5	24.100000000000005	39.8	447.40000000000003
