concurrency	elapsed-r	errors-r	ops(total)-r	ops/sec(cum)-r	avg(ms)-r	p50(ms)-r	p95(ms)-r	p99(ms)-r	pMax(ms)-r	total-r	elapsed-w	errors-w	ops(total)-w	ops/sec(cum)-w	avg(ms)-w	p50(ms)-w	p95(ms)-w	p99(ms)-w	pMax(ms)-w	total-w	elapsed	errors	ops(total)	ops/sec(cum)	avg(ms)	p50(ms)	p95(ms)	p99(ms)	pMax(ms)
15	0.0	0.0	469952.0	15664.699999999999	3.3	2.3	8.65	11.3125	28.85	0.0	0.0	0.0	24709.0	823.6	78.26249999999999	4.25	402.69999999999993	436.19999999999993	471.87500000000006	0.0	0.0	0.0	494661.0	16488.3	7.05	2.35	9.1125	148.375	471.87500000000006
