concurrency	elapsed-r	errors-r	ops(total)-r	ops/sec(cum)-r	avg(ms)-r	p50(ms)-r	p95(ms)-r	p99(ms)-r	pMax(ms)-r	total-r	elapsed-w	errors-w	ops(total)-w	ops/sec(cum)-w	avg(ms)-w	p50(ms)-w	p95(ms)-w	p99(ms)-w	pMax(ms)-w	total-w	elapsed	errors	ops(total)	ops/sec(cum)	avg(ms)	p50(ms)	p95(ms)	p99(ms)	pMax(ms)
33	0.0	0.0	1470396.0	49011.600000000006	1.925	1.4000000000000001	5.7625	10.0375	77.60000000000001	0.0	0.0	0.0	77238.0	2574.5	60.875	2.525	738.1999999999999	939.5	1073.7	0.0	0.0	0.0	1547634.0	51586.200000000004	4.874999999999999	1.4125	5.9125	11.524999999999999	1073.7
