concurrency	elapsed-r	errors-r	ops(total)-r	ops/sec(cum)-r	avg(ms)-r	p50(ms)-r	p95(ms)-r	p99(ms)-r	pMax(ms)-r	total-r	elapsed-w	errors-w	ops(total)-w	ops/sec(cum)-w	avg(ms)-w	p50(ms)-w	p95(ms)-w	p99(ms)-w	pMax(ms)-w	total-w	elapsed	errors	ops(total)	ops/sec(cum)	avg(ms)	p50(ms)	p95(ms)	p99(ms)	pMax(ms)
32	0.0	0.0	3314415.0	110478.2	1.9375	1.8250000000000002	3.2750000000000004	6.6	56.650000000000006	0.0	0.0	0.0	175503.0	5850.0	2.225	2.0749999999999997	3.625	6.924999999999999	42.875	0.0	0.0	0.0	3489918.0	116328.1	1.9625000000000001	1.8250000000000002	3.2750000000000004	6.6499999999999995	56.78750000000001
