concurrency	elapsed-r	errors-r	ops(total)-r	ops/sec(cum)-r	avg(ms)-r	p50(ms)-r	p95(ms)-r	p99(ms)-r	pMax(ms)-r	total-r	elapsed	errors	ops(total)	ops/sec(cum)	avg(ms)	p50(ms)	p95(ms)	p99(ms)	pMax(ms)
14	0.0	0.0	965874.0	32195.6	3.2750000000000004	3.0624999999999996	5.9750000000000005	8.0625	31.437499999999996	0.0	0.0	0.0	965874.0	32195.6	3.2750000000000004	3.0624999999999996	5.9750000000000005	8.0625	31.437499999999996
