concurrency	elapsed-r	errors-r	ops(total)-r	ops/sec(cum)-r	avg(ms)-r	p50(ms)-r	p95(ms)-r	p99(ms)-r	pMax(ms)-r	total-r	elapsed-w	errors-w	ops(total)-w	ops/sec(cum)-w	avg(ms)-w	p50(ms)-w	p95(ms)-w	p99(ms)-w	pMax(ms)-w	total-w	elapsed	errors	ops(total)	ops/sec(cum)	avg(ms)	p50(ms)	p95(ms)	p99(ms)	pMax(ms)
28	0.0	0.0	3226041.0	107532.00000000001	1.7750000000000001	1.6500000000000001	3.1250000000000004	6.012499999999999	29.4875	0.0	0.0	0.0	169743.0	5658.099999999999	1.7750000000000001	1.6500000000000001	3.1	6.1125	15.825	0.0	0.0	0.0	3395784.0	113189.90000000001	1.7750000000000001	1.6500000000000001	3.1250000000000004	6.012499999999999	29.4875
