concurrency	elapsed-r	errors-r	ops(total)-r	ops/sec(cum)-r	avg(ms)-r	p50(ms)-r	p95(ms)-r	p99(ms)-r	pMax(ms)-r	total-r	elapsed-w	errors-w	ops(total)-w	ops/sec(cum)-w	avg(ms)-w	p50(ms)-w	p95(ms)-w	p99(ms)-w	pMax(ms)-w	total-w	elapsed	errors	ops(total)	ops/sec(cum)	avg(ms)	p50(ms)	p95(ms)	p99(ms)	pMax(ms)
63	0.0	0.0	3242234.0	108071.1	4.1125	3.9	7.3500000000000005	11.924999999999999	30.962500000000002	0.0	0.0	0.0	170295.0	5676.199999999999	4.1	3.9	7.3500000000000005	11.875	24.400000000000002	0.0	0.0	0.0	3412529.0	113747.29999999999	4.1125	3.9	7.3500000000000005	11.924999999999999	30.962500000000002
