concurrency	elapsed-r	errors-r	ops(total)-r	ops/sec(cum)-r	avg(ms)-r	p50(ms)-r	p95(ms)-r	p99(ms)-r	pMax(ms)-r	total-r	elapsed	errors	ops(total)	ops/sec(cum)	avg(ms)	p50(ms)	p95(ms)	p99(ms)	pMax(ms)
55	0.0	0.0	1549018.0	51632.49999999999	7.925	7.2	17.55	24.924999999999997	150.20000000000002	0.0	0.0	0.0	1549018.0	51632.49999999999	7.925	7.2	17.55	24.924999999999997	150.20000000000002
