concurrency	elapsed-w	errors-w	ops(total)-w	ops/sec(cum)-w	avg(ms)-w	p50(ms)-w	p95(ms)-w	p99(ms)-w	pMax(ms)-w	total-w	elapsed	errors	ops(total)	ops/sec(cum)	avg(ms)	p50(ms)	p95(ms)	p99(ms)	pMax(ms)
63	0.0	0.0	4634698.0	154485.59999999998	2.925	2.15	7.6	12.3875	157.28750000000002	0.0	0.0	0.0	4634698.0	154485.59999999998	2.925	2.15	7.6	12.3875	157.28750000000002
