ops/sec(cum)	p50(ms)	p99(ms)	read_tp	read_p50	read_p99	write_tp	write_p50	write_p99
256820.86666666664	0.19858333333333333	0.8068333333333333	245687.5833333333	0.198	0.8068333333333333	11132.283333333333	0.19916666666666666	0.7991666666666667
