concurrency	elapsed-w	errors-w	ops(total)-w	ops/sec(cum)-w	avg(ms)-w	p50(ms)-w	p95(ms)-w	p99(ms)-w	pMax(ms)-w	total-w	elapsed	errors	ops(total)	ops/sec(cum)	avg(ms)	p50(ms)	p95(ms)	p99(ms)	pMax(ms)
56	0.0	0.0	4610809.0	153689.6	2.6125000000000003	1.775	6.975	11.125	94.37499999999999	0.0	0.0	0.0	4610809.0	153689.6	2.6125000000000003	1.775	6.975	11.125	94.37499999999999
