concurrency	elapsed-r	errors-r	ops(total)-r	ops/sec(cum)-r	avg(ms)-r	p50(ms)-r	p95(ms)-r	p99(ms)-r	pMax(ms)-r	total-r	elapsed-w	errors-w	ops(total)-w	ops/sec(cum)-w	avg(ms)-w	p50(ms)-w	p95(ms)-w	p99(ms)-w	pMax(ms)-w	total-w	elapsed	errors	ops(total)	ops/sec(cum)	avg(ms)	p50(ms)	p95(ms)	p99(ms)	pMax(ms)
12	0.0	0.0	700299.0	23342.9	1.675	1.325	3.7249999999999996	4.925	16.5	0.0	0.0	0.0	36472.0	1215.6999999999998	3.7249999999999996	2.3	11.950000000000001	18.35	37.975	0.0	0.0	0.0	736771.0	24558.699999999997	1.775	1.35	3.9	6.324999999999999	37.975
