concurrency	elapsed-r	errors-r	ops(total)-r	ops/sec(cum)-r	avg(ms)-r	p50(ms)-r	p95(ms)-r	p99(ms)-r	pMax(ms)-r	total-r	elapsed-w	errors-w	ops(total)-w	ops/sec(cum)-w	avg(ms)-w	p50(ms)-w	p95(ms)-w	p99(ms)-w	pMax(ms)-w	total-w	elapsed	errors	ops(total)	ops/sec(cum)	avg(ms)	p50(ms)	p95(ms)	p99(ms)	pMax(ms)
59	0.0	0.0	2310842.0	51350.59999999999	3.5200000000000005	2.2	11.0	25.2	160.22	0.0	0.0	0.0	121322.0	2696.1	7.4	5.2	24.32	41.059999999999995	121.64000000000001	0.0	0.0	0.0	2432164.0	54046.600000000006	3.7	2.4	12.1	26.2	182.85999999999999
