concurrency	elapsed-r	errors-r	ops(total)-r	ops/sec(cum)-r	avg(ms)-r	p50(ms)-r	p95(ms)-r	p99(ms)-r	pMax(ms)-r	total-r	elapsed	errors	ops(total)	ops/sec(cum)	avg(ms)	p50(ms)	p95(ms)	p99(ms)	pMax(ms)
24	0.0	0.0	1386013.0	46199.6	3.9875	3.675	7.7875	11.474999999999998	31.350000000000005	0.0	0.0	0.0	1386013.0	46199.6	3.9875	3.675	7.7875	11.474999999999998	31.350000000000005
