concurrency	elapsed-w	errors-w	ops(total)-w	ops/sec(cum)-w	avg(ms)-w	p50(ms)-w	p95(ms)-w	p99(ms)-w	pMax(ms)-w	total-w	elapsed	errors	ops(total)	ops/sec(cum)	avg(ms)	p50(ms)	p95(ms)	p99(ms)	pMax(ms)
47	0.0	0.0	4987566.0	166248.4	1.9124999999999999	1.725	3.45	5.425	157.2875	0.0	0.0	0.0	4987566.0	166248.4	1.9124999999999999	1.725	3.45	5.425	157.2875
