concurrency	elapsed-r	errors-r	ops(total)-r	ops/sec(cum)-r	avg(ms)-r	p50(ms)-r	p95(ms)-r	p99(ms)-r	pMax(ms)-r	total-r	elapsed-w	errors-w	ops(total)-w	ops/sec(cum)-w	avg(ms)-w	p50(ms)-w	p95(ms)-w	p99(ms)-w	pMax(ms)-w	total-w	elapsed	errors	ops(total)	ops/sec(cum)	avg(ms)	p50(ms)	p95(ms)	p99(ms)	pMax(ms)
38	0.0	0.0	3708332.0	123608.70000000001	2.125	1.4999999999999998	5.725	7.8875	167.6375	0.0	0.0	0.0	195292.0	6509.700000000001	2.1374999999999997	1.5124999999999997	5.8375	8.0125	43.525	0.0	0.0	0.0	3903624.0	130118.09999999999	2.125	1.4999999999999998	5.725	7.9125	167.775
