concurrency	elapsed-w	errors-w	ops(total)-w	ops/sec(cum)-w	avg(ms)-w	p50(ms)-w	p95(ms)-w	p99(ms)-w	pMax(ms)-w	total-w	elapsed	errors	ops(total)	ops/sec(cum)	avg(ms)	p50(ms)	p95(ms)	p99(ms)	pMax(ms)
39	0.0	0.0	3898107.0	129934.1	2.1875	1.4999999999999998	6.374999999999999	8.3875	80.0875	0.0	0.0	0.0	3898107.0	129934.1	2.1875	1.4999999999999998	6.374999999999999	8.3875	80.0875
