concurrency	elapsed-w	errors-w	ops(total)-w	ops/sec(cum)-w	avg(ms)-w	p50(ms)-w	p95(ms)-w	p99(ms)-w	pMax(ms)-w	total-w	elapsed	errors	ops(total)	ops/sec(cum)	avg(ms)	p50(ms)	p95(ms)	p99(ms)	pMax(ms)
39	0.0	0.0	3451565.0	115049.9	2.5125	2.3625	6.424999999999999	8.5125	22.562499999999996	0.0	0.0	0.0	3451565.0	115049.9	2.5125	2.3625	6.424999999999999	8.5125	22.562499999999996
