concurrency	elapsed-r	errors-r	ops(total)-r	ops/sec(cum)-r	avg(ms)-r	p50(ms)-r	p95(ms)-r	p99(ms)-r	pMax(ms)-r	total-r	elapsed-w	errors-w	ops(total)-w	ops/sec(cum)-w	avg(ms)-w	p50(ms)-w	p95(ms)-w	p99(ms)-w	pMax(ms)-w	total-w	elapsed	errors	ops(total)	ops/sec(cum)	avg(ms)	p50(ms)	p95(ms)	p99(ms)	pMax(ms)
50	0.0	0.0	1928072.0	64266.7	5.1625000000000005	4.5625	12.287499999999998	19.5375	113.76249999999999	0.0	0.0	0.0	101797.0	3393.1000000000004	9.512500000000001	8.9	21.0	30.675	95.67499999999998	0.0	0.0	0.0	2029869.0	67659.7	5.4	4.675	13.099999999999998	20.85	117.4375
