concurrency	elapsed-r	errors-r	ops(total)-r	ops/sec(cum)-r	avg(ms)-r	p50(ms)-r	p95(ms)-r	p99(ms)-r	pMax(ms)-r	total-r	elapsed	errors	ops(total)	ops/sec(cum)	avg(ms)	p50(ms)	p95(ms)	p99(ms)	pMax(ms)
32	0.0	0.0	977706.0	32589.199999999997	7.775	7.1000000000000005	16.250000000000004	22.299999999999997	60.0125	0.0	0.0	0.0	977706.0	32589.199999999997	7.775	7.1000000000000005	16.250000000000004	22.299999999999997	60.0125
