concurrency	elapsed-r	errors-r	ops(total)-r	ops/sec(cum)-r	avg(ms)-r	p50(ms)-r	p95(ms)-r	p99(ms)-r	pMax(ms)-r	total-r	elapsed-w	errors-w	ops(total)-w	ops/sec(cum)-w	avg(ms)-w	p50(ms)-w	p95(ms)-w	p99(ms)-w	pMax(ms)-w	total-w	elapsed	errors	ops(total)	ops/sec(cum)	avg(ms)	p50(ms)	p95(ms)	p99(ms)	pMax(ms)
32	0.0	0.0	1269792.0	42325.0	5.1125	4.550000000000001	11.5	17.425	50.05	0.0	0.0	0.0	66548.0	2218.3	9.474999999999998	8.7	19.400000000000002	25.949999999999996	43.737500000000004	0.0	0.0	0.0	1336340.0	44543.2	5.3374999999999995	4.8	12.412499999999998	18.625000000000004	52.925000000000004
