concurrency	elapsed-r	errors-r	ops(total)-r	ops/sec(cum)-r	avg(ms)-r	p50(ms)-r	p95(ms)-r	p99(ms)-r	pMax(ms)-r	total-r	elapsed-w	errors-w	ops(total)-w	ops/sec(cum)-w	avg(ms)-w	p50(ms)-w	p95(ms)-w	p99(ms)-w	pMax(ms)-w	total-w	elapsed	errors	ops(total)	ops/sec(cum)	avg(ms)	p50(ms)	p95(ms)	p99(ms)	pMax(ms)
31	0.0	0.0	3332346.0	111076.0	1.8875	1.7500000000000002	3.1624999999999996	6.2124999999999995	27.924999999999997	0.0	0.0	0.0	175013.0	5833.6	2.0625	1.875	3.6374999999999997	6.55	22.0875	0.0	0.0	0.0	3507359.0	116909.70000000001	1.8875	1.7625000000000002	3.1875	6.2124999999999995	27.924999999999997
