concurrency	elapsed-r	errors-r	ops(total)-r	ops/sec(cum)-r	avg(ms)-r	p50(ms)-r	p95(ms)-r	p99(ms)-r	pMax(ms)-r	total-r	elapsed-w	errors-w	ops(total)-w	ops/sec(cum)-w	avg(ms)-w	p50(ms)-w	p95(ms)-w	p99(ms)-w	pMax(ms)-w	total-w	elapsed	errors	ops(total)	ops/sec(cum)	avg(ms)	p50(ms)	p95(ms)	p99(ms)	pMax(ms)
24	0.0	0.0	1689611.0	56319.5	1.0	0.9	1.2	4.5	13.266666666666666	0.0	0.0	0.0	89125.0	2970.8	1.7	1.6000000000000003	2.266666666666667	7.900000000000001	11.366666666666667	0.0	0.0	0.0	1778736.0	59290.4	1.0	0.9	1.6000000000000003	4.5	13.266666666666666
