concurrency	elapsed-r	errors-r	ops(total)-r	ops/sec(cum)-r	avg(ms)-r	p50(ms)-r	p95(ms)-r	p99(ms)-r	pMax(ms)-r	total-r	elapsed-w	errors-w	ops(total)-w	ops/sec(cum)-w	avg(ms)-w	p50(ms)-w	p95(ms)-w	p99(ms)-w	pMax(ms)-w	total-w	elapsed	errors	ops(total)	ops/sec(cum)	avg(ms)	p50(ms)	p95(ms)	p99(ms)	pMax(ms)
48	0.0	0.0	513895.0	17128.800000000003	13.7375	2.8124999999999996	72.875	285.2	620.7375000000001	0.0	0.0	0.0	27075.0	902.4	159.275	151.0	233.8375	431.99999999999994	738.2	0.0	0.0	0.0	540970.0	18031.300000000003	21.025	2.9375	159.4	285.2	738.2
