concurrency	elapsed-w	errors-w	ops(total)-w	ops/sec(cum)-w	avg(ms)-w	p50(ms)-w	p95(ms)-w	p99(ms)-w	pMax(ms)-w	total-w	elapsed	errors	ops(total)	ops/sec(cum)	avg(ms)	p50(ms)	p95(ms)	p99(ms)	pMax(ms)
15	0.0	0.0	3462261.0	115407.4	0.8500000000000001	0.8500000000000001	1.15	2.125	23.724999999999998	0.0	0.0	0.0	3462261.0	115407.4	0.8500000000000001	0.8500000000000001	1.15	2.125	23.724999999999998
