concurrency	elapsed-r	errors-r	ops(total)-r	ops/sec(cum)-r	avg(ms)-r	p50(ms)-r	p95(ms)-r	p99(ms)-r	pMax(ms)-r	total-r	elapsed-w	errors-w	ops(total)-w	ops/sec(cum)-w	avg(ms)-w	p50(ms)-w	p95(ms)-w	p99(ms)-w	pMax(ms)-w	total-w	elapsed	errors	ops(total)	ops/sec(cum)	avg(ms)	p50(ms)	p95(ms)	p99(ms)	pMax(ms)
48	0.0	0.0	3235339.0	107841.8	3.0749999999999997	2.7	5.687499999999999	15.462499999999999	57.4	0.0	0.0	0.0	170138.0	5671.0999999999985	3.375	3.0000000000000004	6.424999999999999	16.1125	47.037499999999994	0.0	0.0	0.0	3405477.0	113512.70000000001	3.0875	2.725	5.687499999999999	15.462499999999999	57.4
