concurrency	elapsed-r	errors-r	ops(total)-r	ops/sec(cum)-r	avg(ms)-r	p50(ms)-r	p95(ms)-r	p99(ms)-r	pMax(ms)-r	total-r	elapsed	errors	ops(total)	ops/sec(cum)	avg(ms)	p50(ms)	p95(ms)	p99(ms)	pMax(ms)
48	0.0	0.0	1300951.0	43363.700000000004	8.9125	7.699999999999999	19.675	30.962500000000002	66.8375	0.0	0.0	0.0	1300951.0	43363.700000000004	8.9125	7.699999999999999	19.675	30.962500000000002	66.8375
