concurrency	elapsed-r	errors-r	ops(total)-r	ops/sec(cum)-r	avg(ms)-r	p50(ms)-r	p95(ms)-r	p99(ms)-r	pMax(ms)-r	total-r	elapsed-w	errors-w	ops(total)-w	ops/sec(cum)-w	avg(ms)-w	p50(ms)-w	p95(ms)-w	p99(ms)-w	pMax(ms)-w	total-w	elapsed	errors	ops(total)	ops/sec(cum)	avg(ms)	p50(ms)	p95(ms)	p99(ms)	pMax(ms)
15	0.0	0.0	513957.0	17131.6	3.0749999999999997	2.15	7.875	10.8125	26.987499999999997	0.0	0.0	0.0	26979.0	899.3000000000001	70.0625	3.9250000000000003	352.30000000000007	388.00000000000006	434.0999999999999	0.0	0.0	0.0	540936.0	18030.7	6.425	2.25	8.3875	199.35	434.0999999999999
