concurrency	elapsed-r	errors-r	ops(total)-r	ops/sec(cum)-r	avg(ms)-r	p50(ms)-r	p95(ms)-r	p99(ms)-r	pMax(ms)-r	total-r	elapsed-w	errors-w	ops(total)-w	ops/sec(cum)-w	avg(ms)-w	p50(ms)-w	p95(ms)-w	p99(ms)-w	pMax(ms)-w	total-w	elapsed	errors	ops(total)	ops/sec(cum)	avg(ms)	p50(ms)	p95(ms)	p99(ms)	pMax(ms)
151	0.0	0.0	2761084.0	92030.3	5.3	4.433333333333334	12.866666666666667	21.833333333333332	256.90000000000003	0.0	0.0	0.0	145504.0	4849.799999999999	16.099999999999998	14.866666666666667	31.166666666666668	41.4	190.83333333333334	0.0	0.0	0.0	2906588.0	96880.1	5.833333333333333	4.566666666666666	16.5	26.933333333333337	257.96666666666664
