concurrency	elapsed-r	errors-r	ops(total)-r	ops/sec(cum)-r	avg(ms)-r	p50(ms)-r	p95(ms)-r	p99(ms)-r	pMax(ms)-r	total-r	elapsed-w	errors-w	ops(total)-w	ops/sec(cum)-w	avg(ms)-w	p50(ms)-w	p95(ms)-w	p99(ms)-w	pMax(ms)-w	total-w	elapsed	errors	ops(total)	ops/sec(cum)	avg(ms)	p50(ms)	p95(ms)	p99(ms)	pMax(ms)
46	0.0	0.0	2235180.0	49668.899999999994	2.8600000000000003	1.8	8.9	22.0	157.7	0.0	0.0	0.0	117325.0	2607.1000000000004	5.659999999999999	3.7400000000000007	20.119999999999997	42.32000000000001	104.06000000000002	0.0	0.0	0.0	2352505.0	52276.100000000006	3.0	1.8	9.4	23.1	165.26
