concurrency	elapsed-r	errors-r	ops(total)-r	ops/sec(cum)-r	avg(ms)-r	p50(ms)-r	p95(ms)-r	p99(ms)-r	pMax(ms)-r	total-r	elapsed-w	errors-w	ops(total)-w	ops/sec(cum)-w	avg(ms)-w	p50(ms)-w	p95(ms)-w	p99(ms)-w	pMax(ms)-w	total-w	elapsed	errors	ops(total)	ops/sec(cum)	avg(ms)	p50(ms)	p95(ms)	p99(ms)	pMax(ms)
47	0.0	0.0	1005227.0	33506.7	2.9	2.2	7.099999999999999	18.9	254.46666666666667	0.0	0.0	0.0	52649.0	1755.0000000000002	1.2	0.9	2.6333333333333333	7.066666666666666	76.2	0.0	0.0	0.0	1057876.0	35261.6	2.7999999999999994	2.1666666666666665	6.599999999999999	17.8	254.46666666666667
