concurrency	elapsed-w	errors-w	ops(total)-w	ops/sec(cum)-w	avg(ms)-w	p50(ms)-w	p95(ms)-w	p99(ms)-w	pMax(ms)-w	total-w	elapsed	errors	ops(total)	ops/sec(cum)	avg(ms)	p50(ms)	p95(ms)	p99(ms)	pMax(ms)
40	0.0	0.0	3470406.0	115677.4	2.5500000000000003	2.4375	5.0	7.65	24.400000000000002	0.0	0.0	0.0	3470406.0	115677.4	2.5500000000000003	2.4375	5.0	7.65	24.400000000000002
