concurrency	elapsed-r	errors-r	ops(total)-r	ops/sec(cum)-r	avg(ms)-r	p50(ms)-r	p95(ms)-r	p99(ms)-r	pMax(ms)-r	total-r	elapsed-w	errors-w	ops(total)-w	ops/sec(cum)-w	avg(ms)-w	p50(ms)-w	p95(ms)-w	p99(ms)-w	pMax(ms)-w	total-w	elapsed	errors	ops(total)	ops/sec(cum)	avg(ms)	p50(ms)	p95(ms)	p99(ms)	pMax(ms)
42	0.0	0.0	3163354.0	105443.1	2.8000000000000003	2.625	4.8	8.75	29.900000000000006	0.0	0.0	0.0	166312.0	5543.7	2.7625	2.6125000000000003	4.7875	8.6	20.4375	0.0	0.0	0.0	3329666.0	110986.6	2.8000000000000003	2.625	4.8	8.75	29.900000000000006
