concurrency	elapsed-r	errors-r	ops(total)-r	ops/sec(cum)-r	avg(ms)-r	p50(ms)-r	p95(ms)-r	p99(ms)-r	pMax(ms)-r	total-r	elapsed-w	errors-w	ops(total)-w	ops/sec(cum)-w	avg(ms)-w	p50(ms)-w	p95(ms)-w	p99(ms)-w	pMax(ms)-w	total-w	elapsed	errors	ops(total)	ops/sec(cum)	avg(ms)	p50(ms)	p95(ms)	p99(ms)	pMax(ms)
16	0.0	0.0	537359.0	17911.7	2.0	1.6000000000000003	3.9	13.799999999999999	155.23333333333335	0.0	0.0	0.0	28232.0	941.1	1.0666666666666667	0.8000000000000002	2.3333333333333335	5.766666666666667	29.03333333333333	0.0	0.0	0.0	565591.0	18852.800000000003	1.9666666666666668	1.5	3.9	13.433333333333332	155.23333333333335
