concurrency	elapsed-r	errors-r	ops(total)-r	ops/sec(cum)-r	avg(ms)-r	p50(ms)-r	p95(ms)-r	p99(ms)-r	pMax(ms)-r	total-r	elapsed-w	errors-w	ops(total)-w	ops/sec(cum)-w	avg(ms)-w	p50(ms)-w	p95(ms)-w	p99(ms)-w	pMax(ms)-w	total-w	elapsed	errors	ops(total)	ops/sec(cum)	avg(ms)	p50(ms)	p95(ms)	p99(ms)	pMax(ms)
39	0.0	0.0	4501484.0	150046.2	1.6500000000000001	1.4625	2.975	5.225	217.04999999999995	0.0	0.0	0.0	236381.0	7879.2	1.725	1.525	3.0999999999999996	5.924999999999999	119.92499999999998	0.0	0.0	0.0	4737865.0	157925.4	1.6500000000000001	1.4625	2.9875000000000003	5.2625	217.04999999999995
