concurrency	elapsed-r	errors-r	ops(total)-r	ops/sec(cum)-r	avg(ms)-r	p50(ms)-r	p95(ms)-r	p99(ms)-r	pMax(ms)-r	total-r	elapsed-w	errors-w	ops(total)-w	ops/sec(cum)-w	avg(ms)-w	p50(ms)-w	p95(ms)-w	p99(ms)-w	pMax(ms)-w	total-w	elapsed	errors	ops(total)	ops/sec(cum)	avg(ms)	p50(ms)	p95(ms)	p99(ms)	pMax(ms)
31	0.0	0.0	1131791.0	37725.0	5.3374999999999995	3.1875	12.599999999999998	58.175000000000004	346.0	0.0	0.0	0.0	59590.0	1986.3	16.9625	6.2	112.1875	188.70000000000002	406.84999999999997	0.0	0.0	0.0	1191381.0	39711.200000000004	5.925	3.275	13.349999999999998	82.32500000000002	406.84999999999997
