ops/sec(cum)	p50(ms)	p99(ms)	read_tp	read_p50	read_p99	write_tp	write_p50	write_p99
191302.18333333338	0.16658333333333333	0.5898333333333333	183384.58333333334	0.16583333333333333	0.5898333333333333	7916.6	0.16733333333333333	0.5891666666666666
