concurrency	elapsed-r	errors-r	ops(total)-r	ops/sec(cum)-r	avg(ms)-r	p50(ms)-r	p95(ms)-r	p99(ms)-r	pMax(ms)-r	total-r	elapsed-w	errors-w	ops(total)-w	ops/sec(cum)-w	avg(ms)-w	p50(ms)-w	p95(ms)-w	p99(ms)-w	pMax(ms)-w	total-w	elapsed	errors	ops(total)	ops/sec(cum)	avg(ms)	p50(ms)	p95(ms)	p99(ms)	pMax(ms)
120	0.0	0.0	2656828.0	88556.09999999999	7.0200000000000005	5.46	19.38	30.18	208.0	0.0	0.0	0.0	140047.0	4668.000000000001	23.12	21.54	46.120000000000005	60.620000000000005	210.56	0.0	0.0	0.0	2796875.0	93224.0	7.840000000000001	5.7	23.26	38.16	228.13999999999996
