concurrency	elapsed-r	errors-r	ops(total)-r	ops/sec(cum)-r	avg(ms)-r	p50(ms)-r	p95(ms)-r	p99(ms)-r	pMax(ms)-r	total-r	elapsed-w	errors-w	ops(total)-w	ops/sec(cum)-w	avg(ms)-w	p50(ms)-w	p95(ms)-w	p99(ms)-w	pMax(ms)-w	total-w	elapsed	errors	ops(total)	ops/sec(cum)	avg(ms)	p50(ms)	p95(ms)	p99(ms)	pMax(ms)
38	0.0	0.0	1930145.0	64336.600000000006	3.9	3.4000000000000004	9.15	14.637500000000001	46.1	0.0	0.0	0.0	101423.0	3380.7000000000003	7.175	6.624999999999999	15.65	22.55	46.362500000000004	0.0	0.0	0.0	2031568.0	67717.3	4.075	3.475	9.912500000000001	15.4	48.462500000000006
