concurrency	elapsed-r	errors-r	ops(total)-r	ops/sec(cum)-r	avg(ms)-r	p50(ms)-r	p95(ms)-r	p99(ms)-r	pMax(ms)-r	total-r	elapsed-w	errors-w	ops(total)-w	ops/sec(cum)-w	avg(ms)-w	p50(ms)-w	p95(ms)-w	p99(ms)-w	pMax(ms)-w	total-w	elapsed	errors	ops(total)	ops/sec(cum)	avg(ms)	p50(ms)	p95(ms)	p99(ms)	pMax(ms)
64	0.0	0.0	4230669.0	141018.2	2.02	1.7600000000000002	3.56	10.58	37.32	0.0	0.0	0.0	222278.0	7409.099999999999	4.179999999999999	3.66	9.42	14.719999999999999	33.34	0.0	0.0	0.0	4452947.0	148427.2	2.1399999999999997	1.7600000000000002	4.4799999999999995	10.879999999999999	38.8
