concurrency	elapsed-r	errors-r	ops(total)-r	ops/sec(cum)-r	avg(ms)-r	p50(ms)-r	p95(ms)-r	p99(ms)-r	pMax(ms)-r	total-r	elapsed-w	errors-w	ops(total)-w	ops/sec(cum)-w	avg(ms)-w	p50(ms)-w	p95(ms)-w	p99(ms)-w	pMax(ms)-w	total-w	elapsed	errors	ops(total)	ops/sec(cum)	avg(ms)	p50(ms)	p95(ms)	p99(ms)	pMax(ms)
127	0.0	0.0	2755242.0	91836.4	6.459999999999999	4.92	18.48	29.76	496.58000000000004	0.0	0.0	0.0	144786.0	4826.0	24.3	22.419999999999998	48.66	64.4	424.46000000000004	0.0	0.0	0.0	2900028.0	96662.3	7.359999999999999	5.08	22.660000000000004	41.08	513.38
