concurrency	elapsed-w	errors-w	ops(total)-w	ops/sec(cum)-w	avg(ms)-w	p50(ms)-w	p95(ms)-w	p99(ms)-w	pMax(ms)-w	total-w	elapsed	errors	ops(total)	ops/sec(cum)	avg(ms)	p50(ms)	p95(ms)	p99(ms)	pMax(ms)
42	0.0	0.0	3870695.0	129019.90000000001	2.3874999999999997	1.5	7.325	10.0	22.549999999999997	0.0	0.0	0.0	3870695.0	129019.90000000001	2.3874999999999997	1.5	7.325	10.0	22.549999999999997
