concurrency	elapsed-r	errors-r	ops(total)-r	ops/sec(cum)-r	avg(ms)-r	p50(ms)-r	p95(ms)-r	p99(ms)-r	pMax(ms)-r	total-r	elapsed-w	errors-w	ops(total)-w	ops/sec(cum)-w	avg(ms)-w	p50(ms)-w	p95(ms)-w	p99(ms)-w	pMax(ms)-w	total-w	elapsed	errors	ops(total)	ops/sec(cum)	avg(ms)	p50(ms)	p95(ms)	p99(ms)	pMax(ms)
147	0.0	0.0	4446474.0	148207.6	5.4	4.279999999999999	14.3	22.520000000000003	226.93999999999997	0.0	0.0	0.0	234584.0	7818.999999999999	13.6	12.46	28.419999999999998	39.199999999999996	193.38	0.0	0.0	0.0	4681058.0	156026.7	5.84	4.44	15.84	25.46	226.93999999999997
