concurrency	elapsed-r	errors-r	ops(total)-r	ops/sec(cum)-r	avg(ms)-r	p50(ms)-r	p95(ms)-r	p99(ms)-r	pMax(ms)-r	total-r	elapsed-w	errors-w	ops(total)-w	ops/sec(cum)-w	avg(ms)-w	p50(ms)-w	p95(ms)-w	p99(ms)-w	pMax(ms)-w	total-w	elapsed	errors	ops(total)	ops/sec(cum)	avg(ms)	p50(ms)	p95(ms)	p99(ms)	pMax(ms)
24	0.0	0.0	808587.0	26952.4	1.9333333333333333	1.8	3.8333333333333335	7.7	167.8	0.0	0.0	0.0	42390.0	1413.0	1.3	0.9	2.4333333333333336	5.933333333333334	29.366666666666664	0.0	0.0	0.0	850977.0	28365.300000000003	1.8999999999999997	1.7333333333333334	3.5666666666666664	7.599999999999999	167.8
