concurrency	elapsed-r	errors-r	ops(total)-r	ops/sec(cum)-r	avg(ms)-r	p50(ms)-r	p95(ms)-r	p99(ms)-r	pMax(ms)-r	total-r	elapsed-w	errors-w	ops(total)-w	ops/sec(cum)-w	avg(ms)-w	p50(ms)-w	p95(ms)-w	p99(ms)-w	pMax(ms)-w	total-w	elapsed	errors	ops(total)	ops/sec(cum)	avg(ms)	p50(ms)	p95(ms)	p99(ms)	pMax(ms)
120	0.0	0.0	4602940.0	153419.3	3.6	3.02	8.02	16.2	132.34	0.0	0.0	0.0	243074.0	8101.799999999999	10.34	9.399999999999999	20.779999999999998	28.0	104.85999999999999	0.0	0.0	0.0	4846014.0	161521.2	3.94	3.0799999999999996	10.94	18.46	134.23999999999998
