concurrency	elapsed-r	errors-r	ops(total)-r	ops/sec(cum)-r	avg(ms)-r	p50(ms)-r	p95(ms)-r	p99(ms)-r	pMax(ms)-r	total-r	elapsed-w	errors-w	ops(total)-w	ops/sec(cum)-w	avg(ms)-w	p50(ms)-w	p95(ms)-w	p99(ms)-w	pMax(ms)-w	total-w	elapsed	errors	ops(total)	ops/sec(cum)	avg(ms)	p50(ms)	p95(ms)	p99(ms)	pMax(ms)
23	0.0	0.0	3332098.0	111068.3	1.375	1.2875	1.9875000000000003	4.7625	118.10000000000001	0.0	0.0	0.0	175146.0	5838.2	1.375	1.2875	1.95	4.9	41.6	0.0	0.0	0.0	3507244.0	116906.40000000001	1.375	1.2875	1.9875000000000003	4.7625	140.51250000000002
