ops/sec(cum)	p50(ms)	p99(ms)	read_tp	read_p50	read_p99	write_tp	write_p50	write_p99
288182.05	0.20741666666666667	0.954	277396.75	0.207	0.954	10784.3	0.20783333333333331	0.968
