concurrency	elapsed-r	errors-r	ops(total)-r	ops/sec(cum)-r	avg(ms)-r	p50(ms)-r	p95(ms)-r	p99(ms)-r	pMax(ms)-r	total-r	elapsed-w	errors-w	ops(total)-w	ops/sec(cum)-w	avg(ms)-w	p50(ms)-w	p95(ms)-w	p99(ms)-w	pMax(ms)-w	total-w	elapsed	errors	ops(total)	ops/sec(cum)	avg(ms)	p50(ms)	p95(ms)	p99(ms)	pMax(ms)
144	0.0	0.0	4492197.0	149731.40000000002	4.9	3.96	13.0	20.66	156.66000000000003	0.0	0.0	0.0	236595.0	7886.1	12.2	10.84	26.72	36.38000000000001	140.92000000000002	0.0	0.0	0.0	4728792.0	157617.4	5.279999999999999	4.14	14.6	23.779999999999998	164.42000000000002
