concurrency	elapsed-w	errors-w	ops(total)-w	ops/sec(cum)-w	avg(ms)-w	p50(ms)-w	p95(ms)-w	p99(ms)-w	pMax(ms)-w	total-w	elapsed	errors	ops(total)	ops/sec(cum)	avg(ms)	p50(ms)	p95(ms)	p99(ms)	pMax(ms)
5	0.0	0.0	58479.0	1949.2999999999997	9.975	3.2750000000000004	45.05	52.4	60.27499999999999	0.0	0.0	0.0	58479.0	1949.2999999999997	9.975	3.2750000000000004	45.05	52.4	60.27499999999999
