ops/sec(cum)	p50(ms)	p99(ms)	read_tp	read_p50	read_p99	write_tp	write_p50	write_p99
265870.3833333333	0.27666666666666667	2.1333333333333333	252596.71666666667	0.27466666666666667	2.1333333333333333	13272.666666666666	0.2786666666666667	2.1736666666666666
