concurrency	elapsed-r	errors-r	ops(total)-r	ops/sec(cum)-r	avg(ms)-r	p50(ms)-r	p95(ms)-r	p99(ms)-r	pMax(ms)-r	total-r	elapsed-w	errors-w	ops(total)-w	ops/sec(cum)-w	avg(ms)-w	p50(ms)-w	p95(ms)-w	p99(ms)-w	pMax(ms)-w	total-w	elapsed	errors	ops(total)	ops/sec(cum)	avg(ms)	p50(ms)	p95(ms)	p99(ms)	pMax(ms)
19	0.0	0.0	952457.0	31747.9	1.7875	1.3625	4.55	6.524999999999999	101.4375	0.0	0.0	0.0	49847.0	1661.6	53.29999999999999	2.425	302.0	318.8	352.30000000000007	0.0	0.0	0.0	1002304.0	33409.4	4.375	1.3750000000000002	4.875	11.7375	352.30000000000007
