concurrency	elapsed-r	errors-r	ops(total)-r	ops/sec(cum)-r	avg(ms)-r	p50(ms)-r	p95(ms)-r	p99(ms)-r	pMax(ms)-r	total-r	elapsed-w	errors-w	ops(total)-w	ops/sec(cum)-w	avg(ms)-w	p50(ms)-w	p95(ms)-w	p99(ms)-w	pMax(ms)-w	total-w	elapsed	errors	ops(total)	ops/sec(cum)	avg(ms)	p50(ms)	p95(ms)	p99(ms)	pMax(ms)
31	0.0	0.0	1891842.0	63059.99999999999	3.2250000000000005	2.7250000000000005	8.125	13.499999999999998	144.7	0.0	0.0	0.0	99637.0	3321.2999999999997	6.4125000000000005	5.1875	14.175	31.849999999999998	488.6375	0.0	0.0	0.0	1991479.0	66381.0	3.4000000000000004	2.7750000000000004	8.5875	14.175	488.6375
