ops/sec(cum)	p50(ms)	p99(ms)	read_tp	read_p50	read_p99	write_tp	write_p50	write_p99
292895.8	0.24491666666666667	1.4516666666666667	282011.11666666664	0.24466666666666667	1.4516666666666667	10883.683333333334	0.24516666666666667	1.418
