concurrency	elapsed-r	errors-r	ops(total)-r	ops/sec(cum)-r	avg(ms)-r	p50(ms)-r	p95(ms)-r	p99(ms)-r	pMax(ms)-r	total-r	elapsed-w	errors-w	ops(total)-w	ops/sec(cum)-w	avg(ms)-w	p50(ms)-w	p95(ms)-w	p99(ms)-w	pMax(ms)-w	total-w	elapsed	errors	ops(total)	ops/sec(cum)	avg(ms)	p50(ms)	p95(ms)	p99(ms)	pMax(ms)
31	0.0	0.0	4267996.0	142264.1	1.4	1.125	3.2249999999999996	4.9	214.94999999999996	0.0	0.0	0.0	224570.0	7485.5	1.4749999999999999	1.15	3.3125	5.387499999999999	94.3625	0.0	0.0	0.0	4492566.0	149749.69999999998	1.4249999999999998	1.125	3.2249999999999996	4.9	214.94999999999996
