concurrency	elapsed-r	errors-r	ops(total)-r	ops/sec(cum)-r	avg(ms)-r	p50(ms)-r	p95(ms)-r	p99(ms)-r	pMax(ms)-r	total-r	elapsed	errors	ops(total)	ops/sec(cum)	avg(ms)	p50(ms)	p95(ms)	p99(ms)	pMax(ms)
39	0.0	0.0	1320014.0	43999.4	6.624999999999999	5.95	14.299999999999999	20.725	91.225	0.0	0.0	0.0	1320014.0	43999.4	6.624999999999999	5.95	14.299999999999999	20.725	91.225
