concurrency	elapsed-r	errors-r	ops(total)-r	ops/sec(cum)-r	avg(ms)-r	p50(ms)-r	p95(ms)-r	p99(ms)-r	pMax(ms)-r	total-r	elapsed-w	errors-w	ops(total)-w	ops/sec(cum)-w	avg(ms)-w	p50(ms)-w	p95(ms)-w	p99(ms)-w	pMax(ms)-w	total-w	elapsed	errors	ops(total)	ops/sec(cum)	avg(ms)	p50(ms)	p95(ms)	p99(ms)	pMax(ms)
11	0.0	0.0	677509.0	22583.3	2.95	2.625	5.8	9.1125	61.849999999999994	0.0	0.0	0.0	35610.0	1187.0	13.387500000000001	12.849999999999998	23.325	30.4125	63.1625	0.0	0.0	0.0	713119.0	23770.3	3.4875	2.675	9.112499999999999	18.625	69.72500000000001
