concurrency	elapsed-r	errors-r	ops(total)-r	ops/sec(cum)-r	avg(ms)-r	p50(ms)-r	p95(ms)-r	p99(ms)-r	pMax(ms)-r	total-r	elapsed-w	errors-w	ops(total)-w	ops/sec(cum)-w	avg(ms)-w	p50(ms)-w	p95(ms)-w	p99(ms)-w	pMax(ms)-w	total-w	elapsed	errors	ops(total)	ops/sec(cum)	avg(ms)	p50(ms)	p95(ms)	p99(ms)	pMax(ms)
64	0.0	0.0	519901.0	17329.300000000003	3.0	2.033333333333333	8.9	14.199999999999998	57.300000000000004	0.0	0.0	0.0	27131.0	904.3	120.96666666666665	3.9	704.6	738.2000000000002	771.7999999999998	0.0	0.0	0.0	547032.0	18233.6	8.9	2.1333333333333333	9.4	30.099999999999998	771.7999999999998
