concurrency	elapsed-r	errors-r	ops(total)-r	ops/sec(cum)-r	avg(ms)-r	p50(ms)-r	p95(ms)-r	p99(ms)-r	pMax(ms)-r	total-r	elapsed	errors	ops(total)	ops/sec(cum)	avg(ms)	p50(ms)	p95(ms)	p99(ms)	pMax(ms)
61	0.0	0.0	1531958.0	51063.299999999996	8.950000000000001	8.15	19.525000000000002	28.200000000000003	129.5	0.0	0.0	0.0	1531958.0	51063.299999999996	8.950000000000001	8.15	19.525000000000002	28.200000000000003	129.5
