concurrency	elapsed-r	errors-r	ops(total)-r	ops/sec(cum)-r	avg(ms)-r	p50(ms)-r	p95(ms)-r	p99(ms)-r	pMax(ms)-r	total-r	elapsed-w	errors-w	ops(total)-w	ops/sec(cum)-w	avg(ms)-w	p50(ms)-w	p95(ms)-w	p99(ms)-w	pMax(ms)-w	total-w	elapsed	errors	ops(total)	ops/sec(cum)	avg(ms)	p50(ms)	p95(ms)	p99(ms)	pMax(ms)
31	0.0	0.0	1885624.0	62852.7	3.25	2.7875	8.0	13.162499999999998	42.1875	0.0	0.0	0.0	99491.0	3316.2999999999997	6.1875	5.3875	14.2375	24.25	114.8	0.0	0.0	0.0	1985115.0	66168.90000000001	3.3749999999999996	2.825	8.65	13.837499999999999	114.8
