concurrency	elapsed-r	errors-r	ops(total)-r	ops/sec(cum)-r	avg(ms)-r	p50(ms)-r	p95(ms)-r	p99(ms)-r	pMax(ms)-r	total-r	elapsed-w	errors-w	ops(total)-w	ops/sec(cum)-w	avg(ms)-w	p50(ms)-w	p95(ms)-w	p99(ms)-w	pMax(ms)-w	total-w	elapsed	errors	ops(total)	ops/sec(cum)	avg(ms)	p50(ms)	p95(ms)	p99(ms)	pMax(ms)
28	0.0	0.0	3304191.0	110137.8	1.7125000000000001	1.5749999999999997	2.9625000000000004	5.85	95.81250000000001	0.0	0.0	0.0	174056.0	5801.8	1.9	1.7500000000000002	3.3	6.1375	18.4125	0.0	0.0	0.0	3478247.0	115939.6	1.725	1.5749999999999997	2.9750000000000005	5.887499999999999	95.81250000000001
