concurrency	elapsed-r	errors-r	ops(total)-r	ops/sec(cum)-r	avg(ms)-r	p50(ms)-r	p95(ms)-r	p99(ms)-r	pMax(ms)-r	total-r	elapsed-w	errors-w	ops(total)-w	ops/sec(cum)-w	avg(ms)-w	p50(ms)-w	p95(ms)-w	p99(ms)-w	pMax(ms)-w	total-w	elapsed	errors	ops(total)	ops/sec(cum)	avg(ms)	p50(ms)	p95(ms)	p99(ms)	pMax(ms)
120	0.0	0.0	4356353.0	145200.8	4.36	3.56	10.499999999999998	18.7	125.2	0.0	0.0	0.0	228867.0	7628.3	10.54	9.279999999999998	22.400000000000002	31.139999999999997	102.54	0.0	0.0	0.0	4585220.0	152829.0	4.64	3.6799999999999997	12.52	20.46	126.88
