concurrency	elapsed-w	errors-w	ops(total)-w	ops/sec(cum)-w	avg(ms)-w	p50(ms)-w	p95(ms)-w	p99(ms)-w	pMax(ms)-w	total-w	elapsed	errors	ops(total)	ops/sec(cum)	avg(ms)	p50(ms)	p95(ms)	p99(ms)	pMax(ms)
11	0.0	0.0	3186919.0	106229.6	0.675	0.7000000000000001	0.8750000000000001	1.5624999999999998	20.650000000000002	0.0	0.0	0.0	3186919.0	106229.6	0.675	0.7000000000000001	0.8750000000000001	1.5624999999999998	20.650000000000002
