concurrency	elapsed-r	errors-r	ops(total)-r	ops/sec(cum)-r	avg(ms)-r	p50(ms)-r	p95(ms)-r	p99(ms)-r	pMax(ms)-r	total-r	elapsed-w	errors-w	ops(total)-w	ops/sec(cum)-w	avg(ms)-w	p50(ms)-w	p95(ms)-w	p99(ms)-w	pMax(ms)-w	total-w	elapsed	errors	ops(total)	ops/sec(cum)	avg(ms)	p50(ms)	p95(ms)	p99(ms)	pMax(ms)
48	0.0	0.0	4054554.0	135148.5	2.4250000000000003	1.6	6.9	10.225	217.04999999999995	0.0	0.0	0.0	212919.0	7097.0	2.4625	1.625	6.925	10.2875	92.92500000000001	0.0	0.0	0.0	4267473.0	142245.59999999998	2.4250000000000003	1.6	6.9	10.225	217.04999999999995
