concurrency	elapsed-r	errors-r	ops(total)-r	ops/sec(cum)-r	avg(ms)-r	p50(ms)-r	p95(ms)-r	p99(ms)-r	pMax(ms)-r	total-r	elapsed-w	errors-w	ops(total)-w	ops/sec(cum)-w	avg(ms)-w	p50(ms)-w	p95(ms)-w	p99(ms)-w	pMax(ms)-w	total-w	elapsed	errors	ops(total)	ops/sec(cum)	avg(ms)	p50(ms)	p95(ms)	p99(ms)	pMax(ms)
16	0.0	0.0	736202.0	24539.6	1.8375000000000001	1.3750000000000002	4.025	5.45	32.512499999999996	0.0	0.0	0.0	38655.0	1288.3999999999999	60.300000000000004	2.45	201.29999999999998	209.70000000000002	227.55	0.0	0.0	0.0	774857.0	25828.1	4.762499999999999	1.3875000000000002	4.375	184.5	227.55
