ops/sec(cum)	p50(ms)	p99(ms)	read_tp	read_p50	read_p99	write_tp	write_p50	write_p99
247812.61666666664	0.31616666666666665	2.647333333333333	235433.16666666666	0.31433333333333335	2.647333333333333	12378.449999999999	0.318	2.7103333333333333
