concurrency	elapsed-r	errors-r	ops(total)-r	ops/sec(cum)-r	avg(ms)-r	p50(ms)-r	p95(ms)-r	p99(ms)-r	pMax(ms)-r	total-r	elapsed	errors	ops(total)	ops/sec(cum)	avg(ms)	p50(ms)	p95(ms)	p99(ms)	pMax(ms)
20	0.0	0.0	1345300.0	44842.600000000006	1.625	1.5250000000000001	2.55	4.725	18.2	0.0	0.0	0.0	1345300.0	44842.600000000006	1.625	1.5250000000000001	2.55	4.725	18.2
