concurrency	elapsed-w	errors-w	ops(total)-w	ops/sec(cum)-w	avg(ms)-w	p50(ms)-w	p95(ms)-w	p99(ms)-w	pMax(ms)-w	total-w	elapsed	errors	ops(total)	ops/sec(cum)	avg(ms)	p50(ms)	p95(ms)	p99(ms)	pMax(ms)
9	0.0	0.0	26405.0	880.1999999999999	40.5	4.025	109.1	115.30000000000001	122.64999999999999	0.0	0.0	0.0	26405.0	880.1999999999999	40.5	4.025	109.1	115.30000000000001	122.64999999999999
