concurrency	elapsed-r	errors-r	ops(total)-r	ops/sec(cum)-r	avg(ms)-r	p50(ms)-r	p95(ms)-r	p99(ms)-r	pMax(ms)-r	total-r	elapsed-w	errors-w	ops(total)-w	ops/sec(cum)-w	avg(ms)-w	p50(ms)-w	p95(ms)-w	p99(ms)-w	pMax(ms)-w	total-w	elapsed	errors	ops(total)	ops/sec(cum)	avg(ms)	p50(ms)	p95(ms)	p99(ms)	pMax(ms)
64	0.0	0.0	2732478.0	91079.29999999999	3.7600000000000002	3.2600000000000002	8.26	17.22	86.17999999999999	0.0	0.0	0.0	144129.0	4804.099999999999	8.02	7.159999999999999	17.080000000000002	24.560000000000002	59.14	0.0	0.0	0.0	2876607.0	95883.59999999999	3.9799999999999995	3.2600000000000002	9.4	17.919999999999998	86.17999999999999
