concurrency	elapsed-r	errors-r	ops(total)-r	ops/sec(cum)-r	avg(ms)-r	p50(ms)-r	p95(ms)-r	p99(ms)-r	pMax(ms)-r	total-r	elapsed-w	errors-w	ops(total)-w	ops/sec(cum)-w	avg(ms)-w	p50(ms)-w	p95(ms)-w	p99(ms)-w	pMax(ms)-w	total-w	elapsed	errors	ops(total)	ops/sec(cum)	avg(ms)	p50(ms)	p95(ms)	p99(ms)	pMax(ms)
104	0.0	0.0	4529445.0	150973.1	3.2	2.62	7.040000000000001	14.719999999999999	91.0	0.0	0.0	0.0	237983.0	7932.4	8.48	7.480000000000001	17.859999999999996	25.359999999999996	76.96	0.0	0.0	0.0	4767428.0	158905.4	3.44	2.7199999999999998	9.2	16.479999999999997	91.42
