concurrency	elapsed-r	errors-r	ops(total)-r	ops/sec(cum)-r	avg(ms)-r	p50(ms)-r	p95(ms)-r	p99(ms)-r	pMax(ms)-r	total-r	elapsed-w	errors-w	ops(total)-w	ops/sec(cum)-w	avg(ms)-w	p50(ms)-w	p95(ms)-w	p99(ms)-w	pMax(ms)-w	total-w	elapsed	errors	ops(total)	ops/sec(cum)	avg(ms)	p50(ms)	p95(ms)	p99(ms)	pMax(ms)
27	0.0	0.0	1147849.0	38260.299999999996	4.6625000000000005	3.15	11.45	29.900000000000002	190.8125	0.0	0.0	0.0	60210.0	2007.0	12.9375	6.0875	73.925	127.89999999999999	209.6875	0.0	0.0	0.0	1208059.0	40267.2	5.0625	3.275	12.149999999999999	46.625	212.8375
