concurrency	elapsed-r	errors-r	ops(total)-r	ops/sec(cum)-r	avg(ms)-r	p50(ms)-r	p95(ms)-r	p99(ms)-r	pMax(ms)-r	total-r	elapsed-w	errors-w	ops(total)-w	ops/sec(cum)-w	avg(ms)-w	p50(ms)-w	p95(ms)-w	p99(ms)-w	pMax(ms)-w	total-w	elapsed	errors	ops(total)	ops/sec(cum)	avg(ms)	p50(ms)	p95(ms)	p99(ms)	pMax(ms)
15	0.0	0.0	1422576.0	47418.5	2.2125	2.0125	4.425	5.175000000000001	21.7625	0.0	0.0	0.0	74872.0	2495.7000000000003	2.2125	2.0125	4.175	5.1625	12.525	0.0	0.0	0.0	1497448.0	49914.1	2.2125	2.0125	4.387499999999999	5.175000000000001	21.7625
