concurrency	elapsed-r	errors-r	ops(total)-r	ops/sec(cum)-r	avg(ms)-r	p50(ms)-r	p95(ms)-r	p99(ms)-r	pMax(ms)-r	total-r	elapsed-w	errors-w	ops(total)-w	ops/sec(cum)-w	avg(ms)-w	p50(ms)-w	p95(ms)-w	p99(ms)-w	pMax(ms)-w	total-w	elapsed	errors	ops(total)	ops/sec(cum)	avg(ms)	p50(ms)	p95(ms)	p99(ms)	pMax(ms)
130	0.0	0.0	2879336.0	95970.7	6.180000000000001	4.680000000000001	16.9	28.9	429.48	0.0	0.0	0.0	151527.0	5050.700000000001	21.18	18.880000000000003	46.56	64.17999999999999	348.96000000000004	0.0	0.0	0.0	3030863.0	101021.3	6.9	4.8	21.419999999999998	36.9	432.84
