concurrency	elapsed-r	errors-r	ops(total)-r	ops/sec(cum)-r	avg(ms)-r	p50(ms)-r	p95(ms)-r	p99(ms)-r	pMax(ms)-r	total-r	elapsed-w	errors-w	ops(total)-w	ops/sec(cum)-w	avg(ms)-w	p50(ms)-w	p95(ms)-w	p99(ms)-w	pMax(ms)-w	total-w	elapsed	errors	ops(total)	ops/sec(cum)	avg(ms)	p50(ms)	p95(ms)	p99(ms)	pMax(ms)
48	0.0	0.0	3061654.0	102052.40000000001	3.1125	2.8625000000000003	5.475	9.7375	55.4375	0.0	0.0	0.0	161868.0	5395.5	3.3875	3.0000000000000004	7.574999999999999	11.612499999999999	31.587499999999995	0.0	0.0	0.0	3223522.0	107448.09999999999	3.1374999999999997	2.8625000000000003	5.5	9.775	55.4375
