concurrency	elapsed-r	errors-r	ops(total)-r	ops/sec(cum)-r	avg(ms)-r	p50(ms)-r	p95(ms)-r	p99(ms)-r	pMax(ms)-r	total-r	elapsed-w	errors-w	ops(total)-w	ops/sec(cum)-w	avg(ms)-w	p50(ms)-w	p95(ms)-w	p99(ms)-w	pMax(ms)-w	total-w	elapsed	errors	ops(total)	ops/sec(cum)	avg(ms)	p50(ms)	p95(ms)	p99(ms)	pMax(ms)
51	0.0	0.0	3354110.0	111800.8	3.2125	3.1	6.574999999999999	10.2875	28.4625	0.0	0.0	0.0	177260.0	5908.4	3.2249999999999996	3.1	6.624999999999999	10.2875	19.925	0.0	0.0	0.0	3531370.0	117709.1	3.2125	3.1	6.574999999999999	10.2875	28.4625
