concurrency	elapsed-r	errors-r	ops(total)-r	ops/sec(cum)-r	avg(ms)-r	p50(ms)-r	p95(ms)-r	p99(ms)-r	pMax(ms)-r	total-r	elapsed	errors	ops(total)	ops/sec(cum)	avg(ms)	p50(ms)	p95(ms)	p99(ms)	pMax(ms)
23	0.0	0.0	1361894.0	45395.7	3.8750000000000004	3.5999999999999996	7.425	11.124999999999998	27.925	0.0	0.0	0.0	1361894.0	45395.7	3.8750000000000004	3.5999999999999996	7.425	11.124999999999998	27.925
