concurrency	elapsed-r	errors-r	ops(total)-r	ops/sec(cum)-r	avg(ms)-r	p50(ms)-r	p95(ms)-r	p99(ms)-r	pMax(ms)-r	total-r	elapsed	errors	ops(total)	ops/sec(cum)	avg(ms)	p50(ms)	p95(ms)	p99(ms)	pMax(ms)
14	0.0	0.0	1010510.0	33683.0	3.125	2.975	5.487500000000001	7.362500000000001	20.3125	0.0	0.0	0.0	1010510.0	33683.0	3.125	2.975	5.487500000000001	7.362500000000001	20.3125
