ops/sec(cum)	p50(ms)	p99(ms)	read_tp	read_p50	read_p99	write_tp	write_p50	write_p99
295879.68333333335	0.28833333333333333	2.1833333333333336	281108.2	0.2866666666666667	2.1833333333333336	14770.483333333334	0.29	2.2296666666666667
