concurrency	elapsed-r	errors-r	ops(total)-r	ops/sec(cum)-r	avg(ms)-r	p50(ms)-r	p95(ms)-r	p99(ms)-r	pMax(ms)-r	total-r	elapsed-w	errors-w	ops(total)-w	ops/sec(cum)-w	avg(ms)-w	p50(ms)-w	p95(ms)-w	p99(ms)-w	pMax(ms)-w	total-w	elapsed	errors	ops(total)	ops/sec(cum)	avg(ms)	p50(ms)	p95(ms)	p99(ms)	pMax(ms)
8	0.0	0.0	583494.0	19449.6	1.6199999999999999	1.4	3.72	7.540000000000001	26.860000000000003	0.0	0.0	0.0	30800.0	1026.7	2.62	2.24	6.539999999999999	13.0	27.479999999999997	0.0	0.0	0.0	614294.0	20476.2	1.6800000000000002	1.4	3.8	8.02	28.320000000000004
