ops/sec(cum)	p50(ms)	p99(ms)	read_tp	read_p50	read_p99	write_tp	write_p50	write_p99
265329.4333333334	0.22007142857142858	0.8598571428571429	253957.10000000003	0.21985714285714286	0.8598571428571429	11371.333333333334	0.22028571428571428	0.8525714285714285
