concurrency	elapsed-r	errors-r	ops(total)-r	ops/sec(cum)-r	avg(ms)-r	p50(ms)-r	p95(ms)-r	p99(ms)-r	pMax(ms)-r	total-r	elapsed-w	errors-w	ops(total)-w	ops/sec(cum)-w	avg(ms)-w	p50(ms)-w	p95(ms)-w	p99(ms)-w	pMax(ms)-w	total-w	elapsed	errors	ops(total)	ops/sec(cum)	avg(ms)	p50(ms)	p95(ms)	p99(ms)	pMax(ms)
25	0.0	0.0	1249375.0	41645.0	4.225	4.275	8.4125	10.0	56.875	0.0	0.0	0.0	65608.0	2186.9999999999995	7.137499999999999	5.7125	14.5125	61.0625	105.41250000000001	0.0	0.0	0.0	1314983.0	43832.0	4.3999999999999995	4.4625	8.65	10.625	105.41250000000001
