concurrency	elapsed-r	errors-r	ops(total)-r	ops/sec(cum)-r	avg(ms)-r	p50(ms)-r	p95(ms)-r	p99(ms)-r	pMax(ms)-r	total-r	elapsed-w	errors-w	ops(total)-w	ops/sec(cum)-w	avg(ms)-w	p50(ms)-w	p95(ms)-w	p99(ms)-w	pMax(ms)-w	total-w	elapsed	errors	ops(total)	ops/sec(cum)	avg(ms)	p50(ms)	p95(ms)	p99(ms)	pMax(ms)
39	0.0	0.0	2053733.0	45637.600000000006	2.1	1.5	5.5	13.2	59.959999999999994	0.0	0.0	0.0	107841.0	2396.5	23.58	2.8	177.85999999999999	221.45999999999998	305.36	0.0	0.0	0.0	2161574.0	48034.100000000006	3.1799999999999997	1.5599999999999998	6.0	20.56	305.36
