concurrency	elapsed-r	errors-r	ops(total)-r	ops/sec(cum)-r	avg(ms)-r	p50(ms)-r	p95(ms)-r	p99(ms)-r	pMax(ms)-r	total-r	elapsed-w	errors-w	ops(total)-w	ops/sec(cum)-w	avg(ms)-w	p50(ms)-w	p95(ms)-w	p99(ms)-w	pMax(ms)-w	total-w	elapsed	errors	ops(total)	ops/sec(cum)	avg(ms)	p50(ms)	p95(ms)	p99(ms)	pMax(ms)
48	0.0	0.0	1806479.0	60214.1	5.337500000000001	4.2875	13.549999999999997	21.625	91.7625	0.0	0.0	0.0	95433.0	3180.9999999999995	10.475	8.4375	25.837500000000002	37.45	95.4375	0.0	0.0	0.0	1901912.0	63395.0	5.6125	4.4125000000000005	14.637500000000001	23.599999999999998	106.97500000000001
