concurrency	elapsed-r	errors-r	ops(total)-r	ops/sec(cum)-r	avg(ms)-r	p50(ms)-r	p95(ms)-r	p99(ms)-r	pMax(ms)-r	total-r	elapsed-w	errors-w	ops(total)-w	ops/sec(cum)-w	avg(ms)-w	p50(ms)-w	p95(ms)-w	p99(ms)-w	pMax(ms)-w	total-w	elapsed	errors	ops(total)	ops/sec(cum)	avg(ms)	p50(ms)	p95(ms)	p99(ms)	pMax(ms)
51	0.0	0.0	1923753.0	64123.00000000001	5.324999999999999	4.55	12.974999999999998	20.975	67.10000000000001	0.0	0.0	0.0	101473.0	3382.5	10.012500000000001	8.7625	22.287499999999998	38.0	206.5625	0.0	0.0	0.0	2025226.0	67505.4	5.55	4.699999999999999	13.837499999999999	22.162499999999998	206.5625
