concurrency	elapsed-r	errors-r	ops(total)-r	ops/sec(cum)-r	avg(ms)-r	p50(ms)-r	p95(ms)-r	p99(ms)-r	pMax(ms)-r	total-r	elapsed-w	errors-w	ops(total)-w	ops/sec(cum)-w	avg(ms)-w	p50(ms)-w	p95(ms)-w	p99(ms)-w	pMax(ms)-w	total-w	elapsed	errors	ops(total)	ops/sec(cum)	avg(ms)	p50(ms)	p95(ms)	p99(ms)	pMax(ms)
46	0.0	0.0	1942756.0	64756.5	4.7375	4.0249999999999995	11.375	18.625000000000004	57.64999999999999	0.0	0.0	0.0	101628.0	3387.6	8.65	7.9125	19.275000000000002	28.437500000000007	131.5875	0.0	0.0	0.0	2044384.0	68144.0	4.9375	4.2	12.099999999999998	19.525000000000002	131.5875
