concurrency	elapsed-r	errors-r	ops(total)-r	ops/sec(cum)-r	avg(ms)-r	p50(ms)-r	p95(ms)-r	p99(ms)-r	pMax(ms)-r	total-r	elapsed-w	errors-w	ops(total)-w	ops/sec(cum)-w	avg(ms)-w	p50(ms)-w	p95(ms)-w	p99(ms)-w	pMax(ms)-w	total-w	elapsed	errors	ops(total)	ops/sec(cum)	avg(ms)	p50(ms)	p95(ms)	p99(ms)	pMax(ms)
48	0.0	0.0	195988.0	6532.700000000001	48.599999999999994	3.075	316.6875	650.0999999999999	1317.0375000000001	0.0	0.0	0.0	10280.0	342.70000000000005	190.1	25.712499999999995	801.125	1275.1000000000001	2424.2999999999997	0.0	0.0	0.0	206268.0	6875.3	55.662499999999994	3.212500000000001	348.1	725.6000000000001	2424.2999999999997
