concurrency	elapsed-r	errors-r	ops(total)-r	ops/sec(cum)-r	avg(ms)-r	p50(ms)-r	p95(ms)-r	p99(ms)-r	pMax(ms)-r	total-r	elapsed-w	errors-w	ops(total)-w	ops/sec(cum)-w	avg(ms)-w	p50(ms)-w	p95(ms)-w	p99(ms)-w	pMax(ms)-w	total-w	elapsed	errors	ops(total)	ops/sec(cum)	avg(ms)	p50(ms)	p95(ms)	p99(ms)	pMax(ms)
70	0.0	0.0	1939683.0	64653.299999999996	7.2125	6.2	17.8	27.550000000000004	198.15	0.0	0.0	0.0	102040.0	3401.2	13.849999999999998	12.849999999999998	30.9375	42.68749999999999	143.125	0.0	0.0	0.0	2041723.0	68054.29999999999	7.574999999999998	6.387499999999999	19.150000000000002	29.512500000000003	205.4875
