concurrency	elapsed-r	errors-r	ops(total)-r	ops/sec(cum)-r	avg(ms)-r	p50(ms)-r	p95(ms)-r	p99(ms)-r	pMax(ms)-r	total-r	elapsed	errors	ops(total)	ops/sec(cum)	avg(ms)	p50(ms)	p95(ms)	p99(ms)	pMax(ms)
38	0.0	0.0	1560056.0	52000.700000000004	5.425000000000001	4.925000000000001	11.799999999999999	17.175	73.65	0.0	0.0	0.0	1560056.0	52000.700000000004	5.425000000000001	4.925000000000001	11.799999999999999	17.175	73.65
