concurrency	elapsed-r	errors-r	ops(total)-r	ops/sec(cum)-r	avg(ms)-r	p50(ms)-r	p95(ms)-r	p99(ms)-r	pMax(ms)-r	total-r	elapsed-w	errors-w	ops(total)-w	ops/sec(cum)-w	avg(ms)-w	p50(ms)-w	p95(ms)-w	p99(ms)-w	pMax(ms)-w	total-w	elapsed	errors	ops(total)	ops/sec(cum)	avg(ms)	p50(ms)	p95(ms)	p99(ms)	pMax(ms)
26	0.0	0.0	2971091.0	99034.90000000001	1.725	1.6125	2.9750000000000005	5.625	23.9875	0.0	0.0	0.0	155856.0	5195.099999999999	1.9249999999999998	1.6625	4.75	7.1499999999999995	18.1625	0.0	0.0	0.0	3126947.0	104229.9	1.7500000000000002	1.6125	3.1125	5.925	23.9875
