concurrency	elapsed-r	errors-r	ops(total)-r	ops/sec(cum)-r	avg(ms)-r	p50(ms)-r	p95(ms)-r	p99(ms)-r	pMax(ms)-r	total-r	elapsed-w	errors-w	ops(total)-w	ops/sec(cum)-w	avg(ms)-w	p50(ms)-w	p95(ms)-w	p99(ms)-w	pMax(ms)-w	total-w	elapsed	errors	ops(total)	ops/sec(cum)	avg(ms)	p50(ms)	p95(ms)	p99(ms)	pMax(ms)
128	0.0	0.0	2846585.0	94879.79999999999	6.32	5.08	16.860000000000003	27.660000000000004	446.26000000000005	0.0	0.0	0.0	150314.0	5010.199999999999	22.4	20.54	45.3	59.98	411.87999999999994	0.0	0.0	0.0	2996899.0	99889.90000000001	7.1	5.26	21.4	36.260000000000005	446.26000000000005
