concurrency	elapsed-r	errors-r	ops(total)-r	ops/sec(cum)-r	avg(ms)-r	p50(ms)-r	p95(ms)-r	p99(ms)-r	pMax(ms)-r	total-r	elapsed-w	errors-w	ops(total)-w	ops/sec(cum)-w	avg(ms)-w	p50(ms)-w	p95(ms)-w	p99(ms)-w	pMax(ms)-w	total-w	elapsed	errors	ops(total)	ops/sec(cum)	avg(ms)	p50(ms)	p95(ms)	p99(ms)	pMax(ms)
88	0.0	0.0	4492402.0	149739.8	2.6800000000000006	2.2600000000000002	5.38	12.48	72.14000000000001	0.0	0.0	0.0	236081.0	7869.0	6.4399999999999995	5.840000000000001	13.7	19.5	72.16	0.0	0.0	0.0	4728483.0	157608.69999999998	2.86	2.34	6.720000000000001	13.1	88.5
