concurrency	elapsed-r	errors-r	ops(total)-r	ops/sec(cum)-r	avg(ms)-r	p50(ms)-r	p95(ms)-r	p99(ms)-r	pMax(ms)-r	total-r	elapsed-w	errors-w	ops(total)-w	ops/sec(cum)-w	avg(ms)-w	p50(ms)-w	p95(ms)-w	p99(ms)-w	pMax(ms)-w	total-w	elapsed	errors	ops(total)	ops/sec(cum)	avg(ms)	p50(ms)	p95(ms)	p99(ms)	pMax(ms)
35	0.0	0.0	3358233.0	111938.0	2.1374999999999997	1.95	3.5625000000000004	7.262500000000001	58.099999999999994	0.0	0.0	0.0	175878.0	5862.4	2.275	2.125	3.8375000000000004	7.6	55.075	0.0	0.0	0.0	3534111.0	117800.49999999999	2.15	1.95	3.5625000000000004	7.262500000000001	58.099999999999994
