concurrency	elapsed-r	errors-r	ops(total)-r	ops/sec(cum)-r	avg(ms)-r	p50(ms)-r	p95(ms)-r	p99(ms)-r	pMax(ms)-r	total-r	elapsed-w	errors-w	ops(total)-w	ops/sec(cum)-w	avg(ms)-w	p50(ms)-w	p95(ms)-w	p99(ms)-w	pMax(ms)-w	total-w	elapsed	errors	ops(total)	ops/sec(cum)	avg(ms)	p50(ms)	p95(ms)	p99(ms)	pMax(ms)
64	0.0	0.0	1948980.0	64962.700000000004	6.562499999999999	5.775	15.325000000000001	23.849999999999998	75.5	0.0	0.0	0.0	102438.0	3414.2999999999997	12.1	11.375	26.474999999999998	37.699999999999996	73.4	0.0	0.0	0.0	2051418.0	68377.0	6.8374999999999995	5.9875	16.4875	25.449999999999996	79.175
