concurrency	elapsed-r	errors-r	ops(total)-r	ops/sec(cum)-r	avg(ms)-r	p50(ms)-r	p95(ms)-r	p99(ms)-r	pMax(ms)-r	total-r	elapsed-w	errors-w	ops(total)-w	ops/sec(cum)-w	avg(ms)-w	p50(ms)-w	p95(ms)-w	p99(ms)-w	pMax(ms)-w	total-w	elapsed	errors	ops(total)	ops/sec(cum)	avg(ms)	p50(ms)	p95(ms)	p99(ms)	pMax(ms)
129	0.0	0.0	2801704.0	93384.2	6.5200000000000005	4.959999999999999	17.84	29.74	481.48	0.0	0.0	0.0	147511.0	4916.7	22.220000000000002	20.34	44.88	60.42	401.82	0.0	0.0	0.0	2949215.0	98301.09999999999	7.3	5.12	21.639999999999997	37.72	485.68
