concurrency	elapsed-r	errors-r	ops(total)-r	ops/sec(cum)-r	avg(ms)-r	p50(ms)-r	p95(ms)-r	p99(ms)-r	pMax(ms)-r	total-r	elapsed-w	errors-w	ops(total)-w	ops/sec(cum)-w	avg(ms)-w	p50(ms)-w	p95(ms)-w	p99(ms)-w	pMax(ms)-w	total-w	elapsed	errors	ops(total)	ops/sec(cum)	avg(ms)	p50(ms)	p95(ms)	p99(ms)	pMax(ms)
15	0.0	0.0	655589.0	21852.399999999998	3.4625000000000004	2.45	6.549999999999999	34.65	116.38749999999999	0.0	0.0	0.0	34573.0	1152.5	33.9	34.112500000000004	48.199999999999996	66.575	140.5	0.0	0.0	0.0	690162.0	23004.900000000005	4.9875	2.5000000000000004	28.187500000000007	47.412499999999994	140.5
