concurrency	elapsed-w	errors-w	ops(total)-w	ops/sec(cum)-w	avg(ms)-w	p50(ms)-w	p95(ms)-w	p99(ms)-w	pMax(ms)-w	total-w	elapsed	errors	ops(total)	ops/sec(cum)	avg(ms)	p50(ms)	p95(ms)	p99(ms)	pMax(ms)
41	0.0	0.0	3504578.0	116816.59999999998	2.5625000000000004	2.5000000000000004	4.925	7.65	24.375	0.0	0.0	0.0	3504578.0	116816.59999999998	2.5625000000000004	2.5000000000000004	4.925	7.65	24.375
