concurrency	elapsed-r	errors-r	ops(total)-r	ops/sec(cum)-r	avg(ms)-r	p50(ms)-r	p95(ms)-r	p99(ms)-r	pMax(ms)-r	total-r	elapsed-w	errors-w	ops(total)-w	ops/sec(cum)-w	avg(ms)-w	p50(ms)-w	p95(ms)-w	p99(ms)-w	pMax(ms)-w	total-w	elapsed	errors	ops(total)	ops/sec(cum)	avg(ms)	p50(ms)	p95(ms)	p99(ms)	pMax(ms)
58	0.0	0.0	1938853.0	64625.50000000001	6.0249999999999995	5.225	14.3	22.549999999999997	63.949999999999996	0.0	0.0	0.0	101478.0	3382.5	11.049999999999999	10.375	24.65	35.275	85.7125	0.0	0.0	0.0	2040331.0	68008.0	6.25	5.375	15.325000000000001	23.9875	86.2375
