concurrency	elapsed-r	errors-r	ops(total)-r	ops/sec(cum)-r	avg(ms)-r	p50(ms)-r	p95(ms)-r	p99(ms)-r	pMax(ms)-r	total-r	elapsed-w	errors-w	ops(total)-w	ops/sec(cum)-w	avg(ms)-w	p50(ms)-w	p95(ms)-w	p99(ms)-w	pMax(ms)-w	total-w	elapsed	errors	ops(total)	ops/sec(cum)	avg(ms)	p50(ms)	p95(ms)	p99(ms)	pMax(ms)
28	0.0	0.0	1881258.0	62707.299999999996	2.7625	2.3	7.074999999999999	12.45	43.7375	0.0	0.0	0.0	99130.0	3304.2999999999997	9.1375	4.3375	12.662499999999998	284.175	553.65	0.0	0.0	0.0	1980388.0	66011.6	3.075	2.3375	7.374999999999999	12.974999999999998	553.65
