concurrency	elapsed-r	errors-r	ops(total)-r	ops/sec(cum)-r	avg(ms)-r	p50(ms)-r	p95(ms)-r	p99(ms)-r	pMax(ms)-r	total-r	elapsed-w	errors-w	ops(total)-w	ops/sec(cum)-w	avg(ms)-w	p50(ms)-w	p95(ms)-w	p99(ms)-w	pMax(ms)-w	total-w	elapsed	errors	ops(total)	ops/sec(cum)	avg(ms)	p50(ms)	p95(ms)	p99(ms)	pMax(ms)
71	0.0	0.0	2850363.0	95008.9	3.56	2.88	8.059999999999999	16.759999999999998	102.74000000000001	0.0	0.0	0.0	150013.0	5000.4	9.779999999999998	8.620000000000001	21.2	29.019999999999992	84.1	0.0	0.0	0.0	3000376.0	100009.2	3.84	2.9400000000000004	10.959999999999999	18.880000000000003	107.78000000000002
