concurrency	elapsed-w	errors-w	ops(total)-w	ops/sec(cum)-w	avg(ms)-w	p50(ms)-w	p95(ms)-w	p99(ms)-w	pMax(ms)-w	total-w	elapsed	errors	ops(total)	ops/sec(cum)	avg(ms)	p50(ms)	p95(ms)	p99(ms)	pMax(ms)
39	0.0	0.0	3527176.0	117569.90000000001	2.425	2.375	4.4	7.2625	22.674999999999997	0.0	0.0	0.0	3527176.0	117569.90000000001	2.425	2.375	4.4	7.2625	22.674999999999997
