concurrency	elapsed-r	errors-r	ops(total)-r	ops/sec(cum)-r	avg(ms)-r	p50(ms)-r	p95(ms)-r	p99(ms)-r	pMax(ms)-r	total-r	elapsed-w	errors-w	ops(total)-w	ops/sec(cum)-w	avg(ms)-w	p50(ms)-w	p95(ms)-w	p99(ms)-w	pMax(ms)-w	total-w	elapsed	errors	ops(total)	ops/sec(cum)	avg(ms)	p50(ms)	p95(ms)	p99(ms)	pMax(ms)
23	0.0	0.0	3261359.0	108710.40000000001	1.4	1.3	2.5000000000000004	4.8375	25.574999999999996	0.0	0.0	0.0	171548.0	5718.3	1.5124999999999997	1.3875	2.7125	5.0125	22.0125	0.0	0.0	0.0	3432907.0	114428.6	1.4	1.3	2.5000000000000004	4.8375	25.574999999999996
