concurrency	elapsed-r	errors-r	ops(total)-r	ops/sec(cum)-r	avg(ms)-r	p50(ms)-r	p95(ms)-r	p99(ms)-r	pMax(ms)-r	total-r	elapsed-w	errors-w	ops(total)-w	ops/sec(cum)-w	avg(ms)-w	p50(ms)-w	p95(ms)-w	p99(ms)-w	pMax(ms)-w	total-w	elapsed	errors	ops(total)	ops/sec(cum)	avg(ms)	p50(ms)	p95(ms)	p99(ms)	pMax(ms)
13	0.0	0.0	157781.0	5259.3	4.7375	4.6000000000000005	8.4125	10.1625	16.8	0.0	0.0	0.0	8280.0	275.90000000000003	278.95	318.8	366.99999999999994	373.29999999999995	385.90000000000003	0.0	0.0	0.0	166061.0	5535.2	18.425	4.775	11.25	337.6	385.90000000000003
