concurrency	elapsed-r	errors-r	ops(total)-r	ops/sec(cum)-r	avg(ms)-r	p50(ms)-r	p95(ms)-r	p99(ms)-r	pMax(ms)-r	total-r	elapsed-w	errors-w	ops(total)-w	ops/sec(cum)-w	avg(ms)-w	p50(ms)-w	p95(ms)-w	p99(ms)-w	pMax(ms)-w	total-w	elapsed	errors	ops(total)	ops/sec(cum)	avg(ms)	p50(ms)	p95(ms)	p99(ms)	pMax(ms)
45	0.0	0.0	1271404.0	42378.9	7.262499999999999	6.5125	16.2	23.875	108.0	0.0	0.0	0.0	66694.0	2223.1000000000004	13.387500000000001	12.599999999999998	26.8875	36.449999999999996	69.72500000000001	0.0	0.0	0.0	1338098.0	44602.0	7.575	6.575	17.425	25.562499999999996	111.67500000000001
