concurrency	elapsed-w	errors-w	ops(total)-w	ops/sec(cum)-w	avg(ms)-w	p50(ms)-w	p95(ms)-w	p99(ms)-w	pMax(ms)-w	total-w	elapsed	errors	ops(total)	ops/sec(cum)	avg(ms)	p50(ms)	p95(ms)	p99(ms)	pMax(ms)
39	0.0	0.0	3857347.0	128575.70000000001	2.1999999999999997	1.4749999999999999	6.6125	8.775	32.0	0.0	0.0	0.0	3857347.0	128575.70000000001	2.1999999999999997	1.4749999999999999	6.6125	8.775	32.0
