concurrency	elapsed-r	errors-r	ops(total)-r	ops/sec(cum)-r	avg(ms)-r	p50(ms)-r	p95(ms)-r	p99(ms)-r	pMax(ms)-r	total-r	elapsed-w	errors-w	ops(total)-w	ops/sec(cum)-w	avg(ms)-w	p50(ms)-w	p95(ms)-w	p99(ms)-w	pMax(ms)-w	total-w	elapsed	errors	ops(total)	ops/sec(cum)	avg(ms)	p50(ms)	p95(ms)	p99(ms)	pMax(ms)
32	0.0	0.0	881711.0	29389.7	2.2333333333333334	1.9333333333333333	5.8	11.9	57.300000000000004	0.0	0.0	0.0	46809.0	1560.3	1.5	1.0	2.5	7.966666666666666	38.4	0.0	0.0	0.0	928520.0	30949.899999999998	2.2	1.8333333333333333	5.5	11.700000000000001	57.300000000000004
