concurrency	elapsed-r	errors-r	ops(total)-r	ops/sec(cum)-r	avg(ms)-r	p50(ms)-r	p95(ms)-r	p99(ms)-r	pMax(ms)-r	total-r	elapsed-w	errors-w	ops(total)-w	ops/sec(cum)-w	avg(ms)-w	p50(ms)-w	p95(ms)-w	p99(ms)-w	pMax(ms)-w	total-w	elapsed	errors	ops(total)	ops/sec(cum)	avg(ms)	p50(ms)	p95(ms)	p99(ms)	pMax(ms)
88	0.0	0.0	2599582.0	86649.3	5.28	4.0200000000000005	15.2	27.660000000000004	159.78	0.0	0.0	0.0	137064.0	4568.6	16.080000000000002	13.219999999999999	32.08	61.260000000000005	416.48	0.0	0.0	0.0	2736646.0	91217.9	5.82	4.08	17.52	31.0	450.0400000000001
