concurrency	elapsed-w	errors-w	ops(total)-w	ops/sec(cum)-w	avg(ms)-w	p50(ms)-w	p95(ms)-w	p99(ms)-w	pMax(ms)-w	total-w	elapsed	errors	ops(total)	ops/sec(cum)	avg(ms)	p50(ms)	p95(ms)	p99(ms)	pMax(ms)
33	0.0	0.0	3615308.0	120507.7	1.9875	1.7500000000000002	5.2	6.674999999999999	25.0375	0.0	0.0	0.0	3615308.0	120507.7	1.9875	1.7500000000000002	5.2	6.674999999999999	25.0375
