concurrency	elapsed-r	errors-r	ops(total)-r	ops/sec(cum)-r	avg(ms)-r	p50(ms)-r	p95(ms)-r	p99(ms)-r	pMax(ms)-r	total-r	elapsed-w	errors-w	ops(total)-w	ops/sec(cum)-w	avg(ms)-w	p50(ms)-w	p95(ms)-w	p99(ms)-w	pMax(ms)-w	total-w	elapsed	errors	ops(total)	ops/sec(cum)	avg(ms)	p50(ms)	p95(ms)	p99(ms)	pMax(ms)
38	0.0	0.0	1815102.0	60501.4	4.2375	3.5374999999999996	9.9	16.0875	62.37500000000001	0.0	0.0	0.0	95576.0	3185.7999999999997	6.675000000000001	5.4624999999999995	16.775	23.724999999999998	63.1625	0.0	0.0	0.0	1910678.0	63687.200000000004	4.3375	3.5875	10.475	17.15	68.9375
