concurrency	elapsed-r	errors-r	ops(total)-r	ops/sec(cum)-r	avg(ms)-r	p50(ms)-r	p95(ms)-r	p99(ms)-r	pMax(ms)-r	total-r	elapsed-w	errors-w	ops(total)-w	ops/sec(cum)-w	avg(ms)-w	p50(ms)-w	p95(ms)-w	p99(ms)-w	pMax(ms)-w	total-w	elapsed	errors	ops(total)	ops/sec(cum)	avg(ms)	p50(ms)	p95(ms)	p99(ms)	pMax(ms)
23	0.0	0.0	3655113.0	121835.3	1.2500000000000002	0.925	3.2125000000000004	4.35	163.4375	0.0	0.0	0.0	192376.0	6412.6	1.2750000000000001	0.9375	3.225	4.6	22.674999999999997	0.0	0.0	0.0	3847489.0	128247.7	1.2500000000000002	0.925	3.2125000000000004	4.35	164.75
