concurrency	elapsed-r	errors-r	ops(total)-r	ops/sec(cum)-r	avg(ms)-r	p50(ms)-r	p95(ms)-r	p99(ms)-r	pMax(ms)-r	total-r	elapsed-w	errors-w	ops(total)-w	ops/sec(cum)-w	avg(ms)-w	p50(ms)-w	p95(ms)-w	p99(ms)-w	pMax(ms)-w	total-w	elapsed	errors	ops(total)	ops/sec(cum)	avg(ms)	p50(ms)	p95(ms)	p99(ms)	pMax(ms)
137	0.0	0.0	4628591.0	154273.5	4.08	3.4200000000000004	10.08	18.06	168.62	0.0	0.0	0.0	243416.0	8113.200000000001	12.02	10.92	25.140000000000004	33.239999999999995	158.12	0.0	0.0	0.0	4872007.0	162386.59999999998	4.46	3.46	12.9	21.2	168.62
