concurrency	elapsed-w	errors-w	ops(total)-w	ops/sec(cum)-w	avg(ms)-w	p50(ms)-w	p95(ms)-w	p99(ms)-w	pMax(ms)-w	total-w	elapsed	errors	ops(total)	ops/sec(cum)	avg(ms)	p50(ms)	p95(ms)	p99(ms)	pMax(ms)
44	0.0	0.0	728592.0	24285.7	14.0875	10.525000000000002	36.4	50.037499999999994	182.975	0.0	0.0	0.0	728592.0	24285.7	14.0875	10.525000000000002	36.4	50.037499999999994	182.975
