concurrency	elapsed-r	errors-r	ops(total)-r	ops/sec(cum)-r	avg(ms)-r	p50(ms)-r	p95(ms)-r	p99(ms)-r	pMax(ms)-r	total-r	elapsed-w	errors-w	ops(total)-w	ops/sec(cum)-w	avg(ms)-w	p50(ms)-w	p95(ms)-w	p99(ms)-w	pMax(ms)-w	total-w	elapsed	errors	ops(total)	ops/sec(cum)	avg(ms)	p50(ms)	p95(ms)	p99(ms)	pMax(ms)
31	0.0	0.0	3226038.0	107532.90000000001	1.95	1.85	3.4999999999999996	6.4875	145.3625	0.0	0.0	0.0	170183.0	5672.6	1.95	1.7625000000000002	3.325	6.449999999999999	21.6375	0.0	0.0	0.0	3396221.0	113205.40000000001	1.95	1.85	3.4999999999999996	6.4875	145.3625
