concurrency	elapsed-w	errors-w	ops(total)-w	ops/sec(cum)-w	avg(ms)-w	p50(ms)-w	p95(ms)-w	p99(ms)-w	pMax(ms)-w	total-w	elapsed	errors	ops(total)	ops/sec(cum)	avg(ms)	p50(ms)	p95(ms)	p99(ms)	pMax(ms)
10	0.0	0.0	435491.0	14516.1	5.275	2.3	6.012499999999999	100.17500000000001	125.79999999999998	0.0	0.0	0.0	435491.0	14516.1	5.275	2.3	6.012499999999999	100.17500000000001	125.79999999999998
