concurrency	elapsed-r	errors-r	ops(total)-r	ops/sec(cum)-r	avg(ms)-r	p50(ms)-r	p95(ms)-r	p99(ms)-r	pMax(ms)-r	total-r	elapsed-w	errors-w	ops(total)-w	ops/sec(cum)-w	avg(ms)-w	p50(ms)-w	p95(ms)-w	p99(ms)-w	pMax(ms)-w	total-w	elapsed	errors	ops(total)	ops/sec(cum)	avg(ms)	p50(ms)	p95(ms)	p99(ms)	pMax(ms)
163	0.0	0.0	4737023.0	157883.0	4.779999999999999	3.9799999999999995	12.14	20.02	227.35999999999999	0.0	0.0	0.0	248768.0	8291.300000000001	14.4	13.26	28.72	37.44	206.35999999999999	0.0	0.0	0.0	4985791.0	166174.4	5.3	4.140000000000001	14.9	24.199999999999996	229.85999999999999
