concurrency	elapsed-r	errors-r	ops(total)-r	ops/sec(cum)-r	avg(ms)-r	p50(ms)-r	p95(ms)-r	p99(ms)-r	pMax(ms)-r	total-r	elapsed-w	errors-w	ops(total)-w	ops/sec(cum)-w	avg(ms)-w	p50(ms)-w	p95(ms)-w	p99(ms)-w	pMax(ms)-w	total-w	elapsed	errors	ops(total)	ops/sec(cum)	avg(ms)	p50(ms)	p95(ms)	p99(ms)	pMax(ms)
111	0.0	0.0	4525602.0	150845.5	3.3600000000000003	2.82	7.58	15.439999999999998	102.32000000000001	0.0	0.0	0.0	237482.0	7915.7	9.040000000000001	8.08	18.84	25.68	95.0	0.0	0.0	0.0	4763084.0	158761.09999999998	3.66	2.9200000000000004	10.100000000000001	17.099999999999998	102.32000000000001
