concurrency	elapsed-r	errors-r	ops(total)-r	ops/sec(cum)-r	avg(ms)-r	p50(ms)-r	p95(ms)-r	p99(ms)-r	pMax(ms)-r	total-r	elapsed	errors	ops(total)	ops/sec(cum)	avg(ms)	p50(ms)	p95(ms)	p99(ms)	pMax(ms)
12	0.0	0.0	1287748.0	42924.3	2.075	1.9874999999999998	3.3749999999999996	5.674999999999999	16.4625	0.0	0.0	0.0	1287748.0	42924.3	2.075	1.9874999999999998	3.3749999999999996	5.674999999999999	16.4625
