concurrency	elapsed-w	errors-w	ops(total)-w	ops/sec(cum)-w	avg(ms)-w	p50(ms)-w	p95(ms)-w	p99(ms)-w	pMax(ms)-w	total-w	elapsed	errors	ops(total)	ops/sec(cum)	avg(ms)	p50(ms)	p95(ms)	p99(ms)	pMax(ms)
48	0.0	0.0	3332948.0	111095.30000000002	3.1750000000000003	2.9750000000000005	5.375	9.25	25.8375	0.0	0.0	0.0	3332948.0	111095.30000000002	3.1750000000000003	2.9750000000000005	5.375	9.25	25.8375
