concurrency	elapsed-r	errors-r	ops(total)-r	ops/sec(cum)-r	avg(ms)-r	p50(ms)-r	p95(ms)-r	p99(ms)-r	pMax(ms)-r	total-r	elapsed	errors	ops(total)	ops/sec(cum)	avg(ms)	p50(ms)	p95(ms)	p99(ms)	pMax(ms)
47	0.0	0.0	1007592.0	33585.600000000006	11.325	10.225000000000001	24.125000000000004	34.9625	95.4375	0.0	0.0	0.0	1007592.0	33585.600000000006	11.325	10.225000000000001	24.125000000000004	34.9625	95.4375
