concurrency	elapsed-w	errors-w	ops(total)-w	ops/sec(cum)-w	avg(ms)-w	p50(ms)-w	p95(ms)-w	p99(ms)-w	pMax(ms)-w	total-w	elapsed	errors	ops(total)	ops/sec(cum)	avg(ms)	p50(ms)	p95(ms)	p99(ms)	pMax(ms)
31	0.0	0.0	705975.0	23531.999999999996	10.1875	7.187499999999999	26.35	37.725	293.6	0.0	0.0	0.0	705975.0	23531.999999999996	10.1875	7.187499999999999	26.35	37.725	293.6
