concurrency	elapsed-r	errors-r	ops(total)-r	ops/sec(cum)-r	avg(ms)-r	p50(ms)-r	p95(ms)-r	p99(ms)-r	pMax(ms)-r	total-r	elapsed	errors	ops(total)	ops/sec(cum)	avg(ms)	p50(ms)	p95(ms)	p99(ms)	pMax(ms)
14	0.0	0.0	979546.0	32651.0	3.2500000000000004	3.05	5.7625	7.7124999999999995	22.8125	0.0	0.0	0.0	979546.0	32651.0	3.2500000000000004	3.05	5.7625	7.7124999999999995	22.8125
