concurrency	elapsed-r	errors-r	ops(total)-r	ops/sec(cum)-r	avg(ms)-r	p50(ms)-r	p95(ms)-r	p99(ms)-r	pMax(ms)-r	total-r	elapsed-w	errors-w	ops(total)-w	ops/sec(cum)-w	avg(ms)-w	p50(ms)-w	p95(ms)-w	p99(ms)-w	pMax(ms)-w	total-w	elapsed	errors	ops(total)	ops/sec(cum)	avg(ms)	p50(ms)	p95(ms)	p99(ms)	pMax(ms)
23	0.0	0.0	156970.0	5232.1	27.5125	2.7750000000000004	181.375	436.2	1015.0000000000001	0.0	0.0	0.0	8361.0	278.8	138.5	35.7625	595.6	889.1875	1484.7875	0.0	0.0	0.0	165331.0	5510.599999999999	33.112500000000004	2.875	211.79999999999998	484.4125	1484.7875
