concurrency	elapsed-r	errors-r	ops(total)-r	ops/sec(cum)-r	avg(ms)-r	p50(ms)-r	p95(ms)-r	p99(ms)-r	pMax(ms)-r	total-r	elapsed-w	errors-w	ops(total)-w	ops/sec(cum)-w	avg(ms)-w	p50(ms)-w	p95(ms)-w	p99(ms)-w	pMax(ms)-w	total-w	elapsed	errors	ops(total)	ops/sec(cum)	avg(ms)	p50(ms)	p95(ms)	p99(ms)	pMax(ms)
55	0.0	0.0	1216183.0	40537.6	8.9875	6.249999999999999	19.400000000000002	40.324999999999996	675.275	0.0	0.0	0.0	63962.0	2132.1	25.475	12.662499999999998	41.637499999999996	440.41249999999997	746.575	0.0	0.0	0.0	1280145.0	42669.899999999994	9.812500000000002	6.475	20.85	47.9375	750.7625
