concurrency	elapsed-w	errors-w	ops(total)-w	ops/sec(cum)-w	avg(ms)-w	p50(ms)-w	p95(ms)-w	p99(ms)-w	pMax(ms)-w	total-w	elapsed	errors	ops(total)	ops/sec(cum)	avg(ms)	p50(ms)	p95(ms)	p99(ms)	pMax(ms)
55	0.0	0.0	716244.0	23873.699999999997	17.95	14.975000000000001	44.7875	61.849999999999994	177.71249999999998	0.0	0.0	0.0	716244.0	23873.699999999997	17.95	14.975000000000001	44.7875	61.849999999999994	177.71249999999998
