concurrency	elapsed-r	errors-r	ops(total)-r	ops/sec(cum)-r	avg(ms)-r	p50(ms)-r	p95(ms)-r	p99(ms)-r	pMax(ms)-r	total-r	elapsed-w	errors-w	ops(total)-w	ops/sec(cum)-w	avg(ms)-w	p50(ms)-w	p95(ms)-w	p99(ms)-w	pMax(ms)-w	total-w	elapsed	errors	ops(total)	ops/sec(cum)	avg(ms)	p50(ms)	p95(ms)	p99(ms)	pMax(ms)
10	0.0	0.0	668569.0	22285.4	2.8625	2.575	5.6	8.2625	45.05	0.0	0.0	0.0	35002.0	1166.7999999999997	9.3625	9.025	16.4625	22.025	41.8125	0.0	0.0	0.0	703571.0	23452.1	3.1999999999999993	2.65	7.3500000000000005	12.849999999999998	47.93749999999999
