concurrency	elapsed-w	errors-w	ops(total)-w	ops/sec(cum)-w	avg(ms)-w	p50(ms)-w	p95(ms)-w	p99(ms)-w	pMax(ms)-w	total-w	elapsed	errors	ops(total)	ops/sec(cum)	avg(ms)	p50(ms)	p95(ms)	p99(ms)	pMax(ms)
26	0.0	0.0	3610566.0	120350.29999999999	1.5499999999999998	1.3625	3.7875	5.025	19.2875	0.0	0.0	0.0	3610566.0	120350.29999999999	1.5499999999999998	1.3625	3.7875	5.025	19.2875
