concurrency	elapsed-r	errors-r	ops(total)-r	ops/sec(cum)-r	avg(ms)-r	p50(ms)-r	p95(ms)-r	p99(ms)-r	pMax(ms)-r	total-r	elapsed-w	errors-w	ops(total)-w	ops/sec(cum)-w	avg(ms)-w	p50(ms)-w	p95(ms)-w	p99(ms)-w	pMax(ms)-w	total-w	elapsed	errors	ops(total)	ops/sec(cum)	avg(ms)	p50(ms)	p95(ms)	p99(ms)	pMax(ms)
38	0.0	0.0	1910776.0	63690.799999999996	3.9875	3.3750000000000004	9.625	14.825000000000001	61.8375	0.0	0.0	0.0	100191.0	3339.7	7.4624999999999995	6.675	17.05	24.2625	48.462500000000006	0.0	0.0	0.0	2010967.0	67030.5	4.125	3.4375	10.25	15.9375	65.25
