concurrency	elapsed-r	errors-r	ops(total)-r	ops/sec(cum)-r	avg(ms)-r	p50(ms)-r	p95(ms)-r	p99(ms)-r	pMax(ms)-r	total-r	elapsed-w	errors-w	ops(total)-w	ops/sec(cum)-w	avg(ms)-w	p50(ms)-w	p95(ms)-w	p99(ms)-w	pMax(ms)-w	total-w	elapsed	errors	ops(total)	ops/sec(cum)	avg(ms)	p50(ms)	p95(ms)	p99(ms)	pMax(ms)
26	0.0	0.0	1786514.0	59549.600000000006	1.0	0.9	1.2	4.5	15.566666666666668	0.0	0.0	0.0	94156.0	3138.5	1.8	1.6000000000000003	2.466666666666667	8.033333333333333	15.0	0.0	0.0	0.0	1880670.0	62688.1	1.0333333333333334	0.9333333333333332	1.6000000000000003	4.633333333333333	16.066666666666666
