concurrency	elapsed-r	errors-r	ops(total)-r	ops/sec(cum)-r	avg(ms)-r	p50(ms)-r	p95(ms)-r	p99(ms)-r	pMax(ms)-r	total-r	elapsed-w	errors-w	ops(total)-w	ops/sec(cum)-w	avg(ms)-w	p50(ms)-w	p95(ms)-w	p99(ms)-w	pMax(ms)-w	total-w	elapsed	errors	ops(total)	ops/sec(cum)	avg(ms)	p50(ms)	p95(ms)	p99(ms)	pMax(ms)
93	0.0	0.0	2789786.0	92988.79999999999	4.96	4.0200000000000005	12.24	21.839999999999996	212.24	0.0	0.0	0.0	146295.0	4876.3	15.419999999999998	14.02	31.24	40.480000000000004	164.84	0.0	0.0	0.0	2936081.0	97864.90000000001	5.4799999999999995	4.24	16.18	25.820000000000004	212.24
