concurrency	elapsed-r	errors-r	ops(total)-r	ops/sec(cum)-r	avg(ms)-r	p50(ms)-r	p95(ms)-r	p99(ms)-r	pMax(ms)-r	total-r	elapsed	errors	ops(total)	ops/sec(cum)	avg(ms)	p50(ms)	p95(ms)	p99(ms)	pMax(ms)
65	0.0	0.0	1563288.0	52107.49999999999	9.3125	8.4	20.175	28.737500000000004	97.775	0.0	0.0	0.0	1563288.0	52107.49999999999	9.3125	8.4	20.175	28.737500000000004	97.775
