concurrency	elapsed-r	errors-r	ops(total)-r	ops/sec(cum)-r	avg(ms)-r	p50(ms)-r	p95(ms)-r	p99(ms)-r	pMax(ms)-r	total-r	elapsed-w	errors-w	ops(total)-w	ops/sec(cum)-w	avg(ms)-w	p50(ms)-w	p95(ms)-w	p99(ms)-w	pMax(ms)-w	total-w	elapsed	errors	ops(total)	ops/sec(cum)	avg(ms)	p50(ms)	p95(ms)	p99(ms)	pMax(ms)
31	0.0	0.0	3161388.0	105377.7	2.05	1.85	3.6125000000000003	6.55	76.03750000000001	0.0	0.0	0.0	166191.0	5539.700000000001	1.95	1.85	3.525	6.5874999999999995	23.2	0.0	0.0	0.0	3327579.0	110917.30000000002	2.05	1.85	3.6	6.5874999999999995	76.03750000000001
