concurrency	elapsed-r	errors-r	ops(total)-r	ops/sec(cum)-r	avg(ms)-r	p50(ms)-r	p95(ms)-r	p99(ms)-r	pMax(ms)-r	total-r	elapsed-w	errors-w	ops(total)-w	ops/sec(cum)-w	avg(ms)-w	p50(ms)-w	p95(ms)-w	p99(ms)-w	pMax(ms)-w	total-w	elapsed	errors	ops(total)	ops/sec(cum)	avg(ms)	p50(ms)	p95(ms)	p99(ms)	pMax(ms)
157	0.0	0.0	4505877.0	150185.1	5.18	3.96	14.36	25.259999999999998	161.04000000000002	0.0	0.0	0.0	236810.0	7893.2	15.219999999999999	13.14	30.82	52.75999999999999	365.72	0.0	0.0	0.0	4742687.0	158078.09999999998	5.64	4.1	16.88	28.419999999999998	365.72
