ops/sec(cum)	p50(ms)	p99(ms)	read_tp	read_p50	read_p99	write_tp	write_p50	write_p99
138601.01666666666	0.5601666666666667	3.0913333333333335	132354.13333333333	0.5655	3.0913333333333335	6245.883333333334	0.5548333333333334	2.979
