ops/sec(cum)	p50(ms)	p99(ms)	read_tp	read_p50	read_p99	write_tp	write_p50	write_p99
217731.91666666672	0.17058333333333334	0.6245	208486.63333333333	0.16999999999999998	0.6245	9244.283333333333	0.17116666666666666	0.6291666666666667
