concurrency	elapsed-r	errors-r	ops(total)-r	ops/sec(cum)-r	avg(ms)-r	p50(ms)-r	p95(ms)-r	p99(ms)-r	pMax(ms)-r	total-r	elapsed-w	errors-w	ops(total)-w	ops/sec(cum)-w	avg(ms)-w	p50(ms)-w	p95(ms)-w	p99(ms)-w	pMax(ms)-w	total-w	elapsed	errors	ops(total)	ops/sec(cum)	avg(ms)	p50(ms)	p95(ms)	p99(ms)	pMax(ms)
54	0.0	0.0	1405546.0	46850.0	7.9750000000000005	6.575	19.537499999999998	29.250000000000004	73.4	0.0	0.0	0.0	73752.0	2458.4	13.6375	10.7625	35.512499999999996	48.987500000000004	81.0125	0.0	0.0	0.0	1479298.0	49308.40000000001	8.225	6.6125	20.85	32.675000000000004	83.37500000000001
