ops/sec(cum)	p50(ms)	p99(ms)	read_tp	read_p50	read_p99	write_tp	write_p50	write_p99
246634.1166666667	0.31116666666666665	2.2953333333333332	234317.9	0.30933333333333335	2.2953333333333332	12315.216666666667	0.313	2.372
