concurrency	elapsed-r	errors-r	ops(total)-r	ops/sec(cum)-r	avg(ms)-r	p50(ms)-r	p95(ms)-r	p99(ms)-r	pMax(ms)-r	total-r	elapsed-w	errors-w	ops(total)-w	ops/sec(cum)-w	avg(ms)-w	p50(ms)-w	p95(ms)-w	p99(ms)-w	pMax(ms)-w	total-w	elapsed	errors	ops(total)	ops/sec(cum)	avg(ms)	p50(ms)	p95(ms)	p99(ms)	pMax(ms)
32	0.0	0.0	3301536.0	110049.19999999998	1.9749999999999999	1.85	3.4499999999999997	6.6499999999999995	50.712500000000006	0.0	0.0	0.0	174343.0	5811.299999999999	2.0999999999999996	1.9374999999999998	3.65	6.824999999999999	37.6875	0.0	0.0	0.0	3475879.0	115860.59999999999	1.9749999999999999	1.85	3.4499999999999997	6.675	50.712500000000006
