concurrency	elapsed-r	errors-r	ops(total)-r	ops/sec(cum)-r	avg(ms)-r	p50(ms)-r	p95(ms)-r	p99(ms)-r	pMax(ms)-r	total-r	elapsed	errors	ops(total)	ops/sec(cum)	avg(ms)	p50(ms)	p95(ms)	p99(ms)	pMax(ms)
11	0.0	0.0	1375277.0	45841.9	1.7375	1.6375000000000002	2.7375	4.9875	16.5125	0.0	0.0	0.0	1375277.0	45841.9	1.7375	1.6375000000000002	2.7375	4.9875	16.5125
