concurrency	elapsed-r	errors-r	ops(total)-r	ops/sec(cum)-r	avg(ms)-r	p50(ms)-r	p95(ms)-r	p99(ms)-r	pMax(ms)-r	total-r	elapsed	errors	ops(total)	ops/sec(cum)	avg(ms)	p50(ms)	p95(ms)	p99(ms)	pMax(ms)
39	0.0	0.0	1340135.0	44669.799999999996	6.8999999999999995	6.175	14.5	22.737499999999997	50.824999999999996	0.0	0.0	0.0	1340135.0	44669.799999999996	6.8999999999999995	6.175	14.5	22.737499999999997	50.824999999999996
