concurrency	elapsed-r	errors-r	ops(total)-r	ops/sec(cum)-r	avg(ms)-r	p50(ms)-r	p95(ms)-r	p99(ms)-r	pMax(ms)-r	total-r	elapsed-w	errors-w	ops(total)-w	ops/sec(cum)-w	avg(ms)-w	p50(ms)-w	p95(ms)-w	p99(ms)-w	pMax(ms)-w	total-w	elapsed	errors	ops(total)	ops/sec(cum)	avg(ms)	p50(ms)	p95(ms)	p99(ms)	pMax(ms)
18	0.0	0.0	289207.0	9639.900000000001	3.075	2.8625	5.9375	7.4624999999999995	15.475	0.0	0.0	0.0	14952.0	498.49999999999994	223.42499999999998	352.30000000000007	385.90000000000003	400.59999999999997	417.31250000000006	0.0	0.0	0.0	304159.0	10138.400000000001	13.912500000000001	2.875	6.800000000000001	369.09999999999997	417.31250000000006
