concurrency	elapsed-r	errors-r	ops(total)-r	ops/sec(cum)-r	avg(ms)-r	p50(ms)-r	p95(ms)-r	p99(ms)-r	pMax(ms)-r	total-r	elapsed-w	errors-w	ops(total)-w	ops/sec(cum)-w	avg(ms)-w	p50(ms)-w	p95(ms)-w	p99(ms)-w	pMax(ms)-w	total-w	elapsed	errors	ops(total)	ops/sec(cum)	avg(ms)	p50(ms)	p95(ms)	p99(ms)	pMax(ms)
27	0.0	0.0	357347.0	11911.199999999999	15.1	4.7625	60.800000000000004	144.70000000000002	469.80000000000007	0.0	0.0	0.0	18994.0	633.1999999999999	52.587500000000006	52.39999999999999	163.6	228.60000000000002	585.1	0.0	0.0	0.0	376341.0	12544.300000000001	16.9875	4.95	70.775	161.5	585.1
