concurrency	elapsed-r	errors-r	ops(total)-r	ops/sec(cum)-r	avg(ms)-r	p50(ms)-r	p95(ms)-r	p99(ms)-r	pMax(ms)-r	total-r	elapsed-w	errors-w	ops(total)-w	ops/sec(cum)-w	avg(ms)-w	p50(ms)-w	p95(ms)-w	p99(ms)-w	pMax(ms)-w	total-w	elapsed	errors	ops(total)	ops/sec(cum)	avg(ms)	p50(ms)	p95(ms)	p99(ms)	pMax(ms)
38	0.0	0.0	2136010.0	71198.7	3.6	2.975	8.1375	13.449999999999998	45.0625	0.0	0.0	0.0	112525.0	3750.8	5.0874999999999995	3.4874999999999994	13.187499999999998	19.787499999999998	43.475	0.0	0.0	0.0	2248535.0	74949.2	3.65	3.0250000000000004	8.5125	13.9875	46.362500000000004
