concurrency	elapsed-r	errors-r	ops(total)-r	ops/sec(cum)-r	avg(ms)-r	p50(ms)-r	p95(ms)-r	p99(ms)-r	pMax(ms)-r	total-r	elapsed-w	errors-w	ops(total)-w	ops/sec(cum)-w	avg(ms)-w	p50(ms)-w	p95(ms)-w	p99(ms)-w	pMax(ms)-w	total-w	elapsed	errors	ops(total)	ops/sec(cum)	avg(ms)	p50(ms)	p95(ms)	p99(ms)	pMax(ms)
32	0.0	0.0	317203.0	10573.000000000002	3.125	2.8375000000000004	6.325	8.5125	40.22500000000001	0.0	0.0	0.0	16672.0	555.6999999999999	392.47499999999997	717.2	771.8000000000001	805.3000000000001	838.8999999999999	0.0	0.0	0.0	333875.0	11128.800000000001	22.562500000000004	2.85	7.199999999999999	755.0	838.8999999999999
