concurrency	elapsed-r	errors-r	ops(total)-r	ops/sec(cum)-r	avg(ms)-r	p50(ms)-r	p95(ms)-r	p99(ms)-r	pMax(ms)-r	total-r	elapsed-w	errors-w	ops(total)-w	ops/sec(cum)-w	avg(ms)-w	p50(ms)-w	p95(ms)-w	p99(ms)-w	pMax(ms)-w	total-w	elapsed	errors	ops(total)	ops/sec(cum)	avg(ms)	p50(ms)	p95(ms)	p99(ms)	pMax(ms)
32	0.0	0.0	2243656.0	74786.69999999998	2.8875	2.525	6.0875	10.475	30.937499999999996	0.0	0.0	0.0	118033.0	3934.4	3.675	2.6624999999999996	9.7125	14.9875	30.437500000000004	0.0	0.0	0.0	2361689.0	78721.0	2.8875	2.525	6.325	10.9125	32.2625
