concurrency	elapsed-r	errors-r	ops(total)-r	ops/sec(cum)-r	avg(ms)-r	p50(ms)-r	p95(ms)-r	p99(ms)-r	pMax(ms)-r	total-r	elapsed-w	errors-w	ops(total)-w	ops/sec(cum)-w	avg(ms)-w	p50(ms)-w	p95(ms)-w	p99(ms)-w	pMax(ms)-w	total-w	elapsed	errors	ops(total)	ops/sec(cum)	avg(ms)	p50(ms)	p95(ms)	p99(ms)	pMax(ms)
30	0.0	0.0	1090805.0	36359.200000000004	6.000000000000001	6.1	11.0625	15.2125	53.45	0.0	0.0	0.0	57458.0	1915.1999999999998	7.3375	6.725	13.199999999999998	24.7875	142.6	0.0	0.0	0.0	1148263.0	38274.4	6.0875	6.1	11.125	15.362499999999999	142.6
