concurrency	elapsed-r	errors-r	ops(total)-r	ops/sec(cum)-r	avg(ms)-r	p50(ms)-r	p95(ms)-r	p99(ms)-r	pMax(ms)-r	total-r	elapsed-w	errors-w	ops(total)-w	ops/sec(cum)-w	avg(ms)-w	p50(ms)-w	p95(ms)-w	p99(ms)-w	pMax(ms)-w	total-w	elapsed	errors	ops(total)	ops/sec(cum)	avg(ms)	p50(ms)	p95(ms)	p99(ms)	pMax(ms)
8	0.0	0.0	601674.0	20055.6	1.5	1.4	2.02	6.859999999999999	114.52000000000001	0.0	0.0	0.0	31185.0	1039.6	2.5799999999999996	2.4	3.8	13.12	36.519999999999996	0.0	0.0	0.0	632859.0	21095.000000000004	1.52	1.4	2.4	7.18	114.52000000000001
