concurrency	elapsed-r	errors-r	ops(total)-r	ops/sec(cum)-r	avg(ms)-r	p50(ms)-r	p95(ms)-r	p99(ms)-r	pMax(ms)-r	total-r	elapsed-w	errors-w	ops(total)-w	ops/sec(cum)-w	avg(ms)-w	p50(ms)-w	p95(ms)-w	p99(ms)-w	pMax(ms)-w	total-w	elapsed	errors	ops(total)	ops/sec(cum)	avg(ms)	p50(ms)	p95(ms)	p99(ms)	pMax(ms)
80	0.0	0.0	2840761.0	94688.2	3.94	3.34	9.260000000000002	18.060000000000002	130.4	0.0	0.0	0.0	150018.0	5000.5	11.68	10.459999999999999	24.360000000000003	32.08	94.76	0.0	0.0	0.0	2990779.0	99688.6	4.38	3.38	12.559999999999999	20.779999999999998	130.4
