concurrency	elapsed-r	errors-r	ops(total)-r	ops/sec(cum)-r	avg(ms)-r	p50(ms)-r	p95(ms)-r	p99(ms)-r	pMax(ms)-r	total-r	elapsed-w	errors-w	ops(total)-w	ops/sec(cum)-w	avg(ms)-w	p50(ms)-w	p95(ms)-w	p99(ms)-w	pMax(ms)-w	total-w	elapsed	errors	ops(total)	ops/sec(cum)	avg(ms)	p50(ms)	p95(ms)	p99(ms)	pMax(ms)
44	0.0	0.0	1023547.0	34117.3	2.7000000000000006	2.1	6.599999999999999	16.8	176.19999999999996	0.0	0.0	0.0	53738.0	1791.2	1.5	1.0	2.6	8.733333333333334	51.0	0.0	0.0	0.0	1077285.0	35908.4	2.6	2.0	6.2	16.633333333333336	176.19999999999996
