concurrency	elapsed-r	errors-r	ops(total)-r	ops/sec(cum)-r	avg(ms)-r	p50(ms)-r	p95(ms)-r	p99(ms)-r	pMax(ms)-r	total-r	elapsed	errors	ops(total)	ops/sec(cum)	avg(ms)	p50(ms)	p95(ms)	p99(ms)	pMax(ms)
31	0.0	0.0	1300676.0	43355.100000000006	5.3625	4.6625000000000005	11.95	17.425	148.36249999999998	0.0	0.0	0.0	1300676.0	43355.100000000006	5.3625	4.6625000000000005	11.95	17.425	148.36249999999998
