concurrency	elapsed-r	errors-r	ops(total)-r	ops/sec(cum)-r	avg(ms)-r	p50(ms)-r	p95(ms)-r	p99(ms)-r	pMax(ms)-r	total-r	elapsed-w	errors-w	ops(total)-w	ops/sec(cum)-w	avg(ms)-w	p50(ms)-w	p95(ms)-w	p99(ms)-w	pMax(ms)-w	total-w	elapsed	errors	ops(total)	ops/sec(cum)	avg(ms)	p50(ms)	p95(ms)	p99(ms)	pMax(ms)
47	0.0	0.0	760983.0	25364.6	3.9	2.9	10.0	22.0	153.79999999999998	0.0	0.0	0.0	40029.0	1334.1999999999998	1.7	1.0	3.466666666666667	11.866666666666667	52.4	0.0	0.0	0.0	801012.0	26698.800000000003	3.7999999999999994	2.9	10.0	22.0	153.79999999999998
