concurrency	elapsed-r	errors-r	ops(total)-r	ops/sec(cum)-r	avg(ms)-r	p50(ms)-r	p95(ms)-r	p99(ms)-r	pMax(ms)-r	total-r	elapsed	errors	ops(total)	ops/sec(cum)	avg(ms)	p50(ms)	p95(ms)	p99(ms)	pMax(ms)
31	0.0	0.0	1042412.0	34746.200000000004	7.0375	6.375	14.249999999999998	20.787499999999998	53.45	0.0	0.0	0.0	1042412.0	34746.200000000004	7.0375	6.375	14.249999999999998	20.787499999999998	53.45
