concurrency	elapsed-r	errors-r	ops(total)-r	ops/sec(cum)-r	avg(ms)-r	p50(ms)-r	p95(ms)-r	p99(ms)-r	pMax(ms)-r	total-r	elapsed-w	errors-w	ops(total)-w	ops/sec(cum)-w	avg(ms)-w	p50(ms)-w	p95(ms)-w	p99(ms)-w	pMax(ms)-w	total-w	elapsed	errors	ops(total)	ops/sec(cum)	avg(ms)	p50(ms)	p95(ms)	p99(ms)	pMax(ms)
41	0.0	0.0	1951059.0	65033.100000000006	4.1625	3.675	9.625	14.950000000000001	41.4125	0.0	0.0	0.0	102554.0	3418.4	7.625000000000001	7.199999999999999	16.425	22.9625	39.3	0.0	0.0	0.0	2053613.0	68451.5	4.3375	3.8	10.375	15.850000000000001	43.225
