concurrency	elapsed-r	errors-r	ops(total)-r	ops/sec(cum)-r	avg(ms)-r	p50(ms)-r	p95(ms)-r	p99(ms)-r	pMax(ms)-r	total-r	elapsed-w	errors-w	ops(total)-w	ops/sec(cum)-w	avg(ms)-w	p50(ms)-w	p95(ms)-w	p99(ms)-w	pMax(ms)-w	total-w	elapsed	errors	ops(total)	ops/sec(cum)	avg(ms)	p50(ms)	p95(ms)	p99(ms)	pMax(ms)
50	0.0	0.0	1953064.0	65099.8	5.1	4.6	11.875	18.625000000000004	50.824999999999996	0.0	0.0	0.0	102788.0	3426.1000000000004	9.412500000000001	8.8375	20.8625	28.8625	51.612500000000004	0.0	0.0	0.0	2055852.0	68525.9	5.3125	4.6	12.849999999999998	19.900000000000002	54.49999999999999
