concurrency	elapsed-r	errors-r	ops(total)-r	ops/sec(cum)-r	avg(ms)-r	p50(ms)-r	p95(ms)-r	p99(ms)-r	pMax(ms)-r	total-r	elapsed-w	errors-w	ops(total)-w	ops/sec(cum)-w	avg(ms)-w	p50(ms)-w	p95(ms)-w	p99(ms)-w	pMax(ms)-w	total-w	elapsed	errors	ops(total)	ops/sec(cum)	avg(ms)	p50(ms)	p95(ms)	p99(ms)	pMax(ms)
50	0.0	0.0	3757422.0	125243.90000000001	2.7874999999999996	1.9875	7.949999999999999	12.099999999999998	147.5875	0.0	0.0	0.0	198072.0	6602.199999999999	2.8	2.025	8.025	12.162499999999998	82.6875	0.0	0.0	0.0	3955494.0	131846.1	2.7874999999999996	2.0	7.987499999999999	12.099999999999998	150.975
