concurrency	elapsed-r	errors-r	ops(total)-r	ops/sec(cum)-r	avg(ms)-r	p50(ms)-r	p95(ms)-r	p99(ms)-r	pMax(ms)-r	total-r	elapsed-w	errors-w	ops(total)-w	ops/sec(cum)-w	avg(ms)-w	p50(ms)-w	p95(ms)-w	p99(ms)-w	pMax(ms)-w	total-w	elapsed	errors	ops(total)	ops/sec(cum)	avg(ms)	p50(ms)	p95(ms)	p99(ms)	pMax(ms)
39	0.0	0.0	28292.0	943.0999999999999	244.375	10.125	1187.025	2273.2999999999997	5301.587500000001	0.0	0.0	0.0	1462.0	48.7	1692.3750000000002	1337.9875	5268.025000000001	7818.199999999999	9093.25	0.0	0.0	0.0	29754.0	991.9	315.84999999999997	14.1	1535.1125000000002	3154.1125	9093.25
