concurrency	elapsed-r	errors-r	ops(total)-r	ops/sec(cum)-r	avg(ms)-r	p50(ms)-r	p95(ms)-r	p99(ms)-r	pMax(ms)-r	total-r	elapsed	errors	ops(total)	ops/sec(cum)	avg(ms)	p50(ms)	p95(ms)	p99(ms)	pMax(ms)
17	0.0	0.0	1097600.0	36586.200000000004	3.5124999999999997	3.3125	6.375000000000001	9.2625	25.974999999999998	0.0	0.0	0.0	1097600.0	36586.200000000004	3.5124999999999997	3.3125	6.375000000000001	9.2625	25.974999999999998
