concurrency	elapsed-w	errors-w	ops(total)-w	ops/sec(cum)-w	avg(ms)-w	p50(ms)-w	p95(ms)-w	p99(ms)-w	pMax(ms)-w	total-w	elapsed	errors	ops(total)	ops/sec(cum)	avg(ms)	p50(ms)	p95(ms)	p99(ms)	pMax(ms)
40	0.0	0.0	3586152.0	119536.09999999999	2.4250000000000003	2.325	3.9999999999999996	7.525	25.974999999999994	0.0	0.0	0.0	3586152.0	119536.09999999999	2.4250000000000003	2.325	3.9999999999999996	7.525	25.974999999999994
