ops/sec(cum)	p50(ms)	p99(ms)	read_tp	read_p50	read_p99	write_tp	write_p50	write_p99
204862.34999999998	0.35583333333333333	4.441333333333334	194642.4833333333	0.3536666666666667	4.441333333333334	10218.866666666667	0.358	4.4463333333333335
