concurrency	elapsed-r	errors-r	ops(total)-r	ops/sec(cum)-r	avg(ms)-r	p50(ms)-r	p95(ms)-r	p99(ms)-r	pMax(ms)-r	total-r	elapsed-w	errors-w	ops(total)-w	ops/sec(cum)-w	avg(ms)-w	p50(ms)-w	p95(ms)-w	p99(ms)-w	pMax(ms)-w	total-w	elapsed	errors	ops(total)	ops/sec(cum)	avg(ms)	p50(ms)	p95(ms)	p99(ms)	pMax(ms)
28	0.0	0.0	1945530.0	64849.9	3.1000000000000005	2.8999999999999995	5.824999999999999	7.912499999999999	24.924999999999997	0.0	0.0	0.0	102346.0	3411.6000000000004	3.0375	2.8375	5.6875	7.800000000000001	23.087500000000002	0.0	0.0	0.0	2047876.0	68261.40000000001	3.1000000000000005	2.8999999999999995	5.824999999999999	7.912499999999999	25.974999999999998
