concurrency	elapsed-r	errors-r	ops(total)-r	ops/sec(cum)-r	avg(ms)-r	p50(ms)-r	p95(ms)-r	p99(ms)-r	pMax(ms)-r	total-r	elapsed-w	errors-w	ops(total)-w	ops/sec(cum)-w	avg(ms)-w	p50(ms)-w	p95(ms)-w	p99(ms)-w	pMax(ms)-w	total-w	elapsed	errors	ops(total)	ops/sec(cum)	avg(ms)	p50(ms)	p95(ms)	p99(ms)	pMax(ms)
24	0.0	0.0	1676082.0	55868.0	1.975	1.45	5.7875	9.850000000000001	56.075	0.0	0.0	0.0	88450.0	2948.3	23.174999999999997	2.7375	283.1	383.8	457.20000000000005	0.0	0.0	0.0	1764532.0	58816.19999999999	3.0500000000000003	1.475	6.0625	10.9375	457.20000000000005
