concurrency	elapsed-r	errors-r	ops(total)-r	ops/sec(cum)-r	avg(ms)-r	p50(ms)-r	p95(ms)-r	p99(ms)-r	pMax(ms)-r	total-r	elapsed-w	errors-w	ops(total)-w	ops/sec(cum)-w	avg(ms)-w	p50(ms)-w	p95(ms)-w	p99(ms)-w	pMax(ms)-w	total-w	elapsed	errors	ops(total)	ops/sec(cum)	avg(ms)	p50(ms)	p95(ms)	p99(ms)	pMax(ms)
151	0.0	0.0	4518077.0	150589.7	5.1000000000000005	4.159999999999999	13.080000000000002	21.0	228.4	0.0	0.0	0.0	236999.0	7899.2	13.12	11.959999999999999	27.1	37.02	190.84	0.0	0.0	0.0	4755076.0	158489.0	5.540000000000001	4.279999999999999	15.14	23.88	231.74
