concurrency	elapsed-r	errors-r	ops(total)-r	ops/sec(cum)-r	avg(ms)-r	p50(ms)-r	p95(ms)-r	p99(ms)-r	pMax(ms)-r	total-r	elapsed	errors	ops(total)	ops/sec(cum)	avg(ms)	p50(ms)	p95(ms)	p99(ms)	pMax(ms)
8	0.0	0.0	740688.0	24689.300000000003	1.15	1.125	1.4500000000000002	2.275	10.55	0.0	0.0	0.0	740688.0	24689.300000000003	1.15	1.125	1.4500000000000002	2.275	10.55
