concurrency	elapsed-r	errors-r	ops(total)-r	ops/sec(cum)-r	avg(ms)-r	p50(ms)-r	p95(ms)-r	p99(ms)-r	pMax(ms)-r	total-r	elapsed-w	errors-w	ops(total)-w	ops/sec(cum)-w	avg(ms)-w	p50(ms)-w	p95(ms)-w	p99(ms)-w	pMax(ms)-w	total-w	elapsed	errors	ops(total)	ops/sec(cum)	avg(ms)	p50(ms)	p95(ms)	p99(ms)	pMax(ms)
58	0.0	0.0	3243742.0	108121.0	3.75	3.5500000000000003	6.549999999999999	11.075	30.675	0.0	0.0	0.0	170067.0	5668.6	3.7375	3.5500000000000003	6.587499999999999	11.15	23.737499999999997	0.0	0.0	0.0	3413809.0	113789.9	3.75	3.5500000000000003	6.549999999999999	11.075	30.675
