concurrency	elapsed-r	errors-r	ops(total)-r	ops/sec(cum)-r	avg(ms)-r	p50(ms)-r	p95(ms)-r	p99(ms)-r	pMax(ms)-r	total-r	elapsed-w	errors-w	ops(total)-w	ops/sec(cum)-w	avg(ms)-w	p50(ms)-w	p95(ms)-w	p99(ms)-w	pMax(ms)-w	total-w	elapsed	errors	ops(total)	ops/sec(cum)	avg(ms)	p50(ms)	p95(ms)	p99(ms)	pMax(ms)
64	0.0	0.0	4084266.0	136137.7	2.32	1.9600000000000002	4.3	12.26	32.720000000000006	0.0	0.0	0.0	215315.0	7177.0	4.74	4.2	10.399999999999999	16.619999999999997	36.28	0.0	0.0	0.0	4299581.0	143314.4	2.4400000000000004	2.0	5.119999999999999	12.639999999999999	36.28
