concurrency	elapsed-w	errors-w	ops(total)-w	ops/sec(cum)-w	avg(ms)-w	p50(ms)-w	p95(ms)-w	p99(ms)-w	pMax(ms)-w	total-w	elapsed	errors	ops(total)	ops/sec(cum)	avg(ms)	p50(ms)	p95(ms)	p99(ms)	pMax(ms)
64	0.0	0.0	512014.0	17066.4	28.8625	2.7	11.2125	1971.3625000000002	2332.0250000000005	0.0	0.0	0.0	512014.0	17066.4	28.8625	2.7	11.2125	1971.3625000000002	2332.0250000000005
