concurrency	elapsed-r	errors-r	ops(total)-r	ops/sec(cum)-r	avg(ms)-r	p50(ms)-r	p95(ms)-r	p99(ms)-r	pMax(ms)-r	total-r	elapsed-w	errors-w	ops(total)-w	ops/sec(cum)-w	avg(ms)-w	p50(ms)-w	p95(ms)-w	p99(ms)-w	pMax(ms)-w	total-w	elapsed	errors	ops(total)	ops/sec(cum)	avg(ms)	p50(ms)	p95(ms)	p99(ms)	pMax(ms)
83	0.0	0.0	1576743.0	26278.9	2.625	1.7750000000000001	8.049999999999999	19.924999999999997	93.325	0.0	0.0	0.0	82742.0	1379.1	4.95	3.25	16.925	30.950000000000003	88.1	0.0	0.0	0.0	1659485.0	27657.899999999998	2.7249999999999996	1.825	8.65	20.725	105.92500000000001
