concurrency	elapsed-r	errors-r	ops(total)-r	ops/sec(cum)-r	avg(ms)-r	p50(ms)-r	p95(ms)-r	p99(ms)-r	pMax(ms)-r	total-r	elapsed-w	errors-w	ops(total)-w	ops/sec(cum)-w	avg(ms)-w	p50(ms)-w	p95(ms)-w	p99(ms)-w	pMax(ms)-w	total-w	elapsed	errors	ops(total)	ops/sec(cum)	avg(ms)	p50(ms)	p95(ms)	p99(ms)	pMax(ms)
23	0.0	0.0	1064028.0	35467.00000000001	4.737500000000001	4.6	8.375	10.0	23.337500000000002	0.0	0.0	0.0	56071.0	1869.1000000000001	4.824999999999999	4.737500000000001	8.525	10.1875	21.1	0.0	0.0	0.0	1120099.0	37336.00000000001	4.737500000000001	4.675000000000001	8.450000000000001	10.0	23.6
