concurrency	elapsed-r	errors-r	ops(total)-r	ops/sec(cum)-r	avg(ms)-r	p50(ms)-r	p95(ms)-r	p99(ms)-r	pMax(ms)-r	total-r	elapsed-w	errors-w	ops(total)-w	ops/sec(cum)-w	avg(ms)-w	p50(ms)-w	p95(ms)-w	p99(ms)-w	pMax(ms)-w	total-w	elapsed	errors	ops(total)	ops/sec(cum)	avg(ms)	p50(ms)	p95(ms)	p99(ms)	pMax(ms)
47	0.0	0.0	1102420.0	36745.9	17.15	16.325000000000003	33.65	37.2	77.6	0.0	0.0	0.0	57942.0	1931.1999999999998	17.35	16.35	33.7875	43.49999999999999	100.675	0.0	0.0	0.0	1160362.0	38677.100000000006	17.15	16.325000000000003	33.65	37.462500000000006	102.775
