concurrency	elapsed-r	errors-r	ops(total)-r	ops/sec(cum)-r	avg(ms)-r	p50(ms)-r	p95(ms)-r	p99(ms)-r	pMax(ms)-r	total-r	elapsed-w	errors-w	ops(total)-w	ops/sec(cum)-w	avg(ms)-w	p50(ms)-w	p95(ms)-w	p99(ms)-w	pMax(ms)-w	total-w	elapsed	errors	ops(total)	ops/sec(cum)	avg(ms)	p50(ms)	p95(ms)	p99(ms)	pMax(ms)
46	0.0	0.0	3206367.0	106876.3	2.9000000000000004	2.7	5.1625	9.05	34.9875	0.0	0.0	0.0	168269.0	5608.900000000001	2.9625000000000004	2.7	6.3	10.5125	28.0625	0.0	0.0	0.0	3374636.0	112485.1	2.9000000000000004	2.7	5.1625	9.2375	35.3875
