concurrency	elapsed-r	errors-r	ops(total)-r	ops/sec(cum)-r	avg(ms)-r	p50(ms)-r	p95(ms)-r	p99(ms)-r	pMax(ms)-r	total-r	elapsed-w	errors-w	ops(total)-w	ops/sec(cum)-w	avg(ms)-w	p50(ms)-w	p95(ms)-w	p99(ms)-w	pMax(ms)-w	total-w	elapsed	errors	ops(total)	ops/sec(cum)	avg(ms)	p50(ms)	p95(ms)	p99(ms)	pMax(ms)
47	0.0	0.0	1441062.0	48033.9	6.75	5.7875000000000005	15.874999999999998	23.874999999999996	59.75	0.0	0.0	0.0	75937.0	2531.2999999999997	11.225000000000003	9.65	27.937500000000004	38.512499999999996	64.2125	0.0	0.0	0.0	1516999.0	50565.0	6.95	5.9125	16.9	25.7	65.0
