concurrency	elapsed-r	errors-r	ops(total)-r	ops/sec(cum)-r	avg(ms)-r	p50(ms)-r	p95(ms)-r	p99(ms)-r	pMax(ms)-r	total-r	elapsed	errors	ops(total)	ops/sec(cum)	avg(ms)	p50(ms)	p95(ms)	p99(ms)	pMax(ms)
22	0.0	0.0	1342205.0	44739.49999999999	3.7874999999999996	3.4250000000000003	7.275	11.424999999999999	27.5375	0.0	0.0	0.0	1342205.0	44739.49999999999	3.7874999999999996	3.4250000000000003	7.275	11.424999999999999	27.5375
