concurrency	elapsed-r	errors-r	ops(total)-r	ops/sec(cum)-r	avg(ms)-r	p50(ms)-r	p95(ms)-r	p99(ms)-r	pMax(ms)-r	total-r	elapsed-w	errors-w	ops(total)-w	ops/sec(cum)-w	avg(ms)-w	p50(ms)-w	p95(ms)-w	p99(ms)-w	pMax(ms)-w	total-w	elapsed	errors	ops(total)	ops/sec(cum)	avg(ms)	p50(ms)	p95(ms)	p99(ms)	pMax(ms)
144	0.0	0.0	4608383.0	153601.0	4.279999999999999	3.5199999999999996	10.760000000000002	19.1	202.18	0.0	0.0	0.0	243132.0	8103.800000000001	13.760000000000002	12.8	27.5	35.54	207.61999999999998	0.0	0.0	0.0	4851515.0	161704.80000000002	4.76	3.5799999999999996	14.080000000000002	23.259999999999998	220.63999999999996
