concurrency	elapsed-r	errors-r	ops(total)-r	ops/sec(cum)-r	avg(ms)-r	p50(ms)-r	p95(ms)-r	p99(ms)-r	pMax(ms)-r	total-r	elapsed-w	errors-w	ops(total)-w	ops/sec(cum)-w	avg(ms)-w	p50(ms)-w	p95(ms)-w	p99(ms)-w	pMax(ms)-w	total-w	elapsed	errors	ops(total)	ops/sec(cum)	avg(ms)	p50(ms)	p95(ms)	p99(ms)	pMax(ms)
18	0.0	0.0	491651.0	16387.899999999998	3.0999999999999996	2.2375000000000003	7.8500000000000005	10.875	33.1625	0.0	0.0	0.0	25709.0	856.8999999999999	103.55	3.9749999999999996	509.6	566.2125	654.3000000000001	0.0	0.0	0.0	517360.0	17244.899999999998	8.1	2.25	8.5125	331.3375	654.3000000000001
