concurrency	elapsed-r	errors-r	ops(total)-r	ops/sec(cum)-r	avg(ms)-r	p50(ms)-r	p95(ms)-r	p99(ms)-r	pMax(ms)-r	total-r	elapsed-w	errors-w	ops(total)-w	ops/sec(cum)-w	avg(ms)-w	p50(ms)-w	p95(ms)-w	p99(ms)-w	pMax(ms)-w	total-w	elapsed	errors	ops(total)	ops/sec(cum)	avg(ms)	p50(ms)	p95(ms)	p99(ms)	pMax(ms)
31	0.0	0.0	1698706.0	56622.100000000006	3.6999999999999993	3.125	8.375	13.574999999999998	35.012499999999996	0.0	0.0	0.0	89740.0	2991.4	5.5625	3.8749999999999996	14.3	20.85	37.225	0.0	0.0	0.0	1788446.0	59613.299999999996	3.7874999999999996	3.15	8.875	14.3625	37.7375
