concurrency	elapsed-r	errors-r	ops(total)-r	ops/sec(cum)-r	avg(ms)-r	p50(ms)-r	p95(ms)-r	p99(ms)-r	pMax(ms)-r	total-r	elapsed-w	errors-w	ops(total)-w	ops/sec(cum)-w	avg(ms)-w	p50(ms)-w	p95(ms)-w	p99(ms)-w	pMax(ms)-w	total-w	elapsed	errors	ops(total)	ops/sec(cum)	avg(ms)	p50(ms)	p95(ms)	p99(ms)	pMax(ms)
38	0.0	0.0	2244158.0	74803.2	3.4	2.9250000000000003	7.3374999999999995	12.0125	32.775	0.0	0.0	0.0	118509.0	3950.2999999999997	4.375	3.1	11.6375	17.4875	34.475	0.0	0.0	0.0	2362667.0	78753.29999999999	3.4625000000000004	2.9250000000000003	7.575	12.45	36.0375
