concurrency	elapsed-r	errors-r	ops(total)-r	ops/sec(cum)-r	avg(ms)-r	p50(ms)-r	p95(ms)-r	p99(ms)-r	pMax(ms)-r	total-r	elapsed-w	errors-w	ops(total)-w	ops/sec(cum)-w	avg(ms)-w	p50(ms)-w	p95(ms)-w	p99(ms)-w	pMax(ms)-w	total-w	elapsed	errors	ops(total)	ops/sec(cum)	avg(ms)	p50(ms)	p95(ms)	p99(ms)	pMax(ms)
39	0.0	0.0	3147447.0	104912.60000000002	2.6125	2.4375	4.5	8.15	26.875	0.0	0.0	0.0	165739.0	5524.6	2.5749999999999997	2.4375	4.5	7.887499999999999	20.975	0.0	0.0	0.0	3313186.0	110437.09999999999	2.5999999999999996	2.4375	4.5	8.0875	26.875
