concurrency	elapsed-r	errors-r	ops(total)-r	ops/sec(cum)-r	avg(ms)-r	p50(ms)-r	p95(ms)-r	p99(ms)-r	pMax(ms)-r	total-r	elapsed-w	errors-w	ops(total)-w	ops/sec(cum)-w	avg(ms)-w	p50(ms)-w	p95(ms)-w	p99(ms)-w	pMax(ms)-w	total-w	elapsed	errors	ops(total)	ops/sec(cum)	avg(ms)	p50(ms)	p95(ms)	p99(ms)	pMax(ms)
15	0.0	0.0	1784796.0	59492.3	1.65	1.4625000000000001	3.2375000000000003	6.4125	22.4	0.0	0.0	0.0	94034.0	3134.2999999999997	2.9124999999999996	2.7000000000000006	5.975	9.55	22.7	0.0	0.0	0.0	1878830.0	62626.700000000004	1.7	1.475	3.55	6.699999999999999	23.6
