concurrency	elapsed-r	errors-r	ops(total)-r	ops/sec(cum)-r	avg(ms)-r	p50(ms)-r	p95(ms)-r	p99(ms)-r	pMax(ms)-r	total-r	elapsed-w	errors-w	ops(total)-w	ops/sec(cum)-w	avg(ms)-w	p50(ms)-w	p95(ms)-w	p99(ms)-w	pMax(ms)-w	total-w	elapsed	errors	ops(total)	ops/sec(cum)	avg(ms)	p50(ms)	p95(ms)	p99(ms)	pMax(ms)
148	0.0	0.0	4589307.0	152965.6	4.46	3.6399999999999997	11.42	19.52	237.0	0.0	0.0	0.0	241505.0	8049.599999999999	14.080000000000002	12.9	28.04	35.64	221.9	0.0	0.0	0.0	4830812.0	161015.3	4.9399999999999995	3.84	14.440000000000001	23.88	237.0
