concurrency	elapsed-r	errors-r	ops(total)-r	ops/sec(cum)-r	avg(ms)-r	p50(ms)-r	p95(ms)-r	p99(ms)-r	pMax(ms)-r	total-r	elapsed-w	errors-w	ops(total)-w	ops/sec(cum)-w	avg(ms)-w	p50(ms)-w	p95(ms)-w	p99(ms)-w	pMax(ms)-w	total-w	elapsed	errors	ops(total)	ops/sec(cum)	avg(ms)	p50(ms)	p95(ms)	p99(ms)	pMax(ms)
8	0.0	0.0	604669.0	20155.4	0.9	0.9	1.4666666666666668	2.8666666666666667	8.200000000000001	0.0	0.0	0.0	31740.0	1058.0	1.3999999999999997	1.3	2.2	3.966666666666667	8.799999999999999	0.0	0.0	0.0	636409.0	21213.5	0.9666666666666667	0.9	1.6000000000000003	2.9	8.799999999999999
