concurrency	elapsed-r	errors-r	ops(total)-r	ops/sec(cum)-r	avg(ms)-r	p50(ms)-r	p95(ms)-r	p99(ms)-r	pMax(ms)-r	total-r	elapsed-w	errors-w	ops(total)-w	ops/sec(cum)-w	avg(ms)-w	p50(ms)-w	p95(ms)-w	p99(ms)-w	pMax(ms)-w	total-w	elapsed	errors	ops(total)	ops/sec(cum)	avg(ms)	p50(ms)	p95(ms)	p99(ms)	pMax(ms)
20	0.0	0.0	763928.0	25463.699999999997	1.7999999999999998	1.3	4.1499999999999995	5.575	44.949999999999996	0.0	0.0	0.0	40178.0	1339.1999999999998	22.2	2.375	78.65	88.1	105.94999999999999	0.0	0.0	0.0	804106.0	26802.9	2.85	1.3499999999999999	4.45	62.375	105.94999999999999
