concurrency	elapsed-r	errors-r	ops(total)-r	ops/sec(cum)-r	avg(ms)-r	p50(ms)-r	p95(ms)-r	p99(ms)-r	pMax(ms)-r	total-r	elapsed-w	errors-w	ops(total)-w	ops/sec(cum)-w	avg(ms)-w	p50(ms)-w	p95(ms)-w	p99(ms)-w	pMax(ms)-w	total-w	elapsed	errors	ops(total)	ops/sec(cum)	avg(ms)	p50(ms)	p95(ms)	p99(ms)	pMax(ms)
86	0.0	0.0	2380479.0	79345.7	2.3	1.5666666666666667	6.233333333333334	10.133333333333333	24.5	0.0	0.0	0.0	125376.0	4179.0	22.0	2.9333333333333336	118.83333333333333	139.1	174.76666666666665	0.0	0.0	0.0	2505855.0	83524.7	3.3000000000000003	1.6333333333333335	6.733333333333334	18.033333333333335	174.76666666666665
