concurrency	elapsed-r	errors-r	ops(total)-r	ops/sec(cum)-r	avg(ms)-r	p50(ms)-r	p95(ms)-r	p99(ms)-r	pMax(ms)-r	total-r	elapsed	errors	ops(total)	ops/sec(cum)	avg(ms)	p50(ms)	p95(ms)	p99(ms)	pMax(ms)
41	0.0	0.0	1200869.0	40027.7	8.2125	7.2749999999999995	17.275000000000002	26.25	66.8375	0.0	0.0	0.0	1200869.0	40027.7	8.2125	7.2749999999999995	17.275000000000002	26.25	66.8375
