concurrency	elapsed-w	errors-w	ops(total)-w	ops/sec(cum)-w	avg(ms)-w	p50(ms)-w	p95(ms)-w	p99(ms)-w	pMax(ms)-w	total-w	elapsed	errors	ops(total)	ops/sec(cum)	avg(ms)	p50(ms)	p95(ms)	p99(ms)	pMax(ms)
16	0.0	0.0	640702.0	21356.400000000005	5.7125	4.25	13.224999999999998	21.35	171.98750000000004	0.0	0.0	0.0	640702.0	21356.400000000005	5.7125	4.25	13.224999999999998	21.35	171.98750000000004
