concurrency	elapsed-r	errors-r	ops(total)-r	ops/sec(cum)-r	avg(ms)-r	p50(ms)-r	p95(ms)-r	p99(ms)-r	pMax(ms)-r	total-r	elapsed	errors	ops(total)	ops/sec(cum)	avg(ms)	p50(ms)	p95(ms)	p99(ms)	pMax(ms)
6	0.0	0.0	946534.0	31550.800000000003	1.35	1.35	1.7750000000000001	3.3875	50.05	0.0	0.0	0.0	946534.0	31550.800000000003	1.35	1.35	1.7750000000000001	3.3875	50.05
