concurrency	elapsed-r	errors-r	ops(total)-r	ops/sec(cum)-r	avg(ms)-r	p50(ms)-r	p95(ms)-r	p99(ms)-r	pMax(ms)-r	total-r	elapsed-w	errors-w	ops(total)-w	ops/sec(cum)-w	avg(ms)-w	p50(ms)-w	p95(ms)-w	p99(ms)-w	pMax(ms)-w	total-w	elapsed	errors	ops(total)	ops/sec(cum)	avg(ms)	p50(ms)	p95(ms)	p99(ms)	pMax(ms)
40	0.0	0.0	885868.0	29528.300000000003	2.6666666666666665	2.1	6.733333333333333	14.366666666666665	62.199999999999996	0.0	0.0	0.0	46176.0	1539.2	1.3666666666666665	0.9	4.3999999999999995	8.466666666666667	62.199999999999996	0.0	0.0	0.0	932044.0	31067.5	2.6	2.0	6.599999999999999	14.199999999999998	69.89999999999999
