concurrency	elapsed-r	errors-r	ops(total)-r	ops/sec(cum)-r	avg(ms)-r	p50(ms)-r	p95(ms)-r	p99(ms)-r	pMax(ms)-r	total-r	elapsed-w	errors-w	ops(total)-w	ops/sec(cum)-w	avg(ms)-w	p50(ms)-w	p95(ms)-w	p99(ms)-w	pMax(ms)-w	total-w	elapsed	errors	ops(total)	ops/sec(cum)	avg(ms)	p50(ms)	p95(ms)	p99(ms)	pMax(ms)
47	0.0	0.0	1244102.0	41468.6	8.7125	5.175	23.925	34.3	219.1375	0.0	0.0	0.0	65381.0	2179.2999999999997	50.025	31.7125	166.75	217.05	362.82500000000005	0.0	0.0	0.0	1309483.0	43647.8	10.75	5.662499999999999	31.825000000000003	98.8	362.82500000000005
