concurrency	elapsed-r	errors-r	ops(total)-r	ops/sec(cum)-r	avg(ms)-r	p50(ms)-r	p95(ms)-r	p99(ms)-r	pMax(ms)-r	total-r	elapsed-w	errors-w	ops(total)-w	ops/sec(cum)-w	avg(ms)-w	p50(ms)-w	p95(ms)-w	p99(ms)-w	pMax(ms)-w	total-w	elapsed	errors	ops(total)	ops/sec(cum)	avg(ms)	p50(ms)	p95(ms)	p99(ms)	pMax(ms)
7	0.0	0.0	457424.0	15247.1	2.7499999999999996	2.05	6.1	7.624999999999999	14.937499999999998	0.0	0.0	0.0	24162.0	805.5	13.112499999999999	3.875	47.9375	58.9625	73.925	0.0	0.0	0.0	481586.0	16052.7	3.2875	2.2	6.549999999999999	28.325000000000003	73.925
