concurrency	elapsed-r	errors-r	ops(total)-r	ops/sec(cum)-r	avg(ms)-r	p50(ms)-r	p95(ms)-r	p99(ms)-r	pMax(ms)-r	total-r	elapsed	errors	ops(total)	ops/sec(cum)	avg(ms)	p50(ms)	p95(ms)	p99(ms)	pMax(ms)
23	0.0	0.0	1357711.0	45256.299999999996	3.8999999999999995	3.5749999999999993	7.55	11.537499999999998	28.575000000000006	0.0	0.0	0.0	1357711.0	45256.299999999996	3.8999999999999995	3.5749999999999993	7.55	11.537499999999998	28.575000000000006
