concurrency	elapsed-r	errors-r	ops(total)-r	ops/sec(cum)-r	avg(ms)-r	p50(ms)-r	p95(ms)-r	p99(ms)-r	pMax(ms)-r	total-r	elapsed	errors	ops(total)	ops/sec(cum)	avg(ms)	p50(ms)	p95(ms)	p99(ms)	pMax(ms)
24	0.0	0.0	1358527.0	45283.5	4.0625	3.7124999999999995	7.85	12.374999999999998	37.2125	0.0	0.0	0.0	1358527.0	45283.5	4.0625	3.7124999999999995	7.85	12.374999999999998	37.2125
