concurrency	elapsed-r	errors-r	ops(total)-r	ops/sec(cum)-r	avg(ms)-r	p50(ms)-r	p95(ms)-r	p99(ms)-r	pMax(ms)-r	total-r	elapsed-w	errors-w	ops(total)-w	ops/sec(cum)-w	avg(ms)-w	p50(ms)-w	p95(ms)-w	p99(ms)-w	pMax(ms)-w	total-w	elapsed	errors	ops(total)	ops/sec(cum)	avg(ms)	p50(ms)	p95(ms)	p99(ms)	pMax(ms)
47	0.0	0.0	1512094.0	50401.5	11.6625	13.0625	31.812499999999996	33.525	130.7875	0.0	0.0	0.0	79824.0	2660.6000000000004	11.7125	13.012500000000001	31.812499999999996	33.5875	96.975	0.0	0.0	0.0	1591918.0	53062.4	11.674999999999999	13.0625	31.812499999999996	33.525	130.7875
