concurrency	elapsed-r	errors-r	ops(total)-r	ops/sec(cum)-r	avg(ms)-r	p50(ms)-r	p95(ms)-r	p99(ms)-r	pMax(ms)-r	total-r	elapsed-w	errors-w	ops(total)-w	ops/sec(cum)-w	avg(ms)-w	p50(ms)-w	p95(ms)-w	p99(ms)-w	pMax(ms)-w	total-w	elapsed	errors	ops(total)	ops/sec(cum)	avg(ms)	p50(ms)	p95(ms)	p99(ms)	pMax(ms)
119	0.0	0.0	4421712.0	147383.3	4.14	3.4200000000000004	10.339999999999998	18.32	106.12	0.0	0.0	0.0	232381.0	7745.6	9.6	8.48	20.46	28.619999999999997	65.44000000000001	0.0	0.0	0.0	4654093.0	155128.9	4.46	3.5	12.22	19.119999999999997	106.96
