concurrency	elapsed-r	errors-r	ops(total)-r	ops/sec(cum)-r	avg(ms)-r	p50(ms)-r	p95(ms)-r	p99(ms)-r	pMax(ms)-r	total-r	elapsed-w	errors-w	ops(total)-w	ops/sec(cum)-w	avg(ms)-w	p50(ms)-w	p95(ms)-w	p99(ms)-w	pMax(ms)-w	total-w	elapsed	errors	ops(total)	ops/sec(cum)	avg(ms)	p50(ms)	p95(ms)	p99(ms)	pMax(ms)
128	0.0	0.0	2795721.0	93185.8	6.4799999999999995	5.08	17.759999999999998	29.119999999999994	452.98	0.0	0.0	0.0	147032.0	4900.799999999999	22.779999999999998	20.14	49.059999999999995	67.97999999999999	409.35999999999996	0.0	0.0	0.0	2942753.0	98086.59999999999	7.3	5.2	21.639999999999997	39.22	454.66
