concurrency	elapsed-r	errors-r	ops(total)-r	ops/sec(cum)-r	avg(ms)-r	p50(ms)-r	p95(ms)-r	p99(ms)-r	pMax(ms)-r	total-r	elapsed	errors	ops(total)	ops/sec(cum)	avg(ms)	p50(ms)	p95(ms)	p99(ms)	pMax(ms)
20	0.0	0.0	1137259.0	37907.8	4.05	3.7499999999999996	7.762499999999999	11.087499999999999	28.462500000000002	0.0	0.0	0.0	1137259.0	37907.8	4.05	3.7499999999999996	7.762499999999999	11.087499999999999	28.462500000000002
