concurrency	elapsed-r	errors-r	ops(total)-r	ops/sec(cum)-r	avg(ms)-r	p50(ms)-r	p95(ms)-r	p99(ms)-r	pMax(ms)-r	total-r	elapsed-w	errors-w	ops(total)-w	ops/sec(cum)-w	avg(ms)-w	p50(ms)-w	p95(ms)-w	p99(ms)-w	pMax(ms)-w	total-w	elapsed	errors	ops(total)	ops/sec(cum)	avg(ms)	p50(ms)	p95(ms)	p99(ms)	pMax(ms)
7	0.0	0.0	628712.0	20956.7	1.9124999999999999	1.5	3.9749999999999996	5.175	13.825	0.0	0.0	0.0	32852.0	1095.0	10.5	2.725	37.199999999999996	46.10000000000001	59.4875	0.0	0.0	0.0	661564.0	22051.9	2.3375000000000004	1.525	4.3	23.075	59.4875
