concurrency	elapsed-r	errors-r	ops(total)-r	ops/sec(cum)-r	avg(ms)-r	p50(ms)-r	p95(ms)-r	p99(ms)-r	pMax(ms)-r	total-r	elapsed-w	errors-w	ops(total)-w	ops/sec(cum)-w	avg(ms)-w	p50(ms)-w	p95(ms)-w	p99(ms)-w	pMax(ms)-w	total-w	elapsed	errors	ops(total)	ops/sec(cum)	avg(ms)	p50(ms)	p95(ms)	p99(ms)	pMax(ms)
27	0.0	0.0	3237220.0	107905.5	1.6750000000000003	1.5374999999999999	2.95	5.775	189.0	0.0	0.0	0.0	171145.0	5704.799999999999	1.6750000000000003	1.4874999999999998	2.9125000000000005	5.675	18.225	0.0	0.0	0.0	3408365.0	113610.3	1.6750000000000003	1.525	2.95	5.775	189.0
