concurrency	elapsed-r	errors-r	ops(total)-r	ops/sec(cum)-r	avg(ms)-r	p50(ms)-r	p95(ms)-r	p99(ms)-r	pMax(ms)-r	total-r	elapsed-w	errors-w	ops(total)-w	ops/sec(cum)-w	avg(ms)-w	p50(ms)-w	p95(ms)-w	p99(ms)-w	pMax(ms)-w	total-w	elapsed	errors	ops(total)	ops/sec(cum)	avg(ms)	p50(ms)	p95(ms)	p99(ms)	pMax(ms)
31	0.0	0.0	4493209.0	149770.8	1.3	1.2000000000000002	2.375	4.05	210.75	0.0	0.0	0.0	236755.0	7891.599999999999	1.375	1.2000000000000002	2.625	4.7875	61.849999999999994	0.0	0.0	0.0	4729964.0	157662.6	1.3125	1.2000000000000002	2.3875	4.0875	210.75
