concurrency	elapsed-r	errors-r	ops(total)-r	ops/sec(cum)-r	avg(ms)-r	p50(ms)-r	p95(ms)-r	p99(ms)-r	pMax(ms)-r	total-r	elapsed	errors	ops(total)	ops/sec(cum)	avg(ms)	p50(ms)	p95(ms)	p99(ms)	pMax(ms)
19	0.0	0.0	1367864.0	45594.6	1.55	1.4500000000000002	2.275	4.3	14.799999999999999	0.0	0.0	0.0	1367864.0	45594.6	1.55	1.4500000000000002	2.275	4.3	14.799999999999999
