concurrency	elapsed-r	errors-r	ops(total)-r	ops/sec(cum)-r	avg(ms)-r	p50(ms)-r	p95(ms)-r	p99(ms)-r	pMax(ms)-r	total-r	elapsed	errors	ops(total)	ops/sec(cum)	avg(ms)	p50(ms)	p95(ms)	p99(ms)	pMax(ms)
14	0.0	0.0	1002343.0	33411.200000000004	3.1625	2.9875000000000003	5.637499999999999	7.375000000000001	20.9625	0.0	0.0	0.0	1002343.0	33411.200000000004	3.1625	2.9875000000000003	5.637499999999999	7.375000000000001	20.9625
