concurrency	elapsed-r	errors-r	ops(total)-r	ops/sec(cum)-r	avg(ms)-r	p50(ms)-r	p95(ms)-r	p99(ms)-r	pMax(ms)-r	total-r	elapsed	errors	ops(total)	ops/sec(cum)	avg(ms)	p50(ms)	p95(ms)	p99(ms)	pMax(ms)
48	0.0	0.0	1544578.0	51484.600000000006	6.9375	6.324999999999999	14.825000000000001	21.75	138.42499999999998	0.0	0.0	0.0	1544578.0	51484.600000000006	6.9375	6.324999999999999	14.825000000000001	21.75	138.42499999999998
