concurrency	elapsed-r	errors-r	ops(total)-r	ops/sec(cum)-r	avg(ms)-r	p50(ms)-r	p95(ms)-r	p99(ms)-r	pMax(ms)-r	total-r	elapsed-w	errors-w	ops(total)-w	ops/sec(cum)-w	avg(ms)-w	p50(ms)-w	p95(ms)-w	p99(ms)-w	pMax(ms)-w	total-w	elapsed	errors	ops(total)	ops/sec(cum)	avg(ms)	p50(ms)	p95(ms)	p99(ms)	pMax(ms)
48	0.0	0.0	975627.0	21680.2	2.4400000000000004	1.6400000000000001	6.8	12.8	81.8	0.0	0.0	0.0	51269.0	1139.3	126.13999999999999	2.92	704.6	738.2	825.46	0.0	0.0	0.0	1026896.0	22819.300000000003	8.64	1.6800000000000002	7.3	26.439999999999998	825.46
