concurrency	elapsed-r	errors-r	ops(total)-r	ops/sec(cum)-r	avg(ms)-r	p50(ms)-r	p95(ms)-r	p99(ms)-r	pMax(ms)-r	total-r	elapsed-w	errors-w	ops(total)-w	ops/sec(cum)-w	avg(ms)-w	p50(ms)-w	p95(ms)-w	p99(ms)-w	pMax(ms)-w	total-w	elapsed	errors	ops(total)	ops/sec(cum)	avg(ms)	p50(ms)	p95(ms)	p99(ms)	pMax(ms)
6	0.0	0.0	301189.0	10039.500000000002	2.9124999999999996	2.7	5.525	6.800000000000001	14.112499999999999	0.0	0.0	0.0	15800.0	526.6999999999999	31.2875	38.75	65.525	77.07499999999999	102.2625	0.0	0.0	0.0	316989.0	10566.2	4.325	2.7749999999999995	6.35	54.2375	102.2625
