concurrency	elapsed-r	errors-r	ops(total)-r	ops/sec(cum)-r	avg(ms)-r	p50(ms)-r	p95(ms)-r	p99(ms)-r	pMax(ms)-r	total-r	elapsed-w	errors-w	ops(total)-w	ops/sec(cum)-w	avg(ms)-w	p50(ms)-w	p95(ms)-w	p99(ms)-w	pMax(ms)-w	total-w	elapsed	errors	ops(total)	ops/sec(cum)	avg(ms)	p50(ms)	p95(ms)	p99(ms)	pMax(ms)
10	0.0	0.0	626969.0	20898.600000000002	1.875	1.5	3.925	5.025	15.662500000000001	0.0	0.0	0.0	32943.0	1098.1	32.925	2.6750000000000003	95.975	104.89999999999999	122.65	0.0	0.0	0.0	659912.0	21996.8	3.4499999999999997	1.5499999999999998	4.3	83.89999999999999	122.65
