concurrency	elapsed-r	errors-r	ops(total)-r	ops/sec(cum)-r	avg(ms)-r	p50(ms)-r	p95(ms)-r	p99(ms)-r	pMax(ms)-r	total-r	elapsed-w	errors-w	ops(total)-w	ops/sec(cum)-w	avg(ms)-w	p50(ms)-w	p95(ms)-w	p99(ms)-w	pMax(ms)-w	total-w	elapsed	errors	ops(total)	ops/sec(cum)	avg(ms)	p50(ms)	p95(ms)	p99(ms)	pMax(ms)
30	0.0	0.0	3264788.0	108824.19999999998	1.85	1.6500000000000001	3.3000000000000003	6.35	121.5	0.0	0.0	0.0	171029.0	5701.0	1.8375000000000001	1.6500000000000001	3.25	6.3	17.7625	0.0	0.0	0.0	3435817.0	114525.09999999999	1.85	1.6500000000000001	3.3000000000000003	6.324999999999999	121.5
