concurrency	elapsed-r	errors-r	ops(total)-r	ops/sec(cum)-r	avg(ms)-r	p50(ms)-r	p95(ms)-r	p99(ms)-r	pMax(ms)-r	total-r	elapsed-w	errors-w	ops(total)-w	ops/sec(cum)-w	avg(ms)-w	p50(ms)-w	p95(ms)-w	p99(ms)-w	pMax(ms)-w	total-w	elapsed	errors	ops(total)	ops/sec(cum)	avg(ms)	p50(ms)	p95(ms)	p99(ms)	pMax(ms)
120	0.0	0.0	3349852.0	111655.0	4.625	3.8000000000000003	10.775	20.85	169.875	0.0	0.0	0.0	175685.0	5855.7	12.600000000000001	11.5	25.849999999999998	34.725	177.2	0.0	0.0	0.0	3525537.0	117510.7	5.0	3.9749999999999996	13.725	23.55	200.27499999999998
