concurrency	elapsed-r	errors-r	ops(total)-r	ops/sec(cum)-r	avg(ms)-r	p50(ms)-r	p95(ms)-r	p99(ms)-r	pMax(ms)-r	total-r	elapsed-w	errors-w	ops(total)-w	ops/sec(cum)-w	avg(ms)-w	p50(ms)-w	p95(ms)-w	p99(ms)-w	pMax(ms)-w	total-w	elapsed	errors	ops(total)	ops/sec(cum)	avg(ms)	p50(ms)	p95(ms)	p99(ms)	pMax(ms)
159	0.0	0.0	4496788.0	149877.3	4.619999999999999	3.5199999999999996	13.319999999999999	24.22	213.88000000000002	0.0	0.0	0.0	236220.0	7873.099999999999	23.32	11.62	28.5	675.38	1169.8200000000002	0.0	0.0	0.0	4733008.0	157750.40000000002	5.58	3.6799999999999997	15.1	26.939999999999998	1170.22
