ops/sec(cum)	p50(ms)	p99(ms)	read_tp	read_p50	read_p99	write_tp	write_p50	write_p99
295304.51666666666	0.2811666666666667	2.1293333333333333	280563.73333333334	0.2793333333333333	2.1293333333333333	14739.783333333333	0.283	2.1653333333333333
