concurrency	elapsed-r	errors-r	ops(total)-r	ops/sec(cum)-r	avg(ms)-r	p50(ms)-r	p95(ms)-r	p99(ms)-r	pMax(ms)-r	total-r	elapsed-w	errors-w	ops(total)-w	ops/sec(cum)-w	avg(ms)-w	p50(ms)-w	p95(ms)-w	p99(ms)-w	pMax(ms)-w	total-w	elapsed	errors	ops(total)	ops/sec(cum)	avg(ms)	p50(ms)	p95(ms)	p99(ms)	pMax(ms)
152	0.0	0.0	2491539.0	83046.50000000001	4.660000000000001	3.06	15.24	30.7	137.56	0.0	0.0	0.0	130869.0	4362.0	127.35999999999999	7.540000000000001	40.779999999999994	4858.66	5422.360000000001	0.0	0.0	0.0	2622408.0	87408.6	10.780000000000001	3.28	16.48	33.74	5422.360000000001
