concurrency	elapsed-r	errors-r	ops(total)-r	ops/sec(cum)-r	avg(ms)-r	p50(ms)-r	p95(ms)-r	p99(ms)-r	pMax(ms)-r	total-r	elapsed-w	errors-w	ops(total)-w	ops/sec(cum)-w	avg(ms)-w	p50(ms)-w	p95(ms)-w	p99(ms)-w	pMax(ms)-w	total-w	elapsed	errors	ops(total)	ops/sec(cum)	avg(ms)	p50(ms)	p95(ms)	p99(ms)	pMax(ms)
16	0.0	0.0	822079.0	27402.200000000004	2.04	1.7400000000000002	5.0	10.2	46.1	0.0	0.0	0.0	43624.0	1454.1	3.84	2.98	11.74	23.700000000000003	62.48	0.0	0.0	0.0	865703.0	28856.199999999997	2.1399999999999997	1.7400000000000002	5.319999999999999	11.5	62.48
