concurrency	elapsed-r	errors-r	ops(total)-r	ops/sec(cum)-r	avg(ms)-r	p50(ms)-r	p95(ms)-r	p99(ms)-r	pMax(ms)-r	total-r	elapsed-w	errors-w	ops(total)-w	ops/sec(cum)-w	avg(ms)-w	p50(ms)-w	p95(ms)-w	p99(ms)-w	pMax(ms)-w	total-w	elapsed	errors	ops(total)	ops/sec(cum)	avg(ms)	p50(ms)	p95(ms)	p99(ms)	pMax(ms)
80	0.0	0.0	4472384.0	149072.2	2.46	2.08	4.4	12.0	59.339999999999996	0.0	0.0	0.0	235590.0	7852.700000000001	5.4799999999999995	4.8999999999999995	11.42	17.419999999999998	49.9	0.0	0.0	0.0	4707974.0	156924.9	2.6	2.08	5.74	12.54	59.760000000000005
