concurrency	elapsed-r	errors-r	ops(total)-r	ops/sec(cum)-r	avg(ms)-r	p50(ms)-r	p95(ms)-r	p99(ms)-r	pMax(ms)-r	total-r	elapsed-w	errors-w	ops(total)-w	ops/sec(cum)-w	avg(ms)-w	p50(ms)-w	p95(ms)-w	p99(ms)-w	pMax(ms)-w	total-w	elapsed	errors	ops(total)	ops/sec(cum)	avg(ms)	p50(ms)	p95(ms)	p99(ms)	pMax(ms)
47	0.0	0.0	2485296.0	55227.6	2.32	1.6	6.8	15.2	177.85999999999999	0.0	0.0	0.0	130275.0	2894.9999999999995	14.459999999999999	3.3	123.28	233.21999999999997	325.48	0.0	0.0	0.0	2615571.0	58122.5	2.9400000000000004	1.6800000000000002	7.3	19.5	325.48
