concurrency	elapsed-r	errors-r	ops(total)-r	ops/sec(cum)-r	avg(ms)-r	p50(ms)-r	p95(ms)-r	p99(ms)-r	pMax(ms)-r	total-r	elapsed	errors	ops(total)	ops/sec(cum)	avg(ms)	p50(ms)	p95(ms)	p99(ms)	pMax(ms)
13	0.0	0.0	1125818.0	37526.8	2.5500000000000003	2.5124999999999997	4.325	6.4125000000000005	18.4875	0.0	0.0	0.0	1125818.0	37526.8	2.5500000000000003	2.5124999999999997	4.325	6.4125000000000005	18.4875
