concurrency	elapsed-r	errors-r	ops(total)-r	ops/sec(cum)-r	avg(ms)-r	p50(ms)-r	p95(ms)-r	p99(ms)-r	pMax(ms)-r	total-r	elapsed	errors	ops(total)	ops/sec(cum)	avg(ms)	p50(ms)	p95(ms)	p99(ms)	pMax(ms)
6	0.0	0.0	971164.0	32371.800000000003	1.3	1.3	1.7999999999999998	3.1125	14.299999999999999	0.0	0.0	0.0	971164.0	32371.800000000003	1.3	1.3	1.7999999999999998	3.1125	14.299999999999999
