concurrency	elapsed-r	errors-r	ops(total)-r	ops/sec(cum)-r	avg(ms)-r	p50(ms)-r	p95(ms)-r	p99(ms)-r	pMax(ms)-r	total-r	elapsed-w	errors-w	ops(total)-w	ops/sec(cum)-w	avg(ms)-w	p50(ms)-w	p95(ms)-w	p99(ms)-w	pMax(ms)-w	total-w	elapsed	errors	ops(total)	ops/sec(cum)	avg(ms)	p50(ms)	p95(ms)	p99(ms)	pMax(ms)
65	0.0	0.0	3314634.0	110484.09999999999	4.1	3.8749999999999996	8.05	12.575	38.9125	0.0	0.0	0.0	175289.0	5842.599999999999	4.1125	3.8749999999999996	8.0875	12.7	34.45	0.0	0.0	0.0	3489923.0	116327.0	4.1	3.8749999999999996	8.05	12.575	38.9125
