concurrency	elapsed-r	errors-r	ops(total)-r	ops/sec(cum)-r	avg(ms)-r	p50(ms)-r	p95(ms)-r	p99(ms)-r	pMax(ms)-r	total-r	elapsed-w	errors-w	ops(total)-w	ops/sec(cum)-w	avg(ms)-w	p50(ms)-w	p95(ms)-w	p99(ms)-w	pMax(ms)-w	total-w	elapsed	errors	ops(total)	ops/sec(cum)	avg(ms)	p50(ms)	p95(ms)	p99(ms)	pMax(ms)
103	0.0	0.0	2787362.0	92908.4	5.4	4.279999999999999	14.48	23.5	274.71999999999997	0.0	0.0	0.0	147022.0	4900.500000000001	17.6	16.5	36.06	45.3	148.04000000000002	0.0	0.0	0.0	2934384.0	97808.99999999999	6.000000000000001	4.4	17.96	28.919999999999995	274.71999999999997
