ops/sec(cum)	p50(ms)	p99(ms)	read_tp	read_p50	read_p99	write_tp	write_p50	write_p99
113211.45	1.3091666666666666	5.760166666666667	108197.05	1.333	5.760166666666667	5013.4	1.2853333333333334	5.38
