concurrency	elapsed-r	errors-r	ops(total)-r	ops/sec(cum)-r	avg(ms)-r	p50(ms)-r	p95(ms)-r	p99(ms)-r	pMax(ms)-r	total-r	elapsed-w	errors-w	ops(total)-w	ops/sec(cum)-w	avg(ms)-w	p50(ms)-w	p95(ms)-w	p99(ms)-w	pMax(ms)-w	total-w	elapsed	errors	ops(total)	ops/sec(cum)	avg(ms)	p50(ms)	p95(ms)	p99(ms)	pMax(ms)
119	0.0	0.0	3468524.0	115612.20000000001	2.6666666666666665	2.2666666666666666	4.666666666666667	14.533333333333331	48.93333333333334	0.0	0.0	0.0	183201.0	6106.4	5.5	4.833333333333333	12.299999999999999	19.066666666666666	47.53333333333333	0.0	0.0	0.0	3651725.0	121718.6	2.8000000000000003	2.3333333333333335	5.8999999999999995	15.266666666666666	48.93333333333334
