concurrency	elapsed-w	errors-w	ops(total)-w	ops/sec(cum)-w	avg(ms)-w	p50(ms)-w	p95(ms)-w	p99(ms)-w	pMax(ms)-w	total-w	elapsed	errors	ops(total)	ops/sec(cum)	avg(ms)	p50(ms)	p95(ms)	p99(ms)	pMax(ms)
35	0.0	0.0	4782681.0	159419.80000000002	1.4875	1.2875	2.8000000000000003	4.5625	193.7125	0.0	0.0	0.0	4782681.0	159419.80000000002	1.4875	1.2875	2.8000000000000003	4.5625	193.7125
