concurrency	elapsed-w	errors-w	ops(total)-w	ops/sec(cum)-w	avg(ms)-w	p50(ms)-w	p95(ms)-w	p99(ms)-w	pMax(ms)-w	total-w	elapsed	errors	ops(total)	ops/sec(cum)	avg(ms)	p50(ms)	p95(ms)	p99(ms)	pMax(ms)
61	0.0	0.0	753648.0	25120.6	18.9125	14.924999999999997	47.93749999999999	64.475	167.23749999999998	0.0	0.0	0.0	753648.0	25120.6	18.9125	14.924999999999997	47.93749999999999	64.475	167.23749999999998
