concurrency	elapsed-r	errors-r	ops(total)-r	ops/sec(cum)-r	avg(ms)-r	p50(ms)-r	p95(ms)-r	p99(ms)-r	pMax(ms)-r	total-r	elapsed-w	errors-w	ops(total)-w	ops/sec(cum)-w	avg(ms)-w	p50(ms)-w	p95(ms)-w	p99(ms)-w	pMax(ms)-w	total-w	elapsed	errors	ops(total)	ops/sec(cum)	avg(ms)	p50(ms)	p95(ms)	p99(ms)	pMax(ms)
48	0.0	0.0	3233300.0	107773.8	3.0624999999999996	2.75	5.375	11.524999999999999	196.07499999999996	0.0	0.0	0.0	170502.0	5683.099999999999	3.0375	2.7375	5.3875	11.45	33.8	0.0	0.0	0.0	3403802.0	113457.0	3.0624999999999996	2.75	5.375	11.524999999999999	196.07499999999996
