ops/sec(cum)	p50(ms)	p99(ms)	read_tp	read_p50	read_p99	write_tp	write_p50	write_p99
241273.28333333333	0.315	2.659	229219.96666666667	0.31333333333333335	2.659	12052.316666666666	0.31666666666666665	2.7346666666666666
