concurrency	elapsed-r	errors-r	ops(total)-r	ops/sec(cum)-r	avg(ms)-r	p50(ms)-r	p95(ms)-r	p99(ms)-r	pMax(ms)-r	total-r	elapsed	errors	ops(total)	ops/sec(cum)	avg(ms)	p50(ms)	p95(ms)	p99(ms)	pMax(ms)
19	0.0	0.0	1140956.0	38031.200000000004	3.8	3.5249999999999995	7.15	10.3125	27.5375	0.0	0.0	0.0	1140956.0	38031.200000000004	3.8	3.5249999999999995	7.15	10.3125	27.5375
