concurrency	elapsed-w	errors-w	ops(total)-w	ops/sec(cum)-w	avg(ms)-w	p50(ms)-w	p95(ms)-w	p99(ms)-w	pMax(ms)-w	total-w	elapsed	errors	ops(total)	ops/sec(cum)	avg(ms)	p50(ms)	p95(ms)	p99(ms)	pMax(ms)
54	0.0	0.0	725821.0	24192.899999999998	17.4	14.725000000000001	42.425	57.912499999999994	336.61249999999995	0.0	0.0	0.0	725821.0	24192.899999999998	17.4	14.725000000000001	42.425	57.912499999999994	336.61249999999995
