concurrency	elapsed-r	errors-r	ops(total)-r	ops/sec(cum)-r	avg(ms)-r	p50(ms)-r	p95(ms)-r	p99(ms)-r	pMax(ms)-r	total-r	elapsed-w	errors-w	ops(total)-w	ops/sec(cum)-w	avg(ms)-w	p50(ms)-w	p95(ms)-w	p99(ms)-w	pMax(ms)-w	total-w	elapsed	errors	ops(total)	ops/sec(cum)	avg(ms)	p50(ms)	p95(ms)	p99(ms)	pMax(ms)
7	0.0	0.0	150855.0	5028.499999999999	4.6875	4.4	8.375	9.975	15.937499999999998	0.0	0.0	0.0	7796.0	260.0	119.21249999999998	126.85	159.4	169.89999999999998	187.66250000000002	0.0	0.0	0.0	158651.0	5288.3	10.299999999999999	4.575	11.2	142.6	187.66250000000002
