concurrency	elapsed-r	errors-r	ops(total)-r	ops/sec(cum)-r	avg(ms)-r	p50(ms)-r	p95(ms)-r	p99(ms)-r	pMax(ms)-r	total-r	elapsed-w	errors-w	ops(total)-w	ops/sec(cum)-w	avg(ms)-w	p50(ms)-w	p95(ms)-w	p99(ms)-w	pMax(ms)-w	total-w	elapsed	errors	ops(total)	ops/sec(cum)	avg(ms)	p50(ms)	p95(ms)	p99(ms)	pMax(ms)
8	0.0	0.0	621575.0	20718.899999999998	1.9749999999999999	1.5499999999999998	4.0625	5.25	58.05	0.0	0.0	0.0	32782.0	1092.7	17.65	2.9499999999999997	56.337500000000006	64.7375	82.32499999999999	0.0	0.0	0.0	654357.0	21811.7	2.7375000000000003	1.5499999999999998	4.475	42.425	82.32499999999999
