concurrency	elapsed-w	errors-w	ops(total)-w	ops/sec(cum)-w	avg(ms)-w	p50(ms)-w	p95(ms)-w	p99(ms)-w	pMax(ms)-w	total-w	elapsed	errors	ops(total)	ops/sec(cum)	avg(ms)	p50(ms)	p95(ms)	p99(ms)	pMax(ms)
61	0.0	0.0	713049.0	23767.2	20.0375	15.074999999999998	52.925000000000004	70.775	742.3875	0.0	0.0	0.0	713049.0	23767.2	20.0375	15.074999999999998	52.925000000000004	70.775	742.3875
