concurrency	elapsed-r	errors-r	ops(total)-r	ops/sec(cum)-r	avg(ms)-r	p50(ms)-r	p95(ms)-r	p99(ms)-r	pMax(ms)-r	total-r	elapsed-w	errors-w	ops(total)-w	ops/sec(cum)-w	avg(ms)-w	p50(ms)-w	p95(ms)-w	p99(ms)-w	pMax(ms)-w	total-w	elapsed	errors	ops(total)	ops/sec(cum)	avg(ms)	p50(ms)	p95(ms)	p99(ms)	pMax(ms)
21	0.0	0.0	612914.0	20429.800000000003	3.3499999999999996	2.25	10.375	15.200000000000001	41.6375	0.0	0.0	0.0	32016.0	1067.1000000000001	87.95	5.3	830.4999999999999	906.0	973.0875000000001	0.0	0.0	0.0	644930.0	21497.2	7.5625	2.35	10.8125	18.075	973.0875000000001
