concurrency	elapsed-r	errors-r	ops(total)-r	ops/sec(cum)-r	avg(ms)-r	p50(ms)-r	p95(ms)-r	p99(ms)-r	pMax(ms)-r	total-r	elapsed	errors	ops(total)	ops/sec(cum)	avg(ms)	p50(ms)	p95(ms)	p99(ms)	pMax(ms)
23	0.0	0.0	1120304.0	37342.899999999994	4.749999999999999	4.425	9.2875	13.4375	35.525	0.0	0.0	0.0	1120304.0	37342.899999999994	4.749999999999999	4.425	9.2875	13.4375	35.525
