concurrency	elapsed-r	errors-r	ops(total)-r	ops/sec(cum)-r	avg(ms)-r	p50(ms)-r	p95(ms)-r	p99(ms)-r	pMax(ms)-r	total-r	elapsed-w	errors-w	ops(total)-w	ops/sec(cum)-w	avg(ms)-w	p50(ms)-w	p95(ms)-w	p99(ms)-w	pMax(ms)-w	total-w	elapsed	errors	ops(total)	ops/sec(cum)	avg(ms)	p50(ms)	p95(ms)	p99(ms)	pMax(ms)
150	0.0	0.0	2675657.0	89183.2	6.166666666666667	4.933333333333333	16.366666666666667	24.633333333333336	92.60000000000001	0.0	0.0	0.0	140224.0	4673.9	14.833333333333334	13.566666666666665	31.333333333333332	41.56666666666666	70.26666666666667	0.0	0.0	0.0	2815881.0	93857.2	6.633333333333333	5.066666666666666	17.933333333333334	28.26666666666667	92.60000000000001
