concurrency	elapsed-r	errors-r	ops(total)-r	ops/sec(cum)-r	avg(ms)-r	p50(ms)-r	p95(ms)-r	p99(ms)-r	pMax(ms)-r	total-r	elapsed	errors	ops(total)	ops/sec(cum)	avg(ms)	p50(ms)	p95(ms)	p99(ms)	pMax(ms)
30	0.0	0.0	1136872.0	37894.799999999996	6.2875000000000005	5.574999999999999	13.05	19.55	51.6125	0.0	0.0	0.0	1136872.0	37894.799999999996	6.2875000000000005	5.574999999999999	13.05	19.55	51.6125
