concurrency	elapsed-w	errors-w	ops(total)-w	ops/sec(cum)-w	avg(ms)-w	p50(ms)-w	p95(ms)-w	p99(ms)-w	pMax(ms)-w	total-w	elapsed	errors	ops(total)	ops/sec(cum)	avg(ms)	p50(ms)	p95(ms)	p99(ms)	pMax(ms)
56	0.0	0.0	729893.0	24328.8	17.912499999999998	13.774999999999999	46.625	62.375	156.25	0.0	0.0	0.0	729893.0	24328.8	17.912499999999998	13.774999999999999	46.625	62.375	156.25
