concurrency	elapsed-r	errors-r	ops(total)-r	ops/sec(cum)-r	avg(ms)-r	p50(ms)-r	p95(ms)-r	p99(ms)-r	pMax(ms)-r	total-r	elapsed-w	errors-w	ops(total)-w	ops/sec(cum)-w	avg(ms)-w	p50(ms)-w	p95(ms)-w	p99(ms)-w	pMax(ms)-w	total-w	elapsed	errors	ops(total)	ops/sec(cum)	avg(ms)	p50(ms)	p95(ms)	p99(ms)	pMax(ms)
7	0.0	0.0	626758.0	20891.699999999997	2.25	2.0749999999999997	3.6500000000000004	5.2125	15.600000000000001	0.0	0.0	0.0	33131.0	1104.6	4.4125000000000005	4.25	6.7375	8.975	17.7625	0.0	0.0	0.0	659889.0	21996.1	2.35	2.1250000000000004	4.25	6.0249999999999995	18.224999999999998
