concurrency	elapsed-r	errors-r	ops(total)-r	ops/sec(cum)-r	avg(ms)-r	p50(ms)-r	p95(ms)-r	p99(ms)-r	pMax(ms)-r	total-r	elapsed-w	errors-w	ops(total)-w	ops/sec(cum)-w	avg(ms)-w	p50(ms)-w	p95(ms)-w	p99(ms)-w	pMax(ms)-w	total-w	elapsed	errors	ops(total)	ops/sec(cum)	avg(ms)	p50(ms)	p95(ms)	p99(ms)	pMax(ms)
16	0.0	0.0	716032.0	23867.5	1.6000000000000003	1.4666666666666668	2.033333333333333	9.233333333333334	41.2	0.0	0.0	0.0	37796.0	1259.9	0.9	0.7666666666666666	1.8333333333333333	3.3000000000000003	25.866666666666664	0.0	0.0	0.0	753828.0	25127.2	1.6000000000000003	1.3999999999999997	2.0	9.066666666666668	41.2
