concurrency	elapsed-r	errors-r	ops(total)-r	ops/sec(cum)-r	avg(ms)-r	p50(ms)-r	p95(ms)-r	p99(ms)-r	pMax(ms)-r	total-r	elapsed-w	errors-w	ops(total)-w	ops/sec(cum)-w	avg(ms)-w	p50(ms)-w	p95(ms)-w	p99(ms)-w	pMax(ms)-w	total-w	elapsed	errors	ops(total)	ops/sec(cum)	avg(ms)	p50(ms)	p95(ms)	p99(ms)	pMax(ms)
16	0.0	0.0	1789821.0	59659.399999999994	1.7624999999999997	1.5125	3.5124999999999997	6.85	68.675	0.0	0.0	0.0	94097.0	3136.5	3.15	2.875	6.562500000000001	10.375	34.075	0.0	0.0	0.0	1883918.0	62796.0	1.8125000000000002	1.5625	3.825	7.15	68.8125
