concurrency	elapsed-r	errors-r	ops(total)-r	ops/sec(cum)-r	avg(ms)-r	p50(ms)-r	p95(ms)-r	p99(ms)-r	pMax(ms)-r	total-r	elapsed-w	errors-w	ops(total)-w	ops/sec(cum)-w	avg(ms)-w	p50(ms)-w	p95(ms)-w	p99(ms)-w	pMax(ms)-w	total-w	elapsed	errors	ops(total)	ops/sec(cum)	avg(ms)	p50(ms)	p95(ms)	p99(ms)	pMax(ms)
51	0.0	0.0	2682109.0	59600.899999999994	2.6	1.7	8.9	19.9	93.12	0.0	0.0	0.0	140662.0	3125.8	5.720000000000001	3.8	19.9	35.28000000000001	94.82000000000001	0.0	0.0	0.0	2822771.0	62726.700000000004	2.8	1.8	9.4	21.0	106.56000000000002
