concurrency	elapsed-r	errors-r	ops(total)-r	ops/sec(cum)-r	avg(ms)-r	p50(ms)-r	p95(ms)-r	p99(ms)-r	pMax(ms)-r	total-r	elapsed-w	errors-w	ops(total)-w	ops/sec(cum)-w	avg(ms)-w	p50(ms)-w	p95(ms)-w	p99(ms)-w	pMax(ms)-w	total-w	elapsed	errors	ops(total)	ops/sec(cum)	avg(ms)	p50(ms)	p95(ms)	p99(ms)	pMax(ms)
103	0.0	0.0	2716677.0	90551.8	5.879999999999999	4.76	15.940000000000003	24.660000000000004	225.66	0.0	0.0	0.0	143731.0	4790.8	16.419999999999998	14.919999999999998	34.6	45.5	203.42	0.0	0.0	0.0	2860408.0	95342.7	6.44	4.92	17.84	28.819999999999993	225.66
