concurrency	elapsed-r	errors-r	ops(total)-r	ops/sec(cum)-r	avg(ms)-r	p50(ms)-r	p95(ms)-r	p99(ms)-r	pMax(ms)-r	total-r	elapsed-w	errors-w	ops(total)-w	ops/sec(cum)-w	avg(ms)-w	p50(ms)-w	p95(ms)-w	p99(ms)-w	pMax(ms)-w	total-w	elapsed	errors	ops(total)	ops/sec(cum)	avg(ms)	p50(ms)	p95(ms)	p99(ms)	pMax(ms)
32	0.0	0.0	1238576.0	41284.6	5.3	4.65	12.1375	18.4875	62.1125	0.0	0.0	0.0	64999.0	2166.7000000000003	9.875	8.95	20.1875	28.200000000000003	78.375	0.0	0.0	0.0	1303575.0	43451.3	5.5	4.775	12.787499999999998	19.7875	80.21249999999999
