concurrency	elapsed-r	errors-r	ops(total)-r	ops/sec(cum)-r	avg(ms)-r	p50(ms)-r	p95(ms)-r	p99(ms)-r	pMax(ms)-r	total-r	elapsed	errors	ops(total)	ops/sec(cum)	avg(ms)	p50(ms)	p95(ms)	p99(ms)	pMax(ms)
21	0.0	0.0	1062791.0	35425.899999999994	4.5874999999999995	4.2125	8.875	12.099999999999998	33.575	0.0	0.0	0.0	1062791.0	35425.899999999994	4.5874999999999995	4.2125	8.875	12.099999999999998	33.575
