concurrency	elapsed-r	errors-r	ops(total)-r	ops/sec(cum)-r	avg(ms)-r	p50(ms)-r	p95(ms)-r	p99(ms)-r	pMax(ms)-r	total-r	elapsed-w	errors-w	ops(total)-w	ops/sec(cum)-w	avg(ms)-w	p50(ms)-w	p95(ms)-w	p99(ms)-w	pMax(ms)-w	total-w	elapsed	errors	ops(total)	ops/sec(cum)	avg(ms)	p50(ms)	p95(ms)	p99(ms)	pMax(ms)
51	0.0	0.0	1272330.0	42409.600000000006	8.2125	7.274999999999999	18.35	27.800000000000004	126.325	0.0	0.0	0.0	67225.0	2240.8	15.4	14.299999999999999	30.950000000000003	41.9	128.95000000000002	0.0	0.0	0.0	1339555.0	44650.399999999994	8.575	7.362499999999999	19.925	29.7625	133.675
