concurrency	elapsed-r	errors-r	ops(total)-r	ops/sec(cum)-r	avg(ms)-r	p50(ms)-r	p95(ms)-r	p99(ms)-r	pMax(ms)-r	total-r	elapsed	errors	ops(total)	ops/sec(cum)	avg(ms)	p50(ms)	p95(ms)	p99(ms)	pMax(ms)
42	0.0	0.0	1507297.0	50242.0	6.225	5.6875	13.474999999999998	19.650000000000002	119.28749999999998	0.0	0.0	0.0	1507297.0	50242.0	6.225	5.6875	13.474999999999998	19.650000000000002	119.28749999999998
