concurrency	elapsed-w	errors-w	ops(total)-w	ops/sec(cum)-w	avg(ms)-w	p50(ms)-w	p95(ms)-w	p99(ms)-w	pMax(ms)-w	total-w	elapsed	errors	ops(total)	ops/sec(cum)	avg(ms)	p50(ms)	p95(ms)	p99(ms)	pMax(ms)
63	0.0	0.0	695517.0	23182.899999999998	21.25	12.5375	62.1125	82.85000000000001	291.51250000000005	0.0	0.0	0.0	695517.0	23182.899999999998	21.25	12.5375	62.1125	82.85000000000001	291.51250000000005
