concurrency	elapsed-r	errors-r	ops(total)-r	ops/sec(cum)-r	avg(ms)-r	p50(ms)-r	p95(ms)-r	p99(ms)-r	pMax(ms)-r	total-r	elapsed-w	errors-w	ops(total)-w	ops/sec(cum)-w	avg(ms)-w	p50(ms)-w	p95(ms)-w	p99(ms)-w	pMax(ms)-w	total-w	elapsed	errors	ops(total)	ops/sec(cum)	avg(ms)	p50(ms)	p95(ms)	p99(ms)	pMax(ms)
160	0.0	0.0	4447542.0	148238.3	5.58	4.5600000000000005	14.060000000000002	23.16	222.51999999999998	0.0	0.0	0.0	233361.0	7778.099999999999	15.479999999999999	14.36	31.3	41.54	195.02	0.0	0.0	0.0	4680903.0	156016.40000000002	6.08	4.68	16.66	26.52	223.58
