concurrency	elapsed-r	errors-r	ops(total)-r	ops/sec(cum)-r	avg(ms)-r	p50(ms)-r	p95(ms)-r	p99(ms)-r	pMax(ms)-r	total-r	elapsed-w	errors-w	ops(total)-w	ops/sec(cum)-w	avg(ms)-w	p50(ms)-w	p95(ms)-w	p99(ms)-w	pMax(ms)-w	total-w	elapsed	errors	ops(total)	ops/sec(cum)	avg(ms)	p50(ms)	p95(ms)	p99(ms)	pMax(ms)
29	0.0	0.0	3127225.0	104238.79999999999	1.9	1.7750000000000001	3.375	6.125000000000001	49.4125	0.0	0.0	0.0	163967.0	5465.5	1.9	1.7750000000000001	3.3625	6.225	17.162499999999998	0.0	0.0	0.0	3291192.0	109704.3	1.9	1.7750000000000001	3.375	6.125000000000001	49.55
