concurrency	elapsed-r	errors-r	ops(total)-r	ops/sec(cum)-r	avg(ms)-r	p50(ms)-r	p95(ms)-r	p99(ms)-r	pMax(ms)-r	total-r	elapsed-w	errors-w	ops(total)-w	ops/sec(cum)-w	avg(ms)-w	p50(ms)-w	p95(ms)-w	p99(ms)-w	pMax(ms)-w	total-w	elapsed	errors	ops(total)	ops/sec(cum)	avg(ms)	p50(ms)	p95(ms)	p99(ms)	pMax(ms)
40	0.0	0.0	3346049.0	111532.09999999999	2.5000000000000004	2.375	5.425	8.25	95.16250000000001	0.0	0.0	0.0	176321.0	5877.200000000001	2.5125	2.3875	5.5	8.35	18.6125	0.0	0.0	0.0	3522370.0	117409.29999999999	2.5000000000000004	2.375	5.425	8.25	95.16250000000001
