concurrency	elapsed-r	errors-r	ops(total)-r	ops/sec(cum)-r	avg(ms)-r	p50(ms)-r	p95(ms)-r	p99(ms)-r	pMax(ms)-r	total-r	elapsed-w	errors-w	ops(total)-w	ops/sec(cum)-w	avg(ms)-w	p50(ms)-w	p95(ms)-w	p99(ms)-w	pMax(ms)-w	total-w	elapsed	errors	ops(total)	ops/sec(cum)	avg(ms)	p50(ms)	p95(ms)	p99(ms)	pMax(ms)
39	0.0	0.0	3366878.0	112226.8	2.3625	2.2125	3.9124999999999996	8.125	37.5875	0.0	0.0	0.0	176330.0	5877.6	2.5749999999999997	2.3625000000000003	4.4125	8.5	30.925	0.0	0.0	0.0	3543208.0	118104.3	2.375	2.2125	3.9499999999999997	8.125	37.5875
