concurrency	elapsed-r	errors-r	ops(total)-r	ops/sec(cum)-r	avg(ms)-r	p50(ms)-r	p95(ms)-r	p99(ms)-r	pMax(ms)-r	total-r	elapsed-w	errors-w	ops(total)-w	ops/sec(cum)-w	avg(ms)-w	p50(ms)-w	p95(ms)-w	p99(ms)-w	pMax(ms)-w	total-w	elapsed	errors	ops(total)	ops/sec(cum)	avg(ms)	p50(ms)	p95(ms)	p99(ms)	pMax(ms)
42	0.0	0.0	1250953.0	41697.1	6.8999999999999995	6.1	15.2875	22.825	185.575	0.0	0.0	0.0	65797.0	2193.2000000000003	13.300000000000002	12.45	27.275000000000002	37.2125	81.77499999999999	0.0	0.0	0.0	1316750.0	43890.399999999994	7.2125	6.275	16.65	24.674999999999997	186.61249999999998
