concurrency	elapsed-r	errors-r	ops(total)-r	ops/sec(cum)-r	avg(ms)-r	p50(ms)-r	p95(ms)-r	p99(ms)-r	pMax(ms)-r	total-r	elapsed	errors	ops(total)	ops/sec(cum)	avg(ms)	p50(ms)	p95(ms)	p99(ms)	pMax(ms)
12	0.0	0.0	973912.0	32463.2	2.7375	2.625	4.75	6.387499999999999	19.662499999999998	0.0	0.0	0.0	973912.0	32463.2	2.7375	2.625	4.75	6.387499999999999	19.662499999999998
