concurrency	elapsed-r	errors-r	ops(total)-r	ops/sec(cum)-r	avg(ms)-r	p50(ms)-r	p95(ms)-r	p99(ms)-r	pMax(ms)-r	total-r	elapsed	errors	ops(total)	ops/sec(cum)	avg(ms)	p50(ms)	p95(ms)	p99(ms)	pMax(ms)
15	0.0	0.0	1358987.0	45299.00000000001	2.4875	2.3375000000000004	4.25	7.025	17.375	0.0	0.0	0.0	1358987.0	45299.00000000001	2.4875	2.3375000000000004	4.25	7.025	17.375
