concurrency	elapsed-r	errors-r	ops(total)-r	ops/sec(cum)-r	avg(ms)-r	p50(ms)-r	p95(ms)-r	p99(ms)-r	pMax(ms)-r	total-r	elapsed-w	errors-w	ops(total)-w	ops/sec(cum)-w	avg(ms)-w	p50(ms)-w	p95(ms)-w	p99(ms)-w	pMax(ms)-w	total-w	elapsed	errors	ops(total)	ops/sec(cum)	avg(ms)	p50(ms)	p95(ms)	p99(ms)	pMax(ms)
46	0.0	0.0	1239900.0	41328.600000000006	7.5125	6.624999999999999	16.7375	25.062499999999996	133.6625	0.0	0.0	0.0	65276.0	2175.7999999999997	15.575	14.450000000000001	30.675	41.9	130.0	0.0	0.0	0.0	1305176.0	43504.299999999996	7.925000000000001	6.824999999999999	18.35	27.800000000000004	138.9125
