concurrency	elapsed-w	errors-w	ops(total)-w	ops/sec(cum)-w	avg(ms)-w	p50(ms)-w	p95(ms)-w	p99(ms)-w	pMax(ms)-w	total-w	elapsed	errors	ops(total)	ops/sec(cum)	avg(ms)	p50(ms)	p95(ms)	p99(ms)	pMax(ms)
57	0.0	0.0	4233506.0	141112.80000000002	2.95	1.6	8.9	13.874999999999998	91.2375	0.0	0.0	0.0	4233506.0	141112.80000000002	2.95	1.6	8.9	13.874999999999998	91.2375
