concurrency	elapsed-r	errors-r	ops(total)-r	ops/sec(cum)-r	avg(ms)-r	p50(ms)-r	p95(ms)-r	p99(ms)-r	pMax(ms)-r	total-r	elapsed-w	errors-w	ops(total)-w	ops/sec(cum)-w	avg(ms)-w	p50(ms)-w	p95(ms)-w	p99(ms)-w	pMax(ms)-w	total-w	elapsed	errors	ops(total)	ops/sec(cum)	avg(ms)	p50(ms)	p95(ms)	p99(ms)	pMax(ms)
45	0.0	0.0	1219402.0	40645.200000000004	7.512499999999999	6.549999999999999	17.425	27.025000000000002	154.16250000000002	0.0	0.0	0.0	63813.0	2127.2000000000003	16.05	14.825000000000001	34.37500000000001	46.8875	152.54999999999998	0.0	0.0	0.0	1283215.0	42772.2	7.9375	6.699999999999999	19.150000000000002	30.3	170.92499999999998
