concurrency	elapsed-r	errors-r	ops(total)-r	ops/sec(cum)-r	avg(ms)-r	p50(ms)-r	p95(ms)-r	p99(ms)-r	pMax(ms)-r	total-r	elapsed-w	errors-w	ops(total)-w	ops/sec(cum)-w	avg(ms)-w	p50(ms)-w	p95(ms)-w	p99(ms)-w	pMax(ms)-w	total-w	elapsed	errors	ops(total)	ops/sec(cum)	avg(ms)	p50(ms)	p95(ms)	p99(ms)	pMax(ms)
10	0.0	0.0	670545.0	22351.2	2.8499999999999996	2.5125	5.6	7.949999999999999	42.175	0.0	0.0	0.0	35556.0	1185.3	9.7	9.262500000000001	17.275	22.4375	46.37500000000001	0.0	0.0	0.0	706101.0	23536.5	3.175	2.6375	7.375	13.162499999999998	47.675000000000004
