concurrency	elapsed-r	errors-r	ops(total)-r	ops/sec(cum)-r	avg(ms)-r	p50(ms)-r	p95(ms)-r	p99(ms)-r	pMax(ms)-r	total-r	elapsed-w	errors-w	ops(total)-w	ops/sec(cum)-w	avg(ms)-w	p50(ms)-w	p95(ms)-w	p99(ms)-w	pMax(ms)-w	total-w	elapsed	errors	ops(total)	ops/sec(cum)	avg(ms)	p50(ms)	p95(ms)	p99(ms)	pMax(ms)
34	0.0	0.0	2253538.0	75116.1	3.0624999999999996	2.5999999999999996	6.4624999999999995	10.975	34.8875	0.0	0.0	0.0	118451.0	3948.4	3.9	2.7750000000000004	10.4125	15.6875	33.5625	0.0	0.0	0.0	2371989.0	79064.6	3.0999999999999996	2.6125	6.7	11.425	35.9375
