ops/sec(cum)	p50(ms)	p99(ms)	read_tp	read_p50	read_p99	write_tp	write_p50	write_p99
59975.899999999994	5.184142857142857	20.605	57328.166666666664	5.4071428571428575	20.605	2646.733333333334	4.961142857142857	18.068428571428573
