concurrency	elapsed-r	errors-r	ops(total)-r	ops/sec(cum)-r	avg(ms)-r	p50(ms)-r	p95(ms)-r	p99(ms)-r	pMax(ms)-r	total-r	elapsed-w	errors-w	ops(total)-w	ops/sec(cum)-w	avg(ms)-w	p50(ms)-w	p95(ms)-w	p99(ms)-w	pMax(ms)-w	total-w	elapsed	errors	ops(total)	ops/sec(cum)	avg(ms)	p50(ms)	p95(ms)	p99(ms)	pMax(ms)
59	0.0	0.0	3458015.0	115263.90000000001	3.55	3.4	6.2	11.1375	122.28750000000001	0.0	0.0	0.0	182220.0	6073.7	3.5624999999999996	3.4125	6.25	11.2	25.025	0.0	0.0	0.0	3640235.0	121337.50000000001	3.55	3.4	6.2	11.1375	122.28750000000001
