concurrency	elapsed-r	errors-r	ops(total)-r	ops/sec(cum)-r	avg(ms)-r	p50(ms)-r	p95(ms)-r	p99(ms)-r	pMax(ms)-r	total-r	elapsed-w	errors-w	ops(total)-w	ops/sec(cum)-w	avg(ms)-w	p50(ms)-w	p95(ms)-w	p99(ms)-w	pMax(ms)-w	total-w	elapsed	errors	ops(total)	ops/sec(cum)	avg(ms)	p50(ms)	p95(ms)	p99(ms)	pMax(ms)
23	0.0	0.0	1406638.0	46887.0	3.325	2.9250000000000003	7.1875	12.075	83.76249999999999	0.0	0.0	0.0	74063.0	2468.8	5.625	5.0	13.424999999999999	19.1375	30.675000000000004	0.0	0.0	0.0	1480701.0	49355.799999999996	3.45	2.95	8.075	12.95	84.8
