concurrency	elapsed-r	errors-r	ops(total)-r	ops/sec(cum)-r	avg(ms)-r	p50(ms)-r	p95(ms)-r	p99(ms)-r	pMax(ms)-r	total-r	elapsed	errors	ops(total)	ops/sec(cum)	avg(ms)	p50(ms)	p95(ms)	p99(ms)	pMax(ms)	elapsed-w	errors-w	ops(total)-w	ops/sec(cum)-w	avg(ms)-w	p50(ms)-w	p95(ms)-w	p99(ms)-w	pMax(ms)-w	total-w
31	0.0	0.0	73.0	2.4999999999999996	365.03749999999997	311.15	770.7125	791.675	791.675	0.0	0.0	0.0	76.0	2.6999999999999997	376.6	351.0	712.0	833.6125	833.6125	0.0	0.0	3.0	0.0	343.9375	352.32500000000005	352.32500000000005	352.32500000000005	352.32500000000005	0.0
