concurrency	elapsed-w	errors-w	ops(total)-w	ops/sec(cum)-w	avg(ms)-w	p50(ms)-w	p95(ms)-w	p99(ms)-w	pMax(ms)-w	total-w	elapsed	errors	ops(total)	ops/sec(cum)	avg(ms)	p50(ms)	p95(ms)	p99(ms)	pMax(ms)
33	0.0	0.0	682030.0	22733.700000000004	11.262500000000001	5.2875	15.850000000000001	28.85	1526.725	0.0	0.0	0.0	682030.0	22733.700000000004	11.262500000000001	5.2875	15.850000000000001	28.85	1526.725
