concurrency	elapsed-r	errors-r	ops(total)-r	ops/sec(cum)-r	avg(ms)-r	p50(ms)-r	p95(ms)-r	p99(ms)-r	pMax(ms)-r	total-r	elapsed-w	errors-w	ops(total)-w	ops/sec(cum)-w	avg(ms)-w	p50(ms)-w	p95(ms)-w	p99(ms)-w	pMax(ms)-w	total-w	elapsed	errors	ops(total)	ops/sec(cum)	avg(ms)	p50(ms)	p95(ms)	p99(ms)	pMax(ms)
34	0.0	0.0	3087995.0	102931.29999999999	2.1750000000000003	2.025	3.7	6.8625	25.0375	0.0	0.0	0.0	163336.0	5444.400000000001	2.3875	2.125	5.35	8.275	19.8125	0.0	0.0	0.0	3251331.0	108375.59999999999	2.1875	2.0500000000000003	3.7249999999999996	7.074999999999999	25.300000000000004
