concurrency	elapsed-r	errors-r	ops(total)-r	ops/sec(cum)-r	avg(ms)-r	p50(ms)-r	p95(ms)-r	p99(ms)-r	pMax(ms)-r	total-r	elapsed	errors	ops(total)	ops/sec(cum)	avg(ms)	p50(ms)	p95(ms)	p99(ms)	pMax(ms)
24	0.0	0.0	1397988.0	46598.8	3.9624999999999995	3.6374999999999993	7.6	11.274999999999999	28.9875	0.0	0.0	0.0	1397988.0	46598.8	3.9624999999999995	3.6374999999999993	7.6	11.274999999999999	28.9875
