concurrency	elapsed-r	errors-r	ops(total)-r	ops/sec(cum)-r	avg(ms)-r	p50(ms)-r	p95(ms)-r	p99(ms)-r	pMax(ms)-r	total-r	elapsed	errors	ops(total)	ops/sec(cum)	avg(ms)	p50(ms)	p95(ms)	p99(ms)	pMax(ms)
56	0.0	0.0	1917572.0	63917.2	6.45	5.637499999999999	14.925	22.424999999999997	56.6	0.0	0.0	0.0	1917572.0	63917.2	6.45	5.637499999999999	14.925	22.424999999999997	56.6
