concurrency	elapsed-r	errors-r	ops(total)-r	ops/sec(cum)-r	avg(ms)-r	p50(ms)-r	p95(ms)-r	p99(ms)-r	pMax(ms)-r	total-r	elapsed	errors	ops(total)	ops/sec(cum)	avg(ms)	p50(ms)	p95(ms)	p99(ms)	pMax(ms)
17	0.0	0.0	1074049.0	35801.200000000004	3.6125	3.4000000000000004	6.6	9.45	27.937500000000004	0.0	0.0	0.0	1074049.0	35801.200000000004	3.6125	3.4000000000000004	6.6	9.45	27.937500000000004
