concurrency	elapsed-r	errors-r	ops(total)-r	ops/sec(cum)-r	avg(ms)-r	p50(ms)-r	p95(ms)-r	p99(ms)-r	pMax(ms)-r	total-r	elapsed-w	errors-w	ops(total)-w	ops/sec(cum)-w	avg(ms)-w	p50(ms)-w	p95(ms)-w	p99(ms)-w	pMax(ms)-w	total-w	elapsed	errors	ops(total)	ops/sec(cum)	avg(ms)	p50(ms)	p95(ms)	p99(ms)	pMax(ms)
128	0.0	0.0	3510164.0	116999.40000000001	2.766666666666667	2.3333333333333335	5.366666666666667	14.933333333333332	51.73333333333333	0.0	0.0	0.0	184554.0	6151.4	7.133333333333333	5.366666666666667	19.833333333333332	30.400000000000002	58.03333333333333	0.0	0.0	0.0	3694718.0	123150.9	3.0	2.3666666666666667	6.8	16.433333333333334	58.03333333333333
