concurrency	elapsed-r	errors-r	ops(total)-r	ops/sec(cum)-r	avg(ms)-r	p50(ms)-r	p95(ms)-r	p99(ms)-r	pMax(ms)-r	total-r	elapsed-w	errors-w	ops(total)-w	ops/sec(cum)-w	avg(ms)-w	p50(ms)-w	p95(ms)-w	p99(ms)-w	pMax(ms)-w	total-w	elapsed	errors	ops(total)	ops/sec(cum)	avg(ms)	p50(ms)	p95(ms)	p99(ms)	pMax(ms)
54	0.0	0.0	3458395.0	115276.49999999999	3.2	3.0250000000000004	5.312499999999999	10.1625	33.3125	0.0	0.0	0.0	182279.0	6075.700000000001	3.2125	3.05	5.324999999999999	10.15	25.825	0.0	0.0	0.0	3640674.0	121352.09999999999	3.2	3.0250000000000004	5.312499999999999	10.1625	33.824999999999996
