concurrency	elapsed-r	errors-r	ops(total)-r	ops/sec(cum)-r	avg(ms)-r	p50(ms)-r	p95(ms)-r	p99(ms)-r	pMax(ms)-r	total-r	elapsed	errors	ops(total)	ops/sec(cum)	avg(ms)	p50(ms)	p95(ms)	p99(ms)	pMax(ms)
16	0.0	0.0	1041956.0	34731.299999999996	3.4999999999999996	3.3000000000000003	6.375	8.775	26.362499999999997	0.0	0.0	0.0	1041956.0	34731.299999999996	3.4999999999999996	3.3000000000000003	6.375	8.775	26.362499999999997
