concurrency	elapsed-r	errors-r	ops(total)-r	ops/sec(cum)-r	avg(ms)-r	p50(ms)-r	p95(ms)-r	p99(ms)-r	pMax(ms)-r	total-r	elapsed-w	errors-w	ops(total)-w	ops/sec(cum)-w	avg(ms)-w	p50(ms)-w	p95(ms)-w	p99(ms)-w	pMax(ms)-w	total-w	elapsed	errors	ops(total)	ops/sec(cum)	avg(ms)	p50(ms)	p95(ms)	p99(ms)	pMax(ms)
39	0.0	0.0	2413949.0	53641.9	2.2	1.6	6.180000000000001	17.4	189.56	0.0	0.0	0.0	126951.0	2821.1000000000004	4.5200000000000005	3.3	14.6	27.080000000000002	177.85999999999999	0.0	0.0	0.0	2540900.0	56462.899999999994	2.3200000000000003	1.6	6.76	17.8	191.24
