concurrency	elapsed-r	errors-r	ops(total)-r	ops/sec(cum)-r	avg(ms)-r	p50(ms)-r	p95(ms)-r	p99(ms)-r	pMax(ms)-r	total-r	elapsed-w	errors-w	ops(total)-w	ops/sec(cum)-w	avg(ms)-w	p50(ms)-w	p95(ms)-w	p99(ms)-w	pMax(ms)-w	total-w	elapsed	errors	ops(total)	ops/sec(cum)	avg(ms)	p50(ms)	p95(ms)	p99(ms)	pMax(ms)
39	0.0	0.0	1271931.0	42396.4	6.2625	5.550000000000001	14.1	21.25	98.58749999999999	0.0	0.0	0.0	67151.0	2238.4	11.512500000000001	10.6875	23.224999999999998	31.725	84.95000000000002	0.0	0.0	0.0	1339082.0	44634.600000000006	6.5249999999999995	5.5875	14.950000000000001	22.412499999999998	101.7375
