concurrency	elapsed-r	errors-r	ops(total)-r	ops/sec(cum)-r	avg(ms)-r	p50(ms)-r	p95(ms)-r	p99(ms)-r	pMax(ms)-r	total-r	elapsed-w	errors-w	ops(total)-w	ops/sec(cum)-w	avg(ms)-w	p50(ms)-w	p95(ms)-w	p99(ms)-w	pMax(ms)-w	total-w	elapsed	errors	ops(total)	ops/sec(cum)	avg(ms)	p50(ms)	p95(ms)	p99(ms)	pMax(ms)
10	0.0	0.0	643156.0	21438.4	3.1125	2.45	7.800000000000001	14.049999999999999	37.237500000000004	0.0	0.0	0.0	33761.0	1125.3999999999999	7.825	6.875	14.6875	27.8	73.4	0.0	0.0	0.0	676917.0	22563.600000000002	3.3499999999999996	2.475	8.924999999999999	14.887500000000001	73.4
