concurrency	elapsed-r	errors-r	ops(total)-r	ops/sec(cum)-r	avg(ms)-r	p50(ms)-r	p95(ms)-r	p99(ms)-r	pMax(ms)-r	total-r	elapsed-w	errors-w	ops(total)-w	ops/sec(cum)-w	avg(ms)-w	p50(ms)-w	p95(ms)-w	p99(ms)-w	pMax(ms)-w	total-w	elapsed	errors	ops(total)	ops/sec(cum)	avg(ms)	p50(ms)	p95(ms)	p99(ms)	pMax(ms)
38	0.0	0.0	2126442.0	70878.8	3.6	3.0375	8.1375	13.8625	40.637499999999996	0.0	0.0	0.0	111847.0	3728.2000000000003	5.3125	3.5624999999999996	14.1125	21.1	42.95	0.0	0.0	0.0	2238289.0	74606.6	3.7	3.0500000000000003	8.6375	14.3625	46.099999999999994
