concurrency	elapsed-r	errors-r	ops(total)-r	ops/sec(cum)-r	avg(ms)-r	p50(ms)-r	p95(ms)-r	p99(ms)-r	pMax(ms)-r	total-r	elapsed-w	errors-w	ops(total)-w	ops/sec(cum)-w	avg(ms)-w	p50(ms)-w	p95(ms)-w	p99(ms)-w	pMax(ms)-w	total-w	elapsed	errors	ops(total)	ops/sec(cum)	avg(ms)	p50(ms)	p95(ms)	p99(ms)	pMax(ms)
40	0.0	0.0	2619179.0	58202.799999999996	2.2600000000000002	1.56	6.7	17.0	152.28	0.0	0.0	0.0	137606.0	3057.9	4.359999999999999	3.06	14.3	27.080000000000002	120.78	0.0	0.0	0.0	2756785.0	61260.6	2.36	1.6400000000000001	6.959999999999999	18.02	158.95999999999998
