concurrency	elapsed-r	errors-r	ops(total)-r	ops/sec(cum)-r	avg(ms)-r	p50(ms)-r	p95(ms)-r	p99(ms)-r	pMax(ms)-r	total-r	elapsed-w	errors-w	ops(total)-w	ops/sec(cum)-w	avg(ms)-w	p50(ms)-w	p95(ms)-w	p99(ms)-w	pMax(ms)-w	total-w	elapsed	errors	ops(total)	ops/sec(cum)	avg(ms)	p50(ms)	p95(ms)	p99(ms)	pMax(ms)
99	0.0	0.0	2835852.0	94524.59999999999	4.9399999999999995	4.1	12.080000000000002	21.38	219.8	0.0	0.0	0.0	149465.0	4981.9	15.62	14.259999999999996	31.639999999999997	40.24	170.26	0.0	0.0	0.0	2985317.0	99506.6	5.5	4.279999999999999	15.6	26.020000000000003	219.8
