concurrency	elapsed-r	errors-r	ops(total)-r	ops/sec(cum)-r	avg(ms)-r	p50(ms)-r	p95(ms)-r	p99(ms)-r	pMax(ms)-r	total-r	elapsed-w	errors-w	ops(total)-w	ops/sec(cum)-w	avg(ms)-w	p50(ms)-w	p95(ms)-w	p99(ms)-w	pMax(ms)-w	total-w	elapsed	errors	ops(total)	ops/sec(cum)	avg(ms)	p50(ms)	p95(ms)	p99(ms)	pMax(ms)
70	0.0	0.0	2656842.0	88558.59999999999	4.119999999999999	3.2600000000000002	11.24	19.080000000000002	112.82000000000001	0.0	0.0	0.0	140061.0	4668.599999999999	9.86	8.58	22.0	29.54	91.85999999999999	0.0	0.0	0.0	2796903.0	93227.20000000001	4.42	3.34	13.139999999999997	20.14	112.82000000000001
