concurrency	elapsed-w	errors-w	ops(total)-w	ops/sec(cum)-w	avg(ms)-w	p50(ms)-w	p95(ms)-w	p99(ms)-w	pMax(ms)-w	total-w	elapsed	errors	ops(total)	ops/sec(cum)	avg(ms)	p50(ms)	p95(ms)	p99(ms)	pMax(ms)
23	0.0	0.0	3212509.0	107082.0	1.525	1.375	2.8249999999999997	4.425	25.575000000000003	0.0	0.0	0.0	3212509.0	107082.0	1.525	1.375	2.8249999999999997	4.425	25.575000000000003
