concurrency	elapsed-r	errors-r	ops(total)-r	ops/sec(cum)-r	avg(ms)-r	p50(ms)-r	p95(ms)-r	p99(ms)-r	pMax(ms)-r	total-r	elapsed-w	errors-w	ops(total)-w	ops/sec(cum)-w	avg(ms)-w	p50(ms)-w	p95(ms)-w	p99(ms)-w	pMax(ms)-w	total-w	elapsed	errors	ops(total)	ops/sec(cum)	avg(ms)	p50(ms)	p95(ms)	p99(ms)	pMax(ms)
28	0.0	0.0	3306062.0	110199.59999999999	1.7000000000000004	1.5624999999999998	2.8	5.9624999999999995	139.975	0.0	0.0	0.0	173887.0	5796.200000000002	1.6750000000000003	1.5624999999999998	2.7875	5.9875	40.975	0.0	0.0	0.0	3479949.0	115995.80000000002	1.7000000000000004	1.5624999999999998	2.8	5.9624999999999995	163.5625
