concurrency	elapsed-r	errors-r	ops(total)-r	ops/sec(cum)-r	avg(ms)-r	p50(ms)-r	p95(ms)-r	p99(ms)-r	pMax(ms)-r	total-r	elapsed	errors	ops(total)	ops/sec(cum)	avg(ms)	p50(ms)	p95(ms)	p99(ms)	pMax(ms)
18	0.0	0.0	1127628.0	37586.99999999999	3.6624999999999996	3.4000000000000004	6.825	9.65	24.3875	0.0	0.0	0.0	1127628.0	37586.99999999999	3.6624999999999996	3.4000000000000004	6.825	9.65	24.3875
