concurrency	elapsed-w	errors-w	ops(total)-w	ops/sec(cum)-w	avg(ms)-w	p50(ms)-w	p95(ms)-w	p99(ms)-w	pMax(ms)-w	total-w	elapsed	errors	ops(total)	ops/sec(cum)	avg(ms)	p50(ms)	p95(ms)	p99(ms)	pMax(ms)
40	0.0	0.0	3548978.0	118297.10000000002	2.475	2.3875	4.35	7.449999999999999	22.962500000000002	0.0	0.0	0.0	3548978.0	118297.10000000002	2.475	2.3875	4.35	7.449999999999999	22.962500000000002
