concurrency	elapsed-r	errors-r	ops(total)-r	ops/sec(cum)-r	avg(ms)-r	p50(ms)-r	p95(ms)-r	p99(ms)-r	pMax(ms)-r	total-r	elapsed	errors	ops(total)	ops/sec(cum)	avg(ms)	p50(ms)	p95(ms)	p99(ms)	pMax(ms)
48	0.0	0.0	1250338.0	41676.700000000004	9.2375	8.325	19.8125	29.5125	66.05000000000001	0.0	0.0	0.0	1250338.0	41676.700000000004	9.2375	8.325	19.8125	29.5125	66.05000000000001
