concurrency	elapsed-r	errors-r	ops(total)-r	ops/sec(cum)-r	avg(ms)-r	p50(ms)-r	p95(ms)-r	p99(ms)-r	pMax(ms)-r	total-r	elapsed-w	errors-w	ops(total)-w	ops/sec(cum)-w	avg(ms)-w	p50(ms)-w	p95(ms)-w	p99(ms)-w	pMax(ms)-w	total-w	elapsed	errors	ops(total)	ops/sec(cum)	avg(ms)	p50(ms)	p95(ms)	p99(ms)	pMax(ms)
24	0.0	0.0	3307061.0	110233.79999999999	1.4625	1.3375000000000001	2.3	5.1375	117.96249999999998	0.0	0.0	0.0	174108.0	5803.700000000001	1.4374999999999998	1.3	2.25	5.1125	42.72500000000001	0.0	0.0	0.0	3481169.0	116037.2	1.4625	1.3375000000000001	2.2875	5.1375	118.75
