concurrency	elapsed-r	errors-r	ops(total)-r	ops/sec(cum)-r	avg(ms)-r	p50(ms)-r	p95(ms)-r	p99(ms)-r	pMax(ms)-r	total-r	elapsed-w	errors-w	ops(total)-w	ops/sec(cum)-w	avg(ms)-w	p50(ms)-w	p95(ms)-w	p99(ms)-w	pMax(ms)-w	total-w	elapsed	errors	ops(total)	ops/sec(cum)	avg(ms)	p50(ms)	p95(ms)	p99(ms)	pMax(ms)
51	0.0	0.0	1026552.0	34217.3	3.2999999999999994	2.4	8.9	20.633333333333333	88.09999999999998	0.0	0.0	0.0	53954.0	1798.3	1.6000000000000003	0.9	5.3	12.233333333333334	70.60000000000001	0.0	0.0	0.0	1080506.0	36015.7	3.2000000000000006	2.3333333333333335	8.4	19.9	88.09999999999998
