concurrency	elapsed-r	errors-r	ops(total)-r	ops/sec(cum)-r	avg(ms)-r	p50(ms)-r	p95(ms)-r	p99(ms)-r	pMax(ms)-r	total-r	elapsed-w	errors-w	ops(total)-w	ops/sec(cum)-w	avg(ms)-w	p50(ms)-w	p95(ms)-w	p99(ms)-w	pMax(ms)-w	total-w	elapsed	errors	ops(total)	ops/sec(cum)	avg(ms)	p50(ms)	p95(ms)	p99(ms)	pMax(ms)
40	0.0	0.0	1938511.0	64615.6	4.175	3.4625	9.3625	15.2	45.324999999999996	0.0	0.0	0.0	101956.0	3398.7000000000003	6.0249999999999995	4.0375	16.825	24.2625	49.25000000000001	0.0	0.0	0.0	2040467.0	68013.9	4.2625	3.475	9.9625	16.15	49.775000000000006
