concurrency	elapsed-r	errors-r	ops(total)-r	ops/sec(cum)-r	avg(ms)-r	p50(ms)-r	p95(ms)-r	p99(ms)-r	pMax(ms)-r	total-r	elapsed-w	errors-w	ops(total)-w	ops/sec(cum)-w	avg(ms)-w	p50(ms)-w	p95(ms)-w	p99(ms)-w	pMax(ms)-w	total-w	elapsed	errors	ops(total)	ops/sec(cum)	avg(ms)	p50(ms)	p95(ms)	p99(ms)	pMax(ms)
32	0.0	0.0	1778767.0	59290.799999999996	3.6125	3.0125	8.375	14.1125	141.3	0.0	0.0	0.0	93154.0	3105.0999999999995	6.2875000000000005	5.0874999999999995	16.175	23.4625	64.7125	0.0	0.0	0.0	1871921.0	62395.8	3.7625	3.075	9.3625	14.9875	156.5
