concurrency	elapsed-r	errors-r	ops(total)-r	ops/sec(cum)-r	avg(ms)-r	p50(ms)-r	p95(ms)-r	p99(ms)-r	pMax(ms)-r	total-r	elapsed-w	errors-w	ops(total)-w	ops/sec(cum)-w	avg(ms)-w	p50(ms)-w	p95(ms)-w	p99(ms)-w	pMax(ms)-w	total-w	elapsed	errors	ops(total)	ops/sec(cum)	avg(ms)	p50(ms)	p95(ms)	p99(ms)	pMax(ms)
34	0.0	0.0	2803952.0	93463.4	2.5250000000000004	2.3	4.9	8.5125	79.30000000000001	0.0	0.0	0.0	147697.0	4923.200000000001	2.475	2.2	4.875	8.762500000000001	28.187499999999996	0.0	0.0	0.0	2951649.0	98386.49999999999	2.5250000000000004	2.3	4.875	8.5125	79.30000000000001
