concurrency	elapsed-r	errors-r	ops(total)-r	ops/sec(cum)-r	avg(ms)-r	p50(ms)-r	p95(ms)-r	p99(ms)-r	pMax(ms)-r	total-r	elapsed-w	errors-w	ops(total)-w	ops/sec(cum)-w	avg(ms)-w	p50(ms)-w	p95(ms)-w	p99(ms)-w	pMax(ms)-w	total-w	elapsed	errors	ops(total)	ops/sec(cum)	avg(ms)	p50(ms)	p95(ms)	p99(ms)	pMax(ms)
12	0.0	0.0	462057.0	15401.7	1.8	1.6000000000000003	3.5	7.099999999999999	167.8	0.0	0.0	0.0	24126.0	804.2	2.9333333333333336	2.6	5.866666666666667	12.6	86.66666666666667	0.0	0.0	0.0	486183.0	16205.9	1.8	1.6000000000000003	3.7000000000000006	7.5	167.8
