concurrency	elapsed-r	errors-r	ops(total)-r	ops/sec(cum)-r	avg(ms)-r	p50(ms)-r	p95(ms)-r	p99(ms)-r	pMax(ms)-r	total-r	elapsed-w	errors-w	ops(total)-w	ops/sec(cum)-w	avg(ms)-w	p50(ms)-w	p95(ms)-w	p99(ms)-w	pMax(ms)-w	total-w	elapsed	errors	ops(total)	ops/sec(cum)	avg(ms)	p50(ms)	p95(ms)	p99(ms)	pMax(ms)
30	0.0	0.0	2814310.0	93808.6	2.25	1.9500000000000002	4.4625	6.8625	27.2875	0.0	0.0	0.0	147575.0	4919.2	2.15	1.9500000000000002	4.4	6.724999999999999	24.7875	0.0	0.0	0.0	2961885.0	98727.70000000001	2.25	1.9500000000000002	4.4625	6.8625	28.337500000000006
