concurrency	elapsed-r	errors-r	ops(total)-r	ops/sec(cum)-r	avg(ms)-r	p50(ms)-r	p95(ms)-r	p99(ms)-r	pMax(ms)-r	total-r	elapsed-w	errors-w	ops(total)-w	ops/sec(cum)-w	avg(ms)-w	p50(ms)-w	p95(ms)-w	p99(ms)-w	pMax(ms)-w	total-w	elapsed	errors	ops(total)	ops/sec(cum)	avg(ms)	p50(ms)	p95(ms)	p99(ms)	pMax(ms)
31	0.0	0.0	1169274.0	38974.899999999994	5.375	4.9125	12.075	17.837500000000002	44.262499999999996	0.0	0.0	0.0	61433.0	2047.8999999999999	10.424999999999999	10.0625	22.174999999999997	28.85	50.3	0.0	0.0	0.0	1230707.0	41022.6	5.6375	5.0375	13.15	19.5125	50.3
