ops/sec(cum)	p50(ms)	p99(ms)	read_tp	read_p50	read_p99	write_tp	write_p50	write_p99
286749.36666666664	0.29733333333333334	2.2946666666666666	272432.63333333336	0.2956666666666667	2.2946666666666666	14315.733333333334	0.299	2.3463333333333334
