concurrency	elapsed-r	errors-r	ops(total)-r	ops/sec(cum)-r	avg(ms)-r	p50(ms)-r	p95(ms)-r	p99(ms)-r	pMax(ms)-r	total-r	elapsed	errors	ops(total)	ops/sec(cum)	avg(ms)	p50(ms)	p95(ms)	p99(ms)	pMax(ms)
14	0.0	0.0	1386830.0	46226.99999999999	2.2625	2.15	3.8000000000000003	6.4125000000000005	21.225	0.0	0.0	0.0	1386830.0	46226.99999999999	2.2625	2.15	3.8000000000000003	6.4125000000000005	21.225
