concurrency	elapsed-r	errors-r	ops(total)-r	ops/sec(cum)-r	avg(ms)-r	p50(ms)-r	p95(ms)-r	p99(ms)-r	pMax(ms)-r	total-r	elapsed-w	errors-w	ops(total)-w	ops/sec(cum)-w	avg(ms)-w	p50(ms)-w	p95(ms)-w	p99(ms)-w	pMax(ms)-w	total-w	elapsed	errors	ops(total)	ops/sec(cum)	avg(ms)	p50(ms)	p95(ms)	p99(ms)	pMax(ms)
147	0.0	0.0	4423576.0	147440.5	5.3	4.22	13.38	22.520000000000003	197.95999999999998	0.0	0.0	0.0	233324.0	7776.799999999999	13.74	12.28	28.659999999999997	37.739999999999995	181.2	0.0	0.0	0.0	4656900.0	155217.2	5.720000000000001	4.42	15.88	25.259999999999998	197.95999999999998
