concurrency	elapsed-r	errors-r	ops(total)-r	ops/sec(cum)-r	avg(ms)-r	p50(ms)-r	p95(ms)-r	p99(ms)-r	pMax(ms)-r	total-r	elapsed-w	errors-w	ops(total)-w	ops/sec(cum)-w	avg(ms)-w	p50(ms)-w	p95(ms)-w	p99(ms)-w	pMax(ms)-w	total-w	elapsed	errors	ops(total)	ops/sec(cum)	avg(ms)	p50(ms)	p95(ms)	p99(ms)	pMax(ms)
4	0.0	0.0	465728.0	15523.9	1.7000000000000002	1.4	3.4499999999999997	4.725	369.09999999999997	0.0	0.0	0.0	24452.0	815.1	3.0875	2.3375000000000004	7.0	10.75	150.875	0.0	0.0	0.0	490180.0	16339.100000000002	1.7750000000000001	1.4249999999999998	3.5875	5.25	369.09999999999997
