concurrency	elapsed-r	errors-r	ops(total)-r	ops/sec(cum)-r	avg(ms)-r	p50(ms)-r	p95(ms)-r	p99(ms)-r	pMax(ms)-r	total-r	elapsed-w	errors-w	ops(total)-w	ops/sec(cum)-w	avg(ms)-w	p50(ms)-w	p95(ms)-w	p99(ms)-w	pMax(ms)-w	total-w	elapsed	errors	ops(total)	ops/sec(cum)	avg(ms)	p50(ms)	p95(ms)	p99(ms)	pMax(ms)
38	0.0	0.0	3366799.0	112224.4	2.3	2.1875	3.8375000000000004	7.937499999999999	29.9	0.0	0.0	0.0	177718.0	5923.700000000001	2.4375000000000004	2.2624999999999997	4.15	8.25	24.3875	0.0	0.0	0.0	3544517.0	118148.3	2.3	2.2	3.8375000000000004	7.937499999999999	29.9
