concurrency	elapsed-r	errors-r	ops(total)-r	ops/sec(cum)-r	avg(ms)-r	p50(ms)-r	p95(ms)-r	p99(ms)-r	pMax(ms)-r	total-r	elapsed-w	errors-w	ops(total)-w	ops/sec(cum)-w	avg(ms)-w	p50(ms)-w	p95(ms)-w	p99(ms)-w	pMax(ms)-w	total-w	elapsed	errors	ops(total)	ops/sec(cum)	avg(ms)	p50(ms)	p95(ms)	p99(ms)	pMax(ms)
75	0.0	0.0	3034830.0	101157.29999999999	1.8599999999999999	1.2600000000000002	4.859999999999999	7.919999999999999	43.419999999999995	0.0	0.0	0.0	158988.0	5299.4	50.0	2.18	271.48	287.34000000000003	325.88	0.0	0.0	0.0	3193818.0	106456.59999999999	4.24	1.2600000000000002	5.18	14.4	325.88
