concurrency	elapsed-r	errors-r	ops(total)-r	ops/sec(cum)-r	avg(ms)-r	p50(ms)-r	p95(ms)-r	p99(ms)-r	pMax(ms)-r	total-r	elapsed-w	errors-w	ops(total)-w	ops/sec(cum)-w	avg(ms)-w	p50(ms)-w	p95(ms)-w	p99(ms)-w	pMax(ms)-w	total-w	elapsed	errors	ops(total)	ops/sec(cum)	avg(ms)	p50(ms)	p95(ms)	p99(ms)	pMax(ms)
26	0.0	0.0	75010.0	2500.4	63.45	3.875	369.1125	851.4499999999998	1828.6874999999998	0.0	0.0	0.0	3910.0	130.2	366.575	232.79999999999998	1241.55	1962.9375	2927.65	0.0	0.0	0.0	78920.0	2630.7000000000003	78.475	4.075	455.08750000000003	1002.4250000000001	2927.65
