concurrency	elapsed-r	errors-r	ops(total)-r	ops/sec(cum)-r	avg(ms)-r	p50(ms)-r	p95(ms)-r	p99(ms)-r	pMax(ms)-r	total-r	elapsed-w	errors-w	ops(total)-w	ops/sec(cum)-w	avg(ms)-w	p50(ms)-w	p95(ms)-w	p99(ms)-w	pMax(ms)-w	total-w	elapsed	errors	ops(total)	ops/sec(cum)	avg(ms)	p50(ms)	p95(ms)	p99(ms)	pMax(ms)
84	0.0	0.0	2455590.0	81849.4	2.3	1.5666666666666667	6.133333333333333	10.066666666666666	31.46666666666667	0.0	0.0	0.0	128878.0	4295.700000000001	19.63333333333333	2.9	105.2	126.5	164.96666666666667	0.0	0.0	0.0	2584468.0	86145.1	3.1666666666666665	1.6000000000000003	6.5	17.333333333333332	164.96666666666667
