concurrency	elapsed-r	errors-r	ops(total)-r	ops/sec(cum)-r	avg(ms)-r	p50(ms)-r	p95(ms)-r	p99(ms)-r	pMax(ms)-r	total-r	elapsed-w	errors-w	ops(total)-w	ops/sec(cum)-w	avg(ms)-w	p50(ms)-w	p95(ms)-w	p99(ms)-w	pMax(ms)-w	total-w	elapsed	errors	ops(total)	ops/sec(cum)	avg(ms)	p50(ms)	p95(ms)	p99(ms)	pMax(ms)
152	0.0	0.0	4646549.0	154869.9	4.62	3.8200000000000003	11.18	20.04	216.85999999999999	0.0	0.0	0.0	244277.0	8141.7	14.339999999999998	12.939999999999998	29.080000000000002	37.739999999999995	253.35999999999999	0.0	0.0	0.0	4890826.0	163011.6	5.08	3.96	14.7	24.72	271.8
