concurrency	elapsed-r	errors-r	ops(total)-r	ops/sec(cum)-r	avg(ms)-r	p50(ms)-r	p95(ms)-r	p99(ms)-r	pMax(ms)-r	total-r	elapsed-w	errors-w	ops(total)-w	ops/sec(cum)-w	avg(ms)-w	p50(ms)-w	p95(ms)-w	p99(ms)-w	pMax(ms)-w	total-w	elapsed	errors	ops(total)	ops/sec(cum)	avg(ms)	p50(ms)	p95(ms)	p99(ms)	pMax(ms)
39	0.0	0.0	3199113.0	106634.4	2.4499999999999997	2.275	4.25	8.0125	30.9375	0.0	0.0	0.0	167471.0	5582.099999999999	2.825	2.625	5.425	9.2	23.599999999999998	0.0	0.0	0.0	3366584.0	112216.80000000002	2.4499999999999997	2.275	4.25	8.05	30.9375
