concurrency	elapsed-r	errors-r	ops(total)-r	ops/sec(cum)-r	avg(ms)-r	p50(ms)-r	p95(ms)-r	p99(ms)-r	pMax(ms)-r	total-r	elapsed-w	errors-w	ops(total)-w	ops/sec(cum)-w	avg(ms)-w	p50(ms)-w	p95(ms)-w	p99(ms)-w	pMax(ms)-w	total-w	elapsed	errors	ops(total)	ops/sec(cum)	avg(ms)	p50(ms)	p95(ms)	p99(ms)	pMax(ms)
22	0.0	0.0	842626.0	28086.8	4.975	2.1625	12.075	71.3	497.00000000000006	0.0	0.0	0.0	44229.0	1474.3	19.450000000000003	4.05	105.425	168.85000000000002	553.6374999999999	0.0	0.0	0.0	886855.0	29561.1	5.7124999999999995	2.2874999999999996	13.6375	89.15	562.025
