concurrency	elapsed-r	errors-r	ops(total)-r	ops/sec(cum)-r	avg(ms)-r	p50(ms)-r	p95(ms)-r	p99(ms)-r	pMax(ms)-r	total-r	elapsed	errors	ops(total)	ops/sec(cum)	avg(ms)	p50(ms)	p95(ms)	p99(ms)	pMax(ms)
23	0.0	0.0	992348.0	33077.7	5.4375	5.0625	10.649999999999999	14.55	40.349999999999994	0.0	0.0	0.0	992348.0	33077.7	5.4375	5.0625	10.649999999999999	14.55	40.349999999999994
