concurrency	elapsed-r	errors-r	ops(total)-r	ops/sec(cum)-r	avg(ms)-r	p50(ms)-r	p95(ms)-r	p99(ms)-r	pMax(ms)-r	total-r	elapsed-w	errors-w	ops(total)-w	ops/sec(cum)-w	avg(ms)-w	p50(ms)-w	p95(ms)-w	p99(ms)-w	pMax(ms)-w	total-w	elapsed	errors	ops(total)	ops/sec(cum)	avg(ms)	p50(ms)	p95(ms)	p99(ms)	pMax(ms)
136	0.0	0.0	4601952.0	153390.30000000002	4.220000000000001	3.44	10.620000000000001	18.56	164.83999999999997	0.0	0.0	0.0	242111.0	8069.900000000001	11.959999999999999	10.959999999999999	24.259999999999998	32.6	140.7	0.0	0.0	0.0	4844063.0	161460.2	4.6000000000000005	3.6	13.14	21.080000000000002	165.68
