concurrency	elapsed-r	errors-r	ops(total)-r	ops/sec(cum)-r	avg(ms)-r	p50(ms)-r	p95(ms)-r	p99(ms)-r	pMax(ms)-r	total-r	elapsed-w	errors-w	ops(total)-w	ops/sec(cum)-w	avg(ms)-w	p50(ms)-w	p95(ms)-w	p99(ms)-w	pMax(ms)-w	total-w	elapsed	errors	ops(total)	ops/sec(cum)	avg(ms)	p50(ms)	p95(ms)	p99(ms)	pMax(ms)
58	0.0	0.0	1953588.0	65117.200000000004	5.9375	5.25	13.899999999999999	21.875	161.4875	0.0	0.0	0.0	102278.0	3409.2	10.7	10.125	23.474999999999998	32.537499999999994	85.45	0.0	0.0	0.0	2055866.0	68526.4	6.175	5.275	14.950000000000001	23.224999999999998	163.57500000000002
