concurrency	elapsed-r	errors-r	ops(total)-r	ops/sec(cum)-r	avg(ms)-r	p50(ms)-r	p95(ms)-r	p99(ms)-r	pMax(ms)-r	total-r	elapsed-w	errors-w	ops(total)-w	ops/sec(cum)-w	avg(ms)-w	p50(ms)-w	p95(ms)-w	p99(ms)-w	pMax(ms)-w	total-w	elapsed	errors	ops(total)	ops/sec(cum)	avg(ms)	p50(ms)	p95(ms)	p99(ms)	pMax(ms)
30	0.0	0.0	3305479.0	110179.79999999999	1.85	1.8250000000000002	4.125	6.250000000000001	72.5	0.0	0.0	0.0	173949.0	5797.999999999999	1.925	1.8375000000000001	4.225	6.4125	19.837500000000002	0.0	0.0	0.0	3479428.0	115977.9	1.85	1.8250000000000002	4.125	6.250000000000001	72.5
