concurrency	elapsed-r	errors-r	ops(total)-r	ops/sec(cum)-r	avg(ms)-r	p50(ms)-r	p95(ms)-r	p99(ms)-r	pMax(ms)-r	total-r	elapsed-w	errors-w	ops(total)-w	ops/sec(cum)-w	avg(ms)-w	p50(ms)-w	p95(ms)-w	p99(ms)-w	pMax(ms)-w	total-w	elapsed	errors	ops(total)	ops/sec(cum)	avg(ms)	p50(ms)	p95(ms)	p99(ms)	pMax(ms)
31	0.0	0.0	1424403.0	47478.9	5.0875	3.4625	16.912499999999998	26.075000000000003	49.1375	0.0	0.0	0.0	75461.0	2515.2999999999997	5.1625	3.4625	16.912499999999998	28.7125	43.612500000000004	0.0	0.0	0.0	1499864.0	49994.2	5.0875	3.4625	16.912499999999998	26.200000000000003	52.5375
