concurrency	elapsed-r	errors-r	ops(total)-r	ops/sec(cum)-r	avg(ms)-r	p50(ms)-r	p95(ms)-r	p99(ms)-r	pMax(ms)-r	total-r	elapsed-w	errors-w	ops(total)-w	ops/sec(cum)-w	avg(ms)-w	p50(ms)-w	p95(ms)-w	p99(ms)-w	pMax(ms)-w	total-w	elapsed	errors	ops(total)	ops/sec(cum)	avg(ms)	p50(ms)	p95(ms)	p99(ms)	pMax(ms)
107	0.0	0.0	2867062.0	95563.5	5.140000000000001	4.14	13.339999999999998	22.24	422.8	0.0	0.0	0.0	150370.0	5012.1	18.18	16.580000000000002	36.260000000000005	46.980000000000004	338.03999999999996	0.0	0.0	0.0	3017432.0	100575.6	5.76	4.34	16.78	28.919999999999995	435.36
