concurrency	elapsed-r	errors-r	ops(total)-r	ops/sec(cum)-r	avg(ms)-r	p50(ms)-r	p95(ms)-r	p99(ms)-r	pMax(ms)-r	total-r	elapsed-w	errors-w	ops(total)-w	ops/sec(cum)-w	avg(ms)-w	p50(ms)-w	p95(ms)-w	p99(ms)-w	pMax(ms)-w	total-w	elapsed	errors	ops(total)	ops/sec(cum)	avg(ms)	p50(ms)	p95(ms)	p99(ms)	pMax(ms)
42	0.0	0.0	2236707.0	74554.1	3.7750000000000004	3.1875	8.2875	13.4	68.17500000000001	0.0	0.0	0.0	117803.0	3926.8	4.800000000000001	3.425	12.825	19.4125	47.449999999999996	0.0	0.0	0.0	2354510.0	78480.8	3.8375	3.2125	8.725	13.9	76.30000000000001
