concurrency	elapsed-r	errors-r	ops(total)-r	ops/sec(cum)-r	avg(ms)-r	p50(ms)-r	p95(ms)-r	p99(ms)-r	pMax(ms)-r	total-r	elapsed-w	errors-w	ops(total)-w	ops/sec(cum)-w	avg(ms)-w	p50(ms)-w	p95(ms)-w	p99(ms)-w	pMax(ms)-w	total-w	elapsed	errors	ops(total)	ops/sec(cum)	avg(ms)	p50(ms)	p95(ms)	p99(ms)	pMax(ms)
115	0.0	0.0	4435023.0	147824.19999999998	3.46	2.62	10.1	17.46	130.04	0.0	0.0	0.0	233088.0	7769.199999999999	15.3	6.8	21.14	362.3	495.14000000000004	0.0	0.0	0.0	4668111.0	155593.1	4.02	2.7199999999999998	11.219999999999999	19.2	506.26000000000005
