concurrency	elapsed-r	errors-r	ops(total)-r	ops/sec(cum)-r	avg(ms)-r	p50(ms)-r	p95(ms)-r	p99(ms)-r	pMax(ms)-r	total-r	elapsed-w	errors-w	ops(total)-w	ops/sec(cum)-w	avg(ms)-w	p50(ms)-w	p95(ms)-w	p99(ms)-w	pMax(ms)-w	total-w	elapsed	errors	ops(total)	ops/sec(cum)	avg(ms)	p50(ms)	p95(ms)	p99(ms)	pMax(ms)
32	0.0	0.0	3472415.0	115744.7	1.9375	1.7000000000000002	4.65	6.587499999999999	116.9125	0.0	0.0	0.0	182217.0	6073.8	1.9500000000000002	1.7000000000000002	4.675000000000001	6.7125	67.1	0.0	0.0	0.0	3654632.0	121818.49999999999	1.9375	1.7000000000000002	4.65	6.587499999999999	117.9625
