concurrency	elapsed-r	errors-r	ops(total)-r	ops/sec(cum)-r	avg(ms)-r	p50(ms)-r	p95(ms)-r	p99(ms)-r	pMax(ms)-r	total-r	elapsed-w	errors-w	ops(total)-w	ops/sec(cum)-w	avg(ms)-w	p50(ms)-w	p95(ms)-w	p99(ms)-w	pMax(ms)-w	total-w	elapsed	errors	ops(total)	ops/sec(cum)	avg(ms)	p50(ms)	p95(ms)	p99(ms)	pMax(ms)
16	0.0	0.0	1037178.0	34572.0	1.525	1.225	3.425	4.95	52.925	0.0	0.0	0.0	54324.0	1810.8000000000002	3.1250000000000004	2.1500000000000004	9.85	17.425	32.525	0.0	0.0	0.0	1091502.0	36382.7	1.5750000000000002	1.225	3.6	6.0249999999999995	52.925
