concurrency	elapsed-r	errors-r	ops(total)-r	ops/sec(cum)-r	avg(ms)-r	p50(ms)-r	p95(ms)-r	p99(ms)-r	pMax(ms)-r	total-r	elapsed	errors	ops(total)	ops/sec(cum)	avg(ms)	p50(ms)	p95(ms)	p99(ms)	pMax(ms)
30	0.0	0.0	1148788.0	38292.1	6.125	5.5874999999999995	12.425	18.35	47.412499999999994	0.0	0.0	0.0	1148788.0	38292.1	6.125	5.5874999999999995	12.425	18.35	47.412499999999994
