concurrency	elapsed-w	errors-w	ops(total)-w	ops/sec(cum)-w	avg(ms)-w	p50(ms)-w	p95(ms)-w	p99(ms)-w	pMax(ms)-w	total-w	elapsed	errors	ops(total)	ops/sec(cum)	avg(ms)	p50(ms)	p95(ms)	p99(ms)	pMax(ms)
51	0.0	0.0	552795.0	18425.9	21.7125	19.787499999999998	50.037499999999994	65.0	132.625	0.0	0.0	0.0	552795.0	18425.9	21.7125	19.787499999999998	50.037499999999994	65.0	132.625
