concurrency	elapsed-r	errors-r	ops(total)-r	ops/sec(cum)-r	avg(ms)-r	p50(ms)-r	p95(ms)-r	p99(ms)-r	pMax(ms)-r	total-r	elapsed-w	errors-w	ops(total)-w	ops/sec(cum)-w	avg(ms)-w	p50(ms)-w	p95(ms)-w	p99(ms)-w	pMax(ms)-w	total-w	elapsed	errors	ops(total)	ops/sec(cum)	avg(ms)	p50(ms)	p95(ms)	p99(ms)	pMax(ms)
92	0.0	0.0	517385.0	17245.4	3.0	1.8333333333333333	8.733333333333334	14.199999999999998	95.10000000000001	0.0	0.0	0.0	26896.0	896.5	238.86666666666665	3.2999999999999994	1386.9333333333334	1409.3	1476.4000000000003	0.0	0.0	0.0	544281.0	18141.8	14.666666666666666	1.8666666666666665	9.066666666666668	26.933333333333334	1476.4000000000003
