concurrency	elapsed-r	errors-r	ops(total)-r	ops/sec(cum)-r	avg(ms)-r	p50(ms)-r	p95(ms)-r	p99(ms)-r	pMax(ms)-r	total-r	elapsed-w	errors-w	ops(total)-w	ops/sec(cum)-w	avg(ms)-w	p50(ms)-w	p95(ms)-w	p99(ms)-w	pMax(ms)-w	total-w	elapsed	errors	ops(total)	ops/sec(cum)	avg(ms)	p50(ms)	p95(ms)	p99(ms)	pMax(ms)
53	0.0	0.0	1972253.0	65739.8	5.3625	4.775	12.599999999999998	19.150000000000002	57.125	0.0	0.0	0.0	103685.0	3455.9999999999995	9.6125	9.15	21.0	28.200000000000003	57.3875	0.0	0.0	0.0	2075938.0	69195.79999999999	5.5625	4.85	13.349999999999998	20.175	62.63749999999999
