concurrency	elapsed-w	errors-w	ops(total)-w	ops/sec(cum)-w	avg(ms)-w	p50(ms)-w	p95(ms)-w	p99(ms)-w	pMax(ms)-w	total-w	elapsed	errors	ops(total)	ops/sec(cum)	avg(ms)	p50(ms)	p95(ms)	p99(ms)	pMax(ms)
30	0.0	0.0	713900.0	23795.899999999998	9.725	6.824999999999999	22.174999999999997	35.9	599.8	0.0	0.0	0.0	713900.0	23795.899999999998	9.725	6.824999999999999	22.174999999999997	35.9	599.8
