concurrency	elapsed-r	errors-r	ops(total)-r	ops/sec(cum)-r	avg(ms)-r	p50(ms)-r	p95(ms)-r	p99(ms)-r	pMax(ms)-r	total-r	elapsed	errors	ops(total)	ops/sec(cum)	avg(ms)	p50(ms)	p95(ms)	p99(ms)	pMax(ms)
46	0.0	0.0	952870.0	31761.100000000002	11.750000000000002	10.45	25.575	38.9	99.1	0.0	0.0	0.0	952870.0	31761.100000000002	11.750000000000002	10.45	25.575	38.9	99.1
