concurrency	elapsed-r	errors-r	ops(total)-r	ops/sec(cum)-r	avg(ms)-r	p50(ms)-r	p95(ms)-r	p99(ms)-r	pMax(ms)-r	total-r	elapsed	errors	ops(total)	ops/sec(cum)	avg(ms)	p50(ms)	p95(ms)	p99(ms)	pMax(ms)
31	0.0	0.0	1541871.0	51394.700000000004	4.4375	3.9999999999999996	9.55	14.175	89.91250000000001	0.0	0.0	0.0	1541871.0	51394.700000000004	4.4375	3.9999999999999996	9.55	14.175	89.91250000000001
