concurrency	elapsed-r	errors-r	ops(total)-r	ops/sec(cum)-r	avg(ms)-r	p50(ms)-r	p95(ms)-r	p99(ms)-r	pMax(ms)-r	total-r	elapsed-w	errors-w	ops(total)-w	ops/sec(cum)-w	avg(ms)-w	p50(ms)-w	p95(ms)-w	p99(ms)-w	pMax(ms)-w	total-w	elapsed	errors	ops(total)	ops/sec(cum)	avg(ms)	p50(ms)	p95(ms)	p99(ms)	pMax(ms)
160	0.0	0.0	4395897.0	146514.6	5.6	4.220000000000001	16.299999999999997	26.939999999999998	198.8	0.0	0.0	0.0	231514.0	7716.299999999999	16.199999999999996	13.080000000000002	31.6	65.02000000000001	529.34	0.0	0.0	0.0	4627411.0	154230.9	6.140000000000001	4.42	17.9	29.68	531.0
