concurrency	elapsed-r	errors-r	ops(total)-r	ops/sec(cum)-r	avg(ms)-r	p50(ms)-r	p95(ms)-r	p99(ms)-r	pMax(ms)-r	total-r	elapsed-w	errors-w	ops(total)-w	ops/sec(cum)-w	avg(ms)-w	p50(ms)-w	p95(ms)-w	p99(ms)-w	pMax(ms)-w	total-w	elapsed	errors	ops(total)	ops/sec(cum)	avg(ms)	p50(ms)	p95(ms)	p99(ms)	pMax(ms)
96	0.0	0.0	2848259.0	94938.40000000001	4.720000000000001	3.8800000000000003	10.919999999999998	20.58	256.7	0.0	0.0	0.0	149795.0	4992.9	15.580000000000002	14.36	31.439999999999998	39.42	183.7	0.0	0.0	0.0	2998054.0	99931.30000000002	5.279999999999999	4.1	15.6	26.020000000000003	260.05999999999995
