concurrency	elapsed-r	errors-r	ops(total)-r	ops/sec(cum)-r	avg(ms)-r	p50(ms)-r	p95(ms)-r	p99(ms)-r	pMax(ms)-r	total-r	elapsed	errors	ops(total)	ops/sec(cum)	avg(ms)	p50(ms)	p95(ms)	p99(ms)	pMax(ms)
47	0.0	0.0	1396156.0	46537.2	7.574999999999999	6.549999999999999	17.175	24.924999999999997	207.6	0.0	0.0	0.0	1396156.0	46537.2	7.574999999999999	6.549999999999999	17.175	24.924999999999997	207.6
