concurrency	elapsed-r	errors-r	ops(total)-r	ops/sec(cum)-r	avg(ms)-r	p50(ms)-r	p95(ms)-r	p99(ms)-r	pMax(ms)-r	total-r	elapsed-w	errors-w	ops(total)-w	ops/sec(cum)-w	avg(ms)-w	p50(ms)-w	p95(ms)-w	p99(ms)-w	pMax(ms)-w	total-w	elapsed	errors	ops(total)	ops/sec(cum)	avg(ms)	p50(ms)	p95(ms)	p99(ms)	pMax(ms)
39	0.0	0.0	2133546.0	71116.6	3.6624999999999996	3.1125	8.325	13.8625	43.349999999999994	0.0	0.0	0.0	111831.0	3727.7000000000003	5.1625	3.5999999999999996	13.025	19.925	44.5375	0.0	0.0	0.0	2245377.0	74844.09999999999	3.7625	3.1125	8.7625	14.3625	47.675000000000004
