concurrency	elapsed-r	errors-r	ops(total)-r	ops/sec(cum)-r	avg(ms)-r	p50(ms)-r	p95(ms)-r	p99(ms)-r	pMax(ms)-r	total-r	elapsed-w	errors-w	ops(total)-w	ops/sec(cum)-w	avg(ms)-w	p50(ms)-w	p95(ms)-w	p99(ms)-w	pMax(ms)-w	total-w	elapsed	errors	ops(total)	ops/sec(cum)	avg(ms)	p50(ms)	p95(ms)	p99(ms)	pMax(ms)
11	0.0	0.0	963246.0	32107.600000000002	1.6875	1.2999999999999998	3.7249999999999996	5.025	15.225000000000001	0.0	0.0	0.0	50751.0	1691.6000000000001	16.650000000000002	2.2499999999999996	71.3	82.325	100.7	0.0	0.0	0.0	1013997.0	33799.3	2.4125	1.3375000000000001	3.9625	50.300000000000004	100.7
