concurrency	elapsed-r	errors-r	ops(total)-r	ops/sec(cum)-r	avg(ms)-r	p50(ms)-r	p95(ms)-r	p99(ms)-r	pMax(ms)-r	total-r	elapsed-w	errors-w	ops(total)-w	ops/sec(cum)-w	avg(ms)-w	p50(ms)-w	p95(ms)-w	p99(ms)-w	pMax(ms)-w	total-w	elapsed	errors	ops(total)	ops/sec(cum)	avg(ms)	p50(ms)	p95(ms)	p99(ms)	pMax(ms)
85	0.0	0.0	13051.0	217.5	3.8249999999999997	2.025	14.8	28.049999999999997	66.05	0.0	0.0	0.0	399.0	6.6000000000000005	13.1	5.925	44.550000000000004	73.4	105.92500000000001	0.0	0.0	0.0	13450.0	224.1	4.1	2.05	16.275	30.7	105.92500000000001
