concurrency	elapsed-r	errors-r	ops(total)-r	ops/sec(cum)-r	avg(ms)-r	p50(ms)-r	p95(ms)-r	p99(ms)-r	pMax(ms)-r	total-r	elapsed	errors	ops(total)	ops/sec(cum)	avg(ms)	p50(ms)	p95(ms)	p99(ms)	pMax(ms)
54	0.0	0.0	1556517.0	51882.1	7.7625	6.999999999999999	16.8	24.374999999999996	63.6875	0.0	0.0	0.0	1556517.0	51882.1	7.7625	6.999999999999999	16.8	24.374999999999996	63.6875
