concurrency	elapsed-r	errors-r	ops(total)-r	ops/sec(cum)-r	avg(ms)-r	p50(ms)-r	p95(ms)-r	p99(ms)-r	pMax(ms)-r	total-r	elapsed-w	errors-w	ops(total)-w	ops/sec(cum)-w	avg(ms)-w	p50(ms)-w	p95(ms)-w	p99(ms)-w	pMax(ms)-w	total-w	elapsed	errors	ops(total)	ops/sec(cum)	avg(ms)	p50(ms)	p95(ms)	p99(ms)	pMax(ms)
32	0.0	0.0	1029420.0	34313.4	1.9666666666666668	1.6000000000000003	3.1	9.6	62.199999999999996	0.0	0.0	0.0	54379.0	1812.7	3.5	3.0	7.900000000000001	21.0	53.79999999999999	0.0	0.0	0.0	1083799.0	36126.0	2.0	1.6000000000000003	3.9	10.666666666666666	62.199999999999996
