concurrency	elapsed-r	errors-r	ops(total)-r	ops/sec(cum)-r	avg(ms)-r	p50(ms)-r	p95(ms)-r	p99(ms)-r	pMax(ms)-r	total-r	elapsed-w	errors-w	ops(total)-w	ops/sec(cum)-w	avg(ms)-w	p50(ms)-w	p95(ms)-w	p99(ms)-w	pMax(ms)-w	total-w	elapsed	errors	ops(total)	ops/sec(cum)	avg(ms)	p50(ms)	p95(ms)	p99(ms)	pMax(ms)
39	0.0	0.0	3324663.0	110819.40000000001	2.375	2.2624999999999997	4.0375000000000005	7.625	29.9	0.0	0.0	0.0	174762.0	5825.3	2.575	2.4000000000000004	4.35	8.0125	21.45	0.0	0.0	0.0	3499425.0	116644.50000000001	2.375	2.275	4.075	7.6625000000000005	29.9
