concurrency	elapsed-w	errors-w	ops(total)-w	ops/sec(cum)-w	avg(ms)-w	p50(ms)-w	p95(ms)-w	p99(ms)-w	pMax(ms)-w	total-w	elapsed	errors	ops(total)	ops/sec(cum)	avg(ms)	p50(ms)	p95(ms)	p99(ms)	pMax(ms)
43	0.0	0.0	3488604.0	116284.40000000001	2.7625	2.6000000000000005	7.112499999999999	10.0	31.975	0.0	0.0	0.0	3488604.0	116284.40000000001	2.7625	2.6000000000000005	7.112499999999999	10.0	31.975
