concurrency	elapsed-r	errors-r	ops(total)-r	ops/sec(cum)-r	avg(ms)-r	p50(ms)-r	p95(ms)-r	p99(ms)-r	pMax(ms)-r	total-r	elapsed-w	errors-w	ops(total)-w	ops/sec(cum)-w	avg(ms)-w	p50(ms)-w	p95(ms)-w	p99(ms)-w	pMax(ms)-w	total-w	elapsed	errors	ops(total)	ops/sec(cum)	avg(ms)	p50(ms)	p95(ms)	p99(ms)	pMax(ms)
167	0.0	0.0	4504322.0	150131.09999999998	5.92	4.68	15.559999999999999	25.06	245.35999999999999	0.0	0.0	0.0	237169.0	7904.9	16.86	15.6	34.28	45.42	207.18	0.0	0.0	0.0	4741491.0	158035.9	6.460000000000001	4.86	18.18	29.04	254.14000000000001
