concurrency	elapsed-r	errors-r	ops(total)-r	ops/sec(cum)-r	avg(ms)-r	p50(ms)-r	p95(ms)-r	p99(ms)-r	pMax(ms)-r	total-r	elapsed-w	errors-w	ops(total)-w	ops/sec(cum)-w	avg(ms)-w	p50(ms)-w	p95(ms)-w	p99(ms)-w	pMax(ms)-w	total-w	elapsed	errors	ops(total)	ops/sec(cum)	avg(ms)	p50(ms)	p95(ms)	p99(ms)	pMax(ms)
18	0.0	0.0	635839.0	21194.2	4.025	2.3499999999999996	6.8625	64.7375	174.07500000000002	0.0	0.0	0.0	33611.0	1120.4	48.137499999999996	47.675000000000004	64.7375	110.0875	193.98749999999998	0.0	0.0	0.0	669450.0	22314.4	6.25	2.45	43.474999999999994	71.3	202.375
