concurrency	elapsed-w	errors-w	ops(total)-w	ops/sec(cum)-w	avg(ms)-w	p50(ms)-w	p95(ms)-w	p99(ms)-w	pMax(ms)-w	total-w	elapsed	errors	ops(total)	ops/sec(cum)	avg(ms)	p50(ms)	p95(ms)	p99(ms)	pMax(ms)
47	0.0	0.0	4987029.0	166231.1	1.9	1.725	3.45	5.387499999999999	198.17499999999998	0.0	0.0	0.0	4987029.0	166231.1	1.9	1.725	3.45	5.387499999999999	198.17499999999998
