concurrency	elapsed-w	errors-w	ops(total)-w	ops/sec(cum)-w	avg(ms)-w	p50(ms)-w	p95(ms)-w	p99(ms)-w	pMax(ms)-w	total-w	elapsed	errors	ops(total)	ops/sec(cum)	avg(ms)	p50(ms)	p95(ms)	p99(ms)	pMax(ms)
40	0.0	0.0	3844831.0	128158.6	2.2875	1.4749999999999999	6.874999999999999	9.275	61.1875	0.0	0.0	0.0	3844831.0	128158.6	2.2875	1.4749999999999999	6.874999999999999	9.275	61.1875
