concurrency	elapsed-w	errors-w	ops(total)-w	ops/sec(cum)-w	avg(ms)-w	p50(ms)-w	p95(ms)-w	p99(ms)-w	pMax(ms)-w	total-w	elapsed	errors	ops(total)	ops/sec(cum)	avg(ms)	p50(ms)	p95(ms)	p99(ms)	pMax(ms)
50	0.0	0.0	644619.0	21486.3	18.150000000000002	11.125000000000002	51.35	67.3625	210.7625	0.0	0.0	0.0	644619.0	21486.3	18.150000000000002	11.125000000000002	51.35	67.3625	210.7625
