concurrency	elapsed-w	errors-w	ops(total)-w	ops/sec(cum)-w	avg(ms)-w	p50(ms)-w	p95(ms)-w	p99(ms)-w	pMax(ms)-w	total-w	elapsed	errors	ops(total)	ops/sec(cum)	avg(ms)	p50(ms)	p95(ms)	p99(ms)	pMax(ms)
16	0.0	0.0	3541462.0	118047.50000000001	0.925	0.8750000000000001	1.325	2.4	25.037499999999998	0.0	0.0	0.0	3541462.0	118047.50000000001	0.925	0.8750000000000001	1.325	2.4	25.037499999999998
