concurrency	elapsed-r	errors-r	ops(total)-r	ops/sec(cum)-r	avg(ms)-r	p50(ms)-r	p95(ms)-r	p99(ms)-r	pMax(ms)-r	total-r	elapsed-w	errors-w	ops(total)-w	ops/sec(cum)-w	avg(ms)-w	p50(ms)-w	p95(ms)-w	p99(ms)-w	pMax(ms)-w	total-w	elapsed	errors	ops(total)	ops/sec(cum)	avg(ms)	p50(ms)	p95(ms)	p99(ms)	pMax(ms)
31	0.0	0.0	3065638.0	102185.80000000002	2.0749999999999997	1.9	3.7499999999999996	6.675000000000001	73.0	0.0	0.0	0.0	161467.0	5382.2	2.0749999999999997	1.9	3.7125	6.699999999999999	19.35	0.0	0.0	0.0	3227105.0	107568.00000000001	2.0749999999999997	1.9	3.7499999999999996	6.675000000000001	73.0
