concurrency	elapsed-r	errors-r	ops(total)-r	ops/sec(cum)-r	avg(ms)-r	p50(ms)-r	p95(ms)-r	p99(ms)-r	pMax(ms)-r	total-r	elapsed-w	errors-w	ops(total)-w	ops/sec(cum)-w	avg(ms)-w	p50(ms)-w	p95(ms)-w	p99(ms)-w	pMax(ms)-w	total-w	elapsed	errors	ops(total)	ops/sec(cum)	avg(ms)	p50(ms)	p95(ms)	p99(ms)	pMax(ms)
47	0.0	0.0	3180438.0	106011.4	3.05	2.7375	5.4625	14.487499999999999	56.099999999999994	0.0	0.0	0.0	167550.0	5584.999999999999	3.4625	3.1249999999999996	6.712499999999999	15.6875	52.6875	0.0	0.0	0.0	3347988.0	111595.99999999999	3.0625	2.75	5.5	14.487499999999999	56.099999999999994
