concurrency	elapsed-r	errors-r	ops(total)-r	ops/sec(cum)-r	avg(ms)-r	p50(ms)-r	p95(ms)-r	p99(ms)-r	pMax(ms)-r	total-r	elapsed-w	errors-w	ops(total)-w	ops/sec(cum)-w	avg(ms)-w	p50(ms)-w	p95(ms)-w	p99(ms)-w	pMax(ms)-w	total-w	elapsed	errors	ops(total)	ops/sec(cum)	avg(ms)	p50(ms)	p95(ms)	p99(ms)	pMax(ms)
23	0.0	0.0	1350609.0	45019.200000000004	3.4375	3.425	7.2625	8.9	61.325	0.0	0.0	0.0	71110.0	2370.2999999999997	8.625	5.4125	39.55	67.1	108.55	0.0	0.0	0.0	1421719.0	47389.49999999999	3.6875	3.4374999999999996	7.562499999999999	10.5	108.55
