concurrency	elapsed-r	errors-r	ops(total)-r	ops/sec(cum)-r	avg(ms)-r	p50(ms)-r	p95(ms)-r	p99(ms)-r	pMax(ms)-r	total-r	elapsed-w	errors-w	ops(total)-w	ops/sec(cum)-w	avg(ms)-w	p50(ms)-w	p95(ms)-w	p99(ms)-w	pMax(ms)-w	total-w	elapsed	errors	ops(total)	ops/sec(cum)	avg(ms)	p50(ms)	p95(ms)	p99(ms)	pMax(ms)
4	0.0	0.0	262292.0	8742.800000000001	3.075	2.05	8.2625	15.2875	235.9625	0.0	0.0	0.0	13872.0	462.49999999999994	6.300000000000001	3.675	14.950000000000001	27.675	235.925	0.0	0.0	0.0	276164.0	9205.3	3.275	2.175	8.8375	16.45	262.15000000000003
