concurrency	elapsed-r	errors-r	ops(total)-r	ops/sec(cum)-r	avg(ms)-r	p50(ms)-r	p95(ms)-r	p99(ms)-r	pMax(ms)-r	total-r	elapsed-w	errors-w	ops(total)-w	ops/sec(cum)-w	avg(ms)-w	p50(ms)-w	p95(ms)-w	p99(ms)-w	pMax(ms)-w	total-w	elapsed	errors	ops(total)	ops/sec(cum)	avg(ms)	p50(ms)	p95(ms)	p99(ms)	pMax(ms)
9	0.0	0.0	658906.0	21963.300000000003	2.6875	2.4375	5.025	7.475	33.575	0.0	0.0	0.0	34593.0	1153.1	6.987500000000001	6.587499999999999	11.825	15.525000000000002	30.5625	0.0	0.0	0.0	693499.0	23116.1	2.9375	2.45	6.2124999999999995	9.725	35.2875
