concurrency	elapsed-r	errors-r	ops(total)-r	ops/sec(cum)-r	avg(ms)-r	p50(ms)-r	p95(ms)-r	p99(ms)-r	pMax(ms)-r	total-r	elapsed-w	errors-w	ops(total)-w	ops/sec(cum)-w	avg(ms)-w	p50(ms)-w	p95(ms)-w	p99(ms)-w	pMax(ms)-w	total-w	elapsed	errors	ops(total)	ops/sec(cum)	avg(ms)	p50(ms)	p95(ms)	p99(ms)	pMax(ms)
55	0.0	0.0	2144553.0	71482.9	5.1875	4.325	11.799999999999999	19.0	52.925	0.0	0.0	0.0	112385.0	3746.1	7.2124999999999995	4.95	18.85	27.262500000000003	83.10000000000001	0.0	0.0	0.0	2256938.0	75229.0	5.2875000000000005	4.3375	12.45	19.95	83.36250000000001
