concurrency	elapsed-r	errors-r	ops(total)-r	ops/sec(cum)-r	avg(ms)-r	p50(ms)-r	p95(ms)-r	p99(ms)-r	pMax(ms)-r	total-r	elapsed-w	errors-w	ops(total)-w	ops/sec(cum)-w	avg(ms)-w	p50(ms)-w	p95(ms)-w	p99(ms)-w	pMax(ms)-w	total-w	elapsed	errors	ops(total)	ops/sec(cum)	avg(ms)	p50(ms)	p95(ms)	p99(ms)	pMax(ms)
43	0.0	0.0	2582874.0	86093.70000000001	3.3625	2.975	6.7749999999999995	11.362499999999999	42.1875	0.0	0.0	0.0	136132.0	4537.9	4.05	3.1625	10.475	15.899999999999999	37.72500000000001	0.0	0.0	0.0	2719006.0	90631.3	3.3749999999999996	2.975	7.0375	11.737499999999999	44.4
