concurrency	elapsed-r	errors-r	ops(total)-r	ops/sec(cum)-r	avg(ms)-r	p50(ms)-r	p95(ms)-r	p99(ms)-r	pMax(ms)-r	total-r	elapsed-w	errors-w	ops(total)-w	ops/sec(cum)-w	avg(ms)-w	p50(ms)-w	p95(ms)-w	p99(ms)-w	pMax(ms)-w	total-w	elapsed	errors	ops(total)	ops/sec(cum)	avg(ms)	p50(ms)	p95(ms)	p99(ms)	pMax(ms)
63	0.0	0.0	3185872.0	106192.20000000001	4.1625	3.925	7.4375	12.0125	34.974999999999994	0.0	0.0	0.0	167111.0	5570.099999999999	4.1625	3.9125	7.4375	12.075	25.449999999999996	0.0	0.0	0.0	3352983.0	111762.4	4.1625	3.925	7.4375	12.0125	34.974999999999994
