concurrency	elapsed-r	errors-r	ops(total)-r	ops/sec(cum)-r	avg(ms)-r	p50(ms)-r	p95(ms)-r	p99(ms)-r	pMax(ms)-r	total-r	elapsed-w	errors-w	ops(total)-w	ops/sec(cum)-w	avg(ms)-w	p50(ms)-w	p95(ms)-w	p99(ms)-w	pMax(ms)-w	total-w	elapsed	errors	ops(total)	ops/sec(cum)	avg(ms)	p50(ms)	p95(ms)	p99(ms)	pMax(ms)
35	0.0	0.0	376426.0	12546.900000000001	18.3875	5.612500000000001	77.6	130.0	855.6499999999999	0.0	0.0	0.0	19729.0	657.8000000000001	69.9625	74.975	147.85	262.1	943.7125	0.0	0.0	0.0	396155.0	13204.6	20.9625	5.9375	88.10000000000001	142.6	943.7125
