concurrency	elapsed-r	errors-r	ops(total)-r	ops/sec(cum)-r	avg(ms)-r	p50(ms)-r	p95(ms)-r	p99(ms)-r	pMax(ms)-r	total-r	elapsed-w	errors-w	ops(total)-w	ops/sec(cum)-w	avg(ms)-w	p50(ms)-w	p95(ms)-w	p99(ms)-w	pMax(ms)-w	total-w	elapsed	errors	ops(total)	ops/sec(cum)	avg(ms)	p50(ms)	p95(ms)	p99(ms)	pMax(ms)
54	0.0	0.0	3318766.0	110622.59999999999	3.3125000000000004	3.05	5.674999999999999	11.724999999999998	102.25000000000001	0.0	0.0	0.0	174476.0	5815.599999999999	3.4749999999999996	3.1374999999999997	6.3374999999999995	12.424999999999999	73.53750000000001	0.0	0.0	0.0	3493242.0	116438.20000000001	3.3125000000000004	3.05	5.7124999999999995	11.724999999999998	103.82500000000002
