concurrency	elapsed-r	errors-r	ops(total)-r	ops/sec(cum)-r	avg(ms)-r	p50(ms)-r	p95(ms)-r	p99(ms)-r	pMax(ms)-r	total-r	elapsed-w	errors-w	ops(total)-w	ops/sec(cum)-w	avg(ms)-w	p50(ms)-w	p95(ms)-w	p99(ms)-w	pMax(ms)-w	total-w	elapsed	errors	ops(total)	ops/sec(cum)	avg(ms)	p50(ms)	p95(ms)	p99(ms)	pMax(ms)
66	0.0	0.0	1948219.0	64937.7	6.7875000000000005	5.8999999999999995	16.3375	25.174999999999997	66.575	0.0	0.0	0.0	102842.0	3428.0	12.375	11.6	27.400000000000002	37.9625	86.77499999999999	0.0	0.0	0.0	2051061.0	68365.59999999999	7.0874999999999995	6.1	17.55	26.75	86.77499999999999
