concurrency	elapsed-r	errors-r	ops(total)-r	ops/sec(cum)-r	avg(ms)-r	p50(ms)-r	p95(ms)-r	p99(ms)-r	pMax(ms)-r	total-r	elapsed-w	errors-w	ops(total)-w	ops/sec(cum)-w	avg(ms)-w	p50(ms)-w	p95(ms)-w	p99(ms)-w	pMax(ms)-w	total-w	elapsed	errors	ops(total)	ops/sec(cum)	avg(ms)	p50(ms)	p95(ms)	p99(ms)	pMax(ms)
39	0.0	0.0	2579837.0	85992.20000000001	3.0374999999999996	2.7	6.25	10.35	32.9125	0.0	0.0	0.0	136182.0	4539.3	3.6875	2.9250000000000003	9.6875	14.425	29.900000000000002	0.0	0.0	0.0	2716019.0	90531.29999999999	3.0874999999999995	2.7	6.35	10.725	34.224999999999994
