concurrency	elapsed-r	errors-r	ops(total)-r	ops/sec(cum)-r	avg(ms)-r	p50(ms)-r	p95(ms)-r	p99(ms)-r	pMax(ms)-r	total-r	elapsed	errors	ops(total)	ops/sec(cum)	avg(ms)	p50(ms)	p95(ms)	p99(ms)	pMax(ms)
33	0.0	0.0	992936.0	33097.1	7.9375	7.25	16.400000000000002	22.949999999999996	62.89999999999999	0.0	0.0	0.0	992936.0	33097.1	7.9375	7.25	16.400000000000002	22.949999999999996	62.89999999999999
