concurrency	elapsed-r	errors-r	ops(total)-r	ops/sec(cum)-r	avg(ms)-r	p50(ms)-r	p95(ms)-r	p99(ms)-r	pMax(ms)-r	total-r	elapsed-w	errors-w	ops(total)-w	ops/sec(cum)-w	avg(ms)-w	p50(ms)-w	p95(ms)-w	p99(ms)-w	pMax(ms)-w	total-w	elapsed	errors	ops(total)	ops/sec(cum)	avg(ms)	p50(ms)	p95(ms)	p99(ms)	pMax(ms)
14	0.0	0.0	1417012.0	47233.3	2.0875	1.8625	4.1125	4.925	43.0625	0.0	0.0	0.0	74420.0	2480.7000000000003	2.0625	1.9000000000000001	3.8999999999999995	4.925	15.15	0.0	0.0	0.0	1491432.0	49713.90000000001	2.0875	1.8625	4.1000000000000005	4.925	43.0625
