concurrency	elapsed-r	errors-r	ops(total)-r	ops/sec(cum)-r	avg(ms)-r	p50(ms)-r	p95(ms)-r	p99(ms)-r	pMax(ms)-r	total-r	elapsed-w	errors-w	ops(total)-w	ops/sec(cum)-w	avg(ms)-w	p50(ms)-w	p95(ms)-w	p99(ms)-w	pMax(ms)-w	total-w	elapsed	errors	ops(total)	ops/sec(cum)	avg(ms)	p50(ms)	p95(ms)	p99(ms)	pMax(ms)
48	0.0	0.0	3092625.0	103084.6	3.2375000000000003	2.8	6.437500000000001	16.325	96.7125	0.0	0.0	0.0	162779.0	5425.799999999999	3.2125000000000004	2.7625	6.425	16.0625	46.775	0.0	0.0	0.0	3255404.0	108510.5	3.2375000000000003	2.8	6.437500000000001	16.325	97.7625
