concurrency	elapsed-r	errors-r	ops(total)-r	ops/sec(cum)-r	avg(ms)-r	p50(ms)-r	p95(ms)-r	p99(ms)-r	pMax(ms)-r	total-r	elapsed-w	errors-w	ops(total)-w	ops/sec(cum)-w	avg(ms)-w	p50(ms)-w	p95(ms)-w	p99(ms)-w	pMax(ms)-w	total-w	elapsed	errors	ops(total)	ops/sec(cum)	avg(ms)	p50(ms)	p95(ms)	p99(ms)	pMax(ms)
38	0.0	0.0	2238434.0	74612.6	3.45	2.975	7.449999999999999	12.45	35.2375	0.0	0.0	0.0	118011.0	3933.7000000000003	4.425	3.0875	12.1375	18.25	39.05	0.0	0.0	0.0	2356445.0	78546.3	3.4875000000000003	2.975	7.6875	12.95	40.349999999999994
