concurrency	elapsed-w	errors-w	ops(total)-w	ops/sec(cum)-w	avg(ms)-w	p50(ms)-w	p95(ms)-w	p99(ms)-w	pMax(ms)-w	total-w	elapsed	errors	ops(total)	ops/sec(cum)	avg(ms)	p50(ms)	p95(ms)	p99(ms)	pMax(ms)
58	0.0	0.0	4886291.0	162872.30000000002	2.3875	2.2125	4.6	7.949999999999999	185.5875	0.0	0.0	0.0	4886291.0	162872.30000000002	2.3875	2.2125	4.6	7.949999999999999	185.5875
