concurrency	elapsed-r	errors-r	ops(total)-r	ops/sec(cum)-r	avg(ms)-r	p50(ms)-r	p95(ms)-r	p99(ms)-r	pMax(ms)-r	total-r	elapsed-w	errors-w	ops(total)-w	ops/sec(cum)-w	avg(ms)-w	p50(ms)-w	p95(ms)-w	p99(ms)-w	pMax(ms)-w	total-w	elapsed	errors	ops(total)	ops/sec(cum)	avg(ms)	p50(ms)	p95(ms)	p99(ms)	pMax(ms)
48	0.0	0.0	1129161.0	37637.7	1.5	1.0	3.9	6.0	18.166666666666668	0.0	0.0	0.0	59179.0	1972.6	40.53333333333333	1.7	218.1	226.5	243.30000000000004	0.0	0.0	0.0	1188340.0	39610.399999999994	3.4	1.0	4.1	11.700000000000001	243.30000000000004
