concurrency	elapsed-r	errors-r	ops(total)-r	ops/sec(cum)-r	avg(ms)-r	p50(ms)-r	p95(ms)-r	p99(ms)-r	pMax(ms)-r	total-r	elapsed-w	errors-w	ops(total)-w	ops/sec(cum)-w	avg(ms)-w	p50(ms)-w	p95(ms)-w	p99(ms)-w	pMax(ms)-w	total-w	elapsed	errors	ops(total)	ops/sec(cum)	avg(ms)	p50(ms)	p95(ms)	p99(ms)	pMax(ms)
72	0.0	0.0	345313.0	11509.900000000001	4.0	2.7999999999999994	12.433333333333332	19.9	176.19999999999996	0.0	0.0	0.0	18115.0	603.9000000000001	242.0	5.5	1409.3	1476.4000000000003	1610.5999999999997	0.0	0.0	0.0	363428.0	12113.8	15.866666666666667	2.8333333333333335	13.1	52.4	1610.5999999999997
