concurrency	elapsed-r	errors-r	ops(total)-r	ops/sec(cum)-r	avg(ms)-r	p50(ms)-r	p95(ms)-r	p99(ms)-r	pMax(ms)-r	total-r	elapsed-w	errors-w	ops(total)-w	ops/sec(cum)-w	avg(ms)-w	p50(ms)-w	p95(ms)-w	p99(ms)-w	pMax(ms)-w	total-w	elapsed	errors	ops(total)	ops/sec(cum)	avg(ms)	p50(ms)	p95(ms)	p99(ms)	pMax(ms)
24	0.0	0.0	1081241.0	36040.8	4.862499999999999	4.775	8.525	10.0	20.7125	0.0	0.0	0.0	57024.0	1900.8	4.95	4.9125000000000005	8.8375	10.3125	17.775	0.0	0.0	0.0	1138265.0	37941.50000000001	4.862499999999999	4.775	8.525	10.0625	21.2375
