concurrency	elapsed-r	errors-r	ops(total)-r	ops/sec(cum)-r	avg(ms)-r	p50(ms)-r	p95(ms)-r	p99(ms)-r	pMax(ms)-r	total-r	elapsed-w	errors-w	ops(total)-w	ops/sec(cum)-w	avg(ms)-w	p50(ms)-w	p95(ms)-w	p99(ms)-w	pMax(ms)-w	total-w	elapsed	errors	ops(total)	ops/sec(cum)	avg(ms)	p50(ms)	p95(ms)	p99(ms)	pMax(ms)
63	0.0	0.0	1802985.0	60096.899999999994	7.1000000000000005	5.7749999999999995	17.85	27.525000000000006	152.03750000000002	0.0	0.0	0.0	95002.0	3166.5000000000005	12.5875	10.0375	34.25	49.25	96.47500000000001	0.0	0.0	0.0	1897987.0	63263.6	7.375	5.8374999999999995	19.125	29.9	152.03750000000002
