concurrency	elapsed-r	errors-r	ops(total)-r	ops/sec(cum)-r	avg(ms)-r	p50(ms)-r	p95(ms)-r	p99(ms)-r	pMax(ms)-r	total-r	elapsed-w	errors-w	ops(total)-w	ops/sec(cum)-w	avg(ms)-w	p50(ms)-w	p95(ms)-w	p99(ms)-w	pMax(ms)-w	total-w	elapsed	errors	ops(total)	ops/sec(cum)	avg(ms)	p50(ms)	p95(ms)	p99(ms)	pMax(ms)
41	0.0	0.0	1811712.0	60388.5	4.574999999999999	3.8499999999999996	10.85	17.025	46.3625	0.0	0.0	0.0	95122.0	3170.7	7.5874999999999995	6.2625	19.1375	27.15	53.975	0.0	0.0	0.0	1906834.0	63559.09999999999	4.7250000000000005	3.925	11.5625	18.625	53.975
