concurrency	elapsed-r	errors-r	ops(total)-r	ops/sec(cum)-r	avg(ms)-r	p50(ms)-r	p95(ms)-r	p99(ms)-r	pMax(ms)-r	total-r	elapsed-w	errors-w	ops(total)-w	ops/sec(cum)-w	avg(ms)-w	p50(ms)-w	p95(ms)-w	p99(ms)-w	pMax(ms)-w	total-w	elapsed	errors	ops(total)	ops/sec(cum)	avg(ms)	p50(ms)	p95(ms)	p99(ms)	pMax(ms)
143	0.0	0.0	2783046.0	92759.00000000001	7.12	5.4799999999999995	18.979999999999997	31.439999999999998	469.73999999999995	0.0	0.0	0.0	146892.0	4895.9	28.660000000000004	27.220000000000006	56.220000000000006	72.58	379.14	0.0	0.0	0.0	2929938.0	97654.79999999999	8.18	5.74	25.18	45.3	469.73999999999995
