concurrency	elapsed-r	errors-r	ops(total)-r	ops/sec(cum)-r	avg(ms)-r	p50(ms)-r	p95(ms)-r	p99(ms)-r	pMax(ms)-r	total-r	elapsed-w	errors-w	ops(total)-w	ops/sec(cum)-w	avg(ms)-w	p50(ms)-w	p95(ms)-w	p99(ms)-w	pMax(ms)-w	total-w	elapsed	errors	ops(total)	ops/sec(cum)	avg(ms)	p50(ms)	p95(ms)	p99(ms)	pMax(ms)
21	0.0	0.0	94073.0	3135.8	40.1375	3.7624999999999997	222.29999999999998	568.3125	1811.9125000000001	0.0	0.0	0.0	5051.0	168.3	245.8375	109.05	918.575	1736.4125000000001	3573.5375000000004	0.0	0.0	0.0	99124.0	3304.1000000000004	50.675000000000004	3.9375	284.15	708.8125000000001	3573.5375000000004
