concurrency	elapsed-r	errors-r	ops(total)-r	ops/sec(cum)-r	avg(ms)-r	p50(ms)-r	p95(ms)-r	p99(ms)-r	pMax(ms)-r	total-r	elapsed	errors	ops(total)	ops/sec(cum)	avg(ms)	p50(ms)	p95(ms)	p99(ms)	pMax(ms)
39	0.0	0.0	1550051.0	51667.299999999996	5.6000000000000005	5.15	11.95	17.3	113.47500000000001	0.0	0.0	0.0	1550051.0	51667.299999999996	5.6000000000000005	5.15	11.95	17.3	113.47500000000001
