concurrency	elapsed-r	errors-r	ops(total)-r	ops/sec(cum)-r	avg(ms)-r	p50(ms)-r	p95(ms)-r	p99(ms)-r	pMax(ms)-r	total-r	elapsed-w	errors-w	ops(total)-w	ops/sec(cum)-w	avg(ms)-w	p50(ms)-w	p95(ms)-w	p99(ms)-w	pMax(ms)-w	total-w	elapsed	errors	ops(total)	ops/sec(cum)	avg(ms)	p50(ms)	p95(ms)	p99(ms)	pMax(ms)
68	0.0	0.0	506981.0	16898.7	3.2	2.1	10.1	19.5	167.8	0.0	0.0	0.0	26363.0	878.7	287.58	3.8199999999999994	1610.6	2738.08	5315.0199999999995	0.0	0.0	0.0	533344.0	17777.5	17.279999999999998	2.16	11.1	44.019999999999996	5315.0199999999995
