concurrency	elapsed-r	errors-r	ops(total)-r	ops/sec(cum)-r	avg(ms)-r	p50(ms)-r	p95(ms)-r	p99(ms)-r	pMax(ms)-r	total-r	elapsed	errors	ops(total)	ops/sec(cum)	avg(ms)	p50(ms)	p95(ms)	p99(ms)	pMax(ms)
21	0.0	0.0	1171929.0	39063.5	4.125000000000001	3.8625	7.925	11.224999999999998	28.712500000000002	0.0	0.0	0.0	1171929.0	39063.5	4.125000000000001	3.8625	7.925	11.224999999999998	28.712500000000002
