concurrency	elapsed-r	errors-r	ops(total)-r	ops/sec(cum)-r	avg(ms)-r	p50(ms)-r	p95(ms)-r	p99(ms)-r	pMax(ms)-r	total-r	elapsed-w	errors-w	ops(total)-w	ops/sec(cum)-w	avg(ms)-w	p50(ms)-w	p95(ms)-w	p99(ms)-w	pMax(ms)-w	total-w	elapsed	errors	ops(total)	ops/sec(cum)	avg(ms)	p50(ms)	p95(ms)	p99(ms)	pMax(ms)
155	0.0	0.0	4544551.0	151468.3	5.26	4.24	13.88	22.240000000000002	183.5	0.0	0.0	0.0	239329.0	7976.700000000001	13.26	11.799999999999999	28.919999999999998	39.31999999999999	159.8	0.0	0.0	0.0	4783880.0	159444.9	5.700000000000001	4.3999999999999995	15.86	25.139999999999997	190.21999999999997
