concurrency	elapsed-w	errors-w	ops(total)-w	ops/sec(cum)-w	avg(ms)-w	p50(ms)-w	p95(ms)-w	p99(ms)-w	pMax(ms)-w	total-w	elapsed	errors	ops(total)	ops/sec(cum)	avg(ms)	p50(ms)	p95(ms)	p99(ms)	pMax(ms)
31	0.0	0.0	3453975.0	115130.8	1.975	1.9125	4.525	5.949999999999999	20.587500000000002	0.0	0.0	0.0	3453975.0	115130.8	1.975	1.9125	4.525	5.949999999999999	20.587500000000002
