concurrency	elapsed-r	errors-r	ops(total)-r	ops/sec(cum)-r	avg(ms)-r	p50(ms)-r	p95(ms)-r	p99(ms)-r	pMax(ms)-r	total-r	elapsed	errors	ops(total)	ops/sec(cum)	avg(ms)	p50(ms)	p95(ms)	p99(ms)	pMax(ms)
16	0.0	0.0	1402842.0	46760.59999999999	2.55	2.4499999999999997	4.4875	7.1375	18.875	0.0	0.0	0.0	1402842.0	46760.59999999999	2.55	2.4499999999999997	4.4875	7.1375	18.875
