concurrency	elapsed-r	errors-r	ops(total)-r	ops/sec(cum)-r	avg(ms)-r	p50(ms)-r	p95(ms)-r	p99(ms)-r	pMax(ms)-r	total-r	elapsed-w	errors-w	ops(total)-w	ops/sec(cum)-w	avg(ms)-w	p50(ms)-w	p95(ms)-w	p99(ms)-w	pMax(ms)-w	total-w	elapsed	errors	ops(total)	ops/sec(cum)	avg(ms)	p50(ms)	p95(ms)	p99(ms)	pMax(ms)
51	0.0	0.0	3363225.0	112104.8	3.0625	2.7625	5.2749999999999995	11.95	166.2	0.0	0.0	0.0	177120.0	5903.799999999999	3.3749999999999996	3.0999999999999996	5.9125	12.875	146.0125	0.0	0.0	0.0	3540345.0	118008.6	3.0999999999999996	2.7875	5.2875	11.95	187.175
