concurrency	elapsed-r	errors-r	ops(total)-r	ops/sec(cum)-r	avg(ms)-r	p50(ms)-r	p95(ms)-r	p99(ms)-r	pMax(ms)-r	total-r	elapsed-w	errors-w	ops(total)-w	ops/sec(cum)-w	avg(ms)-w	p50(ms)-w	p95(ms)-w	p99(ms)-w	pMax(ms)-w	total-w	elapsed	errors	ops(total)	ops/sec(cum)	avg(ms)	p50(ms)	p95(ms)	p99(ms)	pMax(ms)
160	0.0	0.0	4388735.0	146281.0	4.34	3.38	12.26	21.300000000000004	121.22	0.0	0.0	0.0	230453.0	7681.300000000001	45.459999999999994	7.279999999999999	24.240000000000002	1425.1399999999999	1750.92	0.0	0.0	0.0	4619188.0	153962.19999999998	6.4	3.38	13.419999999999998	22.580000000000002	1751.14
