concurrency	elapsed-r	errors-r	ops(total)-r	ops/sec(cum)-r	avg(ms)-r	p50(ms)-r	p95(ms)-r	p99(ms)-r	pMax(ms)-r	total-r	elapsed-w	errors-w	ops(total)-w	ops/sec(cum)-w	avg(ms)-w	p50(ms)-w	p95(ms)-w	p99(ms)-w	pMax(ms)-w	total-w	elapsed	errors	ops(total)	ops/sec(cum)	avg(ms)	p50(ms)	p95(ms)	p99(ms)	pMax(ms)
112	0.0	0.0	4611568.0	153709.7	3.4200000000000004	2.88	7.3	15.539999999999997	122.06000000000002	0.0	0.0	0.0	242844.0	8094.3	8.88	8.079999999999998	18.18	25.04	104.02000000000001	0.0	0.0	0.0	4854412.0	161803.99999999997	3.66	2.9400000000000004	9.879999999999999	16.88	122.47999999999999
