ops/sec(cum)	p50(ms)	p99(ms)	read_tp	read_p50	read_p99	write_tp	write_p50	write_p99
292163.5833333334	0.2771666666666667	2.086666666666667	277577.98333333334	0.2753333333333333	2.086666666666667	14584.6	0.27899999999999997	2.1216666666666666
