concurrency	elapsed-w	errors-w	ops(total)-w	ops/sec(cum)-w	avg(ms)-w	p50(ms)-w	p95(ms)-w	p99(ms)-w	pMax(ms)-w	total-w	elapsed	errors	ops(total)	ops/sec(cum)	avg(ms)	p50(ms)	p95(ms)	p99(ms)	pMax(ms)
55	0.0	0.0	3557822.0	118590.7	3.4375000000000004	3.2125	6.674999999999999	10.2875	30.425	0.0	0.0	0.0	3557822.0	118590.7	3.4375000000000004	3.2125	6.674999999999999	10.2875	30.425
