concurrency	elapsed-r	errors-r	ops(total)-r	ops/sec(cum)-r	avg(ms)-r	p50(ms)-r	p95(ms)-r	p99(ms)-r	pMax(ms)-r	total-r	elapsed-w	errors-w	ops(total)-w	ops/sec(cum)-w	avg(ms)-w	p50(ms)-w	p95(ms)-w	p99(ms)-w	pMax(ms)-w	total-w	elapsed	errors	ops(total)	ops/sec(cum)	avg(ms)	p50(ms)	p95(ms)	p99(ms)	pMax(ms)
32	0.0	0.0	1905240.0	63506.5	3.3125	2.9124999999999996	7.7125	12.849999999999998	170.95000000000002	0.0	0.0	0.0	100528.0	3350.7999999999997	6.25	5.7749999999999995	13.762499999999998	19.6625	51.1	0.0	0.0	0.0	2005768.0	66857.3	3.4749999999999996	2.9625	8.2875	13.424999999999997	170.95000000000002
