concurrency	elapsed-r	errors-r	ops(total)-r	ops/sec(cum)-r	avg(ms)-r	p50(ms)-r	p95(ms)-r	p99(ms)-r	pMax(ms)-r	total-r	elapsed-w	errors-w	ops(total)-w	ops/sec(cum)-w	avg(ms)-w	p50(ms)-w	p95(ms)-w	p99(ms)-w	pMax(ms)-w	total-w	elapsed	errors	ops(total)	ops/sec(cum)	avg(ms)	p50(ms)	p95(ms)	p99(ms)	pMax(ms)
1	0.0	0.0	84897.0	2829.9	2.3875	2.1875	4.4625	5.725	10.225	0.0	0.0	0.0	4486.0	149.60000000000002	3.7125000000000004	3.4374999999999996	6.35	8.1	10.575	0.0	0.0	0.0	89383.0	2979.3	2.4125	2.1875	4.574999999999999	5.9375	11.075000000000001
