concurrency	elapsed-w	errors-w	ops(total)-w	ops/sec(cum)-w	avg(ms)-w	p50(ms)-w	p95(ms)-w	p99(ms)-w	pMax(ms)-w	total-w	elapsed	errors	ops(total)	ops/sec(cum)	avg(ms)	p50(ms)	p95(ms)	p99(ms)	pMax(ms)
27	0.0	0.0	3612524.0	120415.59999999999	1.6249999999999998	1.45	3.8749999999999996	5.075	29.8875	0.0	0.0	0.0	3612524.0	120415.59999999999	1.6249999999999998	1.45	3.8749999999999996	5.075	29.8875
