concurrency	elapsed-r	errors-r	ops(total)-r	ops/sec(cum)-r	avg(ms)-r	p50(ms)-r	p95(ms)-r	p99(ms)-r	pMax(ms)-r	total-r	elapsed-w	errors-w	ops(total)-w	ops/sec(cum)-w	avg(ms)-w	p50(ms)-w	p95(ms)-w	p99(ms)-w	pMax(ms)-w	total-w	elapsed	errors	ops(total)	ops/sec(cum)	avg(ms)	p50(ms)	p95(ms)	p99(ms)	pMax(ms)
15	0.0	0.0	2851128.0	95036.09999999999	1.0	0.925	1.7500000000000002	2.95	20.125	0.0	0.0	0.0	150426.0	5014.3	1.2875	1.0375	3.3	4.775	13.787499999999998	0.0	0.0	0.0	3001554.0	100050.29999999999	1.025	0.925	1.825	3.3874999999999997	20.125
