concurrency	elapsed-w	errors-w	ops(total)-w	ops/sec(cum)-w	avg(ms)-w	p50(ms)-w	p95(ms)-w	p99(ms)-w	pMax(ms)-w	total-w	elapsed	errors	ops(total)	ops/sec(cum)	avg(ms)	p50(ms)	p95(ms)	p99(ms)	pMax(ms)
5	0.0	0.0	461537.0	15384.300000000001	2.3625000000000003	2.0749999999999997	4.5874999999999995	12.524999999999999	34.5	0.0	0.0	0.0	461537.0	15384.300000000001	2.3625000000000003	2.0749999999999997	4.5874999999999995	12.524999999999999	34.5
