concurrency	elapsed-r	errors-r	ops(total)-r	ops/sec(cum)-r	avg(ms)-r	p50(ms)-r	p95(ms)-r	p99(ms)-r	pMax(ms)-r	total-r	elapsed	errors	ops(total)	ops/sec(cum)	avg(ms)	p50(ms)	p95(ms)	p99(ms)	pMax(ms)
31	0.0	0.0	1375927.0	45863.19999999999	5.025	4.5	10.725000000000001	15.262500000000001	97.5125	0.0	0.0	0.0	1375927.0	45863.19999999999	5.025	4.5	10.725000000000001	15.262500000000001	97.5125
