concurrency	elapsed-r	errors-r	ops(total)-r	ops/sec(cum)-r	avg(ms)-r	p50(ms)-r	p95(ms)-r	p99(ms)-r	pMax(ms)-r	total-r	elapsed-w	errors-w	ops(total)-w	ops/sec(cum)-w	avg(ms)-w	p50(ms)-w	p95(ms)-w	p99(ms)-w	pMax(ms)-w	total-w	elapsed	errors	ops(total)	ops/sec(cum)	avg(ms)	p50(ms)	p95(ms)	p99(ms)	pMax(ms)
35	0.0	0.0	1930450.0	64346.7	3.6875	3.0374999999999996	8.325	13.375	34.087500000000006	0.0	0.0	0.0	101035.0	3367.9	5.275	3.4749999999999996	14.3625	21.35	40.0625	0.0	0.0	0.0	2031485.0	67714.49999999999	3.7375	3.0625	8.75	14.175	40.0625
