concurrency	elapsed-r	errors-r	ops(total)-r	ops/sec(cum)-r	avg(ms)-r	p50(ms)-r	p95(ms)-r	p99(ms)-r	pMax(ms)-r	total-r	elapsed	errors	ops(total)	ops/sec(cum)	avg(ms)	p50(ms)	p95(ms)	p99(ms)	pMax(ms)
136	0.0	0.0	1834213.0	61136.09999999999	16.55	14.0875	39.824999999999996	57.3875	133.14999999999998	0.0	0.0	0.0	1834213.0	61136.09999999999	16.55	14.0875	39.824999999999996	57.3875	133.14999999999998
