concurrency	elapsed-r	errors-r	ops(total)-r	ops/sec(cum)-r	avg(ms)-r	p50(ms)-r	p95(ms)-r	p99(ms)-r	pMax(ms)-r	total-r	elapsed-w	errors-w	ops(total)-w	ops/sec(cum)-w	avg(ms)-w	p50(ms)-w	p95(ms)-w	p99(ms)-w	pMax(ms)-w	total-w	elapsed	errors	ops(total)	ops/sec(cum)	avg(ms)	p50(ms)	p95(ms)	p99(ms)	pMax(ms)
47	0.0	0.0	1097127.0	36569.8	2.6333333333333333	2.033333333333333	6.3	16.8	181.73333333333335	0.0	0.0	0.0	57484.0	1916.1000000000001	1.2	0.9	2.4	6.466666666666666	45.4	0.0	0.0	0.0	1154611.0	38485.9	2.6	1.9666666666666668	5.8	16.8	181.73333333333335
