concurrency	elapsed-r	errors-r	ops(total)-r	ops/sec(cum)-r	avg(ms)-r	p50(ms)-r	p95(ms)-r	p99(ms)-r	pMax(ms)-r	total-r	elapsed-w	errors-w	ops(total)-w	ops/sec(cum)-w	avg(ms)-w	p50(ms)-w	p95(ms)-w	p99(ms)-w	pMax(ms)-w	total-w	elapsed	errors	ops(total)	ops/sec(cum)	avg(ms)	p50(ms)	p95(ms)	p99(ms)	pMax(ms)
17	0.0	0.0	891225.0	29706.9	1.7249999999999999	1.2999999999999998	4.225	5.825	109.575	0.0	0.0	0.0	46831.0	1561.1	7.1499999999999995	2.4	31.475	44.525	66.05	0.0	0.0	0.0	938056.0	31267.9	2.025	1.2999999999999998	4.45	12.450000000000001	112.19999999999999
