concurrency	elapsed-r	errors-r	ops(total)-r	ops/sec(cum)-r	avg(ms)-r	p50(ms)-r	p95(ms)-r	p99(ms)-r	pMax(ms)-r	total-r	elapsed-w	errors-w	ops(total)-w	ops/sec(cum)-w	avg(ms)-w	p50(ms)-w	p95(ms)-w	p99(ms)-w	pMax(ms)-w	total-w	elapsed	errors	ops(total)	ops/sec(cum)	avg(ms)	p50(ms)	p95(ms)	p99(ms)	pMax(ms)
59	0.0	0.0	2833439.0	94445.3	2.98	2.4799999999999995	5.859999999999999	15.84	143.68	0.0	0.0	0.0	149102.0	4969.900000000001	7.92	7.140000000000001	17.32	23.919999999999998	66.9	0.0	0.0	0.0	2982541.0	99415.2	3.22	2.56	8.3	16.56	148.7
