concurrency	elapsed-w	errors-w	ops(total)-w	ops/sec(cum)-w	avg(ms)-w	p50(ms)-w	p95(ms)-w	p99(ms)-w	pMax(ms)-w	total-w	elapsed	errors	ops(total)	ops/sec(cum)	avg(ms)	p50(ms)	p95(ms)	p99(ms)	pMax(ms)
55	0.0	0.0	4889702.0	162986.1	2.3	2.0250000000000004	4.575	7.4125000000000005	203.93749999999997	0.0	0.0	0.0	4889702.0	162986.1	2.3	2.0250000000000004	4.575	7.4125000000000005	203.93749999999997
