concurrency	elapsed-r	errors-r	ops(total)-r	ops/sec(cum)-r	avg(ms)-r	p50(ms)-r	p95(ms)-r	p99(ms)-r	pMax(ms)-r	total-r	elapsed-w	errors-w	ops(total)-w	ops/sec(cum)-w	avg(ms)-w	p50(ms)-w	p95(ms)-w	p99(ms)-w	pMax(ms)-w	total-w	elapsed	errors	ops(total)	ops/sec(cum)	avg(ms)	p50(ms)	p95(ms)	p99(ms)	pMax(ms)
62	0.0	0.0	4078104.0	135932.4	3.1499999999999995	2.225	8.575	13.9875	219.14999999999998	0.0	0.0	0.0	213825.0	7127.200000000001	3.2125	2.225	8.7375	14.2375	110.0875	0.0	0.0	0.0	4291929.0	143059.6	3.1499999999999995	2.225	8.575	14.05	219.14999999999998
