concurrency	elapsed-r	errors-r	ops(total)-r	ops/sec(cum)-r	avg(ms)-r	p50(ms)-r	p95(ms)-r	p99(ms)-r	pMax(ms)-r	total-r	elapsed-w	errors-w	ops(total)-w	ops/sec(cum)-w	avg(ms)-w	p50(ms)-w	p95(ms)-w	p99(ms)-w	pMax(ms)-w	total-w	elapsed	errors	ops(total)	ops/sec(cum)	avg(ms)	p50(ms)	p95(ms)	p99(ms)	pMax(ms)
156	0.0	0.0	4719604.0	157311.30000000002	4.6	3.78	11.499999999999998	19.52	255.0	0.0	0.0	0.0	248864.0	8294.900000000001	13.579999999999998	12.44	28.4	36.5	244.12000000000003	0.0	0.0	0.0	4968468.0	165606.3	5.0600000000000005	3.9199999999999995	14.5	23.08	260.04
