concurrency	elapsed-r	errors-r	ops(total)-r	ops/sec(cum)-r	avg(ms)-r	p50(ms)-r	p95(ms)-r	p99(ms)-r	pMax(ms)-r	total-r	elapsed-w	errors-w	ops(total)-w	ops/sec(cum)-w	avg(ms)-w	p50(ms)-w	p95(ms)-w	p99(ms)-w	pMax(ms)-w	total-w	elapsed	errors	ops(total)	ops/sec(cum)	avg(ms)	p50(ms)	p95(ms)	p99(ms)	pMax(ms)
38	0.0	0.0	1932758.0	64423.700000000004	3.8875	3.375	9.025	14.174999999999999	130.5625	0.0	0.0	0.0	102007.0	3400.2999999999993	7.3375	6.8625	16.0	22.6875	52.1375	0.0	0.0	0.0	2034765.0	67823.8	4.05	3.525	9.850000000000001	15.200000000000001	130.5625
