concurrency	elapsed-r	errors-r	ops(total)-r	ops/sec(cum)-r	avg(ms)-r	p50(ms)-r	p95(ms)-r	p99(ms)-r	pMax(ms)-r	total-r	elapsed-w	errors-w	ops(total)-w	ops/sec(cum)-w	avg(ms)-w	p50(ms)-w	p95(ms)-w	p99(ms)-w	pMax(ms)-w	total-w	elapsed	errors	ops(total)	ops/sec(cum)	avg(ms)	p50(ms)	p95(ms)	p99(ms)	pMax(ms)
27	0.0	0.0	3295741.0	109855.99999999999	1.6500000000000001	1.4749999999999999	2.775	5.6625	141.1625	0.0	0.0	0.0	173419.0	5780.599999999999	1.6500000000000001	1.4625	2.7125	5.6875	40.3125	0.0	0.0	0.0	3469160.0	115636.7	1.6500000000000001	1.4749999999999999	2.775	5.6625	141.1625
