concurrency	elapsed-r	errors-r	ops(total)-r	ops/sec(cum)-r	avg(ms)-r	p50(ms)-r	p95(ms)-r	p99(ms)-r	pMax(ms)-r	total-r	elapsed	errors	ops(total)	ops/sec(cum)	avg(ms)	p50(ms)	p95(ms)	p99(ms)	pMax(ms)
56	0.0	0.0	1463264.0	48773.7	8.625	7.675	19.275000000000002	28.325000000000003	155.7	0.0	0.0	0.0	1463264.0	48773.7	8.625	7.675	19.275000000000002	28.325000000000003	155.7
