concurrency	elapsed-r	errors-r	ops(total)-r	ops/sec(cum)-r	avg(ms)-r	p50(ms)-r	p95(ms)-r	p99(ms)-r	pMax(ms)-r	total-r	elapsed-w	errors-w	ops(total)-w	ops/sec(cum)-w	avg(ms)-w	p50(ms)-w	p95(ms)-w	p99(ms)-w	pMax(ms)-w	total-w	elapsed	errors	ops(total)	ops/sec(cum)	avg(ms)	p50(ms)	p95(ms)	p99(ms)	pMax(ms)
54	0.0	0.0	1028635.0	34286.399999999994	3.5	2.7999999999999994	8.9	23.100000000000005	173.4	0.0	0.0	0.0	53925.0	1797.4	8.366666666666667	6.599999999999999	24.833333333333332	46.800000000000004	121.63333333333333	0.0	0.0	0.0	1082560.0	36083.899999999994	3.7000000000000006	2.7999999999999994	10.166666666666666	25.2	184.5666666666667
