concurrency	elapsed-r	errors-r	ops(total)-r	ops/sec(cum)-r	avg(ms)-r	p50(ms)-r	p95(ms)-r	p99(ms)-r	pMax(ms)-r	total-r	elapsed-w	errors-w	ops(total)-w	ops/sec(cum)-w	avg(ms)-w	p50(ms)-w	p95(ms)-w	p99(ms)-w	pMax(ms)-w	total-w	elapsed	errors	ops(total)	ops/sec(cum)	avg(ms)	p50(ms)	p95(ms)	p99(ms)	pMax(ms)
30	0.0	0.0	1043782.0	34791.9	6.3375	6.2875	11.7	16.25	52.400000000000006	0.0	0.0	0.0	54784.0	1826.2	7.124999999999999	6.637499999999999	12.95	19.1375	138.9375	0.0	0.0	0.0	1098566.0	36618.1	6.387499999999999	6.362500000000001	11.825	16.5125	138.9375
