concurrency	elapsed-r	errors-r	ops(total)-r	ops/sec(cum)-r	avg(ms)-r	p50(ms)-r	p95(ms)-r	p99(ms)-r	pMax(ms)-r	total-r	elapsed-w	errors-w	ops(total)-w	ops/sec(cum)-w	avg(ms)-w	p50(ms)-w	p95(ms)-w	p99(ms)-w	pMax(ms)-w	total-w	elapsed	errors	ops(total)	ops/sec(cum)	avg(ms)	p50(ms)	p95(ms)	p99(ms)	pMax(ms)
104	0.0	0.0	4570366.0	152336.4	3.1199999999999997	2.62	6.380000000000001	14.62	103.8	0.0	0.0	0.0	240606.0	8019.6	8.32	7.540000000000001	16.939999999999998	23.88	90.8	0.0	0.0	0.0	4810972.0	160356.1	3.3599999999999994	2.68	8.9	15.780000000000001	103.8
