concurrency	elapsed-r	errors-r	ops(total)-r	ops/sec(cum)-r	avg(ms)-r	p50(ms)-r	p95(ms)-r	p99(ms)-r	pMax(ms)-r	total-r	elapsed	errors	ops(total)	ops/sec(cum)	avg(ms)	p50(ms)	p95(ms)	p99(ms)	pMax(ms)
51	0.0	0.0	1230181.0	41004.799999999996	10.0625	8.9875	22.025	33.24999999999999	82.85	0.0	0.0	0.0	1230181.0	41004.799999999996	10.0625	8.9875	22.025	33.24999999999999	82.85
