ops/sec(cum)	p50(ms)	p99(ms)	read_tp	read_p50	read_p99	write_tp	write_p50	write_p99
118700.3	1.0592857142857142	5.049714285714286	113206.58333333333	1.0807142857142857	5.049714285714286	5492.716666666667	1.0378571428571428	4.66
