concurrency	elapsed-r	errors-r	ops(total)-r	ops/sec(cum)-r	avg(ms)-r	p50(ms)-r	p95(ms)-r	p99(ms)-r	pMax(ms)-r	total-r	elapsed	errors	ops(total)	ops/sec(cum)	avg(ms)	p50(ms)	p95(ms)	p99(ms)	pMax(ms)
23	0.0	0.0	1394244.0	46473.899999999994	3.8125	3.4749999999999996	7.237500000000001	10.962499999999999	29.4875	0.0	0.0	0.0	1394244.0	46473.899999999994	3.8125	3.4749999999999996	7.237500000000001	10.962499999999999	29.4875
