concurrency	elapsed-r	errors-r	ops(total)-r	ops/sec(cum)-r	avg(ms)-r	p50(ms)-r	p95(ms)-r	p99(ms)-r	pMax(ms)-r	total-r	elapsed-w	errors-w	ops(total)-w	ops/sec(cum)-w	avg(ms)-w	p50(ms)-w	p95(ms)-w	p99(ms)-w	pMax(ms)-w	total-w	elapsed	errors	ops(total)	ops/sec(cum)	avg(ms)	p50(ms)	p95(ms)	p99(ms)	pMax(ms)
40	0.0	0.0	3086333.0	102875.7	2.5625	2.4000000000000004	4.3625	8.15	32.9	0.0	0.0	0.0	162625.0	5420.899999999999	2.825	2.525	6.2749999999999995	9.725	23.5875	0.0	0.0	0.0	3248958.0	108296.50000000001	2.575	2.4000000000000004	4.5375	8.25	33.025
