concurrency	elapsed-r	errors-r	ops(total)-r	ops/sec(cum)-r	avg(ms)-r	p50(ms)-r	p95(ms)-r	p99(ms)-r	pMax(ms)-r	total-r	elapsed-w	errors-w	ops(total)-w	ops/sec(cum)-w	avg(ms)-w	p50(ms)-w	p95(ms)-w	p99(ms)-w	pMax(ms)-w	total-w	elapsed	errors	ops(total)	ops/sec(cum)	avg(ms)	p50(ms)	p95(ms)	p99(ms)	pMax(ms)
63	0.0	0.0	3043257.0	101437.70000000001	4.2875000000000005	3.6125	9.2375	18.8	176.1625	0.0	0.0	0.0	160311.0	5343.400000000001	4.2625	3.5875	9.0875	18.7375	164.48749999999998	0.0	0.0	0.0	3203568.0	106781.19999999998	4.2875000000000005	3.6125	9.2375	18.6625	186.65
