concurrency	elapsed-r	errors-r	ops(total)-r	ops/sec(cum)-r	avg(ms)-r	p50(ms)-r	p95(ms)-r	p99(ms)-r	pMax(ms)-r	total-r	elapsed-w	errors-w	ops(total)-w	ops/sec(cum)-w	avg(ms)-w	p50(ms)-w	p95(ms)-w	p99(ms)-w	pMax(ms)-w	total-w	elapsed	errors	ops(total)	ops/sec(cum)	avg(ms)	p50(ms)	p95(ms)	p99(ms)	pMax(ms)
7	0.0	0.0	661665.0	14703.6	1.8200000000000003	1.5399999999999998	3.9	7.040000000000001	41.480000000000004	0.0	0.0	0.0	34925.0	776.2	2.9400000000000004	2.5	7.019999999999999	11.42	31.04	0.0	0.0	0.0	696590.0	15479.599999999999	1.9	1.58	4.1	7.540000000000001	41.480000000000004
