concurrency	elapsed-r	errors-r	ops(total)-r	ops/sec(cum)-r	avg(ms)-r	p50(ms)-r	p95(ms)-r	p99(ms)-r	pMax(ms)-r	total-r	elapsed	errors	ops(total)	ops/sec(cum)	avg(ms)	p50(ms)	p95(ms)	p99(ms)	pMax(ms)
30	0.0	0.0	1314980.0	43831.700000000004	5.35	4.7875	11.1875	17.375	39.824999999999996	0.0	0.0	0.0	1314980.0	43831.700000000004	5.35	4.7875	11.1875	17.375	39.824999999999996
