concurrency	elapsed-r	errors-r	ops(total)-r	ops/sec(cum)-r	avg(ms)-r	p50(ms)-r	p95(ms)-r	p99(ms)-r	pMax(ms)-r	total-r	elapsed-w	errors-w	ops(total)-w	ops/sec(cum)-w	avg(ms)-w	p50(ms)-w	p95(ms)-w	p99(ms)-w	pMax(ms)-w	total-w	elapsed	errors	ops(total)	ops/sec(cum)	avg(ms)	p50(ms)	p95(ms)	p99(ms)	pMax(ms)
48	0.0	0.0	675512.0	22516.4	4.2	2.8666666666666667	11.0	22.733333333333334	82.50000000000001	0.0	0.0	0.0	35595.0	1186.5	8.933333333333334	6.3999999999999995	22.733333333333334	41.9	82.5	0.0	0.0	0.0	711107.0	23702.8	4.5	3.0	12.1	23.433333333333337	86.7
