concurrency	elapsed-r	errors-r	ops(total)-r	ops/sec(cum)-r	avg(ms)-r	p50(ms)-r	p95(ms)-r	p99(ms)-r	pMax(ms)-r	total-r	elapsed-w	errors-w	ops(total)-w	ops/sec(cum)-w	avg(ms)-w	p50(ms)-w	p95(ms)-w	p99(ms)-w	pMax(ms)-w	total-w	elapsed	errors	ops(total)	ops/sec(cum)	avg(ms)	p50(ms)	p95(ms)	p99(ms)	pMax(ms)
104	0.0	0.0	3388674.0	112951.59999999999	3.9000000000000004	3.2250000000000005	8.175	17.974999999999998	84.125	0.0	0.0	0.0	178346.0	5944.599999999999	10.225000000000001	9.274999999999999	20.325000000000003	28.275	75.2	0.0	0.0	0.0	3567020.0	118896.30000000002	4.2	3.375	11.1	19.775	84.65
