concurrency	elapsed-r	errors-r	ops(total)-r	ops/sec(cum)-r	avg(ms)-r	p50(ms)-r	p95(ms)-r	p99(ms)-r	pMax(ms)-r	total-r	elapsed	errors	ops(total)	ops/sec(cum)	avg(ms)	p50(ms)	p95(ms)	p99(ms)	pMax(ms)
40	0.0	0.0	1916382.0	63878.0	4.574999999999999	4.1125	10.35	15.937499999999998	39.550000000000004	0.0	0.0	0.0	1916382.0	63878.0	4.574999999999999	4.1125	10.35	15.937499999999998	39.550000000000004
