concurrency	elapsed-r	errors-r	ops(total)-r	ops/sec(cum)-r	avg(ms)-r	p50(ms)-r	p95(ms)-r	p99(ms)-r	pMax(ms)-r	total-r	elapsed-w	errors-w	ops(total)-w	ops/sec(cum)-w	avg(ms)-w	p50(ms)-w	p95(ms)-w	p99(ms)-w	pMax(ms)-w	total-w	elapsed	errors	ops(total)	ops/sec(cum)	avg(ms)	p50(ms)	p95(ms)	p99(ms)	pMax(ms)
48	0.0	0.0	921109.0	30702.800000000003	3.4	2.466666666666667	9.4	24.46666666666667	192.9	0.0	0.0	0.0	48518.0	1617.3	1.3999999999999997	0.9	3.1	10.633333333333333	70.60000000000001	0.0	0.0	0.0	969627.0	32320.0	3.2999999999999994	2.3333333333333335	8.9	24.100000000000005	192.9
