concurrency	elapsed-r	errors-r	ops(total)-r	ops/sec(cum)-r	avg(ms)-r	p50(ms)-r	p95(ms)-r	p99(ms)-r	pMax(ms)-r	total-r	elapsed-w	errors-w	ops(total)-w	ops/sec(cum)-w	avg(ms)-w	p50(ms)-w	p95(ms)-w	p99(ms)-w	pMax(ms)-w	total-w	elapsed	errors	ops(total)	ops/sec(cum)	avg(ms)	p50(ms)	p95(ms)	p99(ms)	pMax(ms)
8	0.0	0.0	643393.0	21446.199999999997	2.475	2.3375000000000004	4.4	6.1	21.4375	0.0	0.0	0.0	33860.0	1128.6999999999998	5.462500000000001	5.25	8.9625	11.55	18.8	0.0	0.0	0.0	677253.0	22574.7	2.65	2.3625	5.025	7.4125000000000005	22.675
