concurrency	elapsed-r	errors-r	ops(total)-r	ops/sec(cum)-r	avg(ms)-r	p50(ms)-r	p95(ms)-r	p99(ms)-r	pMax(ms)-r	total-r	elapsed-w	errors-w	ops(total)-w	ops/sec(cum)-w	avg(ms)-w	p50(ms)-w	p95(ms)-w	p99(ms)-w	pMax(ms)-w	total-w	elapsed	errors	ops(total)	ops/sec(cum)	avg(ms)	p50(ms)	p95(ms)	p99(ms)	pMax(ms)
144	0.0	0.0	2698367.0	89939.40000000001	8.059999999999999	6.460000000000001	20.559999999999995	32.08	322.14	0.0	0.0	0.0	142169.0	4738.6	29.080000000000002	27.860000000000003	59.14000000000001	74.26000000000002	239.92	0.0	0.0	0.0	2840536.0	94677.9	9.120000000000001	6.660000000000001	26.720000000000006	44.44	327.17999999999995
