concurrency	elapsed-r	errors-r	ops(total)-r	ops/sec(cum)-r	avg(ms)-r	p50(ms)-r	p95(ms)-r	p99(ms)-r	pMax(ms)-r	total-r	elapsed-w	errors-w	ops(total)-w	ops/sec(cum)-w	avg(ms)-w	p50(ms)-w	p95(ms)-w	p99(ms)-w	pMax(ms)-w	total-w	elapsed	errors	ops(total)	ops/sec(cum)	avg(ms)	p50(ms)	p95(ms)	p99(ms)	pMax(ms)
51	0.0	0.0	1924582.0	64150.40000000001	5.3	4.550000000000001	13.224999999999998	20.975	102.76249999999999	0.0	0.0	0.0	100644.0	3354.7000000000003	10.05	8.924999999999999	22.825	38.4875	148.375	0.0	0.0	0.0	2025226.0	67504.9	5.55	4.725	13.774999999999999	22.412499999999998	155.7125
