ops/sec(cum)	p50(ms)	p99(ms)	read_tp	read_p50	read_p99	write_tp	write_p50	write_p99
256616.91666666663	0.2800714285714286	1.566142857142857	245160.53333333333	0.2802857142857143	1.566142857142857	11455.383333333333	0.27985714285714286	1.479
