concurrency	elapsed-r	errors-r	ops(total)-r	ops/sec(cum)-r	avg(ms)-r	p50(ms)-r	p95(ms)-r	p99(ms)-r	pMax(ms)-r	total-r	elapsed-w	errors-w	ops(total)-w	ops/sec(cum)-w	avg(ms)-w	p50(ms)-w	p95(ms)-w	p99(ms)-w	pMax(ms)-w	total-w	elapsed	errors	ops(total)	ops/sec(cum)	avg(ms)	p50(ms)	p95(ms)	p99(ms)	pMax(ms)
139	0.0	0.0	2816711.0	93884.6	7.019999999999999	5.08	19.46	34.6	538.5600000000001	0.0	0.0	0.0	147968.0	4931.9	23.26	19.3	55.779999999999994	78.84	494.93999999999994	0.0	0.0	0.0	2964679.0	98816.6	7.820000000000002	5.32	23.7	44.02	540.24
