concurrency	elapsed-r	errors-r	ops(total)-r	ops/sec(cum)-r	avg(ms)-r	p50(ms)-r	p95(ms)-r	p99(ms)-r	pMax(ms)-r	total-r	elapsed-w	errors-w	ops(total)-w	ops/sec(cum)-w	avg(ms)-w	p50(ms)-w	p95(ms)-w	p99(ms)-w	pMax(ms)-w	total-w	elapsed	errors	ops(total)	ops/sec(cum)	avg(ms)	p50(ms)	p95(ms)	p99(ms)	pMax(ms)
77	0.0	0.0	1881145.0	62702.3	2.1999999999999997	1.4666666666666668	5.833333333333333	9.1	48.9	0.0	0.0	0.0	98546.0	3284.8	61.866666666666674	2.533333333333333	341.4666666666667	356.1666666666667	397.7333333333333	0.0	0.0	0.0	1979691.0	65986.9	5.133333333333334	1.5	6.033333333333334	16.433333333333334	397.7333333333333
