concurrency	elapsed-r	errors-r	ops(total)-r	ops/sec(cum)-r	avg(ms)-r	p50(ms)-r	p95(ms)-r	p99(ms)-r	pMax(ms)-r	total-r	elapsed-w	errors-w	ops(total)-w	ops/sec(cum)-w	avg(ms)-w	p50(ms)-w	p95(ms)-w	p99(ms)-w	pMax(ms)-w	total-w	elapsed	errors	ops(total)	ops/sec(cum)	avg(ms)	p50(ms)	p95(ms)	p99(ms)	pMax(ms)
34	0.0	0.0	623350.0	20777.800000000003	2.525	1.6250000000000002	7.025	14.05	131.1	0.0	0.0	0.0	32578.0	1086.0	51.025000000000006	3.35	352.3	390.1	964.7	0.0	0.0	0.0	655928.0	21863.699999999997	4.925	1.7249999999999999	7.674999999999999	23.875000000000004	964.7
