concurrency	elapsed-r	errors-r	ops(total)-r	ops/sec(cum)-r	avg(ms)-r	p50(ms)-r	p95(ms)-r	p99(ms)-r	pMax(ms)-r	total-r	elapsed	errors	ops(total)	ops/sec(cum)	avg(ms)	p50(ms)	p95(ms)	p99(ms)	pMax(ms)
45	0.0	0.0	1457591.0	48585.0	6.887499999999999	6.074999999999999	15.137500000000001	22.15	176.15	0.0	0.0	0.0	1457591.0	48585.0	6.887499999999999	6.074999999999999	15.137500000000001	22.15	176.15
