concurrency	elapsed-r	errors-r	ops(total)-r	ops/sec(cum)-r	avg(ms)-r	p50(ms)-r	p95(ms)-r	p99(ms)-r	pMax(ms)-r	total-r	elapsed-w	errors-w	ops(total)-w	ops/sec(cum)-w	avg(ms)-w	p50(ms)-w	p95(ms)-w	p99(ms)-w	pMax(ms)-w	total-w	elapsed	errors	ops(total)	ops/sec(cum)	avg(ms)	p50(ms)	p95(ms)	p99(ms)	pMax(ms)
26	0.0	0.0	1260378.0	42011.799999999996	1.3999999999999997	1.0	3.4	5.933333333333334	34.6	0.0	0.0	0.0	66454.0	2215.2	5.133333333333334	1.7	26.2	37.7	65.7	0.0	0.0	0.0	1326832.0	44226.9	1.6000000000000003	1.0	3.7000000000000006	9.4	65.7
