concurrency	elapsed-r	errors-r	ops(total)-r	ops/sec(cum)-r	avg(ms)-r	p50(ms)-r	p95(ms)-r	p99(ms)-r	pMax(ms)-r	total-r	elapsed-w	errors-w	ops(total)-w	ops/sec(cum)-w	avg(ms)-w	p50(ms)-w	p95(ms)-w	p99(ms)-w	pMax(ms)-w	total-w	elapsed	errors	ops(total)	ops/sec(cum)	avg(ms)	p50(ms)	p95(ms)	p99(ms)	pMax(ms)
32	0.0	0.0	3289970.0	109663.59999999999	1.9749999999999999	1.85	3.4749999999999996	6.7	30.937500000000004	0.0	0.0	0.0	173184.0	5772.7	2.1375	1.95	3.7499999999999996	6.924999999999999	28.5875	0.0	0.0	0.0	3463154.0	115436.29999999999	1.9749999999999999	1.85	3.4999999999999996	6.7	31.337500000000002
