concurrency	elapsed-r	errors-r	ops(total)-r	ops/sec(cum)-r	avg(ms)-r	p50(ms)-r	p95(ms)-r	p99(ms)-r	pMax(ms)-r	total-r	elapsed-w	errors-w	ops(total)-w	ops/sec(cum)-w	avg(ms)-w	p50(ms)-w	p95(ms)-w	p99(ms)-w	pMax(ms)-w	total-w	elapsed	errors	ops(total)	ops/sec(cum)	avg(ms)	p50(ms)	p95(ms)	p99(ms)	pMax(ms)
35	0.0	0.0	1916641.0	63886.3	3.5875	3.125	8.25	13.412499999999998	77.85	0.0	0.0	0.0	100736.0	3357.8999999999996	6.975	6.437499999999999	15.325000000000001	21.4875	57.64999999999999	0.0	0.0	0.0	2017377.0	67244.2	3.7625	3.225	9.025	14.450000000000001	81.52499999999999
