concurrency	elapsed-r	errors-r	ops(total)-r	ops/sec(cum)-r	avg(ms)-r	p50(ms)-r	p95(ms)-r	p99(ms)-r	pMax(ms)-r	total-r	elapsed-w	errors-w	ops(total)-w	ops/sec(cum)-w	avg(ms)-w	p50(ms)-w	p95(ms)-w	p99(ms)-w	pMax(ms)-w	total-w	elapsed	errors	ops(total)	ops/sec(cum)	avg(ms)	p50(ms)	p95(ms)	p99(ms)	pMax(ms)
47	0.0	0.0	1898175.0	63270.399999999994	4.975	4.1375	12.349999999999998	19.400000000000002	100.125	0.0	0.0	0.0	99713.0	3323.6	9.6625	8.5	22.8125	31.875	72.35000000000001	0.0	0.0	0.0	1997888.0	66594.1	5.2	4.2375	13.287499999999998	21.25	100.125
