concurrency	elapsed-r	errors-r	ops(total)-r	ops/sec(cum)-r	avg(ms)-r	p50(ms)-r	p95(ms)-r	p99(ms)-r	pMax(ms)-r	total-r	elapsed-w	errors-w	ops(total)-w	ops/sec(cum)-w	avg(ms)-w	p50(ms)-w	p95(ms)-w	p99(ms)-w	pMax(ms)-w	total-w	elapsed	errors	ops(total)	ops/sec(cum)	avg(ms)	p50(ms)	p95(ms)	p99(ms)	pMax(ms)
136	0.0	0.0	4662373.0	155401.59999999998	4.0	3.38	8.98	17.32	171.95999999999998	0.0	0.0	0.0	244469.0	8148.5	11.52	10.379999999999999	23.46	31.440000000000005	160.84	0.0	0.0	0.0	4906842.0	163549.9	4.36	3.44	12.34	20.02	171.95999999999998
