concurrency	elapsed-r	errors-r	ops(total)-r	ops/sec(cum)-r	avg(ms)-r	p50(ms)-r	p95(ms)-r	p99(ms)-r	pMax(ms)-r	total-r	elapsed-w	errors-w	ops(total)-w	ops/sec(cum)-w	avg(ms)-w	p50(ms)-w	p95(ms)-w	p99(ms)-w	pMax(ms)-w	total-w	elapsed	errors	ops(total)	ops/sec(cum)	avg(ms)	p50(ms)	p95(ms)	p99(ms)	pMax(ms)
19	0.0	0.0	653092.0	21769.1	3.6500000000000004	2.45	12.787499999999998	22.0125	55.2875	0.0	0.0	0.0	34310.0	1143.6999999999998	58.25	9.075	101.175	1208.0	1417.6874999999998	0.0	0.0	0.0	687402.0	22912.899999999998	6.4	2.45	13.774999999999999	23.849999999999998	1417.6874999999998
