concurrency	elapsed-r	errors-r	ops(total)-r	ops/sec(cum)-r	avg(ms)-r	p50(ms)-r	p95(ms)-r	p99(ms)-r	pMax(ms)-r	total-r	elapsed	errors	ops(total)	ops/sec(cum)	avg(ms)	p50(ms)	p95(ms)	p99(ms)	pMax(ms)
23	0.0	0.0	1065475.0	35515.100000000006	5.0375000000000005	4.6125	9.75	13.625000000000002	36.2125	0.0	0.0	0.0	1065475.0	35515.100000000006	5.0375000000000005	4.6125	9.75	13.625000000000002	36.2125
