concurrency	elapsed-r	errors-r	ops(total)-r	ops/sec(cum)-r	avg(ms)-r	p50(ms)-r	p95(ms)-r	p99(ms)-r	pMax(ms)-r	total-r	elapsed-w	errors-w	ops(total)-w	ops/sec(cum)-w	avg(ms)-w	p50(ms)-w	p95(ms)-w	p99(ms)-w	pMax(ms)-w	total-w	elapsed	errors	ops(total)	ops/sec(cum)	avg(ms)	p50(ms)	p95(ms)	p99(ms)	pMax(ms)
162	0.0	0.0	4710516.0	157003.0	4.74	4.04	11.58	19.74	197.94	0.0	0.0	0.0	247660.0	8254.6	14.679999999999998	13.680000000000001	28.619999999999997	37.120000000000005	182.04	0.0	0.0	0.0	4958176.0	165257.6	5.239999999999999	4.1	14.8	24.619999999999997	197.94
