concurrency	elapsed-r	errors-r	ops(total)-r	ops/sec(cum)-r	avg(ms)-r	p50(ms)-r	p95(ms)-r	p99(ms)-r	pMax(ms)-r	total-r	elapsed	errors	ops(total)	ops/sec(cum)	avg(ms)	p50(ms)	p95(ms)	p99(ms)	pMax(ms)
14	0.0	0.0	1119887.0	37328.99999999999	2.8000000000000003	2.675	4.975	7.25	18.762500000000003	0.0	0.0	0.0	1119887.0	37328.99999999999	2.8000000000000003	2.675	4.975	7.25	18.762500000000003
