concurrency	elapsed-r	errors-r	ops(total)-r	ops/sec(cum)-r	avg(ms)-r	p50(ms)-r	p95(ms)-r	p99(ms)-r	pMax(ms)-r	total-r	elapsed	errors	ops(total)	ops/sec(cum)	avg(ms)	p50(ms)	p95(ms)	p99(ms)	pMax(ms)
47	0.0	0.0	5519702.0	183986.3	1.6500000000000001	1.4749999999999999	2.9	6.0249999999999995	243.26249999999996	0.0	0.0	0.0	5519702.0	183986.3	1.6500000000000001	1.4749999999999999	2.9	6.0249999999999995	243.26249999999996
