concurrency	elapsed-r	errors-r	ops(total)-r	ops/sec(cum)-r	avg(ms)-r	p50(ms)-r	p95(ms)-r	p99(ms)-r	pMax(ms)-r	total-r	elapsed-w	errors-w	ops(total)-w	ops/sec(cum)-w	avg(ms)-w	p50(ms)-w	p95(ms)-w	p99(ms)-w	pMax(ms)-w	total-w	elapsed	errors	ops(total)	ops/sec(cum)	avg(ms)	p50(ms)	p95(ms)	p99(ms)	pMax(ms)
39	0.0	0.0	1925633.0	64186.1	4.0375	3.5	9.700000000000001	15.075000000000001	41.9125	0.0	0.0	0.0	101056.0	3368.5000000000005	7.362500000000001	6.824999999999999	16.125	22.8	42.949999999999996	0.0	0.0	0.0	2026689.0	67554.7	4.2	3.5999999999999996	10.25	15.8125	43.7375
