concurrency	elapsed-r	errors-r	ops(total)-r	ops/sec(cum)-r	avg(ms)-r	p50(ms)-r	p95(ms)-r	p99(ms)-r	pMax(ms)-r	total-r	elapsed-w	errors-w	ops(total)-w	ops/sec(cum)-w	avg(ms)-w	p50(ms)-w	p95(ms)-w	p99(ms)-w	pMax(ms)-w	total-w	elapsed	errors	ops(total)	ops/sec(cum)	avg(ms)	p50(ms)	p95(ms)	p99(ms)	pMax(ms)
44	0.0	0.0	1877182.0	62570.8	4.687499999999999	3.9625	11.475	18.6	123.73750000000001	0.0	0.0	0.0	98556.0	3285.3	9.4625	8.35	21.775	31.35	159.9125	0.0	0.0	0.0	1975738.0	65855.7	4.925000000000001	4.05	12.349999999999998	20.05	165.15
