concurrency	elapsed-w	errors-w	ops(total)-w	ops/sec(cum)-w	avg(ms)-w	p50(ms)-w	p95(ms)-w	p99(ms)-w	pMax(ms)-w	total-w	elapsed	errors	ops(total)	ops/sec(cum)	avg(ms)	p50(ms)	p95(ms)	p99(ms)	pMax(ms)
47	0.0	0.0	543919.0	18130.100000000002	20.337500000000002	19.0	45.837500000000006	60.800000000000004	187.675	0.0	0.0	0.0	543919.0	18130.100000000002	20.337500000000002	19.0	45.837500000000006	60.800000000000004	187.675
