concurrency	elapsed-r	errors-r	ops(total)-r	ops/sec(cum)-r	avg(ms)-r	p50(ms)-r	p95(ms)-r	p99(ms)-r	pMax(ms)-r	total-r	elapsed-w	errors-w	ops(total)-w	ops/sec(cum)-w	avg(ms)-w	p50(ms)-w	p95(ms)-w	p99(ms)-w	pMax(ms)-w	total-w	elapsed	errors	ops(total)	ops/sec(cum)	avg(ms)	p50(ms)	p95(ms)	p99(ms)	pMax(ms)
35	0.0	0.0	1927526.0	64249.5	3.6124999999999994	3.125	8.5	13.774999999999999	60.800000000000004	0.0	0.0	0.0	100859.0	3362.0	6.55	6.025	14.250000000000002	20.975	44.0	0.0	0.0	0.0	2028385.0	67611.2	3.7625	3.225	9.15	14.512500000000001	62.112500000000004
