concurrency	elapsed-r	errors-r	ops(total)-r	ops/sec(cum)-r	avg(ms)-r	p50(ms)-r	p95(ms)-r	p99(ms)-r	pMax(ms)-r	total-r	elapsed-w	errors-w	ops(total)-w	ops/sec(cum)-w	avg(ms)-w	p50(ms)-w	p95(ms)-w	p99(ms)-w	pMax(ms)-w	total-w	elapsed	errors	ops(total)	ops/sec(cum)	avg(ms)	p50(ms)	p95(ms)	p99(ms)	pMax(ms)
46	0.0	0.0	1108084.0	36935.3	2.5	2.1	5.8	15.199999999999998	74.10000000000001	0.0	0.0	0.0	58285.0	1942.9	1.2333333333333334	0.9	2.4	6.566666666666666	69.89999999999999	0.0	0.0	0.0	1166369.0	38878.0	2.466666666666667	2.0	5.5	15.199999999999998	74.10000000000001
