concurrency	elapsed-r	errors-r	ops(total)-r	ops/sec(cum)-r	avg(ms)-r	p50(ms)-r	p95(ms)-r	p99(ms)-r	pMax(ms)-r	total-r	elapsed-w	errors-w	ops(total)-w	ops/sec(cum)-w	avg(ms)-w	p50(ms)-w	p95(ms)-w	p99(ms)-w	pMax(ms)-w	total-w	elapsed	errors	ops(total)	ops/sec(cum)	avg(ms)	p50(ms)	p95(ms)	p99(ms)	pMax(ms)
38	0.0	0.0	3411202.0	113704.10000000002	2.2375	2.0875	3.5999999999999996	7.6375	119.27499999999998	0.0	0.0	0.0	179126.0	5970.799999999999	2.375	2.225	3.9875	7.9875	24.4	0.0	0.0	0.0	3590328.0	119674.7	2.2375	2.1125	3.6249999999999996	7.6375	119.27499999999998
