concurrency	elapsed-r	errors-r	ops(total)-r	ops/sec(cum)-r	avg(ms)-r	p50(ms)-r	p95(ms)-r	p99(ms)-r	pMax(ms)-r	total-r	elapsed-w	errors-w	ops(total)-w	ops/sec(cum)-w	avg(ms)-w	p50(ms)-w	p95(ms)-w	p99(ms)-w	pMax(ms)-w	total-w	elapsed	errors	ops(total)	ops/sec(cum)	avg(ms)	p50(ms)	p95(ms)	p99(ms)	pMax(ms)
13	0.0	0.0	667068.0	22235.0	3.1999999999999993	2.475	6.362500000000001	13.5	88.0875	0.0	0.0	0.0	35410.0	1180.5	23.462500000000002	23.325	37.199999999999996	47.4125	98.0625	0.0	0.0	0.0	702478.0	23415.399999999998	4.2250000000000005	2.6375	17.025	33.0625	100.67500000000001
