concurrency	elapsed-r	errors-r	ops(total)-r	ops/sec(cum)-r	avg(ms)-r	p50(ms)-r	p95(ms)-r	p99(ms)-r	pMax(ms)-r	total-r	elapsed-w	errors-w	ops(total)-w	ops/sec(cum)-w	avg(ms)-w	p50(ms)-w	p95(ms)-w	p99(ms)-w	pMax(ms)-w	total-w	elapsed	errors	ops(total)	ops/sec(cum)	avg(ms)	p50(ms)	p95(ms)	p99(ms)	pMax(ms)
80	0.0	0.0	2864509.0	95480.2	3.94	3.34	8.7	18.22	206.34	0.0	0.0	0.0	150929.0	5030.799999999999	12.06	11.059999999999999	25.42	32.08	113.66	0.0	0.0	0.0	3015438.0	100511.0	4.340000000000001	3.3599999999999994	12.48	20.979999999999997	206.34
