concurrency	elapsed-r	errors-r	ops(total)-r	ops/sec(cum)-r	avg(ms)-r	p50(ms)-r	p95(ms)-r	p99(ms)-r	pMax(ms)-r	total-r	elapsed-w	errors-w	ops(total)-w	ops/sec(cum)-w	avg(ms)-w	p50(ms)-w	p95(ms)-w	p99(ms)-w	pMax(ms)-w	total-w	elapsed	errors	ops(total)	ops/sec(cum)	avg(ms)	p50(ms)	p95(ms)	p99(ms)	pMax(ms)
146	0.0	0.0	4546831.0	151545.8	4.74	3.7600000000000002	12.76	20.56	179.52	0.0	0.0	0.0	238322.0	7943.3	13.24	11.78	28.439999999999998	38.58	160.44	0.0	0.0	0.0	4785153.0	159489.0	5.159999999999999	3.9	14.719999999999999	24.080000000000002	184.56
