concurrency	elapsed-r	errors-r	ops(total)-r	ops/sec(cum)-r	avg(ms)-r	p50(ms)-r	p95(ms)-r	p99(ms)-r	pMax(ms)-r	total-r	elapsed	errors	ops(total)	ops/sec(cum)	avg(ms)	p50(ms)	p95(ms)	p99(ms)	pMax(ms)
50	0.0	0.0	1559645.0	51986.5	7.175000000000001	6.5	15.387500000000001	22.549999999999997	71.5625	0.0	0.0	0.0	1559645.0	51986.5	7.175000000000001	6.5	15.387500000000001	22.549999999999997	71.5625
