concurrency	elapsed-r	errors-r	ops(total)-r	ops/sec(cum)-r	avg(ms)-r	p50(ms)-r	p95(ms)-r	p99(ms)-r	pMax(ms)-r	total-r	elapsed-w	errors-w	ops(total)-w	ops/sec(cum)-w	avg(ms)-w	p50(ms)-w	p95(ms)-w	p99(ms)-w	pMax(ms)-w	total-w	elapsed	errors	ops(total)	ops/sec(cum)	avg(ms)	p50(ms)	p95(ms)	p99(ms)	pMax(ms)
24	0.0	0.0	1763105.0	58768.80000000001	2.0875	1.5999999999999999	6.025	9.975	29.112500000000004	0.0	0.0	0.0	92308.0	3076.8999999999996	17.375	2.9875	188.725	274.7	364.9	0.0	0.0	0.0	1855413.0	61845.69999999999	2.875	1.6625	6.324999999999999	11.125	364.9
