concurrency	elapsed-r	errors-r	ops(total)-r	ops/sec(cum)-r	avg(ms)-r	p50(ms)-r	p95(ms)-r	p99(ms)-r	pMax(ms)-r	total-r	elapsed-w	errors-w	ops(total)-w	ops/sec(cum)-w	avg(ms)-w	p50(ms)-w	p95(ms)-w	p99(ms)-w	pMax(ms)-w	total-w	elapsed	errors	ops(total)	ops/sec(cum)	avg(ms)	p50(ms)	p95(ms)	p99(ms)	pMax(ms)
31	0.0	0.0	3287778.0	109590.7	1.9249999999999998	1.7500000000000002	3.2750000000000004	6.4624999999999995	96.0875	0.0	0.0	0.0	173202.0	5773.200000000001	1.9	1.7375000000000003	3.2	6.4875	45.4875	0.0	0.0	0.0	3460980.0	115363.90000000001	1.9249999999999998	1.7500000000000002	3.2750000000000004	6.4624999999999995	120.6
