concurrency	elapsed-r	errors-r	ops(total)-r	ops/sec(cum)-r	avg(ms)-r	p50(ms)-r	p95(ms)-r	p99(ms)-r	pMax(ms)-r	total-r	elapsed-w	errors-w	ops(total)-w	ops/sec(cum)-w	avg(ms)-w	p50(ms)-w	p95(ms)-w	p99(ms)-w	pMax(ms)-w	total-w	elapsed	errors	ops(total)	ops/sec(cum)	avg(ms)	p50(ms)	p95(ms)	p99(ms)	pMax(ms)
49	0.0	0.0	2382542.0	52944.3	2.9200000000000004	1.8199999999999998	9.4	22.0	79.7	0.0	0.0	0.0	125759.0	2794.5000000000005	6.4799999999999995	4.24	22.0	41.059999999999995	77.17999999999999	0.0	0.0	0.0	2508301.0	55738.899999999994	3.1	1.9600000000000002	10.0	23.1	81.38
