concurrency	elapsed-r	errors-r	ops(total)-r	ops/sec(cum)-r	avg(ms)-r	p50(ms)-r	p95(ms)-r	p99(ms)-r	pMax(ms)-r	total-r	elapsed-w	errors-w	ops(total)-w	ops/sec(cum)-w	avg(ms)-w	p50(ms)-w	p95(ms)-w	p99(ms)-w	pMax(ms)-w	total-w	elapsed	errors	ops(total)	ops/sec(cum)	avg(ms)	p50(ms)	p95(ms)	p99(ms)	pMax(ms)
160	0.0	0.0	2561923.0	85392.4	4.74	3.0999999999999996	15.079999999999998	30.579999999999995	189.61999999999998	0.0	0.0	0.0	134109.0	4470.2	134.66	7.659999999999999	39.84	6012.960000000001	6764.539999999999	0.0	0.0	0.0	2696032.0	89862.5	11.180000000000001	3.22	16.46	33.74	6764.539999999999
