concurrency	elapsed-r	errors-r	ops(total)-r	ops/sec(cum)-r	avg(ms)-r	p50(ms)-r	p95(ms)-r	p99(ms)-r	pMax(ms)-r	total-r	elapsed-w	errors-w	ops(total)-w	ops/sec(cum)-w	avg(ms)-w	p50(ms)-w	p95(ms)-w	p99(ms)-w	pMax(ms)-w	total-w	elapsed	errors	ops(total)	ops/sec(cum)	avg(ms)	p50(ms)	p95(ms)	p99(ms)	pMax(ms)
14	0.0	0.0	1160829.0	38693.700000000004	2.4250000000000003	2.025	5.725	9.625	42.4625	0.0	0.0	0.0	61322.0	2044.0000000000002	4.275	3.6875	9.55	14.825000000000001	43.762499999999996	0.0	0.0	0.0	1222151.0	40737.700000000004	2.5124999999999997	2.1	5.949999999999999	9.9875	46.125
