concurrency	elapsed-r	errors-r	ops(total)-r	ops/sec(cum)-r	avg(ms)-r	p50(ms)-r	p95(ms)-r	p99(ms)-r	pMax(ms)-r	total-r	elapsed-w	errors-w	ops(total)-w	ops/sec(cum)-w	avg(ms)-w	p50(ms)-w	p95(ms)-w	p99(ms)-w	pMax(ms)-w	total-w	elapsed	errors	ops(total)	ops/sec(cum)	avg(ms)	p50(ms)	p95(ms)	p99(ms)	pMax(ms)
47	0.0	0.0	564027.0	18800.2	12.274999999999999	2.65	63.1625	247.5	549.45	0.0	0.0	0.0	29615.0	987.1	142.1375	134.20000000000002	195.0125	383.80000000000007	662.6875	0.0	0.0	0.0	593642.0	19787.2	18.75	2.7749999999999995	142.6	251.70000000000002	662.6875
