concurrency	elapsed-r	errors-r	ops(total)-r	ops/sec(cum)-r	avg(ms)-r	p50(ms)-r	p95(ms)-r	p99(ms)-r	pMax(ms)-r	total-r	elapsed-w	errors-w	ops(total)-w	ops/sec(cum)-w	avg(ms)-w	p50(ms)-w	p95(ms)-w	p99(ms)-w	pMax(ms)-w	total-w	elapsed	errors	ops(total)	ops/sec(cum)	avg(ms)	p50(ms)	p95(ms)	p99(ms)	pMax(ms)
24	0.0	0.0	140042.0	4667.799999999999	5.65	5.574999999999999	9.9	12.2	32.112500000000004	0.0	0.0	0.0	7254.0	241.79999999999998	670.3375	738.1999999999999	780.1750000000001	805.3000000000001	838.8999999999999	0.0	0.0	0.0	147296.0	4909.599999999999	38.400000000000006	5.675	14.5	771.8000000000001	838.8999999999999
