concurrency	elapsed-r	errors-r	ops(total)-r	ops/sec(cum)-r	avg(ms)-r	p50(ms)-r	p95(ms)-r	p99(ms)-r	pMax(ms)-r	total-r	elapsed-w	errors-w	ops(total)-w	ops/sec(cum)-w	avg(ms)-w	p50(ms)-w	p95(ms)-w	p99(ms)-w	pMax(ms)-w	total-w	elapsed	errors	ops(total)	ops/sec(cum)	avg(ms)	p50(ms)	p95(ms)	p99(ms)	pMax(ms)
70	0.0	0.0	161115.0	2685.3	3.85	2.125	7.074999999999999	37.199999999999996	348.15	0.0	0.0	0.0	8241.0	137.39999999999998	46.05	34.3	119.5	146.8	729.8	0.0	0.0	0.0	169356.0	2822.6000000000004	5.8999999999999995	2.2	13.649999999999999	102.80000000000001	729.8
