concurrency	elapsed-r	errors-r	ops(total)-r	ops/sec(cum)-r	avg(ms)-r	p50(ms)-r	p95(ms)-r	p99(ms)-r	pMax(ms)-r	total-r	elapsed	errors	ops(total)	ops/sec(cum)	avg(ms)	p50(ms)	p95(ms)	p99(ms)	pMax(ms)
62	0.0	0.0	1554444.0	51812.99999999999	8.950000000000001	8.1625	19.650000000000002	28.325000000000003	119.54999999999998	0.0	0.0	0.0	1554444.0	51812.99999999999	8.950000000000001	8.1625	19.650000000000002	28.325000000000003	119.54999999999998
