concurrency	elapsed-r	errors-r	ops(total)-r	ops/sec(cum)-r	avg(ms)-r	p50(ms)-r	p95(ms)-r	p99(ms)-r	pMax(ms)-r	total-r	elapsed-w	errors-w	ops(total)-w	ops/sec(cum)-w	avg(ms)-w	p50(ms)-w	p95(ms)-w	p99(ms)-w	pMax(ms)-w	total-w	elapsed	errors	ops(total)	ops/sec(cum)	avg(ms)	p50(ms)	p95(ms)	p99(ms)	pMax(ms)
43	0.0	0.0	1072040.0	35733.5	2.4	2.0	5.133333333333334	15.199999999999998	75.5	0.0	0.0	0.0	56194.0	1873.0000000000002	1.1666666666666667	0.9	2.4	5.766666666666667	60.1	0.0	0.0	0.0	1128234.0	37606.600000000006	2.3666666666666667	1.8	4.7	14.699999999999998	76.89999999999999
