concurrency	elapsed-w	errors-w	ops(total)-w	ops/sec(cum)-w	avg(ms)-w	p50(ms)-w	p95(ms)-w	p99(ms)-w	pMax(ms)-w	total-w	elapsed	errors	ops(total)	ops/sec(cum)	avg(ms)	p50(ms)	p95(ms)	p99(ms)	pMax(ms)
11	0.0	0.0	3070016.0	102332.79999999999	0.7125	0.7000000000000001	0.9125000000000002	1.65	26.087500000000002	0.0	0.0	0.0	3070016.0	102332.79999999999	0.7125	0.7000000000000001	0.9125000000000002	1.65	26.087500000000002
