concurrency	elapsed-r	errors-r	ops(total)-r	ops/sec(cum)-r	avg(ms)-r	p50(ms)-r	p95(ms)-r	p99(ms)-r	pMax(ms)-r	total-r	elapsed-w	errors-w	ops(total)-w	ops/sec(cum)-w	avg(ms)-w	p50(ms)-w	p95(ms)-w	p99(ms)-w	pMax(ms)-w	total-w	elapsed	errors	ops(total)	ops/sec(cum)	avg(ms)	p50(ms)	p95(ms)	p99(ms)	pMax(ms)
39	0.0	0.0	3219449.0	107312.40000000001	2.45	2.3	4.275	7.9125000000000005	72.88749999999999	0.0	0.0	0.0	168927.0	5630.9	2.5250000000000004	2.3125	5.25	8.6625	47.324999999999996	0.0	0.0	0.0	3388376.0	112943.0	2.45	2.3	4.3	7.95	73.01249999999999
