concurrency	elapsed-r	errors-r	ops(total)-r	ops/sec(cum)-r	avg(ms)-r	p50(ms)-r	p95(ms)-r	p99(ms)-r	pMax(ms)-r	total-r	elapsed	errors	ops(total)	ops/sec(cum)	avg(ms)	p50(ms)	p95(ms)	p99(ms)	pMax(ms)
34	0.0	0.0	986449.0	32880.9	8.262500000000001	7.6	17.025000000000002	24.137500000000003	72.6125	0.0	0.0	0.0	986449.0	32880.9	8.262500000000001	7.6	17.025000000000002	24.137500000000003	72.6125
