concurrency	elapsed-r	errors-r	ops(total)-r	ops/sec(cum)-r	avg(ms)-r	p50(ms)-r	p95(ms)-r	p99(ms)-r	pMax(ms)-r	total-r	elapsed	errors	ops(total)	ops/sec(cum)	avg(ms)	p50(ms)	p95(ms)	p99(ms)	pMax(ms)
22	0.0	0.0	1271839.0	42394.0	3.9875	3.6999999999999993	7.725	11.349999999999998	31.875000000000004	0.0	0.0	0.0	1271839.0	42394.0	3.9875	3.6999999999999993	7.725	11.349999999999998	31.875000000000004
