concurrency	elapsed-r	errors-r	ops(total)-r	ops/sec(cum)-r	avg(ms)-r	p50(ms)-r	p95(ms)-r	p99(ms)-r	pMax(ms)-r	total-r	elapsed	errors	ops(total)	ops/sec(cum)	avg(ms)	p50(ms)	p95(ms)	p99(ms)	pMax(ms)
24	0.0	0.0	1386051.0	46200.799999999996	4.0125	3.6624999999999996	7.7875	11.474999999999998	29.637500000000003	0.0	0.0	0.0	1386051.0	46200.799999999996	4.0125	3.6624999999999996	7.7875	11.474999999999998	29.637500000000003
