concurrency	elapsed-w	errors-w	ops(total)-w	ops/sec(cum)-w	avg(ms)-w	p50(ms)-w	p95(ms)-w	p99(ms)-w	pMax(ms)-w	total-w	elapsed	errors	ops(total)	ops/sec(cum)	avg(ms)	p50(ms)	p95(ms)	p99(ms)	pMax(ms)
43	0.0	0.0	3878225.0	129270.90000000001	2.475	1.525	7.499999999999999	10.5	38.125	0.0	0.0	0.0	3878225.0	129270.90000000001	2.475	1.525	7.499999999999999	10.5	38.125
