concurrency	elapsed-r	errors-r	ops(total)-r	ops/sec(cum)-r	avg(ms)-r	p50(ms)-r	p95(ms)-r	p99(ms)-r	pMax(ms)-r	total-r	elapsed-w	errors-w	ops(total)-w	ops/sec(cum)-w	avg(ms)-w	p50(ms)-w	p95(ms)-w	p99(ms)-w	pMax(ms)-w	total-w	elapsed	errors	ops(total)	ops/sec(cum)	avg(ms)	p50(ms)	p95(ms)	p99(ms)	pMax(ms)
48	0.0	0.0	1086686.0	36221.3	8.6875	3.625	18.875000000000004	163.60000000000002	459.2625	0.0	0.0	0.0	57338.0	1911.1999999999998	29.449999999999996	7.25	223.35	316.70000000000005	595.5875000000001	0.0	0.0	0.0	1144024.0	38132.4	9.712499999999999	3.75	20.575	188.7	595.5875000000001
