ops/sec(cum)	p50(ms)	p99(ms)	skews
31568.7	2.4	21.0	0
28812.5	1.9666666666666668	21.0	0.9
31872.5	2.0	18.9	0.99
36574.5	2.0	15.699999999999998	1.1
23873.6	2.9	17.8	1.2
26599.1	2.533333333333333	16.3	1.3
26698.800000000003	2.9	22.0	1.4
27024.7	2.2	19.9	1.5
