concurrency	elapsed-r	errors-r	ops(total)-r	ops/sec(cum)-r	avg(ms)-r	p50(ms)-r	p95(ms)-r	p99(ms)-r	pMax(ms)-r	total-r	elapsed-w	errors-w	ops(total)-w	ops/sec(cum)-w	avg(ms)-w	p50(ms)-w	p95(ms)-w	p99(ms)-w	pMax(ms)-w	total-w	elapsed	errors	ops(total)	ops/sec(cum)	avg(ms)	p50(ms)	p95(ms)	p99(ms)	pMax(ms)
46	0.0	0.0	2583241.0	57404.399999999994	2.62	1.8	8.1	19.9	86.82000000000001	0.0	0.0	0.0	135529.0	3011.7000000000003	5.0200000000000005	3.5	16.06	30.419999999999998	98.17999999999999	0.0	0.0	0.0	2718770.0	60416.1	2.8	1.8	8.9	21.0	113.28
