concurrency	elapsed-r	errors-r	ops(total)-r	ops/sec(cum)-r	avg(ms)-r	p50(ms)-r	p95(ms)-r	p99(ms)-r	pMax(ms)-r	total-r	elapsed-w	errors-w	ops(total)-w	ops/sec(cum)-w	avg(ms)-w	p50(ms)-w	p95(ms)-w	p99(ms)-w	pMax(ms)-w	total-w	elapsed	errors	ops(total)	ops/sec(cum)	avg(ms)	p50(ms)	p95(ms)	p99(ms)	pMax(ms)
152	0.0	0.0	2792546.0	93079.5	7.519999999999999	5.720000000000001	20.740000000000002	35.2	486.5400000000001	0.0	0.0	0.0	146600.0	4886.5	30.339999999999996	28.079999999999995	59.58	79.25999999999999	488.2	0.0	0.0	0.0	2939146.0	97966.0	8.66	5.92	27.060000000000002	50.739999999999995	493.24000000000007
