concurrency	elapsed-r	errors-r	ops(total)-r	ops/sec(cum)-r	avg(ms)-r	p50(ms)-r	p95(ms)-r	p99(ms)-r	pMax(ms)-r	total-r	elapsed-w	errors-w	ops(total)-w	ops/sec(cum)-w	avg(ms)-w	p50(ms)-w	p95(ms)-w	p99(ms)-w	pMax(ms)-w	total-w	elapsed	errors	ops(total)	ops/sec(cum)	avg(ms)	p50(ms)	p95(ms)	p99(ms)	pMax(ms)
48	0.0	0.0	1947783.0	64923.7	4.925000000000001	4.35	11.525	18.1	67.8875	0.0	0.0	0.0	102302.0	3410.0	8.9625	8.4	19.650000000000002	27.2875	67.1	0.0	0.0	0.0	2050085.0	68333.69999999998	5.125	4.4750000000000005	12.325	19.250000000000004	75.23750000000001
