concurrency	elapsed-r	errors-r	ops(total)-r	ops/sec(cum)-r	avg(ms)-r	p50(ms)-r	p95(ms)-r	p99(ms)-r	pMax(ms)-r	total-r	elapsed-w	errors-w	ops(total)-w	ops/sec(cum)-w	avg(ms)-w	p50(ms)-w	p95(ms)-w	p99(ms)-w	pMax(ms)-w	total-w	elapsed	errors	ops(total)	ops/sec(cum)	avg(ms)	p50(ms)	p95(ms)	p99(ms)	pMax(ms)
46	0.0	0.0	3075246.0	102505.49999999999	2.9749999999999996	2.7625	5.3	9.5125	27.275000000000002	0.0	0.0	0.0	162410.0	5413.5	3.2249999999999996	2.7875	7.174999999999999	11.1375	24.000000000000004	0.0	0.0	0.0	3237656.0	107919.2	3.0	2.7625	5.325	9.5125	27.5375
