concurrency	elapsed-r	errors-r	ops(total)-r	ops/sec(cum)-r	avg(ms)-r	p50(ms)-r	p95(ms)-r	p99(ms)-r	pMax(ms)-r	total-r	elapsed-w	errors-w	ops(total)-w	ops/sec(cum)-w	avg(ms)-w	p50(ms)-w	p95(ms)-w	p99(ms)-w	pMax(ms)-w	total-w	elapsed	errors	ops(total)	ops/sec(cum)	avg(ms)	p50(ms)	p95(ms)	p99(ms)	pMax(ms)
53	0.0	0.0	1934404.0	64477.5	5.4625	4.8	13.099999999999998	20.7	72.35	0.0	0.0	0.0	101674.0	3389.0	10.3125	9.7	23.2125	33.175	81.275	0.0	0.0	0.0	2036078.0	67866.59999999999	5.7375	4.925000000000001	14.024999999999999	22.037499999999998	84.425
