concurrency	elapsed-r	errors-r	ops(total)-r	ops/sec(cum)-r	avg(ms)-r	p50(ms)-r	p95(ms)-r	p99(ms)-r	pMax(ms)-r	total-r	elapsed	errors	ops(total)	ops/sec(cum)	avg(ms)	p50(ms)	p95(ms)	p99(ms)	pMax(ms)
31	0.0	0.0	1013675.0	33788.2	7.275	6.6125	14.8875	21.099999999999998	57.12499999999999	0.0	0.0	0.0	1013675.0	33788.2	7.275	6.6125	14.8875	21.099999999999998	57.12499999999999
