concurrency	elapsed-r	errors-r	ops(total)-r	ops/sec(cum)-r	avg(ms)-r	p50(ms)-r	p95(ms)-r	p99(ms)-r	pMax(ms)-r	total-r	elapsed-w	errors-w	ops(total)-w	ops/sec(cum)-w	avg(ms)-w	p50(ms)-w	p95(ms)-w	p99(ms)-w	pMax(ms)-w	total-w	elapsed	errors	ops(total)	ops/sec(cum)	avg(ms)	p50(ms)	p95(ms)	p99(ms)	pMax(ms)
39	0.0	0.0	255656.0	8521.5	7.687499999999999	2.525	6.7124999999999995	15.475	6140.4625	0.0	0.0	0.0	13424.0	447.5	534.8249999999999	7.5	973.1000000000001	7281.35	9294.5625	0.0	0.0	0.0	269080.0	8969.0	34.012499999999996	2.6125	8.6	964.7	9294.5625
