concurrency	elapsed-r	errors-r	ops(total)-r	ops/sec(cum)-r	avg(ms)-r	p50(ms)-r	p95(ms)-r	p99(ms)-r	pMax(ms)-r	total-r	elapsed-w	errors-w	ops(total)-w	ops/sec(cum)-w	avg(ms)-w	p50(ms)-w	p95(ms)-w	p99(ms)-w	pMax(ms)-w	total-w	elapsed	errors	ops(total)	ops/sec(cum)	avg(ms)	p50(ms)	p95(ms)	p99(ms)	pMax(ms)
13	0.0	0.0	652447.0	21747.8	3.7124999999999995	2.475	12.537499999999998	21.625	47.9375	0.0	0.0	0.0	34449.0	1148.3999999999999	16.125	9.075	37.612500000000004	212.84999999999997	358.59999999999997	0.0	0.0	0.0	686896.0	22896.1	4.35	2.65	13.412499999999998	22.9625	358.59999999999997
