concurrency	elapsed-r	errors-r	ops(total)-r	ops/sec(cum)-r	avg(ms)-r	p50(ms)-r	p95(ms)-r	p99(ms)-r	pMax(ms)-r	total-r	elapsed-w	errors-w	ops(total)-w	ops/sec(cum)-w	avg(ms)-w	p50(ms)-w	p95(ms)-w	p99(ms)-w	pMax(ms)-w	total-w	elapsed	errors	ops(total)	ops/sec(cum)	avg(ms)	p50(ms)	p95(ms)	p99(ms)	pMax(ms)
8	0.0	0.0	456284.0	15209.3	1.6250000000000002	1.4249999999999998	3.025	7.275	169.9	0.0	0.0	0.0	24211.0	807.0	2.8249999999999997	2.525	5.2	13.375	144.725	0.0	0.0	0.0	480495.0	16016.300000000001	1.7249999999999999	1.45	3.25	7.875	169.9
