concurrency	elapsed-r	errors-r	ops(total)-r	ops/sec(cum)-r	avg(ms)-r	p50(ms)-r	p95(ms)-r	p99(ms)-r	pMax(ms)-r	total-r	elapsed-w	errors-w	ops(total)-w	ops/sec(cum)-w	avg(ms)-w	p50(ms)-w	p95(ms)-w	p99(ms)-w	pMax(ms)-w	total-w	elapsed	errors	ops(total)	ops/sec(cum)	avg(ms)	p50(ms)	p95(ms)	p99(ms)	pMax(ms)
6	0.0	0.0	553620.0	18453.700000000004	2.1875	1.9249999999999998	4.425	6.5249999999999995	17.825	0.0	0.0	0.0	28874.0	962.5	3.8625000000000003	3.575	7.0249999999999995	10.674999999999999	19.7875	0.0	0.0	0.0	582494.0	19416.100000000002	2.2625	1.9749999999999999	4.65	6.825	20.175
