concurrency	elapsed-r	errors-r	ops(total)-r	ops/sec(cum)-r	avg(ms)-r	p50(ms)-r	p95(ms)-r	p99(ms)-r	pMax(ms)-r	total-r	elapsed-w	errors-w	ops(total)-w	ops/sec(cum)-w	avg(ms)-w	p50(ms)-w	p95(ms)-w	p99(ms)-w	pMax(ms)-w	total-w	elapsed	errors	ops(total)	ops/sec(cum)	avg(ms)	p50(ms)	p95(ms)	p99(ms)	pMax(ms)
56	0.0	0.0	1942692.0	64754.19999999999	5.7625	5.050000000000001	13.749999999999998	21.5	66.3125	0.0	0.0	0.0	102122.0	3404.1	10.4625	9.75	23.224999999999998	32.5125	68.15	0.0	0.0	0.0	2044814.0	68158.00000000001	6.0249999999999995	5.1625	14.700000000000001	22.55	71.5625
