concurrency	elapsed-r	errors-r	ops(total)-r	ops/sec(cum)-r	avg(ms)-r	p50(ms)-r	p95(ms)-r	p99(ms)-r	pMax(ms)-r	total-r	elapsed-w	errors-w	ops(total)-w	ops/sec(cum)-w	avg(ms)-w	p50(ms)-w	p95(ms)-w	p99(ms)-w	pMax(ms)-w	total-w	elapsed	errors	ops(total)	ops/sec(cum)	avg(ms)	p50(ms)	p95(ms)	p99(ms)	pMax(ms)
4	0.0	0.0	220150.0	7338.200000000001	3.525	3.2249999999999996	6.775	8.5	14.35	0.0	0.0	0.0	11522.0	384.19999999999993	11.237499999999999	8.6125	29.6625	38.75	57.912499999999994	0.0	0.0	0.0	231672.0	7722.400000000001	3.875	3.2624999999999993	7.5	18.625	57.912499999999994
