concurrency	elapsed-r	errors-r	ops(total)-r	ops/sec(cum)-r	avg(ms)-r	p50(ms)-r	p95(ms)-r	p99(ms)-r	pMax(ms)-r	total-r	elapsed-w	errors-w	ops(total)-w	ops/sec(cum)-w	avg(ms)-w	p50(ms)-w	p95(ms)-w	p99(ms)-w	pMax(ms)-w	total-w	elapsed	errors	ops(total)	ops/sec(cum)	avg(ms)	p50(ms)	p95(ms)	p99(ms)	pMax(ms)
27	0.0	0.0	1047013.0	34899.7	5.6625000000000005	5.762499999999999	10.125	11.5	62.26249999999999	0.0	0.0	0.0	54752.0	1825.1	6.1625	6.0249999999999995	10.6875	13.424999999999997	110.6125	0.0	0.0	0.0	1101765.0	36724.9	5.687500000000001	5.799999999999999	10.125	11.5	110.6125
