concurrency	elapsed-r	errors-r	ops(total)-r	ops/sec(cum)-r	avg(ms)-r	p50(ms)-r	p95(ms)-r	p99(ms)-r	pMax(ms)-r	total-r	elapsed-w	errors-w	ops(total)-w	ops/sec(cum)-w	avg(ms)-w	p50(ms)-w	p95(ms)-w	p99(ms)-w	pMax(ms)-w	total-w	elapsed	errors	ops(total)	ops/sec(cum)	avg(ms)	p50(ms)	p95(ms)	p99(ms)	pMax(ms)
47	0.0	0.0	813093.0	27102.5	3.1666666666666665	2.0	8.4	18.9	60.1	0.0	0.0	0.0	42657.0	1421.8	1.4333333333333333	0.9666666666666667	3.4333333333333336	9.066666666666668	46.800000000000004	0.0	0.0	0.0	855750.0	28524.399999999998	3.1	1.8666666666666665	8.200000000000001	17.8	60.1
