concurrency	elapsed-r	errors-r	ops(total)-r	ops/sec(cum)-r	avg(ms)-r	p50(ms)-r	p95(ms)-r	p99(ms)-r	pMax(ms)-r	total-r	elapsed-w	errors-w	ops(total)-w	ops/sec(cum)-w	avg(ms)-w	p50(ms)-w	p95(ms)-w	p99(ms)-w	pMax(ms)-w	total-w	elapsed	errors	ops(total)	ops/sec(cum)	avg(ms)	p50(ms)	p95(ms)	p99(ms)	pMax(ms)
54	0.0	0.0	820694.0	27355.800000000003	3.6	2.1333333333333333	10.0	21.0	71.3	0.0	0.0	0.0	43705.0	1456.9	1.7666666666666668	0.9666666666666667	6.8	16.066666666666666	55.20000000000001	0.0	0.0	0.0	864399.0	28812.5	3.5	1.9666666666666668	10.0	21.0	71.3
