concurrency	elapsed-r	errors-r	ops(total)-r	ops/sec(cum)-r	avg(ms)-r	p50(ms)-r	p95(ms)-r	p99(ms)-r	pMax(ms)-r	total-r	elapsed-w	errors-w	ops(total)-w	ops/sec(cum)-w	avg(ms)-w	p50(ms)-w	p95(ms)-w	p99(ms)-w	pMax(ms)-w	total-w	elapsed	errors	ops(total)	ops/sec(cum)	avg(ms)	p50(ms)	p95(ms)	p99(ms)	pMax(ms)
64	0.0	0.0	2379777.0	79323.7	2.1333333333333333	1.4333333333333333	5.5	9.866666666666667	26.733333333333334	0.0	0.0	0.0	126046.0	4201.5	7.266666666666666	2.766666666666666	34.93333333333333	51.06666666666666	79.0	0.0	0.0	0.0	2505823.0	83525.0	2.4	1.5	5.8999999999999995	14.333333333333334	79.0
