concurrency	elapsed-r	errors-r	ops(total)-r	ops/sec(cum)-r	avg(ms)-r	p50(ms)-r	p95(ms)-r	p99(ms)-r	pMax(ms)-r	total-r	elapsed-w	errors-w	ops(total)-w	ops/sec(cum)-w	avg(ms)-w	p50(ms)-w	p95(ms)-w	p99(ms)-w	pMax(ms)-w	total-w	elapsed	errors	ops(total)	ops/sec(cum)	avg(ms)	p50(ms)	p95(ms)	p99(ms)	pMax(ms)
39	0.0	0.0	1936612.0	64552.0	3.9999999999999996	3.5124999999999997	9.4	14.575000000000001	110.1	0.0	0.0	0.0	102344.0	3411.4	7.3999999999999995	6.9125	16.0	22.549999999999997	57.6375	0.0	0.0	0.0	2038956.0	67963.3	4.175	3.575	10.0	15.325000000000001	123.47500000000002
