concurrency	elapsed-r	errors-r	ops(total)-r	ops/sec(cum)-r	avg(ms)-r	p50(ms)-r	p95(ms)-r	p99(ms)-r	pMax(ms)-r	total-r	elapsed-w	errors-w	ops(total)-w	ops/sec(cum)-w	avg(ms)-w	p50(ms)-w	p95(ms)-w	p99(ms)-w	pMax(ms)-w	total-w	elapsed	errors	ops(total)	ops/sec(cum)	avg(ms)	p50(ms)	p95(ms)	p99(ms)	pMax(ms)
17	0.0	0.0	1149118.0	38303.5	3.1375	3.0875000000000004	6.0	7.1000000000000005	35.125	0.0	0.0	0.0	60374.0	2012.4	3.9250000000000003	3.6249999999999996	7.4125	12.575	76.025	0.0	0.0	0.0	1209492.0	40315.799999999996	3.2125	3.1250000000000004	6.0	7.274999999999999	76.025
