concurrency	elapsed-r	errors-r	ops(total)-r	ops/sec(cum)-r	avg(ms)-r	p50(ms)-r	p95(ms)-r	p99(ms)-r	pMax(ms)-r	total-r	elapsed-w	errors-w	ops(total)-w	ops/sec(cum)-w	avg(ms)-w	p50(ms)-w	p95(ms)-w	p99(ms)-w	pMax(ms)-w	total-w	elapsed	errors	ops(total)	ops/sec(cum)	avg(ms)	p50(ms)	p95(ms)	p99(ms)	pMax(ms)
32	0.0	0.0	151990.0	5066.099999999999	5.425	5.475	9.525	12.912499999999998	42.825	0.0	0.0	0.0	7944.0	264.70000000000005	841.75	973.1000000000001	1040.2	1073.7	1124.1000000000001	0.0	0.0	0.0	159934.0	5331.0	47.037499999999994	5.475	15.6625	1006.6000000000001	1124.1000000000001
