concurrency	elapsed-r	errors-r	ops(total)-r	ops/sec(cum)-r	avg(ms)-r	p50(ms)-r	p95(ms)-r	p99(ms)-r	pMax(ms)-r	total-r	elapsed-w	errors-w	ops(total)-w	ops/sec(cum)-w	avg(ms)-w	p50(ms)-w	p95(ms)-w	p99(ms)-w	pMax(ms)-w	total-w	elapsed	errors	ops(total)	ops/sec(cum)	avg(ms)	p50(ms)	p95(ms)	p99(ms)	pMax(ms)
31	0.0	0.0	3273786.0	109124.4	1.9749999999999999	1.85	3.3499999999999996	6.4625	71.45	0.0	0.0	0.0	172940.0	5764.699999999999	1.9749999999999999	1.85	3.3625	6.549999999999999	17.424999999999997	0.0	0.0	0.0	3446726.0	114888.8	1.9749999999999999	1.85	3.3499999999999996	6.5	71.8375
