concurrency	elapsed-r	errors-r	ops(total)-r	ops/sec(cum)-r	avg(ms)-r	p50(ms)-r	p95(ms)-r	p99(ms)-r	pMax(ms)-r	total-r	elapsed-w	errors-w	ops(total)-w	ops/sec(cum)-w	avg(ms)-w	p50(ms)-w	p95(ms)-w	p99(ms)-w	pMax(ms)-w	total-w	elapsed	errors	ops(total)	ops/sec(cum)	avg(ms)	p50(ms)	p95(ms)	p99(ms)	pMax(ms)
67	0.0	0.0	2812432.0	93744.29999999999	2.12	1.42	5.880000000000001	9.319999999999999	26.919999999999998	0.0	0.0	0.0	147980.0	4932.5	56.25999999999999	2.6800000000000006	317.18	338.78	363.64	0.0	0.0	0.0	2960412.0	98676.9	4.819999999999999	1.5	6.32	16.5	363.64
