concurrency	elapsed-r	errors-r	ops(total)-r	ops/sec(cum)-r	avg(ms)-r	p50(ms)-r	p95(ms)-r	p99(ms)-r	pMax(ms)-r	total-r	elapsed-w	errors-w	ops(total)-w	ops/sec(cum)-w	avg(ms)-w	p50(ms)-w	p95(ms)-w	p99(ms)-w	pMax(ms)-w	total-w	elapsed	errors	ops(total)	ops/sec(cum)	avg(ms)	p50(ms)	p95(ms)	p99(ms)	pMax(ms)
47	0.0	0.0	1931917.0	64395.00000000001	4.8375	4.175	11.7375	18.35	85.46249999999999	0.0	0.0	0.0	101240.0	3374.7	9.075000000000001	8.25	20.4375	28.987500000000004	58.7	0.0	0.0	0.0	2033157.0	67769.6	5.0625	4.35	12.474999999999998	19.400000000000002	85.46249999999999
