concurrency	elapsed-w	errors-w	ops(total)-w	ops/sec(cum)-w	avg(ms)-w	p50(ms)-w	p95(ms)-w	p99(ms)-w	pMax(ms)-w	total-w	elapsed	errors	ops(total)	ops/sec(cum)	avg(ms)	p50(ms)	p95(ms)	p99(ms)	pMax(ms)
71	0.0	0.0	726929.0	24230.2	21.6125	12.25	40.0625	62.37499999999999	7415.549999999999	0.0	0.0	0.0	726929.0	24230.2	21.6125	12.25	40.0625	62.37499999999999	7415.549999999999
