concurrency	elapsed-r	errors-r	ops(total)-r	ops/sec(cum)-r	avg(ms)-r	p50(ms)-r	p95(ms)-r	p99(ms)-r	pMax(ms)-r	total-r	elapsed-w	errors-w	ops(total)-w	ops/sec(cum)-w	avg(ms)-w	p50(ms)-w	p95(ms)-w	p99(ms)-w	pMax(ms)-w	total-w	elapsed	errors	ops(total)	ops/sec(cum)	avg(ms)	p50(ms)	p95(ms)	p99(ms)	pMax(ms)
144	0.0	0.0	4408987.0	146955.9	4.880000000000001	3.7199999999999998	13.9	24.3	136.3	0.0	0.0	0.0	231709.0	7723.200000000001	15.14	12.98	29.879999999999995	49.92	387.98	0.0	0.0	0.0	4640696.0	154679.0	5.38	3.8400000000000007	15.86	28.080000000000002	388.82
