concurrency	elapsed-r	errors-r	ops(total)-r	ops/sec(cum)-r	avg(ms)-r	p50(ms)-r	p95(ms)-r	p99(ms)-r	pMax(ms)-r	total-r	elapsed-w	errors-w	ops(total)-w	ops/sec(cum)-w	avg(ms)-w	p50(ms)-w	p95(ms)-w	p99(ms)-w	pMax(ms)-w	total-w	elapsed	errors	ops(total)	ops/sec(cum)	avg(ms)	p50(ms)	p95(ms)	p99(ms)	pMax(ms)
48	0.0	0.0	2931956.0	97729.0	1.7600000000000002	1.28	4.62	7.760000000000001	35.10000000000001	0.0	0.0	0.0	154270.0	5142.1	17.499999999999996	2.16	94.86000000000001	110.50000000000003	139.26	0.0	0.0	0.0	3086226.0	102871.1	2.5399999999999996	1.3399999999999999	4.74	13.080000000000002	139.45999999999998
