concurrency	elapsed-r	errors-r	ops(total)-r	ops/sec(cum)-r	avg(ms)-r	p50(ms)-r	p95(ms)-r	p99(ms)-r	pMax(ms)-r	total-r	elapsed-w	errors-w	ops(total)-w	ops/sec(cum)-w	avg(ms)-w	p50(ms)-w	p95(ms)-w	p99(ms)-w	pMax(ms)-w	total-w	elapsed	errors	ops(total)	ops/sec(cum)	avg(ms)	p50(ms)	p95(ms)	p99(ms)	pMax(ms)
48	0.0	0.0	4300758.0	143354.4	2.2	1.7999999999999998	5.15	8.325	218.09999999999997	0.0	0.0	0.0	225795.0	7526.200000000001	2.3	1.7999999999999998	5.175	9.05	79.1625	0.0	0.0	0.0	4526553.0	150880.8	2.2	1.7999999999999998	5.15	8.325	218.09999999999997
