concurrency	elapsed-r	errors-r	ops(total)-r	ops/sec(cum)-r	avg(ms)-r	p50(ms)-r	p95(ms)-r	p99(ms)-r	pMax(ms)-r	total-r	elapsed-w	errors-w	ops(total)-w	ops/sec(cum)-w	avg(ms)-w	p50(ms)-w	p95(ms)-w	p99(ms)-w	pMax(ms)-w	total-w	elapsed	errors	ops(total)	ops/sec(cum)	avg(ms)	p50(ms)	p95(ms)	p99(ms)	pMax(ms)
54	0.0	0.0	1936159.0	64536.70000000001	5.575	4.8500000000000005	13.499999999999998	21.225	64.475	0.0	0.0	0.0	101713.0	3390.4	10.525	9.837499999999999	23.725	33.8375	63.425	0.0	0.0	0.0	2037872.0	67926.99999999999	5.8375	5.0	14.4875	22.575	70.775
