concurrency	elapsed-r	errors-r	ops(total)-r	ops/sec(cum)-r	avg(ms)-r	p50(ms)-r	p95(ms)-r	p99(ms)-r	pMax(ms)-r	total-r	elapsed-w	errors-w	ops(total)-w	ops/sec(cum)-w	avg(ms)-w	p50(ms)-w	p95(ms)-w	p99(ms)-w	pMax(ms)-w	total-w	elapsed	errors	ops(total)	ops/sec(cum)	avg(ms)	p50(ms)	p95(ms)	p99(ms)	pMax(ms)
31	0.0	0.0	1025214.0	34172.899999999994	7.7125	5.2	18.475	33.137499999999996	53.475	0.0	0.0	0.0	54339.0	1811.3000000000002	8.5375	5.674999999999999	22.425	36.8	59.4875	0.0	0.0	0.0	1079553.0	35984.4	7.7625	5.2	18.475	33.137499999999996	61.85
