concurrency	elapsed-r	errors-r	ops(total)-r	ops/sec(cum)-r	avg(ms)-r	p50(ms)-r	p95(ms)-r	p99(ms)-r	pMax(ms)-r	total-r	elapsed-w	errors-w	ops(total)-w	ops/sec(cum)-w	avg(ms)-w	p50(ms)-w	p95(ms)-w	p99(ms)-w	pMax(ms)-w	total-w	elapsed	errors	ops(total)	ops/sec(cum)	avg(ms)	p50(ms)	p95(ms)	p99(ms)	pMax(ms)
32	0.0	0.0	3300618.0	110018.39999999998	1.925	1.8250000000000002	3.0875	6.137499999999999	28.850000000000005	0.0	0.0	0.0	174383.0	5812.8	2.0000000000000004	1.8375000000000001	3.6374999999999997	6.8500000000000005	18.8125	0.0	0.0	0.0	3475001.0	115831.1	1.925	1.8250000000000002	3.0875	6.225	28.850000000000005
