concurrency	elapsed-r	errors-r	ops(total)-r	ops/sec(cum)-r	avg(ms)-r	p50(ms)-r	p95(ms)-r	p99(ms)-r	pMax(ms)-r	total-r	elapsed-w	errors-w	ops(total)-w	ops/sec(cum)-w	avg(ms)-w	p50(ms)-w	p95(ms)-w	p99(ms)-w	pMax(ms)-w	total-w	elapsed	errors	ops(total)	ops/sec(cum)	avg(ms)	p50(ms)	p95(ms)	p99(ms)	pMax(ms)
145	0.0	0.0	4593292.0	153100.3	4.44	3.6399999999999997	11.24	18.96	206.98000000000002	0.0	0.0	0.0	242315.0	8076.699999999999	12.48	11.120000000000001	25.68	34.059999999999995	148.48	0.0	0.0	0.0	4835607.0	161176.9	4.8	3.78	13.539999999999997	22.46	206.98000000000002
