concurrency	elapsed-r	errors-r	ops(total)-r	ops/sec(cum)-r	avg(ms)-r	p50(ms)-r	p95(ms)-r	p99(ms)-r	pMax(ms)-r	total-r	elapsed	errors	ops(total)	ops/sec(cum)	avg(ms)	p50(ms)	p95(ms)	p99(ms)	pMax(ms)
44	0.0	0.0	5500289.0	183338.1	1.5499999999999998	1.4124999999999999	2.6624999999999996	5.55	218.09999999999997	0.0	0.0	0.0	5500289.0	183338.1	1.5499999999999998	1.4124999999999999	2.6624999999999996	5.55	218.09999999999997
