concurrency	elapsed-r	errors-r	ops(total)-r	ops/sec(cum)-r	avg(ms)-r	p50(ms)-r	p95(ms)-r	p99(ms)-r	pMax(ms)-r	total-r	elapsed-w	errors-w	ops(total)-w	ops/sec(cum)-w	avg(ms)-w	p50(ms)-w	p95(ms)-w	p99(ms)-w	pMax(ms)-w	total-w	elapsed	errors	ops(total)	ops/sec(cum)	avg(ms)	p50(ms)	p95(ms)	p99(ms)	pMax(ms)
8	0.0	0.0	225662.0	7521.9	3.7375	3.5625	6.8	8.5	19.187500000000004	0.0	0.0	0.0	11957.0	398.5	84.8375	115.825	151.0	163.60000000000002	175.15	0.0	0.0	0.0	237619.0	7920.400000000001	7.812499999999999	3.6500000000000004	8.2	139.45000000000002	175.15
