concurrency	elapsed-r	errors-r	ops(total)-r	ops/sec(cum)-r	avg(ms)-r	p50(ms)-r	p95(ms)-r	p99(ms)-r	pMax(ms)-r	total-r	elapsed-w	errors-w	ops(total)-w	ops/sec(cum)-w	avg(ms)-w	p50(ms)-w	p95(ms)-w	p99(ms)-w	pMax(ms)-w	total-w	elapsed	errors	ops(total)	ops/sec(cum)	avg(ms)	p50(ms)	p95(ms)	p99(ms)	pMax(ms)
120	0.0	0.0	2706911.0	90225.99999999999	3.6	2.46	11.08	22.639999999999997	98.97999999999999	0.0	0.0	0.0	141825.0	4727.299999999999	81.53999999999999	7.0200000000000005	30.160000000000004	2691.0199999999995	2999.7599999999998	0.0	0.0	0.0	2848736.0	94953.20000000001	7.4399999999999995	2.56	12.479999999999999	25.28	2999.7599999999998
