concurrency	elapsed-r	errors-r	ops(total)-r	ops/sec(cum)-r	avg(ms)-r	p50(ms)-r	p95(ms)-r	p99(ms)-r	pMax(ms)-r	total-r	elapsed-w	errors-w	ops(total)-w	ops/sec(cum)-w	avg(ms)-w	p50(ms)-w	p95(ms)-w	p99(ms)-w	pMax(ms)-w	total-w	elapsed	errors	ops(total)	ops/sec(cum)	avg(ms)	p50(ms)	p95(ms)	p99(ms)	pMax(ms)
32	0.0	0.0	1911143.0	63703.0	3.325	2.9	7.9	13.099999999999998	41.1375	0.0	0.0	0.0	100233.0	3341.1000000000004	6.0	5.425000000000001	13.424999999999997	20.1875	74.1875	0.0	0.0	0.0	2011376.0	67044.0	3.4625	2.95	8.4875	13.624999999999998	74.1875
