concurrency	elapsed-w	errors-w	ops(total)-w	ops/sec(cum)-w	avg(ms)-w	p50(ms)-w	p95(ms)-w	p99(ms)-w	pMax(ms)-w	total-w	elapsed	errors	ops(total)	ops/sec(cum)	avg(ms)	p50(ms)	p95(ms)	p99(ms)	pMax(ms)
55	0.0	0.0	3451277.0	115039.5	3.5625000000000004	3.4	7.449999999999999	10.875	29.387500000000003	0.0	0.0	0.0	3451277.0	115039.5	3.5625000000000004	3.4	7.449999999999999	10.875	29.387500000000003
