concurrency	elapsed-r	errors-r	ops(total)-r	ops/sec(cum)-r	avg(ms)-r	p50(ms)-r	p95(ms)-r	p99(ms)-r	pMax(ms)-r	total-r	elapsed-w	errors-w	ops(total)-w	ops/sec(cum)-w	avg(ms)-w	p50(ms)-w	p95(ms)-w	p99(ms)-w	pMax(ms)-w	total-w	elapsed	errors	ops(total)	ops/sec(cum)	avg(ms)	p50(ms)	p95(ms)	p99(ms)	pMax(ms)
64	0.0	0.0	2809731.0	93655.3	3.3599999999999994	2.84	7.3	17.22	96.03999999999999	0.0	0.0	0.0	147531.0	4917.5	8.86	7.959999999999999	18.779999999999998	26.820000000000004	66.92	0.0	0.0	0.0	2957262.0	98572.90000000001	3.6399999999999997	2.88	9.4	18.02	96.23999999999998
