concurrency	elapsed-r	errors-r	ops(total)-r	ops/sec(cum)-r	avg(ms)-r	p50(ms)-r	p95(ms)-r	p99(ms)-r	pMax(ms)-r	total-r	elapsed-w	errors-w	ops(total)-w	ops/sec(cum)-w	avg(ms)-w	p50(ms)-w	p95(ms)-w	p99(ms)-w	pMax(ms)-w	total-w	elapsed	errors	ops(total)	ops/sec(cum)	avg(ms)	p50(ms)	p95(ms)	p99(ms)	pMax(ms)
86	0.0	0.0	87402.0	1456.6999999999998	2.8499999999999996	1.825	8.799999999999999	18.224999999999998	78.65	0.0	0.0	0.0	4270.0	71.1	8.15	4.125	29.125	42.425	56.075	0.0	0.0	0.0	91672.0	1527.8000000000002	3.1	1.8499999999999999	10.075	21.75	78.65
