concurrency	elapsed-r	errors-r	ops(total)-r	ops/sec(cum)-r	avg(ms)-r	p50(ms)-r	p95(ms)-r	p99(ms)-r	pMax(ms)-r	total-r	elapsed-w	errors-w	ops(total)-w	ops/sec(cum)-w	avg(ms)-w	p50(ms)-w	p95(ms)-w	p99(ms)-w	pMax(ms)-w	total-w	elapsed	errors	ops(total)	ops/sec(cum)	avg(ms)	p50(ms)	p95(ms)	p99(ms)	pMax(ms)
14	0.0	0.0	161498.0	5383.2	4.75	4.7375	8.375	10.1625	18.299999999999997	0.0	0.0	0.0	8314.0	277.1	304.58750000000003	352.30000000000007	402.69999999999993	419.40000000000003	431.99999999999994	0.0	0.0	0.0	169812.0	5660.3	19.475	4.775	11.1875	369.09999999999997	431.99999999999994
