concurrency	elapsed-r	errors-r	ops(total)-r	ops/sec(cum)-r	avg(ms)-r	p50(ms)-r	p95(ms)-r	p99(ms)-r	pMax(ms)-r	total-r	elapsed	errors	ops(total)	ops/sec(cum)	avg(ms)	p50(ms)	p95(ms)	p99(ms)	pMax(ms)
19	0.0	0.0	1388004.0	46266.200000000004	3.125	2.9375	5.699999999999999	8.7	22.95	0.0	0.0	0.0	1388004.0	46266.200000000004	3.125	2.9375	5.699999999999999	8.7	22.95
