concurrency	elapsed-r	errors-r	ops(total)-r	ops/sec(cum)-r	avg(ms)-r	p50(ms)-r	p95(ms)-r	p99(ms)-r	pMax(ms)-r	total-r	elapsed-w	errors-w	ops(total)-w	ops/sec(cum)-w	avg(ms)-w	p50(ms)-w	p95(ms)-w	p99(ms)-w	pMax(ms)-w	total-w	elapsed	errors	ops(total)	ops/sec(cum)	avg(ms)	p50(ms)	p95(ms)	p99(ms)	pMax(ms)
5	0.0	0.0	350670.0	11688.900000000001	2.65	2.25	5.25	6.699999999999999	19.075000000000003	0.0	0.0	0.0	18688.0	623.0	10.65	6.6499999999999995	30.962500000000002	40.5875	55.2875	0.0	0.0	0.0	369358.0	12311.6	3.0500000000000003	2.3375	5.9	19.7875	55.2875
