concurrency	elapsed-r	errors-r	ops(total)-r	ops/sec(cum)-r	avg(ms)-r	p50(ms)-r	p95(ms)-r	p99(ms)-r	pMax(ms)-r	total-r	elapsed-w	errors-w	ops(total)-w	ops/sec(cum)-w	avg(ms)-w	p50(ms)-w	p95(ms)-w	p99(ms)-w	pMax(ms)-w	total-w	elapsed	errors	ops(total)	ops/sec(cum)	avg(ms)	p50(ms)	p95(ms)	p99(ms)	pMax(ms)
39	0.0	0.0	1947124.0	64901.90000000001	3.9625	3.525	9.15	14.450000000000001	40.62500000000001	0.0	0.0	0.0	101953.0	3398.2999999999997	7.1625000000000005	6.7875	15.450000000000001	21.8875	38.2625	0.0	0.0	0.0	2049077.0	68300.29999999999	4.1375	3.5999999999999996	9.85	15.137500000000001	42.425000000000004
