concurrency	elapsed-r	errors-r	ops(total)-r	ops/sec(cum)-r	avg(ms)-r	p50(ms)-r	p95(ms)-r	p99(ms)-r	pMax(ms)-r	total-r	elapsed-w	errors-w	ops(total)-w	ops/sec(cum)-w	avg(ms)-w	p50(ms)-w	p95(ms)-w	p99(ms)-w	pMax(ms)-w	total-w	elapsed	errors	ops(total)	ops/sec(cum)	avg(ms)	p50(ms)	p95(ms)	p99(ms)	pMax(ms)
34	0.0	0.0	1812683.0	60420.600000000006	4.687499999999999	2.575	16.925	31.425000000000004	58.85	0.0	0.0	0.0	95342.0	3178.0	4.675	2.5625	16.925	30.862500000000004	52.9375	0.0	0.0	0.0	1908025.0	63598.7	4.687499999999999	2.575	16.925	31.425000000000004	61.3375
