concurrency	elapsed-r	errors-r	ops(total)-r	ops/sec(cum)-r	avg(ms)-r	p50(ms)-r	p95(ms)-r	p99(ms)-r	pMax(ms)-r	total-r	elapsed-w	errors-w	ops(total)-w	ops/sec(cum)-w	avg(ms)-w	p50(ms)-w	p95(ms)-w	p99(ms)-w	pMax(ms)-w	total-w	elapsed	errors	ops(total)	ops/sec(cum)	avg(ms)	p50(ms)	p95(ms)	p99(ms)	pMax(ms)
36	0.0	0.0	1813453.0	60446.9	4.0125	3.4124999999999996	9.4	15.05	46.6375	0.0	0.0	0.0	94864.0	3162.1000000000004	6.499999999999999	5.262499999999999	16.3375	23.474999999999998	58.96249999999999	0.0	0.0	0.0	1908317.0	63608.90000000001	4.1625	3.45	9.9	16.15	58.96249999999999
