ops/sec(cum)	p50(ms)	p99(ms)	read_tp	read_p50	read_p99	write_tp	write_p50	write_p99
309875.95	0.19628571428571429	0.7642857142857142	296337.1	0.196	0.7642857142857142	13537.850000000002	0.19657142857142856	0.7654285714285715
