concurrency	elapsed-r	errors-r	ops(total)-r	ops/sec(cum)-r	avg(ms)-r	p50(ms)-r	p95(ms)-r	p99(ms)-r	pMax(ms)-r	total-r	elapsed-w	errors-w	ops(total)-w	ops/sec(cum)-w	avg(ms)-w	p50(ms)-w	p95(ms)-w	p99(ms)-w	pMax(ms)-w	total-w	elapsed	errors	ops(total)	ops/sec(cum)	avg(ms)	p50(ms)	p95(ms)	p99(ms)	pMax(ms)
152	0.0	0.0	3483508.0	116105.8	3.5999999999999996	3.033333333333333	7.733333333333333	17.099999999999998	75.5	0.0	0.0	0.0	183491.0	6115.700000000001	7.366666666666667	6.433333333333334	16.766666666666666	23.599999999999998	72.33333333333333	0.0	0.0	0.0	3666999.0	122221.70000000001	3.733333333333333	3.0666666666666664	8.766666666666666	17.833333333333332	78.3
