concurrency	elapsed-r	errors-r	ops(total)-r	ops/sec(cum)-r	avg(ms)-r	p50(ms)-r	p95(ms)-r	p99(ms)-r	pMax(ms)-r	total-r	elapsed-w	errors-w	ops(total)-w	ops/sec(cum)-w	avg(ms)-w	p50(ms)-w	p95(ms)-w	p99(ms)-w	pMax(ms)-w	total-w	elapsed	errors	ops(total)	ops/sec(cum)	avg(ms)	p50(ms)	p95(ms)	p99(ms)	pMax(ms)
32	0.0	0.0	3066373.0	102210.59999999999	2.1750000000000003	2.0250000000000004	3.875	6.7749999999999995	73.4125	0.0	0.0	0.0	161114.0	5370.400000000001	2.1750000000000003	2.0125	3.8	6.9375	43.4	0.0	0.0	0.0	3227487.0	107580.8	2.1750000000000003	2.0250000000000004	3.875	6.812499999999999	74.19999999999999
