concurrency	elapsed-r	errors-r	ops(total)-r	ops/sec(cum)-r	avg(ms)-r	p50(ms)-r	p95(ms)-r	p99(ms)-r	pMax(ms)-r	total-r	elapsed-w	errors-w	ops(total)-w	ops/sec(cum)-w	avg(ms)-w	p50(ms)-w	p95(ms)-w	p99(ms)-w	pMax(ms)-w	total-w	elapsed	errors	ops(total)	ops/sec(cum)	avg(ms)	p50(ms)	p95(ms)	p99(ms)	pMax(ms)
26	0.0	0.0	2850013.0	94998.9	1.8875	1.6875	3.7624999999999997	5.975	43.912499999999994	0.0	0.0	0.0	151091.0	5036.4	1.8250000000000002	1.6124999999999998	3.6249999999999996	5.7375	15.875000000000002	0.0	0.0	0.0	3001104.0	100035.09999999999	1.85	1.675	3.7624999999999997	5.975	43.912499999999994
