concurrency	elapsed-r	errors-r	ops(total)-r	ops/sec(cum)-r	avg(ms)-r	p50(ms)-r	p95(ms)-r	p99(ms)-r	pMax(ms)-r	total-r	elapsed-w	errors-w	ops(total)-w	ops/sec(cum)-w	avg(ms)-w	p50(ms)-w	p95(ms)-w	p99(ms)-w	pMax(ms)-w	total-w	elapsed	errors	ops(total)	ops/sec(cum)	avg(ms)	p50(ms)	p95(ms)	p99(ms)	pMax(ms)
27	0.0	0.0	419643.0	13987.7	3.466666666666667	2.033333333333333	10.0	17.46666666666667	96.5	0.0	0.0	0.0	21990.0	733.0	35.63333333333333	4.633333333333334	195.70000000000002	234.9	302.0	0.0	0.0	0.0	441633.0	14720.8	5.066666666666666	2.1333333333333333	11.0	31.13333333333333	302.0
