concurrency	elapsed-r	errors-r	ops(total)-r	ops/sec(cum)-r	avg(ms)-r	p50(ms)-r	p95(ms)-r	p99(ms)-r	pMax(ms)-r	total-r	elapsed-w	errors-w	ops(total)-w	ops/sec(cum)-w	avg(ms)-w	p50(ms)-w	p95(ms)-w	p99(ms)-w	pMax(ms)-w	total-w	elapsed	errors	ops(total)	ops/sec(cum)	avg(ms)	p50(ms)	p95(ms)	p99(ms)	pMax(ms)
54	0.0	0.0	1923342.0	64109.200000000004	5.625	4.775	13.749999999999998	22.4125	182.43750000000003	0.0	0.0	0.0	101009.0	3366.8999999999996	10.6125	9.425	24.374999999999996	37.199999999999996	212.8625	0.0	0.0	0.0	2024351.0	67476.0	5.875	4.9	14.825000000000001	23.849999999999998	213.9
