concurrency	elapsed-r	errors-r	ops(total)-r	ops/sec(cum)-r	avg(ms)-r	p50(ms)-r	p95(ms)-r	p99(ms)-r	pMax(ms)-r	total-r	elapsed-w	errors-w	ops(total)-w	ops/sec(cum)-w	avg(ms)-w	p50(ms)-w	p95(ms)-w	p99(ms)-w	pMax(ms)-w	total-w	elapsed	errors	ops(total)	ops/sec(cum)	avg(ms)	p50(ms)	p95(ms)	p99(ms)	pMax(ms)
56	0.0	0.0	3409278.0	113639.5	3.4	3.2249999999999996	5.85	10.725	102.1125	0.0	0.0	0.0	179828.0	5993.900000000001	3.4	3.2249999999999996	5.8125	10.6625	23.9875	0.0	0.0	0.0	3589106.0	119633.6	3.4	3.2249999999999996	5.85	10.725	102.1125
