concurrency	elapsed-r	errors-r	ops(total)-r	ops/sec(cum)-r	avg(ms)-r	p50(ms)-r	p95(ms)-r	p99(ms)-r	pMax(ms)-r	total-r	elapsed-w	errors-w	ops(total)-w	ops/sec(cum)-w	avg(ms)-w	p50(ms)-w	p95(ms)-w	p99(ms)-w	pMax(ms)-w	total-w	elapsed	errors	ops(total)	ops/sec(cum)	avg(ms)	p50(ms)	p95(ms)	p99(ms)	pMax(ms)
23	0.0	0.0	1889417.0	62979.2	2.4	2.125	5.1	9.2125	40.775	0.0	0.0	0.0	99140.0	3304.6	4.4125000000000005	4.0249999999999995	9.55	14.0375	35.2875	0.0	0.0	0.0	1988557.0	66283.90000000001	2.5	2.1500000000000004	5.6875	9.774999999999999	46.5375
