concurrency	elapsed-r	errors-r	ops(total)-r	ops/sec(cum)-r	avg(ms)-r	p50(ms)-r	p95(ms)-r	p99(ms)-r	pMax(ms)-r	total-r	elapsed-w	errors-w	ops(total)-w	ops/sec(cum)-w	avg(ms)-w	p50(ms)-w	p95(ms)-w	p99(ms)-w	pMax(ms)-w	total-w	elapsed	errors	ops(total)	ops/sec(cum)	avg(ms)	p50(ms)	p95(ms)	p99(ms)	pMax(ms)
27	0.0	0.0	139280.0	4642.3	37.737500000000004	3.525	208.65	467.7000000000001	1023.4	0.0	0.0	0.0	7295.0	243.1	160.5875	69.2	633.3375	973.0625	1451.2375	0.0	0.0	0.0	146575.0	4885.5	43.8375	3.6749999999999994	252.7125	520.0999999999999	1451.2375
