concurrency	elapsed-r	errors-r	ops(total)-r	ops/sec(cum)-r	avg(ms)-r	p50(ms)-r	p95(ms)-r	p99(ms)-r	pMax(ms)-r	total-r	elapsed-w	errors-w	ops(total)-w	ops/sec(cum)-w	avg(ms)-w	p50(ms)-w	p95(ms)-w	p99(ms)-w	pMax(ms)-w	total-w	elapsed	errors	ops(total)	ops/sec(cum)	avg(ms)	p50(ms)	p95(ms)	p99(ms)	pMax(ms)
48	0.0	0.0	3190694.0	106353.5	3.1999999999999997	3.0125000000000006	5.5249999999999995	9.5875	53.75	0.0	0.0	0.0	168256.0	5608.2	3.15	2.95	5.4125	9.525	46.137499999999996	0.0	0.0	0.0	3358950.0	111961.90000000001	3.1999999999999997	3.0000000000000004	5.5249999999999995	9.5875	75.5
