concurrency	elapsed-r	errors-r	ops(total)-r	ops/sec(cum)-r	avg(ms)-r	p50(ms)-r	p95(ms)-r	p99(ms)-r	pMax(ms)-r	total-r	elapsed-w	errors-w	ops(total)-w	ops/sec(cum)-w	avg(ms)-w	p50(ms)-w	p95(ms)-w	p99(ms)-w	pMax(ms)-w	total-w	elapsed	errors	ops(total)	ops/sec(cum)	avg(ms)	p50(ms)	p95(ms)	p99(ms)	pMax(ms)
64	0.0	0.0	4071186.0	135701.80000000002	3.25	2.225	9.025	14.3625	219.14999999999998	0.0	0.0	0.0	214118.0	7137.2	3.3375000000000004	2.25	9.05	14.675	140.7625	0.0	0.0	0.0	4285304.0	142838.80000000002	3.25	2.225	9.025	14.3625	219.14999999999998
