concurrency	elapsed-r	errors-r	ops(total)-r	ops/sec(cum)-r	avg(ms)-r	p50(ms)-r	p95(ms)-r	p99(ms)-r	pMax(ms)-r	total-r	elapsed-w	errors-w	ops(total)-w	ops/sec(cum)-w	avg(ms)-w	p50(ms)-w	p95(ms)-w	p99(ms)-w	pMax(ms)-w	total-w	elapsed	errors	ops(total)	ops/sec(cum)	avg(ms)	p50(ms)	p95(ms)	p99(ms)	pMax(ms)
67	0.0	0.0	2700884.0	90026.59999999999	3.94	3.2600000000000002	8.9	18.68	109.7	0.0	0.0	0.0	141741.0	4724.599999999999	9.8	8.66	20.919999999999998	30.4	96.46000000000001	0.0	0.0	0.0	2842625.0	94751.2	4.24	3.3400000000000007	11.16	19.94	116.4
