concurrency	elapsed-w	errors-w	ops(total)-w	ops/sec(cum)-w	avg(ms)-w	p50(ms)-w	p95(ms)-w	p99(ms)-w	pMax(ms)-w	total-w	elapsed	errors	ops(total)	ops/sec(cum)	avg(ms)	p50(ms)	p95(ms)	p99(ms)	pMax(ms)
53	0.0	0.0	3736043.0	124532.1	3.1	3.0250000000000004	5.1	9.4625	31.087500000000002	0.0	0.0	0.0	3736043.0	124532.1	3.1	3.0250000000000004	5.1	9.4625	31.087500000000002
