concurrency	elapsed-r	errors-r	ops(total)-r	ops/sec(cum)-r	avg(ms)-r	p50(ms)-r	p95(ms)-r	p99(ms)-r	pMax(ms)-r	total-r	elapsed-w	errors-w	ops(total)-w	ops/sec(cum)-w	avg(ms)-w	p50(ms)-w	p95(ms)-w	p99(ms)-w	pMax(ms)-w	total-w	elapsed	errors	ops(total)	ops/sec(cum)	avg(ms)	p50(ms)	p95(ms)	p99(ms)	pMax(ms)
47	0.0	0.0	809734.0	26990.3	19.5375	16.75	36.4	41.137499999999996	125.2875	0.0	0.0	0.0	42371.0	1412.3999999999999	20.925	16.775	41.262499999999996	65.52499999999999	135.275	0.0	0.0	0.0	852105.0	28402.7	19.612499999999997	16.75	36.4	44.02499999999999	144.6875
