concurrency	elapsed-r	errors-r	ops(total)-r	ops/sec(cum)-r	avg(ms)-r	p50(ms)-r	p95(ms)-r	p99(ms)-r	pMax(ms)-r	total-r	elapsed-w	errors-w	ops(total)-w	ops/sec(cum)-w	avg(ms)-w	p50(ms)-w	p95(ms)-w	p99(ms)-w	pMax(ms)-w	total-w	elapsed	errors	ops(total)	ops/sec(cum)	avg(ms)	p50(ms)	p95(ms)	p99(ms)	pMax(ms)
46	0.0	0.0	1938789.0	64624.50000000001	4.75	4.075	11.375	18.625	98.80000000000001	0.0	0.0	0.0	101870.0	3395.6	8.675	7.8	19.650000000000002	28.200000000000003	69.9875	0.0	0.0	0.0	2040659.0	68019.99999999999	4.95	4.175000000000001	12.224999999999998	19.650000000000002	100.9
