concurrency	elapsed-r	errors-r	ops(total)-r	ops/sec(cum)-r	avg(ms)-r	p50(ms)-r	p95(ms)-r	p99(ms)-r	pMax(ms)-r	total-r	elapsed-w	errors-w	ops(total)-w	ops/sec(cum)-w	avg(ms)-w	p50(ms)-w	p95(ms)-w	p99(ms)-w	pMax(ms)-w	total-w	elapsed	errors	ops(total)	ops/sec(cum)	avg(ms)	p50(ms)	p95(ms)	p99(ms)	pMax(ms)
87	0.0	0.0	2841838.0	94724.40000000001	4.319999999999999	3.54	10.520000000000001	19.12	217.26000000000005	0.0	0.0	0.0	149345.0	4978.0	13.4	12.080000000000002	27.339999999999996	35.620000000000005	145.08	0.0	0.0	0.0	2991183.0	99702.3	4.76	3.66	14.139999999999997	22.639999999999997	217.26000000000005
