concurrency	elapsed-r	errors-r	ops(total)-r	ops/sec(cum)-r	avg(ms)-r	p50(ms)-r	p95(ms)-r	p99(ms)-r	pMax(ms)-r	total-r	elapsed-w	errors-w	ops(total)-w	ops/sec(cum)-w	avg(ms)-w	p50(ms)-w	p95(ms)-w	p99(ms)-w	pMax(ms)-w	total-w	elapsed	errors	ops(total)	ops/sec(cum)	avg(ms)	p50(ms)	p95(ms)	p99(ms)	pMax(ms)
47	0.0	0.0	1251790.0	41724.899999999994	7.712500000000001	6.925	17.425	25.049999999999997	91.775	0.0	0.0	0.0	65580.0	2186.0	14.875	14.024999999999999	30.012500000000003	40.849999999999994	76.55	0.0	0.0	0.0	1317370.0	43910.799999999996	8.0375	6.987499999999999	18.625000000000004	27.150000000000002	94.4
