concurrency	elapsed-r	errors-r	ops(total)-r	ops/sec(cum)-r	avg(ms)-r	p50(ms)-r	p95(ms)-r	p99(ms)-r	pMax(ms)-r	total-r	elapsed-w	errors-w	ops(total)-w	ops/sec(cum)-w	avg(ms)-w	p50(ms)-w	p95(ms)-w	p99(ms)-w	pMax(ms)-w	total-w	elapsed	errors	ops(total)	ops/sec(cum)	avg(ms)	p50(ms)	p95(ms)	p99(ms)	pMax(ms)
6	0.0	0.0	603934.0	20130.8	1.9749999999999999	1.875	3.1125000000000003	4.3	14.624999999999998	0.0	0.0	0.0	31723.0	1057.3000000000002	3.6499999999999995	3.575	5.25	7.7625	15.4625	0.0	0.0	0.0	635657.0	21188.3	2.0749999999999997	1.875	3.4999999999999996	4.875	15.7875
