concurrency	elapsed-r	errors-r	ops(total)-r	ops/sec(cum)-r	avg(ms)-r	p50(ms)-r	p95(ms)-r	p99(ms)-r	pMax(ms)-r	total-r	elapsed-w	errors-w	ops(total)-w	ops/sec(cum)-w	avg(ms)-w	p50(ms)-w	p95(ms)-w	p99(ms)-w	pMax(ms)-w	total-w	elapsed	errors	ops(total)	ops/sec(cum)	avg(ms)	p50(ms)	p95(ms)	p99(ms)	pMax(ms)
14	0.0	0.0	489421.0	16313.800000000001	2.325	1.675	5.325	6.925000000000001	19.025	0.0	0.0	0.0	25586.0	852.9	17.975	3.3499999999999996	56.074999999999996	63.425000000000004	78.65	0.0	0.0	0.0	515007.0	17166.7	3.075	1.775	5.775	42.95	78.65
