concurrency	elapsed-r	errors-r	ops(total)-r	ops/sec(cum)-r	avg(ms)-r	p50(ms)-r	p95(ms)-r	p99(ms)-r	pMax(ms)-r	total-r	elapsed-w	errors-w	ops(total)-w	ops/sec(cum)-w	avg(ms)-w	p50(ms)-w	p95(ms)-w	p99(ms)-w	pMax(ms)-w	total-w	elapsed	errors	ops(total)	ops/sec(cum)	avg(ms)	p50(ms)	p95(ms)	p99(ms)	pMax(ms)
87	0.0	0.0	2843399.0	94776.0	4.28	3.54	10.040000000000001	19.32	152.23999999999998	0.0	0.0	0.0	149676.0	4989.099999999999	13.780000000000001	12.559999999999999	27.220000000000006	35.620000000000005	129.16000000000003	0.0	0.0	0.0	2993075.0	99765.1	4.720000000000001	3.6	14.139999999999997	23.3	152.66
