concurrency	elapsed-r	errors-r	ops(total)-r	ops/sec(cum)-r	avg(ms)-r	p50(ms)-r	p95(ms)-r	p99(ms)-r	pMax(ms)-r	total-r	elapsed-w	errors-w	ops(total)-w	ops/sec(cum)-w	avg(ms)-w	p50(ms)-w	p95(ms)-w	p99(ms)-w	pMax(ms)-w	total-w	elapsed	errors	ops(total)	ops/sec(cum)	avg(ms)	p50(ms)	p95(ms)	p99(ms)	pMax(ms)
15	0.0	0.0	1789245.0	59640.600000000006	1.6249999999999998	1.475	2.9375	6.3374999999999995	28.300000000000004	0.0	0.0	0.0	94335.0	3144.5	2.9124999999999996	2.7750000000000004	5.875	9.475000000000001	18.825	0.0	0.0	0.0	1883580.0	62785.0	1.7125	1.5	3.3749999999999996	6.6000000000000005	29.362500000000004
