concurrency	elapsed-w	errors-w	ops(total)-w	ops/sec(cum)-w	avg(ms)-w	p50(ms)-w	p95(ms)-w	p99(ms)-w	pMax(ms)-w	total-w	elapsed	errors	ops(total)	ops/sec(cum)	avg(ms)	p50(ms)	p95(ms)	p99(ms)	pMax(ms)
4	0.0	0.0	392169.0	13072.199999999999	2.25	2.1125	3.8000000000000003	7.575	55.03749999999999	0.0	0.0	0.0	392169.0	13072.199999999999	2.25	2.1125	3.8000000000000003	7.575	55.03749999999999
