concurrency	elapsed-r	errors-r	ops(total)-r	ops/sec(cum)-r	avg(ms)-r	p50(ms)-r	p95(ms)-r	p99(ms)-r	pMax(ms)-r	total-r	elapsed-w	errors-w	ops(total)-w	ops/sec(cum)-w	avg(ms)-w	p50(ms)-w	p95(ms)-w	p99(ms)-w	pMax(ms)-w	total-w	elapsed	errors	ops(total)	ops/sec(cum)	avg(ms)	p50(ms)	p95(ms)	p99(ms)	pMax(ms)
37	0.0	0.0	1827816.0	60925.6	4.0625	3.4875000000000003	9.475	15.05	38.5375	0.0	0.0	0.0	96776.0	3225.8999999999996	6.325000000000001	5.2749999999999995	15.424999999999999	21.912499999999998	39.1625	0.0	0.0	0.0	1924592.0	64151.5	4.1875	3.5000000000000004	9.975	15.749999999999998	40.0875
