concurrency	elapsed-r	errors-r	ops(total)-r	ops/sec(cum)-r	avg(ms)-r	p50(ms)-r	p95(ms)-r	p99(ms)-r	pMax(ms)-r	total-r	elapsed-w	errors-w	ops(total)-w	ops/sec(cum)-w	avg(ms)-w	p50(ms)-w	p95(ms)-w	p99(ms)-w	pMax(ms)-w	total-w	elapsed	errors	ops(total)	ops/sec(cum)	avg(ms)	p50(ms)	p95(ms)	p99(ms)	pMax(ms)
47	0.0	0.0	2411882.0	80393.5	3.8999999999999995	3.3625000000000003	8.325	14.05	50.82499999999999	0.0	0.0	0.0	126707.0	4223.6	4.9875	3.6125000000000003	12.7625	19.787499999999998	45.3125	0.0	0.0	0.0	2538589.0	84616.70000000001	3.9625	3.3625000000000003	8.75	14.4875	52.13749999999999
