concurrency	elapsed-r	errors-r	ops(total)-r	ops/sec(cum)-r	avg(ms)-r	p50(ms)-r	p95(ms)-r	p99(ms)-r	pMax(ms)-r	total-r	elapsed-w	errors-w	ops(total)-w	ops/sec(cum)-w	avg(ms)-w	p50(ms)-w	p95(ms)-w	p99(ms)-w	pMax(ms)-w	total-w	elapsed	errors	ops(total)	ops/sec(cum)	avg(ms)	p50(ms)	p95(ms)	p99(ms)	pMax(ms)
36	0.0	0.0	3344369.0	111475.79999999999	2.2	2.0124999999999997	3.65	7.562500000000001	54.262499999999996	0.0	0.0	0.0	175972.0	5865.599999999999	2.3	2.15	3.9	7.812499999999999	47.699999999999996	0.0	0.0	0.0	3520341.0	117341.3	2.2	2.0124999999999997	3.65	7.6000000000000005	54.262499999999996
