ops/sec(cum)	p50(ms)	p99(ms)	read_tp	read_p50	read_p99	write_tp	write_p50	write_p99
245054.8166666667	0.17785714285714285	0.6237142857142857	234009.0833333333	0.17742857142857144	0.6237142857142857	11044.733333333334	0.17828571428571427	0.6205714285714286
