concurrency	elapsed-r	errors-r	ops(total)-r	ops/sec(cum)-r	avg(ms)-r	p50(ms)-r	p95(ms)-r	p99(ms)-r	pMax(ms)-r	total-r	elapsed-w	errors-w	ops(total)-w	ops/sec(cum)-w	avg(ms)-w	p50(ms)-w	p95(ms)-w	p99(ms)-w	pMax(ms)-w	total-w	elapsed	errors	ops(total)	ops/sec(cum)	avg(ms)	p50(ms)	p95(ms)	p99(ms)	pMax(ms)
31	0.0	0.0	1152137.0	38403.6	5.949999999999999	4.9125	17.150000000000002	21.65	76.01249999999999	0.0	0.0	0.0	60754.0	2025.1999999999998	10.137500000000001	7.2	26.224999999999998	76.02499999999999	127.89999999999998	0.0	0.0	0.0	1212891.0	40428.7	6.15	4.9375	17.212500000000002	23.2125	127.89999999999998
