concurrency	elapsed-r	errors-r	ops(total)-r	ops/sec(cum)-r	avg(ms)-r	p50(ms)-r	p95(ms)-r	p99(ms)-r	pMax(ms)-r	total-r	elapsed-w	errors-w	ops(total)-w	ops/sec(cum)-w	avg(ms)-w	p50(ms)-w	p95(ms)-w	p99(ms)-w	pMax(ms)-w	total-w	elapsed	errors	ops(total)	ops/sec(cum)	avg(ms)	p50(ms)	p95(ms)	p99(ms)	pMax(ms)
8	0.0	0.0	373347.0	12444.7	1.5	1.3999999999999997	2.4333333333333336	5.0	116.06666666666668	0.0	0.0	0.0	19479.0	649.2	2.4	2.4	3.9	8.233333333333334	33.199999999999996	0.0	0.0	0.0	392826.0	13094.0	1.5	1.3999999999999997	2.7999999999999994	5.2	116.40000000000002
