concurrency	elapsed-r	errors-r	ops(total)-r	ops/sec(cum)-r	avg(ms)-r	p50(ms)-r	p95(ms)-r	p99(ms)-r	pMax(ms)-r	total-r	elapsed-w	errors-w	ops(total)-w	ops/sec(cum)-w	avg(ms)-w	p50(ms)-w	p95(ms)-w	p99(ms)-w	pMax(ms)-w	total-w	elapsed	errors	ops(total)	ops/sec(cum)	avg(ms)	p50(ms)	p95(ms)	p99(ms)	pMax(ms)
16	0.0	0.0	1677149.0	37269.5	1.5	1.3599999999999999	2.04	7.220000000000001	161.07999999999998	0.0	0.0	0.0	88379.0	1963.9	2.88	2.46	6.3	19.3	113.26000000000002	0.0	0.0	0.0	1765528.0	39233.5	1.6	1.3599999999999999	2.9200000000000004	7.9399999999999995	164.44
