concurrency	elapsed-r	errors-r	ops(total)-r	ops/sec(cum)-r	avg(ms)-r	p50(ms)-r	p95(ms)-r	p99(ms)-r	pMax(ms)-r	total-r	elapsed-w	errors-w	ops(total)-w	ops/sec(cum)-w	avg(ms)-w	p50(ms)-w	p95(ms)-w	p99(ms)-w	pMax(ms)-w	total-w	elapsed	errors	ops(total)	ops/sec(cum)	avg(ms)	p50(ms)	p95(ms)	p99(ms)	pMax(ms)
25	0.0	0.0	597197.0	19906.0	3.4250000000000003	2.2625	10.5	16.15	58.9625	0.0	0.0	0.0	31394.0	1046.3999999999999	119.52499999999999	5.275	1140.8999999999999	1208.0	1342.2	0.0	0.0	0.0	628591.0	20952.5	9.2125	2.3625	10.9375	20.3125	1342.2
