concurrency	elapsed-r	errors-r	ops(total)-r	ops/sec(cum)-r	avg(ms)-r	p50(ms)-r	p95(ms)-r	p99(ms)-r	pMax(ms)-r	total-r	elapsed-w	errors-w	ops(total)-w	ops/sec(cum)-w	avg(ms)-w	p50(ms)-w	p95(ms)-w	p99(ms)-w	pMax(ms)-w	total-w	elapsed	errors	ops(total)	ops/sec(cum)	avg(ms)	p50(ms)	p95(ms)	p99(ms)	pMax(ms)
40	0.0	0.0	1075992.0	35865.5	2.533333333333333	2.0	6.3	16.3	71.3	0.0	0.0	0.0	56440.0	1881.3000000000002	1.1666666666666667	0.9	2.533333333333333	6.333333333333333	52.4	0.0	0.0	0.0	1132432.0	37746.8	2.5	2.0	5.933333333333334	16.099999999999998	71.3
