concurrency	elapsed-r	errors-r	ops(total)-r	ops/sec(cum)-r	avg(ms)-r	p50(ms)-r	p95(ms)-r	p99(ms)-r	pMax(ms)-r	total-r	elapsed-w	errors-w	ops(total)-w	ops/sec(cum)-w	avg(ms)-w	p50(ms)-w	p95(ms)-w	p99(ms)-w	pMax(ms)-w	total-w	elapsed	errors	ops(total)	ops/sec(cum)	avg(ms)	p50(ms)	p95(ms)	p99(ms)	pMax(ms)
49	0.0	0.0	3280625.0	109350.99999999999	3.0625	2.725	5.4625	14.825	49.0	0.0	0.0	0.0	172787.0	5759.299999999999	3.1624999999999996	2.775	5.775	15.087499999999999	45.3375	0.0	0.0	0.0	3453412.0	115110.3	3.075	2.7375	5.4625	14.8875	49.1375
