concurrency	elapsed-r	errors-r	ops(total)-r	ops/sec(cum)-r	avg(ms)-r	p50(ms)-r	p95(ms)-r	p99(ms)-r	pMax(ms)-r	total-r	elapsed-w	errors-w	ops(total)-w	ops/sec(cum)-w	avg(ms)-w	p50(ms)-w	p95(ms)-w	p99(ms)-w	pMax(ms)-w	total-w	elapsed	errors	ops(total)	ops/sec(cum)	avg(ms)	p50(ms)	p95(ms)	p99(ms)	pMax(ms)
133	0.0	0.0	4550107.0	151658.9	4.14	3.3600000000000003	10.72	18.9	133.38	0.0	0.0	0.0	238823.0	7960.099999999999	10.739999999999998	9.18	24.019999999999996	35.339999999999996	139.01999999999998	0.0	0.0	0.0	4788930.0	159619.1	4.5200000000000005	3.4799999999999995	12.620000000000001	21.82	140.5
