concurrency	elapsed-w	errors-w	ops(total)-w	ops/sec(cum)-w	avg(ms)-w	p50(ms)-w	p95(ms)-w	p99(ms)-w	pMax(ms)-w	total-w	elapsed	errors	ops(total)	ops/sec(cum)	avg(ms)	p50(ms)	p95(ms)	p99(ms)	pMax(ms)
56	0.0	0.0	3410212.0	113669.90000000001	3.7	3.575	7.7250000000000005	11.3125	30.712499999999995	0.0	0.0	0.0	3410212.0	113669.90000000001	3.7	3.575	7.7250000000000005	11.3125	30.712499999999995
