concurrency	elapsed-r	errors-r	ops(total)-r	ops/sec(cum)-r	avg(ms)-r	p50(ms)-r	p95(ms)-r	p99(ms)-r	pMax(ms)-r	total-r	elapsed-w	errors-w	ops(total)-w	ops/sec(cum)-w	avg(ms)-w	p50(ms)-w	p95(ms)-w	p99(ms)-w	pMax(ms)-w	total-w	elapsed	errors	ops(total)	ops/sec(cum)	avg(ms)	p50(ms)	p95(ms)	p99(ms)	pMax(ms)
13	0.0	0.0	956669.0	31888.600000000002	1.325	1.1749999999999998	2.9	4.225	14.55	0.0	0.0	0.0	50489.0	1683.0	2.3249999999999997	2.0	5.025	8.325000000000001	17.825	0.0	0.0	0.0	1007158.0	33571.5	1.375	1.1749999999999998	2.95	4.5249999999999995	17.825
