ops/sec(cum)	p50(ms)	p99(ms)	read_tp	read_p50	read_p99	write_tp	write_p50	write_p99
283684.8333333334	0.1755	0.6341428571428571	271241.0	0.175	0.6341428571428571	12442.833333333332	0.176	0.6265714285714286
