concurrency	elapsed-r	errors-r	ops(total)-r	ops/sec(cum)-r	avg(ms)-r	p50(ms)-r	p95(ms)-r	p99(ms)-r	pMax(ms)-r	total-r	elapsed-w	errors-w	ops(total)-w	ops/sec(cum)-w	avg(ms)-w	p50(ms)-w	p95(ms)-w	p99(ms)-w	pMax(ms)-w	total-w	elapsed	errors	ops(total)	ops/sec(cum)	avg(ms)	p50(ms)	p95(ms)	p99(ms)	pMax(ms)
135	0.0	0.0	4524096.0	150793.30000000002	4.6	3.7600000000000002	11.540000000000001	19.72	106.52000000000001	0.0	0.0	0.0	238569.0	7951.9	11.48	10.34	24.159999999999997	32.17999999999999	86.43999999999998	0.0	0.0	0.0	4762665.0	158745.1	4.94	3.88	13.819999999999999	21.4	106.52000000000001
