concurrency	elapsed-r	errors-r	ops(total)-r	ops/sec(cum)-r	avg(ms)-r	p50(ms)-r	p95(ms)-r	p99(ms)-r	pMax(ms)-r	total-r	elapsed-w	errors-w	ops(total)-w	ops/sec(cum)-w	avg(ms)-w	p50(ms)-w	p95(ms)-w	p99(ms)-w	pMax(ms)-w	total-w	elapsed	errors	ops(total)	ops/sec(cum)	avg(ms)	p50(ms)	p95(ms)	p99(ms)	pMax(ms)
55	0.0	0.0	1943180.0	64770.0	5.6625	4.95	13.499999999999998	21.5	61.06250000000001	0.0	0.0	0.0	101791.0	3392.8999999999996	10.3	9.7	22.9375	32.4	73.66250000000001	0.0	0.0	0.0	2044971.0	68162.9	5.9125000000000005	5.025	14.3	22.55	75.50000000000001
