concurrency	elapsed-r	errors-r	ops(total)-r	ops/sec(cum)-r	avg(ms)-r	p50(ms)-r	p95(ms)-r	p99(ms)-r	pMax(ms)-r	total-r	elapsed-w	errors-w	ops(total)-w	ops/sec(cum)-w	avg(ms)-w	p50(ms)-w	p95(ms)-w	p99(ms)-w	pMax(ms)-w	total-w	elapsed	errors	ops(total)	ops/sec(cum)	avg(ms)	p50(ms)	p95(ms)	p99(ms)	pMax(ms)
18	0.0	0.0	915599.0	20346.5	2.2	1.5399999999999998	5.0	11.5	58.279999999999994	0.0	0.0	0.0	48379.0	1075.2	25.340000000000003	2.8	88.1	100.7	122.43999999999998	0.0	0.0	0.0	963978.0	21421.399999999998	3.3200000000000003	1.6	5.840000000000001	71.3	122.43999999999998
