concurrency	elapsed-r	errors-r	ops(total)-r	ops/sec(cum)-r	avg(ms)-r	p50(ms)-r	p95(ms)-r	p99(ms)-r	pMax(ms)-r	total-r	elapsed	errors	ops(total)	ops/sec(cum)	avg(ms)	p50(ms)	p95(ms)	p99(ms)	pMax(ms)
20	0.0	0.0	1359792.0	45325.7	1.625	1.5250000000000001	2.425	4.625	14.799999999999999	0.0	0.0	0.0	1359792.0	45325.7	1.625	1.5250000000000001	2.425	4.625	14.799999999999999
