concurrency	elapsed-r	errors-r	ops(total)-r	ops/sec(cum)-r	avg(ms)-r	p50(ms)-r	p95(ms)-r	p99(ms)-r	pMax(ms)-r	total-r	elapsed-w	errors-w	ops(total)-w	ops/sec(cum)-w	avg(ms)-w	p50(ms)-w	p95(ms)-w	p99(ms)-w	pMax(ms)-w	total-w	elapsed	errors	ops(total)	ops/sec(cum)	avg(ms)	p50(ms)	p95(ms)	p99(ms)	pMax(ms)
72	0.0	0.0	4420520.0	147345.2	2.2800000000000002	1.9799999999999998	3.96	12.12	50.56	0.0	0.0	0.0	232624.0	7753.9	5.0600000000000005	4.42	10.959999999999999	16.779999999999998	36.279999999999994	0.0	0.0	0.0	4653144.0	155099.0	2.38	2.0	5.279999999999999	12.12	50.56
