concurrency	elapsed-w	errors-w	ops(total)-w	ops/sec(cum)-w	avg(ms)-w	p50(ms)-w	p95(ms)-w	p99(ms)-w	pMax(ms)-w	total-w	elapsed	errors	ops(total)	ops/sec(cum)	avg(ms)	p50(ms)	p95(ms)	p99(ms)	pMax(ms)
53	0.0	0.0	3338322.0	111274.8	3.525	3.325	6.174999999999999	10.225	29.5125	0.0	0.0	0.0	3338322.0	111274.8	3.525	3.325	6.174999999999999	10.225	29.5125
