concurrency	elapsed-r	errors-r	ops(total)-r	ops/sec(cum)-r	avg(ms)-r	p50(ms)-r	p95(ms)-r	p99(ms)-r	pMax(ms)-r	total-r	elapsed-w	errors-w	ops(total)-w	ops/sec(cum)-w	avg(ms)-w	p50(ms)-w	p95(ms)-w	p99(ms)-w	pMax(ms)-w	total-w	elapsed	errors	ops(total)	ops/sec(cum)	avg(ms)	p50(ms)	p95(ms)	p99(ms)	pMax(ms)
60	0.0	0.0	1882006.0	62731.100000000006	6.362500000000001	5.35	15.875	25.312499999999996	205.51249999999996	0.0	0.0	0.0	99226.0	3307.3999999999996	13.149999999999999	11.525	31.225	45.8375	131.075	0.0	0.0	0.0	1981232.0	66038.59999999999	6.7124999999999995	5.425	17.2375	28.075000000000003	207.59999999999997
