concurrency	elapsed-r	errors-r	ops(total)-r	ops/sec(cum)-r	avg(ms)-r	p50(ms)-r	p95(ms)-r	p99(ms)-r	pMax(ms)-r	total-r	elapsed-w	errors-w	ops(total)-w	ops/sec(cum)-w	avg(ms)-w	p50(ms)-w	p95(ms)-w	p99(ms)-w	pMax(ms)-w	total-w	elapsed	errors	ops(total)	ops/sec(cum)	avg(ms)	p50(ms)	p95(ms)	p99(ms)	pMax(ms)
47	0.0	0.0	1268677.0	42287.9	7.575	6.6499999999999995	17.3	26.099999999999998	150.475	0.0	0.0	0.0	67013.0	2233.7	14.637500000000001	12.912499999999998	29.650000000000002	58.9625	192.925	0.0	0.0	0.0	1335690.0	44521.5	7.9	6.7	18.35	27.950000000000003	192.925
