concurrency	elapsed-r	errors-r	ops(total)-r	ops/sec(cum)-r	avg(ms)-r	p50(ms)-r	p95(ms)-r	p99(ms)-r	pMax(ms)-r	total-r	elapsed-w	errors-w	ops(total)-w	ops/sec(cum)-w	avg(ms)-w	p50(ms)-w	p95(ms)-w	p99(ms)-w	pMax(ms)-w	total-w	elapsed	errors	ops(total)	ops/sec(cum)	avg(ms)	p50(ms)	p95(ms)	p99(ms)	pMax(ms)
16	0.0	0.0	1027667.0	34254.799999999996	1.6875	1.3	4.262499999999999	5.987500000000001	53.6	0.0	0.0	0.0	53914.0	1797.2	34.9625	2.3249999999999997	186.6	201.29999999999998	227.55	0.0	0.0	0.0	1081581.0	36051.9	3.375	1.3250000000000002	4.375	11.4125	227.55
