concurrency	elapsed-r	errors-r	ops(total)-r	ops/sec(cum)-r	avg(ms)-r	p50(ms)-r	p95(ms)-r	p99(ms)-r	pMax(ms)-r	total-r	elapsed-w	errors-w	ops(total)-w	ops/sec(cum)-w	avg(ms)-w	p50(ms)-w	p95(ms)-w	p99(ms)-w	pMax(ms)-w	total-w	elapsed	errors	ops(total)	ops/sec(cum)	avg(ms)	p50(ms)	p95(ms)	p99(ms)	pMax(ms)
56	0.0	0.0	2691335.0	59806.09999999999	2.9	1.8	10.0	22.0	90.62	0.0	0.0	0.0	141879.0	3152.7	5.6	3.8200000000000003	18.9	34.019999999999996	76.74000000000001	0.0	0.0	0.0	2833214.0	62958.99999999999	3.0	1.9	10.5	23.1	95.63999999999999
