concurrency	elapsed-r	errors-r	ops(total)-r	ops/sec(cum)-r	avg(ms)-r	p50(ms)-r	p95(ms)-r	p99(ms)-r	pMax(ms)-r	total-r	elapsed-w	errors-w	ops(total)-w	ops/sec(cum)-w	avg(ms)-w	p50(ms)-w	p95(ms)-w	p99(ms)-w	pMax(ms)-w	total-w	elapsed	errors	ops(total)	ops/sec(cum)	avg(ms)	p50(ms)	p95(ms)	p99(ms)	pMax(ms)
71	0.0	0.0	12633.0	210.6	6.425000000000001	2.6	28.325000000000003	60.800000000000004	126.875	0.0	0.0	0.0	410.0	6.699999999999999	24.900000000000002	15.075000000000001	89.15	130.02499999999998	140.5	0.0	0.0	0.0	13043.0	217.39999999999998	6.975	2.675	31.2	67.625	141.54999999999998
