concurrency	elapsed-r	errors-r	ops(total)-r	ops/sec(cum)-r	avg(ms)-r	p50(ms)-r	p95(ms)-r	p99(ms)-r	pMax(ms)-r	total-r	elapsed-w	errors-w	ops(total)-w	ops/sec(cum)-w	avg(ms)-w	p50(ms)-w	p95(ms)-w	p99(ms)-w	pMax(ms)-w	total-w	elapsed	errors	ops(total)	ops/sec(cum)	avg(ms)	p50(ms)	p95(ms)	p99(ms)	pMax(ms)
144	0.0	0.0	2730545.0	91013.1	7.9	6.160000000000001	21.379999999999995	32.08	142.6	0.0	0.0	0.0	143204.0	4773.2	27.360000000000003	25.620000000000005	55.779999999999994	69.22	157.7	0.0	0.0	0.0	2873749.0	95786.3	8.86	6.4799999999999995	26.220000000000006	42.339999999999996	161.06
