concurrency	elapsed-r	errors-r	ops(total)-r	ops/sec(cum)-r	avg(ms)-r	p50(ms)-r	p95(ms)-r	p99(ms)-r	pMax(ms)-r	total-r	elapsed	errors	ops(total)	ops/sec(cum)	avg(ms)	p50(ms)	p95(ms)	p99(ms)	pMax(ms)
48	0.0	0.0	1309704.0	43655.299999999996	8.825	7.699999999999999	19.2625	30.2875	65.78750000000001	0.0	0.0	0.0	1309704.0	43655.299999999996	8.825	7.699999999999999	19.2625	30.2875	65.78750000000001
