concurrency	elapsed-r	errors-r	ops(total)-r	ops/sec(cum)-r	avg(ms)-r	p50(ms)-r	p95(ms)-r	p99(ms)-r	pMax(ms)-r	total-r	elapsed-w	errors-w	ops(total)-w	ops/sec(cum)-w	avg(ms)-w	p50(ms)-w	p95(ms)-w	p99(ms)-w	pMax(ms)-w	total-w	elapsed	errors	ops(total)	ops/sec(cum)	avg(ms)	p50(ms)	p95(ms)	p99(ms)	pMax(ms)
147	0.0	0.0	2836730.0	94549.2	7.3	5.380000000000001	20.04	33.339999999999996	568.76	0.0	0.0	0.0	149285.0	4975.900000000001	25.68	20.259999999999998	60.419999999999995	130.64000000000001	446.28000000000003	0.0	0.0	0.0	2986015.0	99525.0	8.24	5.5600000000000005	24.96	44.04	570.4399999999999
