concurrency	elapsed-r	errors-r	ops(total)-r	ops/sec(cum)-r	avg(ms)-r	p50(ms)-r	p95(ms)-r	p99(ms)-r	pMax(ms)-r	total-r	elapsed-w	errors-w	ops(total)-w	ops/sec(cum)-w	avg(ms)-w	p50(ms)-w	p95(ms)-w	p99(ms)-w	pMax(ms)-w	total-w	elapsed	errors	ops(total)	ops/sec(cum)	avg(ms)	p50(ms)	p95(ms)	p99(ms)	pMax(ms)
159	0.0	0.0	4594704.0	153144.1	5.06	3.9599999999999995	13.319999999999999	21.720000000000002	248.32	0.0	0.0	0.0	242617.0	8086.6	15.339999999999998	14.219999999999999	31.339999999999996	40.8	169.04	0.0	0.0	0.0	4837321.0	161230.6	5.5600000000000005	4.14	15.959999999999999	26.1	248.74
