concurrency	elapsed-r	errors-r	ops(total)-r	ops/sec(cum)-r	avg(ms)-r	p50(ms)-r	p95(ms)-r	p99(ms)-r	pMax(ms)-r	total-r	elapsed-w	errors-w	ops(total)-w	ops/sec(cum)-w	avg(ms)-w	p50(ms)-w	p95(ms)-w	p99(ms)-w	pMax(ms)-w	total-w	elapsed	errors	ops(total)	ops/sec(cum)	avg(ms)	p50(ms)	p95(ms)	p99(ms)	pMax(ms)
146	0.0	0.0	2618680.0	87284.6	6.333333333333333	5.066666666666666	17.033333333333335	28.100000000000005	169.20000000000002	0.0	0.0	0.0	138181.0	4605.7	13.033333333333333	11.0	29.666666666666668	42.1	117.76666666666667	0.0	0.0	0.0	2756861.0	91890.5	6.7	5.166666666666667	18.5	29.5	169.53333333333333
