concurrency	elapsed-r	errors-r	ops(total)-r	ops/sec(cum)-r	avg(ms)-r	p50(ms)-r	p95(ms)-r	p99(ms)-r	pMax(ms)-r	total-r	elapsed-w	errors-w	ops(total)-w	ops/sec(cum)-w	avg(ms)-w	p50(ms)-w	p95(ms)-w	p99(ms)-w	pMax(ms)-w	total-w	elapsed	errors	ops(total)	ops/sec(cum)	avg(ms)	p50(ms)	p95(ms)	p99(ms)	pMax(ms)
104	0.0	0.0	4502560.0	150079.19999999998	3.22	2.7199999999999998	6.720000000000001	14.779999999999998	94.38000000000001	0.0	0.0	0.0	236888.0	7895.900000000001	8.26	7.460000000000001	17.18	24.08	87.43999999999998	0.0	0.0	0.0	4739448.0	157975.09999999998	3.5	2.86	9.04	16.32	96.26
