concurrency	elapsed-r	errors-r	ops(total)-r	ops/sec(cum)-r	avg(ms)-r	p50(ms)-r	p95(ms)-r	p99(ms)-r	pMax(ms)-r	total-r	elapsed-w	errors-w	ops(total)-w	ops/sec(cum)-w	avg(ms)-w	p50(ms)-w	p95(ms)-w	p99(ms)-w	pMax(ms)-w	total-w	elapsed	errors	ops(total)	ops/sec(cum)	avg(ms)	p50(ms)	p95(ms)	p99(ms)	pMax(ms)
8	0.0	0.0	552409.0	18413.199999999997	1.4249999999999998	1.275	2.925	4.275	94.4	0.0	0.0	0.0	28852.0	961.8	2.375	2.2	4.475	7.075	42.599999999999994	0.0	0.0	0.0	581261.0	19375.0	1.475	1.2999999999999998	3.025	4.3999999999999995	94.4
