concurrency	elapsed-r	errors-r	ops(total)-r	ops/sec(cum)-r	avg(ms)-r	p50(ms)-r	p95(ms)-r	p99(ms)-r	pMax(ms)-r	total-r	elapsed-w	errors-w	ops(total)-w	ops/sec(cum)-w	avg(ms)-w	p50(ms)-w	p95(ms)-w	p99(ms)-w	pMax(ms)-w	total-w	elapsed	errors	ops(total)	ops/sec(cum)	avg(ms)	p50(ms)	p95(ms)	p99(ms)	pMax(ms)
26	0.0	0.0	1261915.0	42063.1	1.3999999999999997	1.0	3.4333333333333336	6.0	13.1	0.0	0.0	0.0	66284.0	2209.5	5.066666666666666	1.6333333333333335	25.2	35.7	53.1	0.0	0.0	0.0	1328199.0	44272.600000000006	1.6000000000000003	1.0	3.7000000000000006	9.4	53.1
