concurrency	elapsed-r	errors-r	ops(total)-r	ops/sec(cum)-r	avg(ms)-r	p50(ms)-r	p95(ms)-r	p99(ms)-r	pMax(ms)-r	total-r	elapsed-w	errors-w	ops(total)-w	ops/sec(cum)-w	avg(ms)-w	p50(ms)-w	p95(ms)-w	p99(ms)-w	pMax(ms)-w	total-w	elapsed	errors	ops(total)	ops/sec(cum)	avg(ms)	p50(ms)	p95(ms)	p99(ms)	pMax(ms)
6	0.0	0.0	632873.0	21095.600000000002	1.8375000000000001	1.3875	3.625	4.775	637.5	0.0	0.0	0.0	33441.0	1114.7	5.2124999999999995	2.4000000000000004	16.912499999999998	24.6375	332.01249999999993	0.0	0.0	0.0	666314.0	22210.100000000002	1.9875	1.45	3.8500000000000005	8.875	637.5
