concurrency	elapsed-r	errors-r	ops(total)-r	ops/sec(cum)-r	avg(ms)-r	p50(ms)-r	p95(ms)-r	p99(ms)-r	pMax(ms)-r	total-r	elapsed-w	errors-w	ops(total)-w	ops/sec(cum)-w	avg(ms)-w	p50(ms)-w	p95(ms)-w	p99(ms)-w	pMax(ms)-w	total-w	elapsed	errors	ops(total)	ops/sec(cum)	avg(ms)	p50(ms)	p95(ms)	p99(ms)	pMax(ms)
54	0.0	0.0	3360709.0	112020.6	3.3625	3.1999999999999997	7.025	10.725	169.35	0.0	0.0	0.0	176532.0	5884.200000000001	3.375	3.1999999999999997	7.000000000000001	10.725	23.075	0.0	0.0	0.0	3537241.0	117904.79999999999	3.3625	3.1999999999999997	7.025	10.725	169.35
