concurrency	elapsed-w	errors-w	ops(total)-w	ops/sec(cum)-w	avg(ms)-w	p50(ms)-w	p95(ms)-w	p99(ms)-w	pMax(ms)-w	total-w	elapsed	errors	ops(total)	ops/sec(cum)	avg(ms)	p50(ms)	p95(ms)	p99(ms)	pMax(ms)
51	0.0	0.0	701979.0	23398.399999999998	17.0	12.45	44.525000000000006	60.27499999999999	273.6875	0.0	0.0	0.0	701979.0	23398.399999999998	17.0	12.45	44.525000000000006	60.27499999999999	273.6875
