concurrency	elapsed-r	errors-r	ops(total)-r	ops/sec(cum)-r	avg(ms)-r	p50(ms)-r	p95(ms)-r	p99(ms)-r	pMax(ms)-r	total-r	elapsed-w	errors-w	ops(total)-w	ops/sec(cum)-w	avg(ms)-w	p50(ms)-w	p95(ms)-w	p99(ms)-w	pMax(ms)-w	total-w	elapsed	errors	ops(total)	ops/sec(cum)	avg(ms)	p50(ms)	p95(ms)	p99(ms)	pMax(ms)
39	0.0	0.0	114398.0	3812.9	57.1625	2.9000000000000004	390.08750000000003	922.7625	1904.1999999999998	0.0	0.0	0.0	5933.0	197.8	456.125	167.25	1593.8250000000003	2348.8125	4395.625	0.0	0.0	0.0	120331.0	4010.8	76.83749999999999	3.0375000000000005	543.1625	1199.6125	4395.625
