concurrency	elapsed-r	errors-r	ops(total)-r	ops/sec(cum)-r	avg(ms)-r	p50(ms)-r	p95(ms)-r	p99(ms)-r	pMax(ms)-r	total-r	elapsed-w	errors-w	ops(total)-w	ops/sec(cum)-w	avg(ms)-w	p50(ms)-w	p95(ms)-w	p99(ms)-w	pMax(ms)-w	total-w	elapsed	errors	ops(total)	ops/sec(cum)	avg(ms)	p50(ms)	p95(ms)	p99(ms)	pMax(ms)
54	0.0	0.0	3315212.0	110504.29999999999	3.3000000000000003	3.0125	5.6625	11.087499999999999	98.5375	0.0	0.0	0.0	174856.0	5828.4	3.55	3.25	6.1	11.599999999999998	72.8625	0.0	0.0	0.0	3490068.0	116332.7	3.3125000000000004	3.0500000000000003	5.674999999999999	11.124999999999998	98.5375
