concurrency	elapsed-r	errors-r	ops(total)-r	ops/sec(cum)-r	avg(ms)-r	p50(ms)-r	p95(ms)-r	p99(ms)-r	pMax(ms)-r	total-r	elapsed-w	errors-w	ops(total)-w	ops/sec(cum)-w	avg(ms)-w	p50(ms)-w	p95(ms)-w	p99(ms)-w	pMax(ms)-w	total-w	elapsed	errors	ops(total)	ops/sec(cum)	avg(ms)	p50(ms)	p95(ms)	p99(ms)	pMax(ms)
39	0.0	0.0	2258984.0	75297.4	3.4875	3.0124999999999997	7.449999999999999	12.2625	40.475	0.0	0.0	0.0	119295.0	3976.4	4.4375	3.1374999999999997	11.95	18.087500000000002	36.449999999999996	0.0	0.0	0.0	2378279.0	79274.0	3.5375	3.025	7.7250000000000005	12.6375	41.9125
