concurrency	elapsed-r	errors-r	ops(total)-r	ops/sec(cum)-r	avg(ms)-r	p50(ms)-r	p95(ms)-r	p99(ms)-r	pMax(ms)-r	total-r	elapsed-w	errors-w	ops(total)-w	ops/sec(cum)-w	avg(ms)-w	p50(ms)-w	p95(ms)-w	p99(ms)-w	pMax(ms)-w	total-w	elapsed	errors	ops(total)	ops/sec(cum)	avg(ms)	p50(ms)	p95(ms)	p99(ms)	pMax(ms)
55	0.0	0.0	3455003.0	115163.3	3.2875	3.1499999999999995	5.425	10.4375	145.8875	0.0	0.0	0.0	182257.0	6074.900000000001	3.2875	3.1499999999999995	5.3999999999999995	10.225	47.324999999999996	0.0	0.0	0.0	3637260.0	121238.4	3.2875	3.1499999999999995	5.3999999999999995	10.4375	145.8875
