concurrency	elapsed-r	errors-r	ops(total)-r	ops/sec(cum)-r	avg(ms)-r	p50(ms)-r	p95(ms)-r	p99(ms)-r	pMax(ms)-r	total-r	elapsed-w	errors-w	ops(total)-w	ops/sec(cum)-w	avg(ms)-w	p50(ms)-w	p95(ms)-w	p99(ms)-w	pMax(ms)-w	total-w	elapsed	errors	ops(total)	ops/sec(cum)	avg(ms)	p50(ms)	p95(ms)	p99(ms)	pMax(ms)
47	0.0	0.0	1708094.0	56934.8	5.675000000000001	4.575	13.4	20.825	56.599999999999994	0.0	0.0	0.0	89781.0	2992.7999999999997	8.5625	5.5625	23.212499999999995	32.675000000000004	60.8	0.0	0.0	0.0	1797875.0	59927.5	5.824999999999999	4.575	14.1625	22.674999999999997	61.58749999999999
