concurrency	elapsed-w	errors-w	ops(total)-w	ops/sec(cum)-w	avg(ms)-w	p50(ms)-w	p95(ms)-w	p99(ms)-w	pMax(ms)-w	total-w	elapsed	errors	ops(total)	ops/sec(cum)	avg(ms)	p50(ms)	p95(ms)	p99(ms)	pMax(ms)
40	0.0	0.0	4799212.0	159970.90000000002	1.6625	1.4625	3.275	5.374999999999999	169.725	0.0	0.0	0.0	4799212.0	159970.90000000002	1.6625	1.4625	3.275	5.374999999999999	169.725
