concurrency	elapsed-r	errors-r	ops(total)-r	ops/sec(cum)-r	avg(ms)-r	p50(ms)-r	p95(ms)-r	p99(ms)-r	pMax(ms)-r	total-r	elapsed-w	errors-w	ops(total)-w	ops/sec(cum)-w	avg(ms)-w	p50(ms)-w	p95(ms)-w	p99(ms)-w	pMax(ms)-w	total-w	elapsed	errors	ops(total)	ops/sec(cum)	avg(ms)	p50(ms)	p95(ms)	p99(ms)	pMax(ms)
128	0.0	0.0	2790414.0	93007.2	5.0600000000000005	3.4200000000000004	16.339999999999996	33.739999999999995	241.56	0.0	0.0	0.0	146205.0	4873.2	48.480000000000004	11.22	37.71999999999999	703.6200000000001	4959.359999999999	0.0	0.0	0.0	2936619.0	97880.40000000001	7.18	3.62	18.660000000000004	38.14	4971.1
