concurrency	elapsed-r	errors-r	ops(total)-r	ops/sec(cum)-r	avg(ms)-r	p50(ms)-r	p95(ms)-r	p99(ms)-r	pMax(ms)-r	total-r	elapsed-w	errors-w	ops(total)-w	ops/sec(cum)-w	avg(ms)-w	p50(ms)-w	p95(ms)-w	p99(ms)-w	pMax(ms)-w	total-w	elapsed	errors	ops(total)	ops/sec(cum)	avg(ms)	p50(ms)	p95(ms)	p99(ms)	pMax(ms)
31	0.0	0.0	1247236.0	41573.299999999996	5.312499999999999	4.825	13.912499999999998	19.6625	71.42500000000001	0.0	0.0	0.0	65217.0	2173.7999999999997	10.674999999999999	7.512499999999999	26.762500000000003	93.35	166.75	0.0	0.0	0.0	1312453.0	43747.2	5.575	4.8625	14.599999999999998	21.224999999999998	166.75
