concurrency	elapsed-r	errors-r	ops(total)-r	ops/sec(cum)-r	avg(ms)-r	p50(ms)-r	p95(ms)-r	p99(ms)-r	pMax(ms)-r	total-r	elapsed-w	errors-w	ops(total)-w	ops/sec(cum)-w	avg(ms)-w	p50(ms)-w	p95(ms)-w	p99(ms)-w	pMax(ms)-w	total-w	elapsed	errors	ops(total)	ops/sec(cum)	avg(ms)	p50(ms)	p95(ms)	p99(ms)	pMax(ms)
23	0.0	0.0	2979411.0	99311.29999999999	1.5499999999999998	1.45	2.675	4.675	20.825	0.0	0.0	0.0	156847.0	5228.2	1.6500000000000001	1.45	4.275	6.299999999999999	17.224999999999998	0.0	0.0	0.0	3136258.0	104539.6	1.5499999999999998	1.45	2.6999999999999997	4.9625	20.825
