concurrency	elapsed-r	errors-r	ops(total)-r	ops/sec(cum)-r	avg(ms)-r	p50(ms)-r	p95(ms)-r	p99(ms)-r	pMax(ms)-r	total-r	elapsed-w	errors-w	ops(total)-w	ops/sec(cum)-w	avg(ms)-w	p50(ms)-w	p95(ms)-w	p99(ms)-w	pMax(ms)-w	total-w	elapsed	errors	ops(total)	ops/sec(cum)	avg(ms)	p50(ms)	p95(ms)	p99(ms)	pMax(ms)
135	0.0	0.0	4441510.0	148036.6	4.82	3.88	12.419999999999998	20.580000000000002	246.63999999999996	0.0	0.0	0.0	234335.0	7810.5	12.1	10.999999999999998	24.8	33.86	169.66	0.0	0.0	0.0	4675845.0	155846.9	5.18	4.0	14.26	22.520000000000003	246.63999999999996
