concurrency	elapsed-r	errors-r	ops(total)-r	ops/sec(cum)-r	avg(ms)-r	p50(ms)-r	p95(ms)-r	p99(ms)-r	pMax(ms)-r	total-r	elapsed-w	errors-w	ops(total)-w	ops/sec(cum)-w	avg(ms)-w	p50(ms)-w	p95(ms)-w	p99(ms)-w	pMax(ms)-w	total-w	elapsed	errors	ops(total)	ops/sec(cum)	avg(ms)	p50(ms)	p95(ms)	p99(ms)	pMax(ms)
79	0.0	0.0	218738.0	3645.6	2.625	1.6500000000000001	7.525	15.099999999999998	95.44999999999999	0.0	0.0	0.0	11216.0	186.9	10.3	4.875	35.675	48.2	89.14999999999999	0.0	0.0	0.0	229954.0	3832.6	3.0250000000000004	1.7	9.425	23.85	97.54999999999998
