concurrency	elapsed-r	errors-r	ops(total)-r	ops/sec(cum)-r	avg(ms)-r	p50(ms)-r	p95(ms)-r	p99(ms)-r	pMax(ms)-r	total-r	elapsed-w	errors-w	ops(total)-w	ops/sec(cum)-w	avg(ms)-w	p50(ms)-w	p95(ms)-w	p99(ms)-w	pMax(ms)-w	total-w	elapsed	errors	ops(total)	ops/sec(cum)	avg(ms)	p50(ms)	p95(ms)	p99(ms)	pMax(ms)
40	0.0	0.0	1930875.0	64360.600000000006	4.137499999999999	3.575	9.7	15.325000000000001	58.175	0.0	0.0	0.0	102201.0	3406.7	7.5625	7.025	16.662499999999998	23.724999999999998	61.587500000000006	0.0	0.0	0.0	2033076.0	67767.3	4.2875	3.6999999999999997	10.375	16.275	69.46249999999999
