concurrency	elapsed-r	errors-r	ops(total)-r	ops/sec(cum)-r	avg(ms)-r	p50(ms)-r	p95(ms)-r	p99(ms)-r	pMax(ms)-r	total-r	elapsed-w	errors-w	ops(total)-w	ops/sec(cum)-w	avg(ms)-w	p50(ms)-w	p95(ms)-w	p99(ms)-w	pMax(ms)-w	total-w	elapsed	errors	ops(total)	ops/sec(cum)	avg(ms)	p50(ms)	p95(ms)	p99(ms)	pMax(ms)
127	0.0	0.0	4427151.0	147561.1	4.380000000000001	3.5	11.48	19.72	107.14000000000001	0.0	0.0	0.0	232952.0	7764.5	12.299999999999999	11.18	25.52	33.339999999999996	91.46000000000001	0.0	0.0	0.0	4660103.0	155325.59999999998	4.8	3.6199999999999997	13.919999999999998	22.64	107.36000000000001
