concurrency	elapsed-r	errors-r	ops(total)-r	ops/sec(cum)-r	avg(ms)-r	p50(ms)-r	p95(ms)-r	p99(ms)-r	pMax(ms)-r	total-r	elapsed-w	errors-w	ops(total)-w	ops/sec(cum)-w	avg(ms)-w	p50(ms)-w	p95(ms)-w	p99(ms)-w	pMax(ms)-w	total-w	elapsed	errors	ops(total)	ops/sec(cum)	avg(ms)	p50(ms)	p95(ms)	p99(ms)	pMax(ms)
50	0.0	0.0	733278.0	24441.8	2.3666666666666667	1.6000000000000003	6.1000000000000005	13.6	65.69999999999999	0.0	0.0	0.0	38596.0	1286.5	52.300000000000004	2.9	285.2	318.8	369.1000000000001	0.0	0.0	0.0	771874.0	25728.2	4.833333333333333	1.6333333333333335	6.599999999999999	27.266666666666666	369.1000000000001
