concurrency	elapsed-r	errors-r	ops(total)-r	ops/sec(cum)-r	avg(ms)-r	p50(ms)-r	p95(ms)-r	p99(ms)-r	pMax(ms)-r	total-r	elapsed-w	errors-w	ops(total)-w	ops/sec(cum)-w	avg(ms)-w	p50(ms)-w	p95(ms)-w	p99(ms)-w	pMax(ms)-w	total-w	elapsed	errors	ops(total)	ops/sec(cum)	avg(ms)	p50(ms)	p95(ms)	p99(ms)	pMax(ms)
88	0.0	0.0	3370656.0	112351.4	2.0	1.7666666666666666	3.033333333333333	9.533333333333333	36.333333333333336	0.0	0.0	0.0	177379.0	5912.5	3.8666666666666667	3.4333333333333336	6.966666666666666	14.866666666666665	35.266666666666666	0.0	0.0	0.0	3548035.0	118263.79999999999	2.1333333333333333	1.7999999999999998	3.8333333333333335	10.466666666666667	36.333333333333336
