concurrency	elapsed-r	errors-r	ops(total)-r	ops/sec(cum)-r	avg(ms)-r	p50(ms)-r	p95(ms)-r	p99(ms)-r	pMax(ms)-r	total-r	elapsed-w	errors-w	ops(total)-w	ops/sec(cum)-w	avg(ms)-w	p50(ms)-w	p95(ms)-w	p99(ms)-w	pMax(ms)-w	total-w	elapsed	errors	ops(total)	ops/sec(cum)	avg(ms)	p50(ms)	p95(ms)	p99(ms)	pMax(ms)
40	0.0	0.0	1602368.0	53410.7	2.5	1.8	6.9799999999999995	19.9	181.2	0.0	0.0	0.0	84652.0	2821.7999999999997	5.1	3.8	15.84	30.439999999999998	72.14000000000001	0.0	0.0	0.0	1687020.0	56232.399999999994	2.6399999999999997	1.8	7.6	20.119999999999997	181.2
