concurrency	elapsed-w	errors-w	ops(total)-w	ops/sec(cum)-w	avg(ms)-w	p50(ms)-w	p95(ms)-w	p99(ms)-w	pMax(ms)-w	total-w	elapsed	errors	ops(total)	ops/sec(cum)	avg(ms)	p50(ms)	p95(ms)	p99(ms)	pMax(ms)
5	0.0	0.0	27599.0	920.0	21.4	3.8249999999999997	82.85000000000001	88.1	381.7	0.0	0.0	0.0	27599.0	920.0	21.4	3.8249999999999997	82.85000000000001	88.1	381.7
