concurrency	elapsed-w	errors-w	ops(total)-w	ops/sec(cum)-w	avg(ms)-w	p50(ms)-w	p95(ms)-w	p99(ms)-w	pMax(ms)-w	total-w	elapsed	errors	ops(total)	ops/sec(cum)	avg(ms)	p50(ms)	p95(ms)	p99(ms)	pMax(ms)
35	0.0	0.0	3614385.0	120477.19999999998	2.15	1.8250000000000002	5.6125	7.324999999999999	26.35	0.0	0.0	0.0	3614385.0	120477.19999999998	2.15	1.8250000000000002	5.6125	7.324999999999999	26.35
