concurrency	elapsed-r	errors-r	ops(total)-r	ops/sec(cum)-r	avg(ms)-r	p50(ms)-r	p95(ms)-r	p99(ms)-r	pMax(ms)-r	total-r	elapsed-w	errors-w	ops(total)-w	ops/sec(cum)-w	avg(ms)-w	p50(ms)-w	p95(ms)-w	p99(ms)-w	pMax(ms)-w	total-w	elapsed	errors	ops(total)	ops/sec(cum)	avg(ms)	p50(ms)	p95(ms)	p99(ms)	pMax(ms)
80	0.0	0.0	2608032.0	86931.4	4.68	3.5799999999999996	14.02	22.439999999999998	89.3	0.0	0.0	0.0	138054.0	4601.599999999999	18.32	8.82	28.060000000000002	309.96000000000004	718.06	0.0	0.0	0.0	2746086.0	91533.2	5.38	3.6399999999999997	14.919999999999998	24.560000000000002	718.06
