concurrency	elapsed-r	errors-r	ops(total)-r	ops/sec(cum)-r	avg(ms)-r	p50(ms)-r	p95(ms)-r	p99(ms)-r	pMax(ms)-r	total-r	elapsed-w	errors-w	ops(total)-w	ops/sec(cum)-w	avg(ms)-w	p50(ms)-w	p95(ms)-w	p99(ms)-w	pMax(ms)-w	total-w	elapsed	errors	ops(total)	ops/sec(cum)	avg(ms)	p50(ms)	p95(ms)	p99(ms)	pMax(ms)
23	0.0	0.0	1593099.0	53101.90000000001	2.025	1.5250000000000001	5.699999999999999	9.725	48.349999999999994	0.0	0.0	0.0	84048.0	2801.7	22.925	2.95	291.5	352.30000000000007	421.5	0.0	0.0	0.0	1677147.0	55903.5	3.075	1.5250000000000001	5.95	10.8125	421.5
