concurrency	elapsed-w	errors-w	ops(total)-w	ops/sec(cum)-w	avg(ms)-w	p50(ms)-w	p95(ms)-w	p99(ms)-w	pMax(ms)-w	total-w	elapsed	errors	ops(total)	ops/sec(cum)	avg(ms)	p50(ms)	p95(ms)	p99(ms)	pMax(ms)
56	0.0	0.0	3566270.0	118872.70000000001	3.4625	3.25	5.975	10.475	44.262499999999996	0.0	0.0	0.0	3566270.0	118872.70000000001	3.4625	3.25	5.975	10.475	44.262499999999996
