concurrency	elapsed-r	errors-r	ops(total)-r	ops/sec(cum)-r	avg(ms)-r	p50(ms)-r	p95(ms)-r	p99(ms)-r	pMax(ms)-r	total-r	elapsed-w	errors-w	ops(total)-w	ops/sec(cum)-w	avg(ms)-w	p50(ms)-w	p95(ms)-w	p99(ms)-w	pMax(ms)-w	total-w	elapsed	errors	ops(total)	ops/sec(cum)	avg(ms)	p50(ms)	p95(ms)	p99(ms)	pMax(ms)
67	0.0	0.0	2756716.0	91887.8	3.46	2.64	9.0	17.52	128.76000000000002	0.0	0.0	0.0	145091.0	4836.200000000001	9.3	8.040000000000001	21.3	28.919999999999995	119.96	0.0	0.0	0.0	2901807.0	96723.9	3.7600000000000002	2.74	11.5	19.48	157.28
