concurrency	elapsed-r	errors-r	ops(total)-r	ops/sec(cum)-r	avg(ms)-r	p50(ms)-r	p95(ms)-r	p99(ms)-r	pMax(ms)-r	total-r	elapsed-w	errors-w	ops(total)-w	ops/sec(cum)-w	avg(ms)-w	p50(ms)-w	p95(ms)-w	p99(ms)-w	pMax(ms)-w	total-w	elapsed	errors	ops(total)	ops/sec(cum)	avg(ms)	p50(ms)	p95(ms)	p99(ms)	pMax(ms)
59	0.0	0.0	1212142.0	40403.1	3.0	2.1	8.1	21.333333333333332	127.26666666666665	0.0	0.0	0.0	64062.0	2135.3	6.400000000000001	4.7	20.266666666666666	39.8	82.5	0.0	0.0	0.0	1276204.0	42538.399999999994	3.2000000000000006	2.2	8.9	23.100000000000005	127.26666666666665
