concurrency	elapsed-r	errors-r	ops(total)-r	ops/sec(cum)-r	avg(ms)-r	p50(ms)-r	p95(ms)-r	p99(ms)-r	pMax(ms)-r	total-r	elapsed-w	errors-w	ops(total)-w	ops/sec(cum)-w	avg(ms)-w	p50(ms)-w	p95(ms)-w	p99(ms)-w	pMax(ms)-w	total-w	elapsed	errors	ops(total)	ops/sec(cum)	avg(ms)	p50(ms)	p95(ms)	p99(ms)	pMax(ms)
161	0.0	0.0	4516522.0	150534.6	4.659999999999999	3.5799999999999996	13.479999999999999	24.54	205.92	0.0	0.0	0.0	238342.0	7943.900000000001	22.7	12.139999999999999	28.939999999999998	424.91999999999996	1362.74	0.0	0.0	0.0	4754864.0	158478.6	5.58	3.7600000000000002	15.459999999999999	27.580000000000002	1363.56
