concurrency	elapsed-r	errors-r	ops(total)-r	ops/sec(cum)-r	avg(ms)-r	p50(ms)-r	p95(ms)-r	p99(ms)-r	pMax(ms)-r	total-r	elapsed-w	errors-w	ops(total)-w	ops/sec(cum)-w	avg(ms)-w	p50(ms)-w	p95(ms)-w	p99(ms)-w	pMax(ms)-w	total-w	elapsed	errors	ops(total)	ops/sec(cum)	avg(ms)	p50(ms)	p95(ms)	p99(ms)	pMax(ms)
55	0.0	0.0	2133227.0	71104.70000000001	5.25	4.3	12.6375	20.7125	60.275000000000006	0.0	0.0	0.0	112014.0	3733.7999999999997	7.3125	4.824999999999999	20.162499999999998	29.887500000000003	60.0125	0.0	0.0	0.0	2245241.0	74838.3	5.35	4.3125	13.174999999999999	21.2625	61.85000000000001
