concurrency	elapsed-r	errors-r	ops(total)-r	ops/sec(cum)-r	avg(ms)-r	p50(ms)-r	p95(ms)-r	p99(ms)-r	pMax(ms)-r	total-r	elapsed-w	errors-w	ops(total)-w	ops/sec(cum)-w	avg(ms)-w	p50(ms)-w	p95(ms)-w	p99(ms)-w	pMax(ms)-w	total-w	elapsed	errors	ops(total)	ops/sec(cum)	avg(ms)	p50(ms)	p95(ms)	p99(ms)	pMax(ms)
72	0.0	0.0	2979884.0	99326.70000000001	1.9666666666666668	1.5666666666666667	3.766666666666667	9.700000000000001	29.36666666666667	0.0	0.0	0.0	156386.0	5212.7	3.733333333333333	3.266666666666667	7.433333333333334	16.333333333333332	32.86666666666667	0.0	0.0	0.0	3136270.0	104539.4	2.0666666666666664	1.6333333333333335	4.3	10.066666666666666	34.266666666666666
