concurrency	elapsed-r	errors-r	ops(total)-r	ops/sec(cum)-r	avg(ms)-r	p50(ms)-r	p95(ms)-r	p99(ms)-r	pMax(ms)-r	total-r	elapsed-w	errors-w	ops(total)-w	ops/sec(cum)-w	avg(ms)-w	p50(ms)-w	p95(ms)-w	p99(ms)-w	pMax(ms)-w	total-w	elapsed	errors	ops(total)	ops/sec(cum)	avg(ms)	p50(ms)	p95(ms)	p99(ms)	pMax(ms)
101	0.0	0.0	838233.0	27939.6	8.3	6.599999999999999	22.0	32.5	243.30000000000004	0.0	0.0	0.0	44173.0	1472.3000000000002	20.833333333333332	18.9	44.0	56.6	209.73333333333335	0.0	0.0	0.0	882406.0	29411.9	8.9	6.8	24.100000000000005	37.7	243.30000000000004
