concurrency	elapsed-r	errors-r	ops(total)-r	ops/sec(cum)-r	avg(ms)-r	p50(ms)-r	p95(ms)-r	p99(ms)-r	pMax(ms)-r	total-r	elapsed-w	errors-w	ops(total)-w	ops/sec(cum)-w	avg(ms)-w	p50(ms)-w	p95(ms)-w	p99(ms)-w	pMax(ms)-w	total-w	elapsed	errors	ops(total)	ops/sec(cum)	avg(ms)	p50(ms)	p95(ms)	p99(ms)	pMax(ms)
35	0.0	0.0	105506.0	3516.7	63.88750000000001	4.15	377.50000000000006	692.0375000000001	1291.875	0.0	0.0	0.0	5412.0	180.3	299.8375	182.45	1006.6250000000001	1543.5124999999996	2868.9125	0.0	0.0	0.0	110918.0	3697.0	75.3875	4.387499999999999	423.6125	792.7375000000001	2868.9125
