concurrency	elapsed-r	errors-r	ops(total)-r	ops/sec(cum)-r	avg(ms)-r	p50(ms)-r	p95(ms)-r	p99(ms)-r	pMax(ms)-r	total-r	elapsed-w	errors-w	ops(total)-w	ops/sec(cum)-w	avg(ms)-w	p50(ms)-w	p95(ms)-w	p99(ms)-w	pMax(ms)-w	total-w	elapsed	errors	ops(total)	ops/sec(cum)	avg(ms)	p50(ms)	p95(ms)	p99(ms)	pMax(ms)
111	0.0	0.0	732290.0	24408.1	10.699999999999998	8.1	30.399999999999995	44.0	324.3666666666666	0.0	0.0	0.0	38820.0	1293.9	21.433333333333334	18.9	48.20000000000001	63.6	285.23333333333335	0.0	0.0	0.0	771110.0	25702.1	11.266666666666666	8.4	32.5	46.1	324.3666666666666
