concurrency	elapsed-r	errors-r	ops(total)-r	ops/sec(cum)-r	avg(ms)-r	p50(ms)-r	p95(ms)-r	p99(ms)-r	pMax(ms)-r	total-r	elapsed-w	errors-w	ops(total)-w	ops/sec(cum)-w	avg(ms)-w	p50(ms)-w	p95(ms)-w	p99(ms)-w	pMax(ms)-w	total-w	elapsed	errors	ops(total)	ops/sec(cum)	avg(ms)	p50(ms)	p95(ms)	p99(ms)	pMax(ms)
11	0.0	0.0	674449.0	22481.3	2.95	2.6250000000000004	5.800000000000001	9.112499999999999	56.8625	0.0	0.0	0.0	35632.0	1187.8	13.4	12.849999999999998	23.575	29.000000000000004	58.96249999999999	0.0	0.0	0.0	710081.0	23668.999999999996	3.525	2.6625	9.1875	18.625000000000004	62.637499999999996
