concurrency	elapsed-r	errors-r	ops(total)-r	ops/sec(cum)-r	avg(ms)-r	p50(ms)-r	p95(ms)-r	p99(ms)-r	pMax(ms)-r	total-r	elapsed-w	errors-w	ops(total)-w	ops/sec(cum)-w	avg(ms)-w	p50(ms)-w	p95(ms)-w	p99(ms)-w	pMax(ms)-w	total-w	elapsed	errors	ops(total)	ops/sec(cum)	avg(ms)	p50(ms)	p95(ms)	p99(ms)	pMax(ms)
18	0.0	0.0	1176129.0	39203.5	3.0875000000000004	2.6	7.324999999999999	12.0125	105.11249999999998	0.0	0.0	0.0	61858.0	2061.9	5.7749999999999995	4.9375	12.974999999999998	20.85	59.99999999999999	0.0	0.0	0.0	1237987.0	41265.600000000006	3.2249999999999996	2.6500000000000004	7.8	12.599999999999998	105.11249999999998
