concurrency	elapsed-r	errors-r	ops(total)-r	ops/sec(cum)-r	avg(ms)-r	p50(ms)-r	p95(ms)-r	p99(ms)-r	pMax(ms)-r	total-r	elapsed-w	errors-w	ops(total)-w	ops/sec(cum)-w	avg(ms)-w	p50(ms)-w	p95(ms)-w	p99(ms)-w	pMax(ms)-w	total-w	elapsed	errors	ops(total)	ops/sec(cum)	avg(ms)	p50(ms)	p95(ms)	p99(ms)	pMax(ms)
38	0.0	0.0	3252728.0	108421.7	2.375	2.2	4.1	7.975	109.8125	0.0	0.0	0.0	171716.0	5723.8	2.6125000000000003	2.4000000000000004	4.550000000000001	8.55	49.137499999999996	0.0	0.0	0.0	3424444.0	114145.30000000002	2.375	2.225	4.1	7.975	131.3125
