concurrency	elapsed-r	errors-r	ops(total)-r	ops/sec(cum)-r	avg(ms)-r	p50(ms)-r	p95(ms)-r	p99(ms)-r	pMax(ms)-r	total-r	elapsed	errors	ops(total)	ops/sec(cum)	avg(ms)	p50(ms)	p95(ms)	p99(ms)	pMax(ms)
20	0.0	0.0	1377736.0	45923.799999999996	3.3125	3.0499999999999994	6.137499999999998	9.775	24.912499999999998	0.0	0.0	0.0	1377736.0	45923.799999999996	3.3125	3.0499999999999994	6.137499999999998	9.775	24.912499999999998
