concurrency	elapsed-r	errors-r	ops(total)-r	ops/sec(cum)-r	avg(ms)-r	p50(ms)-r	p95(ms)-r	p99(ms)-r	pMax(ms)-r	total-r	elapsed	errors	ops(total)	ops/sec(cum)	avg(ms)	p50(ms)	p95(ms)	p99(ms)	pMax(ms)
55	0.0	0.0	1883410.0	62778.6	6.4624999999999995	5.5874999999999995	15.374999999999998	23.324999999999996	77.58749999999999	0.0	0.0	0.0	1883410.0	62778.6	6.4624999999999995	5.5874999999999995	15.374999999999998	23.324999999999996	77.58749999999999
