concurrency	elapsed-r	errors-r	ops(total)-r	ops/sec(cum)-r	avg(ms)-r	p50(ms)-r	p95(ms)-r	p99(ms)-r	pMax(ms)-r	total-r	elapsed-w	errors-w	ops(total)-w	ops/sec(cum)-w	avg(ms)-w	p50(ms)-w	p95(ms)-w	p99(ms)-w	pMax(ms)-w	total-w	elapsed	errors	ops(total)	ops/sec(cum)	avg(ms)	p50(ms)	p95(ms)	p99(ms)	pMax(ms)
64	0.0	0.0	2648363.0	88275.7	3.9799999999999995	3.2600000000000002	9.2	18.240000000000002	71.75999999999999	0.0	0.0	0.0	138965.0	4632.0	8.18	7.159999999999999	18.44	25.6	64.16	0.0	0.0	0.0	2787328.0	92907.7	4.2	3.3800000000000003	10.540000000000001	18.68	77.17999999999999
