concurrency	elapsed-r	errors-r	ops(total)-r	ops/sec(cum)-r	avg(ms)-r	p50(ms)-r	p95(ms)-r	p99(ms)-r	pMax(ms)-r	total-r	elapsed-w	errors-w	ops(total)-w	ops/sec(cum)-w	avg(ms)-w	p50(ms)-w	p95(ms)-w	p99(ms)-w	pMax(ms)-w	total-w	elapsed	errors	ops(total)	ops/sec(cum)	avg(ms)	p50(ms)	p95(ms)	p99(ms)	pMax(ms)
44	0.0	0.0	4420872.0	147359.1	1.9249999999999998	1.725	3.5999999999999996	6.6	216.0	0.0	0.0	0.0	232260.0	7741.799999999999	2.0124999999999997	1.725	3.8499999999999996	7.375	174.04999999999998	0.0	0.0	0.0	4653132.0	155100.90000000002	1.9249999999999998	1.725	3.5999999999999996	6.625	216.0
