concurrency	elapsed-r	errors-r	ops(total)-r	ops/sec(cum)-r	avg(ms)-r	p50(ms)-r	p95(ms)-r	p99(ms)-r	pMax(ms)-r	total-r	elapsed-w	errors-w	ops(total)-w	ops/sec(cum)-w	avg(ms)-w	p50(ms)-w	p95(ms)-w	p99(ms)-w	pMax(ms)-w	total-w	elapsed	errors	ops(total)	ops/sec(cum)	avg(ms)	p50(ms)	p95(ms)	p99(ms)	pMax(ms)
45	0.0	0.0	1431694.0	47721.8	6.5125	5.475	15.374999999999998	23.4625	79.95	0.0	0.0	0.0	75435.0	2514.5000000000005	11.1375	9.5625	27.9375	38.25	72.08749999999999	0.0	0.0	0.0	1507129.0	50236.200000000004	6.7250000000000005	5.5625	16.9	25.15	87.5625
