concurrency	elapsed-r	errors-r	ops(total)-r	ops/sec(cum)-r	avg(ms)-r	p50(ms)-r	p95(ms)-r	p99(ms)-r	pMax(ms)-r	total-r	elapsed-w	errors-w	ops(total)-w	ops/sec(cum)-w	avg(ms)-w	p50(ms)-w	p95(ms)-w	p99(ms)-w	pMax(ms)-w	total-w	elapsed	errors	ops(total)	ops/sec(cum)	avg(ms)	p50(ms)	p95(ms)	p99(ms)	pMax(ms)
75	0.0	0.0	2664820.0	88824.00000000001	4.540000000000001	3.66	11.620000000000001	21.18	169.43999999999997	0.0	0.0	0.0	140411.0	4680.2	11.639999999999999	9.98	27.220000000000006	37.0	140.5	0.0	0.0	0.0	2805231.0	93504.2	4.9	3.72	14.060000000000002	23.060000000000002	169.43999999999997
