concurrency	elapsed-r	errors-r	ops(total)-r	ops/sec(cum)-r	avg(ms)-r	p50(ms)-r	p95(ms)-r	p99(ms)-r	pMax(ms)-r	total-r	elapsed-w	errors-w	ops(total)-w	ops/sec(cum)-w	avg(ms)-w	p50(ms)-w	p95(ms)-w	p99(ms)-w	pMax(ms)-w	total-w	elapsed	errors	ops(total)	ops/sec(cum)	avg(ms)	p50(ms)	p95(ms)	p99(ms)	pMax(ms)
27	0.0	0.0	1048428.0	34946.7	5.6625000000000005	5.799999999999999	10.125	11.5	24.5	0.0	0.0	0.0	54605.0	1820.1999999999998	6.0	6.0	10.5625	12.599999999999998	32.6375	0.0	0.0	0.0	1103033.0	36767.0	5.6625000000000005	5.799999999999999	10.125	11.5	32.900000000000006
