concurrency	elapsed-r	errors-r	ops(total)-r	ops/sec(cum)-r	avg(ms)-r	p50(ms)-r	p95(ms)-r	p99(ms)-r	pMax(ms)-r	total-r	elapsed	errors	ops(total)	ops/sec(cum)	avg(ms)	p50(ms)	p95(ms)	p99(ms)	pMax(ms)
63	0.0	0.0	1488874.0	49627.299999999996	9.5125	8.5375	21.0	30.950000000000003	121.11250000000001	0.0	0.0	0.0	1488874.0	49627.299999999996	9.5125	8.5375	21.0	30.950000000000003	121.11250000000001
