concurrency	elapsed-r	errors-r	ops(total)-r	ops/sec(cum)-r	avg(ms)-r	p50(ms)-r	p95(ms)-r	p99(ms)-r	pMax(ms)-r	total-r	elapsed	errors	ops(total)	ops/sec(cum)	avg(ms)	p50(ms)	p95(ms)	p99(ms)	pMax(ms)
18	0.0	0.0	1112033.0	37067.299999999996	3.725	3.4624999999999995	6.825	9.737499999999999	25.949999999999996	0.0	0.0	0.0	1112033.0	37067.299999999996	3.725	3.4624999999999995	6.825	9.737499999999999	25.949999999999996
