concurrency	elapsed-r	errors-r	ops(total)-r	ops/sec(cum)-r	avg(ms)-r	p50(ms)-r	p95(ms)-r	p99(ms)-r	pMax(ms)-r	total-r	elapsed-w	errors-w	ops(total)-w	ops/sec(cum)-w	avg(ms)-w	p50(ms)-w	p95(ms)-w	p99(ms)-w	pMax(ms)-w	total-w	elapsed	errors	ops(total)	ops/sec(cum)	avg(ms)	p50(ms)	p95(ms)	p99(ms)	pMax(ms)
26	0.0	0.0	1850904.0	61695.6	2.5875000000000004	2.1	7.025	11.825	58.9625	0.0	0.0	0.0	97361.0	3245.2999999999997	9.112499999999999	3.9	16.0625	181.38750000000002	297.8	0.0	0.0	0.0	1948265.0	64940.7	2.925	2.125	7.325	12.849999999999998	297.8
