concurrency	elapsed-r	errors-r	ops(total)-r	ops/sec(cum)-r	avg(ms)-r	p50(ms)-r	p95(ms)-r	p99(ms)-r	pMax(ms)-r	total-r	elapsed	errors	ops(total)	ops/sec(cum)	avg(ms)	p50(ms)	p95(ms)	p99(ms)	pMax(ms)
6	0.0	0.0	884312.0	29476.700000000004	1.4749999999999999	1.425	1.9999999999999998	3.0	12.2625	0.0	0.0	0.0	884312.0	29476.700000000004	1.4749999999999999	1.425	1.9999999999999998	3.0	12.2625
