concurrency	elapsed-r	errors-r	ops(total)-r	ops/sec(cum)-r	avg(ms)-r	p50(ms)-r	p95(ms)-r	p99(ms)-r	pMax(ms)-r	total-r	elapsed-w	errors-w	ops(total)-w	ops/sec(cum)-w	avg(ms)-w	p50(ms)-w	p95(ms)-w	p99(ms)-w	pMax(ms)-w	total-w	elapsed	errors	ops(total)	ops/sec(cum)	avg(ms)	p50(ms)	p95(ms)	p99(ms)	pMax(ms)
31	0.0	0.0	3325877.0	110860.2	1.8875	1.7500000000000002	3.275	6.4624999999999995	27.2875	0.0	0.0	0.0	175833.0	5861.000000000001	1.9249999999999998	1.7500000000000002	3.2875	6.574999999999999	21.425	0.0	0.0	0.0	3501710.0	116721.3	1.9	1.7500000000000002	3.275	6.4624999999999995	27.2875
