concurrency	elapsed-w	errors-w	ops(total)-w	ops/sec(cum)-w	avg(ms)-w	p50(ms)-w	p95(ms)-w	p99(ms)-w	pMax(ms)-w	total-w	elapsed	errors	ops(total)	ops/sec(cum)	avg(ms)	p50(ms)	p95(ms)	p99(ms)	pMax(ms)
48	0.0	0.0	417376.0	13912.1	26.550000000000004	2.5125	8.975	1535.1125	7348.4375	0.0	0.0	0.0	417376.0	13912.1	26.550000000000004	2.5125	8.975	1535.1125	7348.4375
