concurrency	elapsed-r	errors-r	ops(total)-r	ops/sec(cum)-r	avg(ms)-r	p50(ms)-r	p95(ms)-r	p99(ms)-r	pMax(ms)-r	total-r	elapsed	errors	ops(total)	ops/sec(cum)	avg(ms)	p50(ms)	p95(ms)	p99(ms)	pMax(ms)
26	0.0	0.0	1045152.0	34837.8	5.8500000000000005	5.3125	11.524999999999999	16.925	45.8375	0.0	0.0	0.0	1045152.0	34837.8	5.8500000000000005	5.3125	11.524999999999999	16.925	45.8375
