concurrency	elapsed-r	errors-r	ops(total)-r	ops/sec(cum)-r	avg(ms)-r	p50(ms)-r	p95(ms)-r	p99(ms)-r	pMax(ms)-r	total-r	elapsed-w	errors-w	ops(total)-w	ops/sec(cum)-w	avg(ms)-w	p50(ms)-w	p95(ms)-w	p99(ms)-w	pMax(ms)-w	total-w	elapsed	errors	ops(total)	ops/sec(cum)	avg(ms)	p50(ms)	p95(ms)	p99(ms)	pMax(ms)
47	0.0	0.0	1257098.0	41901.7	3.5875	2.725	9.4625	16.724999999999998	206.55	0.0	0.0	0.0	65989.0	2199.6000000000004	98.5125	93.33749999999999	196.05	219.14999999999998	348.13750000000005	0.0	0.0	0.0	1323087.0	44101.299999999996	8.325	2.875	21.8875	164.65	348.13750000000005
