concurrency	elapsed-r	errors-r	ops(total)-r	ops/sec(cum)-r	avg(ms)-r	p50(ms)-r	p95(ms)-r	p99(ms)-r	pMax(ms)-r	total-r	elapsed-w	errors-w	ops(total)-w	ops/sec(cum)-w	avg(ms)-w	p50(ms)-w	p95(ms)-w	p99(ms)-w	pMax(ms)-w	total-w	elapsed	errors	ops(total)	ops/sec(cum)	avg(ms)	p50(ms)	p95(ms)	p99(ms)	pMax(ms)
58	0.0	0.0	3303167.0	110102.5	3.55	3.2249999999999996	6.3500000000000005	12.625000000000002	90.16250000000001	0.0	0.0	0.0	173562.0	5785.099999999999	3.7250000000000005	3.4375	6.5249999999999995	13.625000000000002	85.1875	0.0	0.0	0.0	3476729.0	115887.8	3.5875	3.2249999999999996	6.3500000000000005	12.625000000000002	90.425
