concurrency	elapsed-r	errors-r	ops(total)-r	ops/sec(cum)-r	avg(ms)-r	p50(ms)-r	p95(ms)-r	p99(ms)-r	pMax(ms)-r	total-r	elapsed-w	errors-w	ops(total)-w	ops/sec(cum)-w	avg(ms)-w	p50(ms)-w	p95(ms)-w	p99(ms)-w	pMax(ms)-w	total-w	elapsed	errors	ops(total)	ops/sec(cum)	avg(ms)	p50(ms)	p95(ms)	p99(ms)	pMax(ms)
112	0.0	0.0	2847625.0	94916.0	5.5	4.4799999999999995	14.680000000000001	24.1	294.44	0.0	0.0	0.0	149464.0	4981.9	18.9	17.18	39.62	53.260000000000005	268.44	0.0	0.0	0.0	2997089.0	99897.9	6.160000000000001	4.62	18.04	31.439999999999998	297.8
