concurrency	elapsed-r	errors-r	ops(total)-r	ops/sec(cum)-r	avg(ms)-r	p50(ms)-r	p95(ms)-r	p99(ms)-r	pMax(ms)-r	total-r	elapsed-w	errors-w	ops(total)-w	ops/sec(cum)-w	avg(ms)-w	p50(ms)-w	p95(ms)-w	p99(ms)-w	pMax(ms)-w	total-w	elapsed	errors	ops(total)	ops/sec(cum)	avg(ms)	p50(ms)	p95(ms)	p99(ms)	pMax(ms)
48	0.0	0.0	3475431.0	115844.70000000001	2.8625000000000003	2.75	4.875	9.275	120.58749999999998	0.0	0.0	0.0	182412.0	6080.099999999999	2.8875	2.7625	4.875	9.425	19.537499999999998	0.0	0.0	0.0	3657843.0	121924.99999999999	2.8625000000000003	2.75	4.875	9.275	120.58749999999998
