concurrency	elapsed-r	errors-r	ops(total)-r	ops/sec(cum)-r	avg(ms)-r	p50(ms)-r	p95(ms)-r	p99(ms)-r	pMax(ms)-r	total-r	elapsed-w	errors-w	ops(total)-w	ops/sec(cum)-w	avg(ms)-w	p50(ms)-w	p95(ms)-w	p99(ms)-w	pMax(ms)-w	total-w	elapsed	errors	ops(total)	ops/sec(cum)	avg(ms)	p50(ms)	p95(ms)	p99(ms)	pMax(ms)
47	0.0	0.0	763809.0	25459.3	3.5	2.7999999999999994	8.9	18.9	72.7	0.0	0.0	0.0	40297.0	1343.2	1.7333333333333334	1.1	3.1666666666666665	10.333333333333334	93.7	0.0	0.0	0.0	804106.0	26802.500000000004	3.4	2.7999999999999994	8.9	18.166666666666668	93.7
