concurrency	elapsed-r	errors-r	ops(total)-r	ops/sec(cum)-r	avg(ms)-r	p50(ms)-r	p95(ms)-r	p99(ms)-r	pMax(ms)-r	total-r	elapsed-w	errors-w	ops(total)-w	ops/sec(cum)-w	avg(ms)-w	p50(ms)-w	p95(ms)-w	p99(ms)-w	pMax(ms)-w	total-w	elapsed	errors	ops(total)	ops/sec(cum)	avg(ms)	p50(ms)	p95(ms)	p99(ms)	pMax(ms)
48	0.0	0.0	2118464.0	70613.1	5.875	3.1999999999999997	17.15	30.887500000000003	107.87500000000001	0.0	0.0	0.0	110744.0	3691.2999999999997	5.8125	3.125	17.1	30.362499999999997	73.6625	0.0	0.0	0.0	2229208.0	74304.40000000001	5.875	3.1999999999999997	17.15	30.887500000000003	114.5625
