concurrency	elapsed-r	errors-r	ops(total)-r	ops/sec(cum)-r	avg(ms)-r	p50(ms)-r	p95(ms)-r	p99(ms)-r	pMax(ms)-r	total-r	elapsed-w	errors-w	ops(total)-w	ops/sec(cum)-w	avg(ms)-w	p50(ms)-w	p95(ms)-w	p99(ms)-w	pMax(ms)-w	total-w	elapsed	errors	ops(total)	ops/sec(cum)	avg(ms)	p50(ms)	p95(ms)	p99(ms)	pMax(ms)
30	0.0	0.0	76985.0	2566.2	71.4375	5.112500000000001	388.0	775.9750000000001	1543.5	0.0	0.0	0.0	4045.0	134.9	410.475	330.27500000000003	1258.325	1971.3375	3154.125	0.0	0.0	0.0	81030.0	2700.9	88.35	5.487500000000001	480.2125	922.7624999999999	3154.125
