concurrency	elapsed-w	errors-w	ops(total)-w	ops/sec(cum)-w	avg(ms)-w	p50(ms)-w	p95(ms)-w	p99(ms)-w	pMax(ms)-w	total-w	elapsed	errors	ops(total)	ops/sec(cum)	avg(ms)	p50(ms)	p95(ms)	p99(ms)	pMax(ms)
3	0.0	0.0	294988.0	9833.0	2.1999999999999997	2.1999999999999997	3.325	5.375	22.8125	0.0	0.0	0.0	294988.0	9833.0	2.1999999999999997	2.1999999999999997	3.325	5.375	22.8125
