concurrency	elapsed-r	errors-r	ops(total)-r	ops/sec(cum)-r	avg(ms)-r	p50(ms)-r	p95(ms)-r	p99(ms)-r	pMax(ms)-r	total-r	elapsed-w	errors-w	ops(total)-w	ops/sec(cum)-w	avg(ms)-w	p50(ms)-w	p95(ms)-w	p99(ms)-w	pMax(ms)-w	total-w	elapsed	errors	ops(total)	ops/sec(cum)	avg(ms)	p50(ms)	p95(ms)	p99(ms)	pMax(ms)
23	0.0	0.0	169197.0	5639.7	5.0249999999999995	4.9875	8.9125	10.925	29.775000000000002	0.0	0.0	0.0	8713.0	290.4	524.8375000000001	671.1	738.1999999999999	738.1999999999999	750.7874999999999	0.0	0.0	0.0	177910.0	5930.0	30.5125	5.25	11.212499999999999	704.6000000000001	750.7874999999999
