concurrency	elapsed-r	errors-r	ops(total)-r	ops/sec(cum)-r	avg(ms)-r	p50(ms)-r	p95(ms)-r	p99(ms)-r	pMax(ms)-r	total-r	elapsed	errors	ops(total)	ops/sec(cum)	avg(ms)	p50(ms)	p95(ms)	p99(ms)	pMax(ms)
23	0.0	0.0	1402593.0	46752.100000000006	3.7624999999999997	3.4624999999999995	7.237500000000001	11.024999999999999	27.15	0.0	0.0	0.0	1402593.0	46752.100000000006	3.7624999999999997	3.4624999999999995	7.237500000000001	11.024999999999999	27.15
