concurrency	elapsed-r	errors-r	ops(total)-r	ops/sec(cum)-r	avg(ms)-r	p50(ms)-r	p95(ms)-r	p99(ms)-r	pMax(ms)-r	total-r	elapsed-w	errors-w	ops(total)-w	ops/sec(cum)-w	avg(ms)-w	p50(ms)-w	p95(ms)-w	p99(ms)-w	pMax(ms)-w	total-w	elapsed	errors	ops(total)	ops/sec(cum)	avg(ms)	p50(ms)	p95(ms)	p99(ms)	pMax(ms)
135	0.0	0.0	2720520.0	90678.59999999999	7.44	5.460000000000001	20.66	33.760000000000005	576.28	0.0	0.0	0.0	143302.0	4776.4	23.919999999999998	21.62	52.86	68.82000000000001	482.34	0.0	0.0	0.0	2863822.0	95455.0	8.28	5.64	25.18	43.17999999999999	576.28
