concurrency	elapsed-r	errors-r	ops(total)-r	ops/sec(cum)-r	avg(ms)-r	p50(ms)-r	p95(ms)-r	p99(ms)-r	pMax(ms)-r	total-r	elapsed-w	errors-w	ops(total)-w	ops/sec(cum)-w	avg(ms)-w	p50(ms)-w	p95(ms)-w	p99(ms)-w	pMax(ms)-w	total-w	elapsed	errors	ops(total)	ops/sec(cum)	avg(ms)	p50(ms)	p95(ms)	p99(ms)	pMax(ms)
152	0.0	0.0	4518895.0	150621.8	5.24	4.180000000000001	13.860000000000003	22.14	173.68	0.0	0.0	0.0	237936.0	7930.7	13.5	11.78	30.759999999999998	44.46	149.32	0.0	0.0	0.0	4756831.0	158552.5	5.680000000000001	4.3999999999999995	15.559999999999999	25.76	173.68
