concurrency	elapsed-r	errors-r	ops(total)-r	ops/sec(cum)-r	avg(ms)-r	p50(ms)-r	p95(ms)-r	p99(ms)-r	pMax(ms)-r	total-r	elapsed-w	errors-w	ops(total)-w	ops/sec(cum)-w	avg(ms)-w	p50(ms)-w	p95(ms)-w	p99(ms)-w	pMax(ms)-w	total-w	elapsed	errors	ops(total)	ops/sec(cum)	avg(ms)	p50(ms)	p95(ms)	p99(ms)	pMax(ms)
40	0.0	0.0	1947329.0	64909.2	4.075	3.6374999999999997	9.4	14.825000000000001	46.88750000000001	0.0	0.0	0.0	102052.0	3401.8	7.3374999999999995	7.025	15.85	22.275	44.02499999999999	0.0	0.0	0.0	2049381.0	68310.9	4.225	3.6875	10.125	15.575000000000001	49.775
