concurrency	elapsed-r	errors-r	ops(total)-r	ops/sec(cum)-r	avg(ms)-r	p50(ms)-r	p95(ms)-r	p99(ms)-r	pMax(ms)-r	total-r	elapsed	errors	ops(total)	ops/sec(cum)	avg(ms)	p50(ms)	p95(ms)	p99(ms)	pMax(ms)
104	0.0	0.0	1867243.0	62237.700000000004	12.387500000000001	10.75	29.924999999999997	43.7375	153.6	0.0	0.0	0.0	1867243.0	62237.700000000004	12.387500000000001	10.75	29.924999999999997	43.7375	153.6
