concurrency	elapsed-r	errors-r	ops(total)-r	ops/sec(cum)-r	avg(ms)-r	p50(ms)-r	p95(ms)-r	p99(ms)-r	pMax(ms)-r	total-r	elapsed	errors	ops(total)	ops/sec(cum)	avg(ms)	p50(ms)	p95(ms)	p99(ms)	pMax(ms)
26	0.0	0.0	979435.0	32647.2	6.262500000000001	5.8	12.549999999999999	17.05	40.5875	0.0	0.0	0.0	979435.0	32647.2	6.262500000000001	5.8	12.549999999999999	17.05	40.5875
