concurrency	elapsed-r	errors-r	ops(total)-r	ops/sec(cum)-r	avg(ms)-r	p50(ms)-r	p95(ms)-r	p99(ms)-r	pMax(ms)-r	total-r	elapsed-w	errors-w	ops(total)-w	ops/sec(cum)-w	avg(ms)-w	p50(ms)-w	p95(ms)-w	p99(ms)-w	pMax(ms)-w	total-w	elapsed	errors	ops(total)	ops/sec(cum)	avg(ms)	p50(ms)	p95(ms)	p99(ms)	pMax(ms)
66	0.0	0.0	1945419.0	64845.100000000006	6.800000000000001	6.0125	16.2	24.924999999999997	93.875	0.0	0.0	0.0	102997.0	3433.2000000000003	12.299999999999999	11.649999999999999	27.1625	37.4625	87.3	0.0	0.0	0.0	2048416.0	68278.2	7.074999999999999	6.1000000000000005	17.3	26.212499999999995	98.5875
