concurrency	elapsed-r	errors-r	ops(total)-r	ops/sec(cum)-r	avg(ms)-r	p50(ms)-r	p95(ms)-r	p99(ms)-r	pMax(ms)-r	total-r	elapsed-w	errors-w	ops(total)-w	ops/sec(cum)-w	avg(ms)-w	p50(ms)-w	p95(ms)-w	p99(ms)-w	pMax(ms)-w	total-w	elapsed	errors	ops(total)	ops/sec(cum)	avg(ms)	p50(ms)	p95(ms)	p99(ms)	pMax(ms)
53	0.0	0.0	1722237.0	57405.3	6.287499999999999	5.2749999999999995	14.7375	23.049999999999997	58.4375	0.0	0.0	0.0	91020.0	3033.9	9.6375	6.300000000000001	25.7	36.162499999999994	68.15	0.0	0.0	0.0	1813257.0	60438.90000000001	6.4624999999999995	5.2749999999999995	15.687499999999998	24.525	68.15
