concurrency	elapsed-r	errors-r	ops(total)-r	ops/sec(cum)-r	avg(ms)-r	p50(ms)-r	p95(ms)-r	p99(ms)-r	pMax(ms)-r	total-r	elapsed-w	errors-w	ops(total)-w	ops/sec(cum)-w	avg(ms)-w	p50(ms)-w	p95(ms)-w	p99(ms)-w	pMax(ms)-w	total-w	elapsed	errors	ops(total)	ops/sec(cum)	avg(ms)	p50(ms)	p95(ms)	p99(ms)	pMax(ms)
48	0.0	0.0	4580546.0	152680.9	2.0	1.8250000000000002	3.625	6.762500000000001	217.04999999999995	0.0	0.0	0.0	240746.0	8024.6	2.1125000000000003	1.8250000000000002	3.8499999999999996	8.425	114.53749999999998	0.0	0.0	0.0	4821292.0	160705.60000000003	2.0	1.8250000000000002	3.625	6.8875	217.04999999999995
