concurrency	elapsed-w	errors-w	ops(total)-w	ops/sec(cum)-w	avg(ms)-w	p50(ms)-w	p95(ms)-w	p99(ms)-w	pMax(ms)-w	total-w	elapsed	errors	ops(total)	ops/sec(cum)	avg(ms)	p50(ms)	p95(ms)	p99(ms)	pMax(ms)
48	0.0	0.0	3859365.0	128642.4	2.7625000000000006	1.7375	8.425	12.349999999999998	32.0	0.0	0.0	0.0	3859365.0	128642.4	2.7625000000000006	1.7375	8.425	12.349999999999998	32.0
