ops/sec(cum)	p50(ms)	p99(ms)	read_tp	read_p50	read_p99	write_tp	write_p50	write_p99
253587.49999999997	0.17214285714285715	0.612	242272.0833333333	0.17157142857142857	0.612	11314.416666666668	0.1727142857142857	0.6137142857142857
