concurrency	elapsed-w	errors-w	ops(total)-w	ops/sec(cum)-w	avg(ms)-w	p50(ms)-w	p95(ms)-w	p99(ms)-w	pMax(ms)-w	total-w	elapsed	errors	ops(total)	ops/sec(cum)	avg(ms)	p50(ms)	p95(ms)	p99(ms)	pMax(ms)
45	0.0	0.0	549444.0	18314.4	19.2375	16.9375	45.83749999999999	58.175	134.2	0.0	0.0	0.0	549444.0	18314.4	19.2375	16.9375	45.83749999999999	58.175	134.2
