concurrency	elapsed-r	errors-r	ops(total)-r	ops/sec(cum)-r	avg(ms)-r	p50(ms)-r	p95(ms)-r	p99(ms)-r	pMax(ms)-r	total-r	elapsed-w	errors-w	ops(total)-w	ops/sec(cum)-w	avg(ms)-w	p50(ms)-w	p95(ms)-w	p99(ms)-w	pMax(ms)-w	total-w	elapsed	errors	ops(total)	ops/sec(cum)	avg(ms)	p50(ms)	p95(ms)	p99(ms)	pMax(ms)
47	0.0	0.0	1943924.0	64795.09999999999	4.8375	4.2	11.55	18.35	75.7625	0.0	0.0	0.0	102093.0	3403.1	8.8125	8.1125	19.6625	28.337500000000002	58.699999999999996	0.0	0.0	0.0	2046017.0	68198.20000000001	5.0375	4.3	12.349999999999998	19.675	79.175
