ops/sec(cum)	p50(ms)	p99(ms)	read_tp	read_p50	read_p99	write_tp	write_p50	write_p99
284506.1833333333	0.19583333333333333	0.8745	273664.4166666666	0.1955	0.8745	10840.766666666666	0.19616666666666666	0.888
