concurrency	elapsed-r	errors-r	ops(total)-r	ops/sec(cum)-r	avg(ms)-r	p50(ms)-r	p95(ms)-r	p99(ms)-r	pMax(ms)-r	total-r	elapsed-w	errors-w	ops(total)-w	ops/sec(cum)-w	avg(ms)-w	p50(ms)-w	p95(ms)-w	p99(ms)-w	pMax(ms)-w	total-w	elapsed	errors	ops(total)	ops/sec(cum)	avg(ms)	p50(ms)	p95(ms)	p99(ms)	pMax(ms)
6	0.0	0.0	313544.0	10451.300000000001	3.2499999999999996	2.8125	6.325	7.9624999999999995	16.525	0.0	0.0	0.0	16395.0	546.5	21.075	11.737499999999999	58.4375	71.825	85.47500000000001	0.0	0.0	0.0	329939.0	10997.8	4.1375	2.9250000000000003	7.049999999999999	41.9	85.47500000000001
