concurrency	elapsed-r	errors-r	ops(total)-r	ops/sec(cum)-r	avg(ms)-r	p50(ms)-r	p95(ms)-r	p99(ms)-r	pMax(ms)-r	total-r	elapsed-w	errors-w	ops(total)-w	ops/sec(cum)-w	avg(ms)-w	p50(ms)-w	p95(ms)-w	p99(ms)-w	pMax(ms)-w	total-w	elapsed	errors	ops(total)	ops/sec(cum)	avg(ms)	p50(ms)	p95(ms)	p99(ms)	pMax(ms)
36	0.0	0.0	3358494.0	111947.90000000001	2.1875	2.0124999999999997	3.5999999999999996	7.4125	39.3	0.0	0.0	0.0	177415.0	5913.700000000001	2.4000000000000004	2.2625	4.225	7.7375	33.925000000000004	0.0	0.0	0.0	3535909.0	117861.7	2.1875	2.0124999999999997	3.6249999999999996	7.4375	39.3
