concurrency	elapsed-w	errors-w	ops(total)-w	ops/sec(cum)-w	avg(ms)-w	p50(ms)-w	p95(ms)-w	p99(ms)-w	pMax(ms)-w	total-w	elapsed	errors	ops(total)	ops/sec(cum)	avg(ms)	p50(ms)	p95(ms)	p99(ms)	pMax(ms)
35	0.0	0.0	4795508.0	159847.7	1.4749999999999999	1.2875	2.8750000000000004	4.5375	170.775	0.0	0.0	0.0	4795508.0	159847.7	1.4749999999999999	1.2875	2.8750000000000004	4.5375	170.775
