concurrency	elapsed-r	errors-r	ops(total)-r	ops/sec(cum)-r	avg(ms)-r	p50(ms)-r	p95(ms)-r	p99(ms)-r	pMax(ms)-r	total-r	elapsed-w	errors-w	ops(total)-w	ops/sec(cum)-w	avg(ms)-w	p50(ms)-w	p95(ms)-w	p99(ms)-w	pMax(ms)-w	total-w	elapsed	errors	ops(total)	ops/sec(cum)	avg(ms)	p50(ms)	p95(ms)	p99(ms)	pMax(ms)
46	0.0	0.0	1094541.0	36483.8	2.766666666666667	2.033333333333333	7.966666666666666	17.8	110.43333333333334	0.0	0.0	0.0	57830.0	1927.6	1.5	0.9333333333333332	2.6	10.666666666666666	46.1	0.0	0.0	0.0	1152371.0	38411.4	2.7000000000000006	2.0	7.900000000000001	17.8	110.43333333333334
