concurrency	elapsed-r	errors-r	ops(total)-r	ops/sec(cum)-r	avg(ms)-r	p50(ms)-r	p95(ms)-r	p99(ms)-r	pMax(ms)-r	total-r	elapsed	errors	ops(total)	ops/sec(cum)	avg(ms)	p50(ms)	p95(ms)	p99(ms)	pMax(ms)
55	0.0	0.0	1533484.0	51114.5	8.0375	7.2375	17.55	25.699999999999996	66.575	0.0	0.0	0.0	1533484.0	51114.5	8.0375	7.2375	17.55	25.699999999999996	66.575
