concurrency	elapsed-r	errors-r	ops(total)-r	ops/sec(cum)-r	avg(ms)-r	p50(ms)-r	p95(ms)-r	p99(ms)-r	pMax(ms)-r	total-r	elapsed-w	errors-w	ops(total)-w	ops/sec(cum)-w	avg(ms)-w	p50(ms)-w	p95(ms)-w	p99(ms)-w	pMax(ms)-w	total-w	elapsed	errors	ops(total)	ops/sec(cum)	avg(ms)	p50(ms)	p95(ms)	p99(ms)	pMax(ms)
63	0.0	0.0	1947668.0	64919.7	6.487499999999999	5.5875	15.712500000000002	24.924999999999997	103.28750000000001	0.0	0.0	0.0	102267.0	3408.8	11.9125	11.0625	26.612499999999997	39.8	128.4375	0.0	0.0	0.0	2049935.0	68328.20000000001	6.775	5.7	16.675	26.199999999999996	134.725
