concurrency	elapsed-r	errors-r	ops(total)-r	ops/sec(cum)-r	avg(ms)-r	p50(ms)-r	p95(ms)-r	p99(ms)-r	pMax(ms)-r	total-r	elapsed-w	errors-w	ops(total)-w	ops/sec(cum)-w	avg(ms)-w	p50(ms)-w	p95(ms)-w	p99(ms)-w	pMax(ms)-w	total-w	elapsed	errors	ops(total)	ops/sec(cum)	avg(ms)	p50(ms)	p95(ms)	p99(ms)	pMax(ms)
96	0.0	0.0	2825415.0	94176.5	4.720000000000001	3.8800000000000003	11.66	20.58	200.47999999999996	0.0	0.0	0.0	149275.0	4975.6	15.64	14.680000000000001	31.639999999999997	39.82	149.72	0.0	0.0	0.0	2974690.0	99152.09999999999	5.26	3.9799999999999995	15.719999999999999	26.020000000000003	200.47999999999996
