concurrency	elapsed-w	errors-w	ops(total)-w	ops/sec(cum)-w	avg(ms)-w	p50(ms)-w	p95(ms)-w	p99(ms)-w	pMax(ms)-w	total-w	elapsed	errors	ops(total)	ops/sec(cum)	avg(ms)	p50(ms)	p95(ms)	p99(ms)	pMax(ms)
54	0.0	0.0	770145.0	25670.6	16.299999999999997	14.199999999999998	37.2	49.775	116.3875	0.0	0.0	0.0	770145.0	25670.6	16.299999999999997	14.199999999999998	37.2	49.775	116.3875
