concurrency	elapsed-r	errors-r	ops(total)-r	ops/sec(cum)-r	avg(ms)-r	p50(ms)-r	p95(ms)-r	p99(ms)-r	pMax(ms)-r	total-r	elapsed-w	errors-w	ops(total)-w	ops/sec(cum)-w	avg(ms)-w	p50(ms)-w	p95(ms)-w	p99(ms)-w	pMax(ms)-w	total-w	elapsed	errors	ops(total)	ops/sec(cum)	avg(ms)	p50(ms)	p95(ms)	p99(ms)	pMax(ms)
38	0.0	0.0	3205114.0	106834.7	2.4499999999999997	2.225	4.199999999999999	9.6375	42.3375	0.0	0.0	0.0	168683.0	5622.700000000002	2.8625000000000003	2.675	4.9	11.275	37.487500000000004	0.0	0.0	0.0	3373797.0	112457.50000000001	2.4499999999999997	2.275	4.3	9.7	42.3375
