concurrency	elapsed-r	errors-r	ops(total)-r	ops/sec(cum)-r	avg(ms)-r	p50(ms)-r	p95(ms)-r	p99(ms)-r	pMax(ms)-r	total-r	elapsed	errors	ops(total)	ops/sec(cum)	avg(ms)	p50(ms)	p95(ms)	p99(ms)	pMax(ms)
39	0.0	0.0	1404034.0	46800.100000000006	6.1875	5.574999999999999	13.624999999999998	20.05	76.02499999999999	0.0	0.0	0.0	1404034.0	46800.100000000006	6.1875	5.574999999999999	13.624999999999998	20.05	76.02499999999999
