concurrency	elapsed-r	errors-r	ops(total)-r	ops/sec(cum)-r	avg(ms)-r	p50(ms)-r	p95(ms)-r	p99(ms)-r	pMax(ms)-r	total-r	elapsed-w	errors-w	ops(total)-w	ops/sec(cum)-w	avg(ms)-w	p50(ms)-w	p95(ms)-w	p99(ms)-w	pMax(ms)-w	total-w	elapsed	errors	ops(total)	ops/sec(cum)	avg(ms)	p50(ms)	p95(ms)	p99(ms)	pMax(ms)
96	0.0	0.0	2667004.0	88896.90000000001	5.859999999999999	4.42	16.7	26.820000000000004	277.65999999999997	0.0	0.0	0.0	139802.0	4659.9	17.139999999999997	15.319999999999999	37.519999999999996	52.42	205.94	0.0	0.0	0.0	2806806.0	93556.9	6.459999999999999	4.5	19.1	31.839999999999996	277.65999999999997
