concurrency	elapsed-r	errors-r	ops(total)-r	ops/sec(cum)-r	avg(ms)-r	p50(ms)-r	p95(ms)-r	p99(ms)-r	pMax(ms)-r	total-r	elapsed-w	errors-w	ops(total)-w	ops/sec(cum)-w	avg(ms)-w	p50(ms)-w	p95(ms)-w	p99(ms)-w	pMax(ms)-w	total-w	elapsed	errors	ops(total)	ops/sec(cum)	avg(ms)	p50(ms)	p95(ms)	p99(ms)	pMax(ms)
72	0.0	0.0	3091422.0	103040.6	1.9	1.3199999999999998	4.92	8.040000000000001	29.159999999999997	0.0	0.0	0.0	162920.0	5430.2	44.0	2.2199999999999998	240.44	255.62000000000003	288.96	0.0	0.0	0.0	3254342.0	108471.0	3.9799999999999995	1.34	5.2	14.3	288.96
