concurrency	elapsed-r	errors-r	ops(total)-r	ops/sec(cum)-r	avg(ms)-r	p50(ms)-r	p95(ms)-r	p99(ms)-r	pMax(ms)-r	total-r	elapsed-w	errors-w	ops(total)-w	ops/sec(cum)-w	avg(ms)-w	p50(ms)-w	p95(ms)-w	p99(ms)-w	pMax(ms)-w	total-w	elapsed	errors	ops(total)	ops/sec(cum)	avg(ms)	p50(ms)	p95(ms)	p99(ms)	pMax(ms)
39	0.0	0.0	1944025.0	64798.90000000001	3.9875	3.5	9.15	14.450000000000001	68.9375	0.0	0.0	0.0	102373.0	3412.5000000000005	7.1875	6.737500000000001	15.525	21.625	44.787499999999994	0.0	0.0	0.0	2046398.0	68211.4	4.15	3.5875	10.0	15.325000000000001	68.9375
