concurrency	elapsed-r	errors-r	ops(total)-r	ops/sec(cum)-r	avg(ms)-r	p50(ms)-r	p95(ms)-r	p99(ms)-r	pMax(ms)-r	total-r	elapsed-w	errors-w	ops(total)-w	ops/sec(cum)-w	avg(ms)-w	p50(ms)-w	p95(ms)-w	p99(ms)-w	pMax(ms)-w	total-w	elapsed	errors	ops(total)	ops/sec(cum)	avg(ms)	p50(ms)	p95(ms)	p99(ms)	pMax(ms)
32	0.0	0.0	593089.0	19769.2	3.5375000000000005	2.25	10.9375	17.55	80.22500000000001	0.0	0.0	0.0	31177.0	1039.2000000000003	170.125	5.3125	1610.6000000000001	1811.8999999999999	2080.4	0.0	0.0	0.0	624266.0	20808.3	11.837499999999999	2.3499999999999996	11.525	22.95	2080.4
