concurrency	elapsed-r	errors-r	ops(total)-r	ops/sec(cum)-r	avg(ms)-r	p50(ms)-r	p95(ms)-r	p99(ms)-r	pMax(ms)-r	total-r	elapsed-w	errors-w	ops(total)-w	ops/sec(cum)-w	avg(ms)-w	p50(ms)-w	p95(ms)-w	p99(ms)-w	pMax(ms)-w	total-w	elapsed	errors	ops(total)	ops/sec(cum)	avg(ms)	p50(ms)	p95(ms)	p99(ms)	pMax(ms)
43	0.0	0.0	1054688.0	35155.399999999994	2.5	2.0	7.099999999999999	16.3	64.3	0.0	0.0	0.0	55548.0	1851.6	1.3666666666666665	0.9	2.5	8.9	37.36666666666667	0.0	0.0	0.0	1110236.0	37006.899999999994	2.466666666666667	1.8999999999999997	6.8	15.699999999999998	64.3
