concurrency	elapsed-r	errors-r	ops(total)-r	ops/sec(cum)-r	avg(ms)-r	p50(ms)-r	p95(ms)-r	p99(ms)-r	pMax(ms)-r	total-r	elapsed	errors	ops(total)	ops/sec(cum)	avg(ms)	p50(ms)	p95(ms)	p99(ms)	pMax(ms)
22	0.0	0.0	1389751.0	46324.3	1.7249999999999999	1.6500000000000001	2.725	5.025	15.474999999999998	0.0	0.0	0.0	1389751.0	46324.3	1.7249999999999999	1.6500000000000001	2.725	5.025	15.474999999999998
