concurrency	elapsed-r	errors-r	ops(total)-r	ops/sec(cum)-r	avg(ms)-r	p50(ms)-r	p95(ms)-r	p99(ms)-r	pMax(ms)-r	total-r	elapsed	errors	ops(total)	ops/sec(cum)	avg(ms)	p50(ms)	p95(ms)	p99(ms)	pMax(ms)
144	0.0	0.0	1822207.0	60735.30000000001	17.7125	14.8125	44.00000000000001	62.375	143.65	0.0	0.0	0.0	1822207.0	60735.30000000001	17.7125	14.8125	44.00000000000001	62.375	143.65
