ops/sec(cum)	p50(ms)	p99(ms)	read_tp	read_p50	read_p99	write_tp	write_p50	write_p99
177903.0166666667	0.412	3.048	169017.76666666666	0.4093333333333333	3.048	8884.25	0.4146666666666667	3.094
