concurrency	elapsed-r	errors-r	ops(total)-r	ops/sec(cum)-r	avg(ms)-r	p50(ms)-r	p95(ms)-r	p99(ms)-r	pMax(ms)-r	total-r	elapsed-w	errors-w	ops(total)-w	ops/sec(cum)-w	avg(ms)-w	p50(ms)-w	p95(ms)-w	p99(ms)-w	pMax(ms)-w	total-w	elapsed	errors	ops(total)	ops/sec(cum)	avg(ms)	p50(ms)	p95(ms)	p99(ms)	pMax(ms)
36	0.0	0.0	1845346.0	41007.100000000006	2.6	1.6800000000000002	7.3	18.9	68.78	0.0	0.0	0.0	96424.0	2142.6000000000004	8.8	3.34	46.519999999999996	97.34	162.76	0.0	0.0	0.0	1941770.0	43149.7	2.9	1.7600000000000002	8.02	22.439999999999998	162.76
