concurrency	elapsed-r	errors-r	ops(total)-r	ops/sec(cum)-r	avg(ms)-r	p50(ms)-r	p95(ms)-r	p99(ms)-r	pMax(ms)-r	total-r	elapsed-w	errors-w	ops(total)-w	ops/sec(cum)-w	avg(ms)-w	p50(ms)-w	p95(ms)-w	p99(ms)-w	pMax(ms)-w	total-w	elapsed	errors	ops(total)	ops/sec(cum)	avg(ms)	p50(ms)	p95(ms)	p99(ms)	pMax(ms)
15	0.0	0.0	296463.0	9881.8	2.9875000000000003	2.7874999999999996	5.75	7.0125	13.549999999999999	0.0	0.0	0.0	15482.0	516.2	170.375	260.0	302.0	306.20000000000005	318.8	0.0	0.0	0.0	311945.0	10397.9	11.3125	2.8249999999999997	6.475	285.2	318.8
