concurrency	elapsed-r	errors-r	ops(total)-r	ops/sec(cum)-r	avg(ms)-r	p50(ms)-r	p95(ms)-r	p99(ms)-r	pMax(ms)-r	total-r	elapsed-w	errors-w	ops(total)-w	ops/sec(cum)-w	avg(ms)-w	p50(ms)-w	p95(ms)-w	p99(ms)-w	pMax(ms)-w	total-w	elapsed	errors	ops(total)	ops/sec(cum)	avg(ms)	p50(ms)	p95(ms)	p99(ms)	pMax(ms)
164	0.0	0.0	4657022.0	155216.4	4.98	4.04	12.879999999999999	20.979999999999997	255.0	0.0	0.0	0.0	244367.0	8144.7	14.020000000000001	12.4	29.860000000000003	41.1	236.57999999999998	0.0	0.0	0.0	4901389.0	163361.0	5.4399999999999995	4.220000000000001	15.12	25.459999999999997	260.88
