concurrency	elapsed-r	errors-r	ops(total)-r	ops/sec(cum)-r	avg(ms)-r	p50(ms)-r	p95(ms)-r	p99(ms)-r	pMax(ms)-r	total-r	elapsed-w	errors-w	ops(total)-w	ops/sec(cum)-w	avg(ms)-w	p50(ms)-w	p95(ms)-w	p99(ms)-w	pMax(ms)-w	total-w	elapsed	errors	ops(total)	ops/sec(cum)	avg(ms)	p50(ms)	p95(ms)	p99(ms)	pMax(ms)
32	0.0	0.0	1922925.0	64096.09999999999	3.325	2.8625	7.637499999999999	12.849999999999998	44.4375	0.0	0.0	0.0	101433.0	3381.2000000000003	6.0375000000000005	5.6499999999999995	13.349999999999998	19.25	36.837500000000006	0.0	0.0	0.0	2024358.0	67477.1	3.4500000000000006	2.95	8.275	13.349999999999998	46.662499999999994
