concurrency	elapsed-r	errors-r	ops(total)-r	ops/sec(cum)-r	avg(ms)-r	p50(ms)-r	p95(ms)-r	p99(ms)-r	pMax(ms)-r	total-r	elapsed-w	errors-w	ops(total)-w	ops/sec(cum)-w	avg(ms)-w	p50(ms)-w	p95(ms)-w	p99(ms)-w	pMax(ms)-w	total-w	elapsed	errors	ops(total)	ops/sec(cum)	avg(ms)	p50(ms)	p95(ms)	p99(ms)	pMax(ms)
30	0.0	0.0	1005248.0	33507.6	2.1	1.5599999999999998	5.2	11.5	134.64000000000001	0.0	0.0	0.0	52978.0	1766.0000000000002	26.859999999999996	2.8600000000000003	144.28	167.8	216.42	0.0	0.0	0.0	1058226.0	35273.3	3.38	1.58	5.8	34.62	216.42
