concurrency	elapsed-r	errors-r	ops(total)-r	ops/sec(cum)-r	avg(ms)-r	p50(ms)-r	p95(ms)-r	p99(ms)-r	pMax(ms)-r	total-r	elapsed-w	errors-w	ops(total)-w	ops/sec(cum)-w	avg(ms)-w	p50(ms)-w	p95(ms)-w	p99(ms)-w	pMax(ms)-w	total-w	elapsed	errors	ops(total)	ops/sec(cum)	avg(ms)	p50(ms)	p95(ms)	p99(ms)	pMax(ms)
37	0.0	0.0	2072017.0	46044.0	2.1800000000000006	1.5599999999999998	5.62	14.2	58.279999999999994	0.0	0.0	0.0	109266.0	2428.1	20.18	2.8	159.4	201.3	256.68	0.0	0.0	0.0	2181283.0	48471.90000000001	3.0799999999999996	1.58	6.180000000000001	21.0	256.68
