concurrency	elapsed-r	errors-r	ops(total)-r	ops/sec(cum)-r	avg(ms)-r	p50(ms)-r	p95(ms)-r	p99(ms)-r	pMax(ms)-r	total-r	elapsed	errors	ops(total)	ops/sec(cum)	avg(ms)	p50(ms)	p95(ms)	p99(ms)	pMax(ms)
21	0.0	0.0	1295676.0	43188.40000000001	3.7375	3.4000000000000004	7.05	10.549999999999999	26.362499999999997	0.0	0.0	0.0	1295676.0	43188.40000000001	3.7375	3.4000000000000004	7.05	10.549999999999999	26.362499999999997
