concurrency	elapsed-r	errors-r	ops(total)-r	ops/sec(cum)-r	avg(ms)-r	p50(ms)-r	p95(ms)-r	p99(ms)-r	pMax(ms)-r	total-r	elapsed-w	errors-w	ops(total)-w	ops/sec(cum)-w	avg(ms)-w	p50(ms)-w	p95(ms)-w	p99(ms)-w	pMax(ms)-w	total-w	elapsed	errors	ops(total)	ops/sec(cum)	avg(ms)	p50(ms)	p95(ms)	p99(ms)	pMax(ms)
48	0.0	0.0	1114865.0	37160.8	11.2125	9.6125	30.574999999999996	34.575	163.5875	0.0	0.0	0.0	58071.0	1935.5000000000002	51.1	44.949999999999996	132.64999999999998	181.375	235.95000000000002	0.0	0.0	0.0	1172936.0	39096.4	13.2	10.7375	32.5	85.725	237.0
