concurrency	elapsed-r	errors-r	ops(total)-r	ops/sec(cum)-r	avg(ms)-r	p50(ms)-r	p95(ms)-r	p99(ms)-r	pMax(ms)-r	total-r	elapsed-w	errors-w	ops(total)-w	ops/sec(cum)-w	avg(ms)-w	p50(ms)-w	p95(ms)-w	p99(ms)-w	pMax(ms)-w	total-w	elapsed	errors	ops(total)	ops/sec(cum)	avg(ms)	p50(ms)	p95(ms)	p99(ms)	pMax(ms)
15	0.0	0.0	3224466.0	107480.7	0.8625	0.8500000000000001	1.15	2.3625000000000003	26.099999999999998	0.0	0.0	0.0	169445.0	5648.2	0.875	0.8500000000000001	1.1624999999999999	2.3625	17.299999999999997	0.0	0.0	0.0	3393911.0	113128.90000000001	0.8625	0.8500000000000001	1.15	2.3625000000000003	26.224999999999998
