concurrency	elapsed-r	errors-r	ops(total)-r	ops/sec(cum)-r	avg(ms)-r	p50(ms)-r	p95(ms)-r	p99(ms)-r	pMax(ms)-r	total-r	elapsed-w	errors-w	ops(total)-w	ops/sec(cum)-w	avg(ms)-w	p50(ms)-w	p95(ms)-w	p99(ms)-w	pMax(ms)-w	total-w	elapsed	errors	ops(total)	ops/sec(cum)	avg(ms)	p50(ms)	p95(ms)	p99(ms)	pMax(ms)
107	0.0	0.0	2851893.0	95058.5	5.16	4.26	13.339999999999998	22.439999999999998	273.48	0.0	0.0	0.0	149941.0	4997.800000000001	18.36	17.32	36.06	45.7	267.62	0.0	0.0	0.0	3001834.0	100056.09999999999	5.8	4.36	17.3	29.339999999999996	278.52
