concurrency	elapsed-r	errors-r	ops(total)-r	ops/sec(cum)-r	avg(ms)-r	p50(ms)-r	p95(ms)-r	p99(ms)-r	pMax(ms)-r	total-r	elapsed	errors	ops(total)	ops/sec(cum)	avg(ms)	p50(ms)	p95(ms)	p99(ms)	pMax(ms)
32	0.0	0.0	987013.0	32899.6	7.725	6.975	15.987499999999999	22.299999999999997	60.537499999999994	0.0	0.0	0.0	987013.0	32899.6	7.725	6.975	15.987499999999999	22.299999999999997	60.537499999999994
