concurrency	elapsed-r	errors-r	ops(total)-r	ops/sec(cum)-r	avg(ms)-r	p50(ms)-r	p95(ms)-r	p99(ms)-r	pMax(ms)-r	total-r	elapsed-w	errors-w	ops(total)-w	ops/sec(cum)-w	avg(ms)-w	p50(ms)-w	p95(ms)-w	p99(ms)-w	pMax(ms)-w	total-w	elapsed	errors	ops(total)	ops/sec(cum)	avg(ms)	p50(ms)	p95(ms)	p99(ms)	pMax(ms)
56	0.0	0.0	2812021.0	93731.7	1.5	1.3333333333333333	1.8666666666666665	6.633333333333333	19.566666666666666	0.0	0.0	0.0	148084.0	4936.0	2.7000000000000006	2.433333333333333	4.3999999999999995	11.966666666666667	16.96666666666667	0.0	0.0	0.0	2960105.0	98667.7	1.5666666666666667	1.3999999999999997	2.6	6.7	19.566666666666666
