concurrency	elapsed-w	errors-w	ops(total)-w	ops/sec(cum)-w	avg(ms)-w	p50(ms)-w	p95(ms)-w	p99(ms)-w	pMax(ms)-w	total-w	elapsed	errors	ops(total)	ops/sec(cum)	avg(ms)	p50(ms)	p95(ms)	p99(ms)	pMax(ms)
48	0.0	0.0	732508.0	24416.0	15.299999999999999	10.6625	41.925	55.55	180.35	0.0	0.0	0.0	732508.0	24416.0	15.299999999999999	10.6625	41.925	55.55	180.35
