concurrency	elapsed-r	errors-r	ops(total)-r	ops/sec(cum)-r	avg(ms)-r	p50(ms)-r	p95(ms)-r	p99(ms)-r	pMax(ms)-r	total-r	elapsed-w	errors-w	ops(total)-w	ops/sec(cum)-w	avg(ms)-w	p50(ms)-w	p95(ms)-w	p99(ms)-w	pMax(ms)-w	total-w	elapsed	errors	ops(total)	ops/sec(cum)	avg(ms)	p50(ms)	p95(ms)	p99(ms)	pMax(ms)
39	0.0	0.0	645314.0	21509.600000000002	11.9125	2.8625	57.9125	197.10000000000002	704.6000000000001	0.0	0.0	0.0	33997.0	1133.1999999999998	43.162499999999994	5.6875	220.2	411.04999999999995	855.6374999999999	0.0	0.0	0.0	679311.0	22642.8	13.474999999999998	2.9499999999999997	73.925	218.1	855.6374999999999
