concurrency	elapsed-r	errors-r	ops(total)-r	ops/sec(cum)-r	avg(ms)-r	p50(ms)-r	p95(ms)-r	p99(ms)-r	pMax(ms)-r	total-r	elapsed-w	errors-w	ops(total)-w	ops/sec(cum)-w	avg(ms)-w	p50(ms)-w	p95(ms)-w	p99(ms)-w	pMax(ms)-w	total-w	elapsed	errors	ops(total)	ops/sec(cum)	avg(ms)	p50(ms)	p95(ms)	p99(ms)	pMax(ms)
5	0.0	0.0	530880.0	17695.6	1.875	1.7875	2.7375	4.1625	13.174999999999997	0.0	0.0	0.0	28059.0	935.4000000000001	3.2750000000000004	3.175	4.6125	7.0874999999999995	11.1875	0.0	0.0	0.0	558939.0	18631.0	1.9625	1.8	3.15	4.4625	13.174999999999997
