concurrency	elapsed-r	errors-r	ops(total)-r	ops/sec(cum)-r	avg(ms)-r	p50(ms)-r	p95(ms)-r	p99(ms)-r	pMax(ms)-r	total-r	elapsed	errors	ops(total)	ops/sec(cum)	avg(ms)	p50(ms)	p95(ms)	p99(ms)	pMax(ms)
48	0.0	0.0	1382433.0	46079.8	7.812500000000001	6.999999999999999	16.9625	24.65	118.75	0.0	0.0	0.0	1382433.0	46079.8	7.812500000000001	6.999999999999999	16.9625	24.65	118.75
