concurrency	elapsed-r	errors-r	ops(total)-r	ops/sec(cum)-r	avg(ms)-r	p50(ms)-r	p95(ms)-r	p99(ms)-r	pMax(ms)-r	total-r	elapsed-w	errors-w	ops(total)-w	ops/sec(cum)-w	avg(ms)-w	p50(ms)-w	p95(ms)-w	p99(ms)-w	pMax(ms)-w	total-w	elapsed	errors	ops(total)	ops/sec(cum)	avg(ms)	p50(ms)	p95(ms)	p99(ms)	pMax(ms)
26	0.0	0.0	1095469.0	36514.799999999996	5.1625000000000005	5.275	9.55	11.0	32.75	0.0	0.0	0.0	57531.0	1917.6999999999998	6.025	5.8625	10.75	16.987499999999997	68.4125	0.0	0.0	0.0	1153000.0	38432.7	5.237500000000001	5.275	9.55	11.125	68.4125
