concurrency	elapsed-r	errors-r	ops(total)-r	ops/sec(cum)-r	avg(ms)-r	p50(ms)-r	p95(ms)-r	p99(ms)-r	pMax(ms)-r	total-r	elapsed-w	errors-w	ops(total)-w	ops/sec(cum)-w	avg(ms)-w	p50(ms)-w	p95(ms)-w	p99(ms)-w	pMax(ms)-w	total-w	elapsed	errors	ops(total)	ops/sec(cum)	avg(ms)	p50(ms)	p95(ms)	p99(ms)	pMax(ms)
22	0.0	0.0	1362796.0	45425.6	3.275	3.3000000000000003	6.874999999999999	8.4	91.9875	0.0	0.0	0.0	72081.0	2402.7999999999997	7.687500000000001	5.175000000000001	34.3625	59.224999999999994	97.55000000000001	0.0	0.0	0.0	1434877.0	47828.3	3.5	3.3249999999999997	7.15	9.7	129.0
