concurrency	elapsed-r	errors-r	ops(total)-r	ops/sec(cum)-r	avg(ms)-r	p50(ms)-r	p95(ms)-r	p99(ms)-r	pMax(ms)-r	total-r	elapsed-w	errors-w	ops(total)-w	ops/sec(cum)-w	avg(ms)-w	p50(ms)-w	p95(ms)-w	p99(ms)-w	pMax(ms)-w	total-w	elapsed	errors	ops(total)	ops/sec(cum)	avg(ms)	p50(ms)	p95(ms)	p99(ms)	pMax(ms)
128	0.0	0.0	4576936.0	152556.5	3.84	3.2600000000000002	8.78	16.9	124.77999999999997	0.0	0.0	0.0	240753.0	8024.6	10.760000000000002	9.819999999999999	21.700000000000003	28.619999999999997	101.28	0.0	0.0	0.0	4817689.0	160581.2	4.18	3.3	11.66	19.0	124.77999999999997
