concurrency	elapsed-r	errors-r	ops(total)-r	ops/sec(cum)-r	avg(ms)-r	p50(ms)-r	p95(ms)-r	p99(ms)-r	pMax(ms)-r	total-r	elapsed	errors	ops(total)	ops/sec(cum)	avg(ms)	p50(ms)	p95(ms)	p99(ms)	pMax(ms)
17	0.0	0.0	1160949.0	38697.7	3.3249999999999997	3.1	6.074999999999999	8.925	24.525	0.0	0.0	0.0	1160949.0	38697.7	3.3249999999999997	3.1	6.074999999999999	8.925	24.525
