concurrency	elapsed-w	errors-w	ops(total)-w	ops/sec(cum)-w	avg(ms)-w	p50(ms)-w	p95(ms)-w	p99(ms)-w	pMax(ms)-w	total-w	elapsed	errors	ops(total)	ops/sec(cum)	avg(ms)	p50(ms)	p95(ms)	p99(ms)	pMax(ms)
32	0.0	0.0	555557.0	18518.2	13.462500000000002	12.2625	30.9375	41.637499999999996	81.8	0.0	0.0	0.0	555557.0	18518.2	13.462500000000002	12.2625	30.9375	41.637499999999996	81.8
