concurrency	elapsed-r	errors-r	ops(total)-r	ops/sec(cum)-r	avg(ms)-r	p50(ms)-r	p95(ms)-r	p99(ms)-r	pMax(ms)-r	total-r	elapsed-w	errors-w	ops(total)-w	ops/sec(cum)-w	avg(ms)-w	p50(ms)-w	p95(ms)-w	p99(ms)-w	pMax(ms)-w	total-w	elapsed	errors	ops(total)	ops/sec(cum)	avg(ms)	p50(ms)	p95(ms)	p99(ms)	pMax(ms)
13	0.0	0.0	658111.0	21936.700000000004	3.4500000000000006	2.5	6.887499999999999	29.125	85.47500000000001	0.0	0.0	0.0	34600.0	1153.4	20.025	19.512500000000003	31.1	51.0875	115.8625	0.0	0.0	0.0	692711.0	23090.099999999995	4.2749999999999995	2.625	17.425	32.25	116.3875
