concurrency	elapsed-r	errors-r	ops(total)-r	ops/sec(cum)-r	avg(ms)-r	p50(ms)-r	p95(ms)-r	p99(ms)-r	pMax(ms)-r	total-r	elapsed	errors	ops(total)	ops/sec(cum)	avg(ms)	p50(ms)	p95(ms)	p99(ms)	pMax(ms)
19	0.0	0.0	1314550.0	43817.600000000006	3.1999999999999997	2.9125	6.4	9.85	110.35000000000001	0.0	0.0	0.0	1314550.0	43817.600000000006	3.1999999999999997	2.9125	6.4	9.85	110.35000000000001
