concurrency	elapsed-w	errors-w	ops(total)-w	ops/sec(cum)-w	avg(ms)-w	p50(ms)-w	p95(ms)-w	p99(ms)-w	pMax(ms)-w	total-w	elapsed	errors	ops(total)	ops/sec(cum)	avg(ms)	p50(ms)	p95(ms)	p99(ms)	pMax(ms)
62	0.0	0.0	4626907.0	154226.5	2.8875000000000006	2.125	7.574999999999999	12.325	173.53750000000002	0.0	0.0	0.0	4626907.0	154226.5	2.8875000000000006	2.125	7.574999999999999	12.325	173.53750000000002
