concurrency	elapsed-r	errors-r	ops(total)-r	ops/sec(cum)-r	avg(ms)-r	p50(ms)-r	p95(ms)-r	p99(ms)-r	pMax(ms)-r	total-r	elapsed-w	errors-w	ops(total)-w	ops/sec(cum)-w	avg(ms)-w	p50(ms)-w	p95(ms)-w	p99(ms)-w	pMax(ms)-w	total-w	elapsed	errors	ops(total)	ops/sec(cum)	avg(ms)	p50(ms)	p95(ms)	p99(ms)	pMax(ms)
6	0.0	0.0	766814.0	25560.2	1.55	1.375	2.9625	6.299999999999999	52.4	0.0	0.0	0.0	40263.0	1342.2	2.5625	2.35	4.85	8.6375	18.5625	0.0	0.0	0.0	807077.0	26902.399999999998	1.5999999999999999	1.4000000000000001	3.0500000000000003	6.5875	52.4
