concurrency	elapsed-r	errors-r	ops(total)-r	ops/sec(cum)-r	avg(ms)-r	p50(ms)-r	p95(ms)-r	p99(ms)-r	pMax(ms)-r	total-r	elapsed-w	errors-w	ops(total)-w	ops/sec(cum)-w	avg(ms)-w	p50(ms)-w	p95(ms)-w	p99(ms)-w	pMax(ms)-w	total-w	elapsed	errors	ops(total)	ops/sec(cum)	avg(ms)	p50(ms)	p95(ms)	p99(ms)	pMax(ms)
5	0.0	0.0	536577.0	17885.699999999997	1.875	1.7750000000000001	2.7249999999999996	4.05	16.1125	0.0	0.0	0.0	28107.0	937.1000000000001	3.25	3.175	4.55	6.975	14.674999999999999	0.0	0.0	0.0	564684.0	18822.4	1.9375	1.7875	3.1	4.375	16.5
