concurrency	elapsed-r	errors-r	ops(total)-r	ops/sec(cum)-r	avg(ms)-r	p50(ms)-r	p95(ms)-r	p99(ms)-r	pMax(ms)-r	total-r	elapsed-w	errors-w	ops(total)-w	ops/sec(cum)-w	avg(ms)-w	p50(ms)-w	p95(ms)-w	p99(ms)-w	pMax(ms)-w	total-w	elapsed	errors	ops(total)	ops/sec(cum)	avg(ms)	p50(ms)	p95(ms)	p99(ms)	pMax(ms)
54	0.0	0.0	1935250.0	64505.9	5.574999999999999	4.8	13.162499999999998	20.85	124.7875	0.0	0.0	0.0	101945.0	3397.9999999999995	10.5375	9.825	23.724999999999998	32.925	102.25	0.0	0.0	0.0	2037195.0	67904.0	5.825	5.012499999999999	14.2375	22.549999999999997	131.6125
