concurrency	elapsed-r	errors-r	ops(total)-r	ops/sec(cum)-r	avg(ms)-r	p50(ms)-r	p95(ms)-r	p99(ms)-r	pMax(ms)-r	total-r	elapsed-w	errors-w	ops(total)-w	ops/sec(cum)-w	avg(ms)-w	p50(ms)-w	p95(ms)-w	p99(ms)-w	pMax(ms)-w	total-w	elapsed	errors	ops(total)	ops/sec(cum)	avg(ms)	p50(ms)	p95(ms)	p99(ms)	pMax(ms)
41	0.0	0.0	1922778.0	64090.8	4.25	3.65	10.25	15.9375	47.4125	0.0	0.0	0.0	101614.0	3387.1000000000004	7.824999999999999	7.0874999999999995	17.55	24.912499999999998	48.4625	0.0	0.0	0.0	2024392.0	67477.70000000001	4.45	3.7499999999999996	11.0	17.099999999999998	50.825
