concurrency	elapsed-r	errors-r	ops(total)-r	ops/sec(cum)-r	avg(ms)-r	p50(ms)-r	p95(ms)-r	p99(ms)-r	pMax(ms)-r	total-r	elapsed-w	errors-w	ops(total)-w	ops/sec(cum)-w	avg(ms)-w	p50(ms)-w	p95(ms)-w	p99(ms)-w	pMax(ms)-w	total-w	elapsed	errors	ops(total)	ops/sec(cum)	avg(ms)	p50(ms)	p95(ms)	p99(ms)	pMax(ms)
48	0.0	0.0	292016.0	4866.9	2.4	1.7	5.9	15.224999999999998	130.0	0.0	0.0	0.0	15067.0	251.10000000000002	6.574999999999999	3.2	27.549999999999997	56.599999999999994	80.75	0.0	0.0	0.0	307083.0	5118.1	2.575	1.75	6.699999999999999	19.674999999999997	130.0
