concurrency	elapsed-r	errors-r	ops(total)-r	ops/sec(cum)-r	avg(ms)-r	p50(ms)-r	p95(ms)-r	p99(ms)-r	pMax(ms)-r	total-r	elapsed-w	errors-w	ops(total)-w	ops/sec(cum)-w	avg(ms)-w	p50(ms)-w	p95(ms)-w	p99(ms)-w	pMax(ms)-w	total-w	elapsed	errors	ops(total)	ops/sec(cum)	avg(ms)	p50(ms)	p95(ms)	p99(ms)	pMax(ms)
80	0.0	0.0	512555.0	17084.4	3.0	2.0	8.4	14.699999999999998	142.63333333333333	0.0	0.0	0.0	26890.0	896.3	186.23333333333335	3.7000000000000006	1040.2	1163.2666666666667	4384.466666666666	0.0	0.0	0.0	539445.0	17980.699999999997	12.133333333333333	2.0	9.4	32.86666666666667	4384.466666666666
