concurrency	elapsed-w	errors-w	ops(total)-w	ops/sec(cum)-w	avg(ms)-w	p50(ms)-w	p95(ms)-w	p99(ms)-w	pMax(ms)-w	total-w	elapsed	errors	ops(total)	ops/sec(cum)	avg(ms)	p50(ms)	p95(ms)	p99(ms)	pMax(ms)
40	0.0	0.0	3558507.0	118614.49999999999	2.475	2.3875	4.3375	7.4875	25.312500000000004	0.0	0.0	0.0	3558507.0	118614.49999999999	2.475	2.3875	4.3375	7.4875	25.312500000000004
