concurrency	elapsed-r	errors-r	ops(total)-r	ops/sec(cum)-r	avg(ms)-r	p50(ms)-r	p95(ms)-r	p99(ms)-r	pMax(ms)-r	total-r	elapsed-w	errors-w	ops(total)-w	ops/sec(cum)-w	avg(ms)-w	p50(ms)-w	p95(ms)-w	p99(ms)-w	pMax(ms)-w	total-w	elapsed	errors	ops(total)	ops/sec(cum)	avg(ms)	p50(ms)	p95(ms)	p99(ms)	pMax(ms)
16	0.0	0.0	1658434.0	36853.7	1.52	1.3800000000000001	2.1800000000000006	7.219999999999999	42.36	0.0	0.0	0.0	87089.0	1935.3000000000002	2.7	2.4	5.5	16.08	38.58	0.0	0.0	0.0	1745523.0	38789.0	1.6	1.3800000000000001	2.88	7.720000000000001	44.839999999999996
