concurrency	elapsed-r	errors-r	ops(total)-r	ops/sec(cum)-r	avg(ms)-r	p50(ms)-r	p95(ms)-r	p99(ms)-r	pMax(ms)-r	total-r	elapsed	errors	ops(total)	ops/sec(cum)	avg(ms)	p50(ms)	p95(ms)	p99(ms)	pMax(ms)
48	0.0	0.0	1003364.0	33444.299999999996	11.624999999999998	10.45	25.05	36.4	101.725	0.0	0.0	0.0	1003364.0	33444.299999999996	11.624999999999998	10.45	25.05	36.4	101.725
