concurrency	elapsed-r	errors-r	ops(total)-r	ops/sec(cum)-r	avg(ms)-r	p50(ms)-r	p95(ms)-r	p99(ms)-r	pMax(ms)-r	total-r	elapsed-w	errors-w	ops(total)-w	ops/sec(cum)-w	avg(ms)-w	p50(ms)-w	p95(ms)-w	p99(ms)-w	pMax(ms)-w	total-w	elapsed	errors	ops(total)	ops/sec(cum)	avg(ms)	p50(ms)	p95(ms)	p99(ms)	pMax(ms)
22	0.0	0.0	1819152.0	60637.100000000006	2.3	1.8625	5.95	9.975	30.0375	0.0	0.0	0.0	96330.0	3210.9999999999995	6.375	3.4375	16.4625	88.62500000000001	149.95	0.0	0.0	0.0	1915482.0	63848.1	2.5124999999999997	1.9000000000000001	6.299999999999999	10.875	149.95
