concurrency	elapsed-r	errors-r	ops(total)-r	ops/sec(cum)-r	avg(ms)-r	p50(ms)-r	p95(ms)-r	p99(ms)-r	pMax(ms)-r	total-r	elapsed	errors	ops(total)	ops/sec(cum)	avg(ms)	p50(ms)	p95(ms)	p99(ms)	pMax(ms)
22	0.0	0.0	1060567.0	35351.8	4.8125	4.475	9.2625	12.9375	39.150000000000006	0.0	0.0	0.0	1060567.0	35351.8	4.8125	4.475	9.2625	12.9375	39.150000000000006
