concurrency	elapsed-r	errors-r	ops(total)-r	ops/sec(cum)-r	avg(ms)-r	p50(ms)-r	p95(ms)-r	p99(ms)-r	pMax(ms)-r	total-r	elapsed-w	errors-w	ops(total)-w	ops/sec(cum)-w	avg(ms)-w	p50(ms)-w	p95(ms)-w	p99(ms)-w	pMax(ms)-w	total-w	elapsed	errors	ops(total)	ops/sec(cum)	avg(ms)	p50(ms)	p95(ms)	p99(ms)	pMax(ms)
20	0.0	0.0	1201604.0	40052.9	1.2	1.0	2.6	4.5	12.6	0.0	0.0	0.0	63482.0	2116.1	2.166666666666667	1.5	6.1000000000000005	10.666666666666666	23.433333333333337	0.0	0.0	0.0	1265086.0	42168.8	1.2	1.0	2.7999999999999994	5.0	23.433333333333337
