concurrency	elapsed-r	errors-r	ops(total)-r	ops/sec(cum)-r	avg(ms)-r	p50(ms)-r	p95(ms)-r	p99(ms)-r	pMax(ms)-r	total-r	elapsed-w	errors-w	ops(total)-w	ops/sec(cum)-w	avg(ms)-w	p50(ms)-w	p95(ms)-w	p99(ms)-w	pMax(ms)-w	total-w	elapsed	errors	ops(total)	ops/sec(cum)	avg(ms)	p50(ms)	p95(ms)	p99(ms)	pMax(ms)
47	0.0	0.0	214000.0	7132.900000000001	43.162499999999994	2.9499999999999997	279.95000000000005	583.0	2063.625	0.0	0.0	0.0	11074.0	369.1	177.83749999999998	17.4	704.6250000000001	1375.75	3523.2125	0.0	0.0	0.0	225074.0	7502.000000000001	49.800000000000004	3.0375	320.875	620.75	3523.2125
