concurrency	elapsed-r	errors-r	ops(total)-r	ops/sec(cum)-r	avg(ms)-r	p50(ms)-r	p95(ms)-r	p99(ms)-r	pMax(ms)-r	total-r	elapsed-w	errors-w	ops(total)-w	ops/sec(cum)-w	avg(ms)-w	p50(ms)-w	p95(ms)-w	p99(ms)-w	pMax(ms)-w	total-w	elapsed	errors	ops(total)	ops/sec(cum)	avg(ms)	p50(ms)	p95(ms)	p99(ms)	pMax(ms)
48	0.0	0.0	813231.0	27107.0	3.4	2.2	8.4	19.566666666666666	85.3	0.0	0.0	0.0	42303.0	1410.1	1.6000000000000003	1.0666666666666667	3.766666666666667	9.633333333333333	60.79999999999999	0.0	0.0	0.0	855534.0	28517.100000000002	3.2999999999999994	2.0	8.200000000000001	18.9	85.3
