concurrency	elapsed-r	errors-r	ops(total)-r	ops/sec(cum)-r	avg(ms)-r	p50(ms)-r	p95(ms)-r	p99(ms)-r	pMax(ms)-r	total-r	elapsed-w	errors-w	ops(total)-w	ops/sec(cum)-w	avg(ms)-w	p50(ms)-w	p95(ms)-w	p99(ms)-w	pMax(ms)-w	total-w	elapsed	errors	ops(total)	ops/sec(cum)	avg(ms)	p50(ms)	p95(ms)	p99(ms)	pMax(ms)
14	0.0	0.0	932156.0	31071.5	1.1	0.9333333333333332	2.1	3.5666666666666664	13.1	0.0	0.0	0.0	49170.0	1639.1	1.7	1.3999999999999997	3.6333333333333333	5.5	11.9	0.0	0.0	0.0	981326.0	32710.5	1.1	0.9333333333333332	2.1333333333333333	3.7000000000000006	13.1
