concurrency	elapsed-r	errors-r	ops(total)-r	ops/sec(cum)-r	avg(ms)-r	p50(ms)-r	p95(ms)-r	p99(ms)-r	pMax(ms)-r	total-r	elapsed-w	errors-w	ops(total)-w	ops/sec(cum)-w	avg(ms)-w	p50(ms)-w	p95(ms)-w	p99(ms)-w	pMax(ms)-w	total-w	elapsed	errors	ops(total)	ops/sec(cum)	avg(ms)	p50(ms)	p95(ms)	p99(ms)	pMax(ms)
18	0.0	0.0	459565.0	15318.500000000002	7.624999999999999	1.9875	32.2625	141.55	570.4	0.0	0.0	0.0	24201.0	806.8	29.474999999999998	3.95	157.3	277.875	654.3	0.0	0.0	0.0	483766.0	16125.2	8.7125	2.075	41.112500000000004	151.0	658.4875
