concurrency	elapsed-r	errors-r	ops(total)-r	ops/sec(cum)-r	avg(ms)-r	p50(ms)-r	p95(ms)-r	p99(ms)-r	pMax(ms)-r	total-r	elapsed-w	errors-w	ops(total)-w	ops/sec(cum)-w	avg(ms)-w	p50(ms)-w	p95(ms)-w	p99(ms)-w	pMax(ms)-w	total-w	elapsed	errors	ops(total)	ops/sec(cum)	avg(ms)	p50(ms)	p95(ms)	p99(ms)	pMax(ms)
51	0.0	0.0	3478166.0	115935.5	3.0	2.8375000000000004	5.0625	9.6125	59.2375	0.0	0.0	0.0	183681.0	6122.599999999999	3.0125	2.8375000000000004	5.012499999999999	9.675	23.9875	0.0	0.0	0.0	3661847.0	122058.2	3.0	2.8375000000000004	5.0625	9.675	59.2375
