ops/sec(cum)	p50(ms)	p99(ms)	read_tp	read_p50	read_p99	write_tp	write_p50	write_p99
146089.03333333333	0.4169285714285714	4.8508571428571425	139532.75	0.42128571428571426	4.8508571428571425	6555.283333333333	0.4125714285714286	4.493857142857143
