concurrency	elapsed-r	errors-r	ops(total)-r	ops/sec(cum)-r	avg(ms)-r	p50(ms)-r	p95(ms)-r	p99(ms)-r	pMax(ms)-r	total-r	elapsed-w	errors-w	ops(total)-w	ops/sec(cum)-w	avg(ms)-w	p50(ms)-w	p95(ms)-w	p99(ms)-w	pMax(ms)-w	total-w	elapsed	errors	ops(total)	ops/sec(cum)	avg(ms)	p50(ms)	p95(ms)	p99(ms)	pMax(ms)
48	0.0	0.0	1268606.0	42285.4	7.775	6.949999999999999	17.55	25.449999999999996	79.17500000000001	0.0	0.0	0.0	66598.0	2219.8999999999996	14.2625	13.437499999999998	28.725	38.75	65.525	0.0	0.0	0.0	1335204.0	44505.2	8.0875	7.074999999999999	18.625000000000004	26.75	79.17500000000001
