concurrency	elapsed-r	errors-r	ops(total)-r	ops/sec(cum)-r	avg(ms)-r	p50(ms)-r	p95(ms)-r	p99(ms)-r	pMax(ms)-r	total-r	elapsed	errors	ops(total)	ops/sec(cum)	avg(ms)	p50(ms)	p95(ms)	p99(ms)	pMax(ms)
14	0.0	0.0	1028893.0	34295.9	3.0749999999999997	2.9625000000000004	5.425	7.5625	23.075	0.0	0.0	0.0	1028893.0	34295.9	3.0749999999999997	2.9625000000000004	5.425	7.5625	23.075
