concurrency	elapsed-r	errors-r	ops(total)-r	ops/sec(cum)-r	avg(ms)-r	p50(ms)-r	p95(ms)-r	p99(ms)-r	pMax(ms)-r	total-r	elapsed-w	errors-w	ops(total)-w	ops/sec(cum)-w	avg(ms)-w	p50(ms)-w	p95(ms)-w	p99(ms)-w	pMax(ms)-w	total-w	elapsed	errors	ops(total)	ops/sec(cum)	avg(ms)	p50(ms)	p95(ms)	p99(ms)	pMax(ms)
107	0.0	0.0	2859875.0	95324.6	5.279999999999999	4.14	13.819999999999999	23.5	289.4	0.0	0.0	0.0	149958.0	4998.3	17.94	16.5	36.06	46.540000000000006	208.43999999999997	0.0	0.0	0.0	3009833.0	100322.90000000001	5.88	4.36	17.96	29.339999999999996	289.4
