concurrency	elapsed-w	errors-w	ops(total)-w	ops/sec(cum)-w	avg(ms)-w	p50(ms)-w	p95(ms)-w	p99(ms)-w	pMax(ms)-w	total-w	elapsed	errors	ops(total)	ops/sec(cum)	avg(ms)	p50(ms)	p95(ms)	p99(ms)	pMax(ms)
56	0.0	0.0	3873038.0	129097.8	3.2500000000000004	1.9874999999999998	9.675	14.95	103.01250000000002	0.0	0.0	0.0	3873038.0	129097.8	3.2500000000000004	1.9874999999999998	9.675	14.95	103.01250000000002
