concurrency	elapsed-r	errors-r	ops(total)-r	ops/sec(cum)-r	avg(ms)-r	p50(ms)-r	p95(ms)-r	p99(ms)-r	pMax(ms)-r	total-r	elapsed-w	errors-w	ops(total)-w	ops/sec(cum)-w	avg(ms)-w	p50(ms)-w	p95(ms)-w	p99(ms)-w	pMax(ms)-w	total-w	elapsed	errors	ops(total)	ops/sec(cum)	avg(ms)	p50(ms)	p95(ms)	p99(ms)	pMax(ms)
23	0.0	0.0	214974.0	7165.500000000001	4.2250000000000005	4.0875	7.775	10.1625	27.387500000000003	0.0	0.0	0.0	11058.0	368.59999999999997	407.32500000000005	604.0	671.1	671.1	704.6000000000001	0.0	0.0	0.0	226032.0	7534.1	23.950000000000003	4.262499999999999	9.625	637.5	704.6000000000001
