concurrency	elapsed-r	errors-r	ops(total)-r	ops/sec(cum)-r	avg(ms)-r	p50(ms)-r	p95(ms)-r	p99(ms)-r	pMax(ms)-r	total-r	elapsed-w	errors-w	ops(total)-w	ops/sec(cum)-w	avg(ms)-w	p50(ms)-w	p95(ms)-w	p99(ms)-w	pMax(ms)-w	total-w	elapsed	errors	ops(total)	ops/sec(cum)	avg(ms)	p50(ms)	p95(ms)	p99(ms)	pMax(ms)
40	0.0	0.0	4415091.0	147166.5	1.7375000000000003	1.5499999999999998	3.3249999999999997	5.8999999999999995	217.04999999999995	0.0	0.0	0.0	232619.0	7753.799999999999	1.8250000000000002	1.6	3.475	6.9125000000000005	111.4125	0.0	0.0	0.0	4647710.0	154920.2	1.7375000000000003	1.5499999999999998	3.3249999999999997	5.9375	217.04999999999995
