concurrency	elapsed-r	errors-r	ops(total)-r	ops/sec(cum)-r	avg(ms)-r	p50(ms)-r	p95(ms)-r	p99(ms)-r	pMax(ms)-r	total-r	elapsed	errors	ops(total)	ops/sec(cum)	avg(ms)	p50(ms)	p95(ms)	p99(ms)	pMax(ms)
55	0.0	0.0	1870884.0	62360.9	6.562500000000001	5.5625	15.687499999999998	24.525	59.4875	0.0	0.0	0.0	1870884.0	62360.9	6.562500000000001	5.5625	15.687499999999998	24.525	59.4875
