concurrency	elapsed-r	errors-r	ops(total)-r	ops/sec(cum)-r	avg(ms)-r	p50(ms)-r	p95(ms)-r	p99(ms)-r	pMax(ms)-r	total-r	elapsed-w	errors-w	ops(total)-w	ops/sec(cum)-w	avg(ms)-w	p50(ms)-w	p95(ms)-w	p99(ms)-w	pMax(ms)-w	total-w	elapsed	errors	ops(total)	ops/sec(cum)	avg(ms)	p50(ms)	p95(ms)	p99(ms)	pMax(ms)
22	0.0	0.0	104990.0	3499.5	37.762499999999996	3.2249999999999996	238.05000000000004	490.7	985.6375	0.0	0.0	0.0	5446.0	181.6	235.7125	169.33749999999998	796.9250000000001	1086.3500000000001	1765.8000000000002	0.0	0.0	0.0	110436.0	3681.1000000000004	47.5125	3.3625	301.99999999999994	616.5625	1765.8000000000002
