concurrency	elapsed-r	errors-r	ops(total)-r	ops/sec(cum)-r	avg(ms)-r	p50(ms)-r	p95(ms)-r	p99(ms)-r	pMax(ms)-r	total-r	elapsed-w	errors-w	ops(total)-w	ops/sec(cum)-w	avg(ms)-w	p50(ms)-w	p95(ms)-w	p99(ms)-w	pMax(ms)-w	total-w	elapsed	errors	ops(total)	ops/sec(cum)	avg(ms)	p50(ms)	p95(ms)	p99(ms)	pMax(ms)
144	0.0	0.0	2700993.0	90025.40000000001	5.2	4.3999999999999995	12.833333333333334	21.833333333333332	203.4333333333333	0.0	0.0	0.0	142664.0	4755.1	15.066666666666668	13.433333333333332	30.3	40.0	248.83333333333334	0.0	0.0	0.0	2843657.0	94780.5	5.733333333333333	4.533333333333333	15.666666666666666	25.366666666666664	262.8333333333333
