concurrency	elapsed-r	errors-r	ops(total)-r	ops/sec(cum)-r	avg(ms)-r	p50(ms)-r	p95(ms)-r	p99(ms)-r	pMax(ms)-r	total-r	elapsed-w	errors-w	ops(total)-w	ops/sec(cum)-w	avg(ms)-w	p50(ms)-w	p95(ms)-w	p99(ms)-w	pMax(ms)-w	total-w	elapsed	errors	ops(total)	ops/sec(cum)	avg(ms)	p50(ms)	p95(ms)	p99(ms)	pMax(ms)
14	0.0	0.0	2823113.0	94102.59999999999	0.925	0.8500000000000001	1.7000000000000002	2.9875	20.9125	0.0	0.0	0.0	148729.0	4957.599999999999	1.1875	0.925	3.1375	4.525	14.037499999999998	0.0	0.0	0.0	2971842.0	99060.1	0.925	0.8500000000000001	1.7000000000000002	3.3	21.175
