concurrency	elapsed-r	errors-r	ops(total)-r	ops/sec(cum)-r	avg(ms)-r	p50(ms)-r	p95(ms)-r	p99(ms)-r	pMax(ms)-r	total-r	elapsed-w	errors-w	ops(total)-w	ops/sec(cum)-w	avg(ms)-w	p50(ms)-w	p95(ms)-w	p99(ms)-w	pMax(ms)-w	total-w	elapsed	errors	ops(total)	ops/sec(cum)	avg(ms)	p50(ms)	p95(ms)	p99(ms)	pMax(ms)
39	0.0	0.0	1258900.0	41961.9	6.324999999999999	5.4750000000000005	14.575000000000001	22.275	115.3375	0.0	0.0	0.0	66456.0	2215.2000000000003	11.725000000000001	10.75	24.25	35.68749999999999	117.42500000000001	0.0	0.0	0.0	1325356.0	44177.0	6.6	5.7	15.325000000000001	23.599999999999998	124.2375
