concurrency	elapsed-r	errors-r	ops(total)-r	ops/sec(cum)-r	avg(ms)-r	p50(ms)-r	p95(ms)-r	p99(ms)-r	pMax(ms)-r	total-r	elapsed-w	errors-w	ops(total)-w	ops/sec(cum)-w	avg(ms)-w	p50(ms)-w	p95(ms)-w	p99(ms)-w	pMax(ms)-w	total-w	elapsed	errors	ops(total)	ops/sec(cum)	avg(ms)	p50(ms)	p95(ms)	p99(ms)	pMax(ms)
21	0.0	0.0	1190434.0	39680.2	3.825	3.7249999999999996	6.874999999999999	8.1	21.75	0.0	0.0	0.0	62987.0	2099.4	3.8499999999999996	3.7249999999999996	6.799999999999999	8.175	17.3125	0.0	0.0	0.0	1253421.0	41780.0	3.825	3.7249999999999996	6.874999999999999	8.1	22.0125
