concurrency	elapsed-r	errors-r	ops(total)-r	ops/sec(cum)-r	avg(ms)-r	p50(ms)-r	p95(ms)-r	p99(ms)-r	pMax(ms)-r	total-r	elapsed-w	errors-w	ops(total)-w	ops/sec(cum)-w	avg(ms)-w	p50(ms)-w	p95(ms)-w	p99(ms)-w	pMax(ms)-w	total-w	elapsed	errors	ops(total)	ops/sec(cum)	avg(ms)	p50(ms)	p95(ms)	p99(ms)	pMax(ms)
145	0.0	0.0	2945882.0	98186.5	6.460000000000001	5.04	17.3	28.3	848.96	0.0	0.0	0.0	155461.0	5181.5	23.059999999999995	20.580000000000002	49.89999999999999	65.02000000000001	699.62	0.0	0.0	0.0	3101343.0	103367.9	7.3	5.26	21.82	38.14	848.96
