concurrency	elapsed-r	errors-r	ops(total)-r	ops/sec(cum)-r	avg(ms)-r	p50(ms)-r	p95(ms)-r	p99(ms)-r	pMax(ms)-r	total-r	elapsed-w	errors-w	ops(total)-w	ops/sec(cum)-w	avg(ms)-w	p50(ms)-w	p95(ms)-w	p99(ms)-w	pMax(ms)-w	total-w	elapsed	errors	ops(total)	ops/sec(cum)	avg(ms)	p50(ms)	p95(ms)	p99(ms)	pMax(ms)
49	0.0	0.0	644188.0	21472.3	2.9	1.8999999999999997	7.599999999999999	17.8	65.0	0.0	0.0	0.0	34077.0	1135.9	49.26666666666667	3.8333333333333335	268.4	302.0	335.5	0.0	0.0	0.0	678265.0	22608.0	5.233333333333333	2.0	8.4	38.43333333333333	335.5
