ops/sec(cum)	p50(ms)	p99(ms)	read_tp	read_p50	read_p99	write_tp	write_p50	write_p99
283786.2166666667	0.19658333333333333	0.8588333333333333	273024.89999999997	0.196	0.8588333333333333	10760.31666666667	0.19716666666666666	0.875
