concurrency	elapsed-r	errors-r	ops(total)-r	ops/sec(cum)-r	avg(ms)-r	p50(ms)-r	p95(ms)-r	p99(ms)-r	pMax(ms)-r	total-r	elapsed-w	errors-w	ops(total)-w	ops/sec(cum)-w	avg(ms)-w	p50(ms)-w	p95(ms)-w	p99(ms)-w	pMax(ms)-w	total-w	elapsed	errors	ops(total)	ops/sec(cum)	avg(ms)	p50(ms)	p95(ms)	p99(ms)	pMax(ms)
46	0.0	0.0	1935925.0	64529.100000000006	4.75	4.15	11.399999999999999	18.075	51.35	0.0	0.0	0.0	101893.0	3396.5	8.85	8.0375	20.3125	27.937500000000004	63.425000000000004	0.0	0.0	0.0	2037818.0	67925.40000000001	4.95	4.25	12.2	19.275000000000002	63.425000000000004
