concurrency	elapsed-r	errors-r	ops(total)-r	ops/sec(cum)-r	avg(ms)-r	p50(ms)-r	p95(ms)-r	p99(ms)-r	pMax(ms)-r	total-r	elapsed-w	errors-w	ops(total)-w	ops/sec(cum)-w	avg(ms)-w	p50(ms)-w	p95(ms)-w	p99(ms)-w	pMax(ms)-w	total-w	elapsed	errors	ops(total)	ops/sec(cum)	avg(ms)	p50(ms)	p95(ms)	p99(ms)	pMax(ms)
32	0.0	0.0	1435857.0	47860.6	4.55	4.0625	10.475	16.15	37.60000000000001	0.0	0.0	0.0	75583.0	2519.4	7.5875	6.612499999999999	18.55	24.912499999999998	44.012499999999996	0.0	0.0	0.0	1511440.0	50380.1	4.7375	4.0625	11.2	17.0875	44.012499999999996
