concurrency	elapsed-r	errors-r	ops(total)-r	ops/sec(cum)-r	avg(ms)-r	p50(ms)-r	p95(ms)-r	p99(ms)-r	pMax(ms)-r	total-r	elapsed	errors	ops(total)	ops/sec(cum)	avg(ms)	p50(ms)	p95(ms)	p99(ms)	pMax(ms)
46	0.0	0.0	1571501.0	52381.799999999996	6.5375000000000005	5.925	14.175	20.725	53.97500000000001	0.0	0.0	0.0	1571501.0	52381.799999999996	6.5375000000000005	5.925	14.175	20.725	53.97500000000001
