concurrency	elapsed-r	errors-r	ops(total)-r	ops/sec(cum)-r	avg(ms)-r	p50(ms)-r	p95(ms)-r	p99(ms)-r	pMax(ms)-r	total-r	elapsed-w	errors-w	ops(total)-w	ops/sec(cum)-w	avg(ms)-w	p50(ms)-w	p95(ms)-w	p99(ms)-w	pMax(ms)-w	total-w	elapsed	errors	ops(total)	ops/sec(cum)	avg(ms)	p50(ms)	p95(ms)	p99(ms)	pMax(ms)
32	0.0	0.0	504991.0	16832.5	2.475	1.675	5.6	8.325	45.72500000000001	0.0	0.0	0.0	26489.0	883.0	236.3375	3.075	738.1999999999999	771.8000000000001	801.1125000000001	0.0	0.0	0.0	531480.0	17715.3	14.125000000000002	1.8250000000000002	6.137499999999999	704.6000000000001	801.1125000000001
