concurrency	elapsed-r	errors-r	ops(total)-r	ops/sec(cum)-r	avg(ms)-r	p50(ms)-r	p95(ms)-r	p99(ms)-r	pMax(ms)-r	total-r	elapsed-w	errors-w	ops(total)-w	ops/sec(cum)-w	avg(ms)-w	p50(ms)-w	p95(ms)-w	p99(ms)-w	pMax(ms)-w	total-w	elapsed	errors	ops(total)	ops/sec(cum)	avg(ms)	p50(ms)	p95(ms)	p99(ms)	pMax(ms)
22	0.0	0.0	88186.0	2939.4	46.387499999999996	3.475	297.79999999999995	612.375	1132.5	0.0	0.0	0.0	4567.0	152.20000000000002	256.63750000000005	127.39999999999999	905.9875000000001	1367.3625000000002	2139.0875	0.0	0.0	0.0	92753.0	3091.7000000000003	56.75	3.6375	362.8	704.6375	2139.0875
