concurrency	elapsed-w	errors-w	ops(total)-w	ops/sec(cum)-w	avg(ms)-w	p50(ms)-w	p95(ms)-w	p99(ms)-w	pMax(ms)-w	total-w	elapsed	errors	ops(total)	ops/sec(cum)	avg(ms)	p50(ms)	p95(ms)	p99(ms)	pMax(ms)
15	0.0	0.0	406787.0	13559.300000000001	8.624999999999998	2.1999999999999997	5.575	201.29999999999998	248.55	0.0	0.0	0.0	406787.0	13559.300000000001	8.624999999999998	2.1999999999999997	5.575	201.29999999999998	248.55
