concurrency	elapsed-r	errors-r	ops(total)-r	ops/sec(cum)-r	avg(ms)-r	p50(ms)-r	p95(ms)-r	p99(ms)-r	pMax(ms)-r	total-r	elapsed-w	errors-w	ops(total)-w	ops/sec(cum)-w	avg(ms)-w	p50(ms)-w	p95(ms)-w	p99(ms)-w	pMax(ms)-w	total-w	elapsed	errors	ops(total)	ops/sec(cum)	avg(ms)	p50(ms)	p95(ms)	p99(ms)	pMax(ms)
40	0.0	0.0	3331407.0	111044.3	2.5125	2.4	5.2	8.3875	94.89999999999999	0.0	0.0	0.0	175293.0	5842.900000000001	2.5250000000000004	2.425	5.2749999999999995	8.35	18.937500000000004	0.0	0.0	0.0	3506700.0	116887.3	2.5125	2.4	5.2	8.3875	94.89999999999999
