concurrency	elapsed-r	errors-r	ops(total)-r	ops/sec(cum)-r	avg(ms)-r	p50(ms)-r	p95(ms)-r	p99(ms)-r	pMax(ms)-r	total-r	elapsed-w	errors-w	ops(total)-w	ops/sec(cum)-w	avg(ms)-w	p50(ms)-w	p95(ms)-w	p99(ms)-w	pMax(ms)-w	total-w	elapsed	errors	ops(total)	ops/sec(cum)	avg(ms)	p50(ms)	p95(ms)	p99(ms)	pMax(ms)
46	0.0	0.0	1262170.0	42070.799999999996	7.474999999999999	6.625	17.175	25.674999999999994	116.92499999999998	0.0	0.0	0.0	66369.0	2212.2	14.125000000000002	13.162499999999998	28.962500000000002	39.8	96.475	0.0	0.0	0.0	1328539.0	44283.0	7.8	6.725	18.35	27.275000000000002	135.8
