concurrency	elapsed-r	errors-r	ops(total)-r	ops/sec(cum)-r	avg(ms)-r	p50(ms)-r	p95(ms)-r	p99(ms)-r	pMax(ms)-r	total-r	elapsed-w	errors-w	ops(total)-w	ops/sec(cum)-w	avg(ms)-w	p50(ms)-w	p95(ms)-w	p99(ms)-w	pMax(ms)-w	total-w	elapsed	errors	ops(total)	ops/sec(cum)	avg(ms)	p50(ms)	p95(ms)	p99(ms)	pMax(ms)
144	0.0	0.0	811137.0	27035.899999999998	11.699999999999998	8.9	30.399999999999995	48.20000000000001	760.6	0.0	0.0	0.0	42704.0	1423.3	38.43333333333334	35.7	79.7	100.7	749.4	0.0	0.0	0.0	853841.0	28459.4	13.0	9.4	37.03333333333334	62.9	760.6
