concurrency	elapsed-r	errors-r	ops(total)-r	ops/sec(cum)-r	avg(ms)-r	p50(ms)-r	p95(ms)-r	p99(ms)-r	pMax(ms)-r	total-r	elapsed-w	errors-w	ops(total)-w	ops/sec(cum)-w	avg(ms)-w	p50(ms)-w	p95(ms)-w	p99(ms)-w	pMax(ms)-w	total-w	elapsed	errors	ops(total)	ops/sec(cum)	avg(ms)	p50(ms)	p95(ms)	p99(ms)	pMax(ms)
79	0.0	0.0	2375298.0	39587.600000000006	3.525	2.05	11.125	25.95	86.0	0.0	0.0	0.0	125126.0	2085.4	6.949999999999999	4.5	23.35	40.849999999999994	137.35000000000002	0.0	0.0	0.0	2500424.0	41673.2	3.7249999999999996	2.175	12.075000000000001	27.025000000000002	137.35000000000002
