concurrency	elapsed-w	errors-w	ops(total)-w	ops/sec(cum)-w	avg(ms)-w	p50(ms)-w	p95(ms)-w	p99(ms)-w	pMax(ms)-w	total-w	elapsed	errors	ops(total)	ops/sec(cum)	avg(ms)	p50(ms)	p95(ms)	p99(ms)	pMax(ms)
55	0.0	0.0	3314046.0	110465.0	3.6874999999999996	3.4999999999999996	6.674999999999999	10.6	32.3625	0.0	0.0	0.0	3314046.0	110465.0	3.6874999999999996	3.4999999999999996	6.674999999999999	10.6	32.3625
