concurrency	elapsed-r	errors-r	ops(total)-r	ops/sec(cum)-r	avg(ms)-r	p50(ms)-r	p95(ms)-r	p99(ms)-r	pMax(ms)-r	total-r	elapsed-w	errors-w	ops(total)-w	ops/sec(cum)-w	avg(ms)-w	p50(ms)-w	p95(ms)-w	p99(ms)-w	pMax(ms)-w	total-w	elapsed	errors	ops(total)	ops/sec(cum)	avg(ms)	p50(ms)	p95(ms)	p99(ms)	pMax(ms)
120	0.0	0.0	2568339.0	85607.8	5.033333333333334	4.133333333333334	12.6	22.23333333333333	164.29999999999998	0.0	0.0	0.0	135067.0	4502.1	13.233333333333334	11.933333333333332	26.36666666666667	36.86666666666667	135.26666666666668	0.0	0.0	0.0	2703406.0	90109.8	5.466666666666666	4.333333333333333	15.5	24.366666666666664	164.29999999999998
