concurrency	elapsed-r	errors-r	ops(total)-r	ops/sec(cum)-r	avg(ms)-r	p50(ms)-r	p95(ms)-r	p99(ms)-r	pMax(ms)-r	total-r	elapsed-w	errors-w	ops(total)-w	ops/sec(cum)-w	avg(ms)-w	p50(ms)-w	p95(ms)-w	p99(ms)-w	pMax(ms)-w	total-w	elapsed	errors	ops(total)	ops/sec(cum)	avg(ms)	p50(ms)	p95(ms)	p99(ms)	pMax(ms)
15	0.0	0.0	3123440.0	104113.4	0.9375	0.8500000000000001	1.1875	2.9125	71.82499999999999	0.0	0.0	0.0	163689.0	5456.400000000001	0.9375	0.8500000000000001	1.175	2.9125	16.9625	0.0	0.0	0.0	3287129.0	109569.59999999999	0.9375	0.8500000000000001	1.1875	2.9125	72.08749999999999
