concurrency	elapsed-r	errors-r	ops(total)-r	ops/sec(cum)-r	avg(ms)-r	p50(ms)-r	p95(ms)-r	p99(ms)-r	pMax(ms)-r	total-r	elapsed-w	errors-w	ops(total)-w	ops/sec(cum)-w	avg(ms)-w	p50(ms)-w	p95(ms)-w	p99(ms)-w	pMax(ms)-w	total-w	elapsed	errors	ops(total)	ops/sec(cum)	avg(ms)	p50(ms)	p95(ms)	p99(ms)	pMax(ms)
77	0.0	0.0	2773760.0	46228.799999999996	2.95	1.9249999999999998	9.175	23.075000000000003	143.675	0.0	0.0	0.0	146114.0	2435.1000000000004	5.525	3.7249999999999996	19.15	35.7	115.3	0.0	0.0	0.0	2919874.0	48664.0	3.05	2.0	9.675	23.85	152.05
