concurrency	elapsed-w	errors-w	ops(total)-w	ops/sec(cum)-w	avg(ms)-w	p50(ms)-w	p95(ms)-w	p99(ms)-w	pMax(ms)-w	total-w	elapsed	errors	ops(total)	ops/sec(cum)	avg(ms)	p50(ms)	p95(ms)	p99(ms)	pMax(ms)
29	0.0	0.0	3642346.0	121410.0	1.7500000000000002	1.5374999999999999	4.2124999999999995	5.6499999999999995	45.599999999999994	0.0	0.0	0.0	3642346.0	121410.0	1.7500000000000002	1.5374999999999999	4.2124999999999995	5.6499999999999995	45.599999999999994
