concurrency	elapsed-r	errors-r	ops(total)-r	ops/sec(cum)-r	avg(ms)-r	p50(ms)-r	p95(ms)-r	p99(ms)-r	pMax(ms)-r	total-r	elapsed-w	errors-w	ops(total)-w	ops/sec(cum)-w	avg(ms)-w	p50(ms)-w	p95(ms)-w	p99(ms)-w	pMax(ms)-w	total-w	elapsed	errors	ops(total)	ops/sec(cum)	avg(ms)	p50(ms)	p95(ms)	p99(ms)	pMax(ms)
27	0.0	0.0	1946551.0	64883.6	2.9625	2.8000000000000003	5.6875	7.624999999999999	22.4	0.0	0.0	0.0	102074.0	3402.5	2.8874999999999997	2.7500000000000004	5.5	7.4125	18.55	0.0	0.0	0.0	2048625.0	68285.7	2.9625	2.8000000000000003	5.6499999999999995	7.624999999999999	23.45
