concurrency	elapsed-r	errors-r	ops(total)-r	ops/sec(cum)-r	avg(ms)-r	p50(ms)-r	p95(ms)-r	p99(ms)-r	pMax(ms)-r	total-r	elapsed-w	errors-w	ops(total)-w	ops/sec(cum)-w	avg(ms)-w	p50(ms)-w	p95(ms)-w	p99(ms)-w	pMax(ms)-w	total-w	elapsed	errors	ops(total)	ops/sec(cum)	avg(ms)	p50(ms)	p95(ms)	p99(ms)	pMax(ms)
107	0.0	0.0	737400.0	24578.5	10.0	7.599999999999999	28.3	41.9	352.3	0.0	0.0	0.0	38557.0	1285.1999999999998	25.366666666666664	22.0	55.199999999999996	71.3	304.76666666666665	0.0	0.0	0.0	775957.0	25863.699999999997	10.766666666666666	7.900000000000001	31.5	48.20000000000001	357.90000000000003
