concurrency	elapsed-w	errors-w	ops(total)-w	ops/sec(cum)-w	avg(ms)-w	p50(ms)-w	p95(ms)-w	p99(ms)-w	pMax(ms)-w	total-w	elapsed	errors	ops(total)	ops/sec(cum)	avg(ms)	p50(ms)	p95(ms)	p99(ms)	pMax(ms)
40	0.0	0.0	672955.0	22431.1	13.8625	8.549999999999999	37.85	50.824999999999996	193.45000000000002	0.0	0.0	0.0	672955.0	22431.1	13.8625	8.549999999999999	37.85	50.824999999999996	193.45000000000002
