concurrency	elapsed-r	errors-r	ops(total)-r	ops/sec(cum)-r	avg(ms)-r	p50(ms)-r	p95(ms)-r	p99(ms)-r	pMax(ms)-r	total-r	elapsed-w	errors-w	ops(total)-w	ops/sec(cum)-w	avg(ms)-w	p50(ms)-w	p95(ms)-w	p99(ms)-w	pMax(ms)-w	total-w	elapsed	errors	ops(total)	ops/sec(cum)	avg(ms)	p50(ms)	p95(ms)	p99(ms)	pMax(ms)
32	0.0	0.0	1273950.0	42463.799999999996	5.15	4.6	11.524999999999999	16.8	44.8125	0.0	0.0	0.0	67000.0	2233.4	9.3125	8.7625	18.762500000000003	24.912499999999998	40.724999999999994	0.0	0.0	0.0	1340950.0	44697.200000000004	5.3500000000000005	4.675	12.1375	17.95	47.162499999999994
