concurrency	elapsed-r	errors-r	ops(total)-r	ops/sec(cum)-r	avg(ms)-r	p50(ms)-r	p95(ms)-r	p99(ms)-r	pMax(ms)-r	total-r	elapsed-w	errors-w	ops(total)-w	ops/sec(cum)-w	avg(ms)-w	p50(ms)-w	p95(ms)-w	p99(ms)-w	pMax(ms)-w	total-w	elapsed	errors	ops(total)	ops/sec(cum)	avg(ms)	p50(ms)	p95(ms)	p99(ms)	pMax(ms)
31	0.0	0.0	1168747.0	38957.3	5.4125000000000005	4.95	12.075	18.1	44.787499999999994	0.0	0.0	0.0	61188.0	2039.6999999999998	10.5875	10.225	22.674999999999997	29.900000000000002	50.5625	0.0	0.0	0.0	1229935.0	40996.799999999996	5.675	4.9875	13.224999999999998	20.2	52.400000000000006
