concurrency	elapsed-r	errors-r	ops(total)-r	ops/sec(cum)-r	avg(ms)-r	p50(ms)-r	p95(ms)-r	p99(ms)-r	pMax(ms)-r	total-r	elapsed-w	errors-w	ops(total)-w	ops/sec(cum)-w	avg(ms)-w	p50(ms)-w	p95(ms)-w	p99(ms)-w	pMax(ms)-w	total-w	elapsed	errors	ops(total)	ops/sec(cum)	avg(ms)	p50(ms)	p95(ms)	p99(ms)	pMax(ms)
15	0.0	0.0	1248151.0	41604.6	2.5	2.4875	5.025	5.95	22.55	0.0	0.0	0.0	65374.0	2179.1	3.6750000000000003	3.4749999999999996	7.062499999999999	11.1625	30.9375	0.0	0.0	0.0	1313525.0	43783.399999999994	2.5500000000000003	2.5	5.2	6.3374999999999995	31.6
