concurrency	elapsed-r	errors-r	ops(total)-r	ops/sec(cum)-r	avg(ms)-r	p50(ms)-r	p95(ms)-r	p99(ms)-r	pMax(ms)-r	total-r	elapsed-w	errors-w	ops(total)-w	ops/sec(cum)-w	avg(ms)-w	p50(ms)-w	p95(ms)-w	p99(ms)-w	pMax(ms)-w	total-w	elapsed	errors	ops(total)	ops/sec(cum)	avg(ms)	p50(ms)	p95(ms)	p99(ms)	pMax(ms)
20	0.0	0.0	850659.0	28354.8	2.1399999999999997	1.52	5.319999999999999	12.4	140.94	0.0	0.0	0.0	44617.0	1487.1999999999998	13.86	2.8	75.5	96.5	134.2	0.0	0.0	0.0	895276.0	29842.0	2.7399999999999998	1.5399999999999998	5.8	25.82	153.52
