concurrency	elapsed-r	errors-r	ops(total)-r	ops/sec(cum)-r	avg(ms)-r	p50(ms)-r	p95(ms)-r	p99(ms)-r	pMax(ms)-r	total-r	elapsed-w	errors-w	ops(total)-w	ops/sec(cum)-w	avg(ms)-w	p50(ms)-w	p95(ms)-w	p99(ms)-w	pMax(ms)-w	total-w	elapsed	errors	ops(total)	ops/sec(cum)	avg(ms)	p50(ms)	p95(ms)	p99(ms)	pMax(ms)
64	0.0	0.0	2459253.0	81972.7	2.3	1.5750000000000002	5.825	9.225	46.125	0.0	0.0	0.0	129695.0	4323.0	38.349999999999994	2.75	208.375	222.14999999999998	267.625	0.0	0.0	0.0	2588948.0	86295.8	4.075	1.625	6.175000000000001	16.0	269.45000000000005
