concurrency	elapsed-r	errors-r	ops(total)-r	ops/sec(cum)-r	avg(ms)-r	p50(ms)-r	p95(ms)-r	p99(ms)-r	pMax(ms)-r	total-r	elapsed-w	errors-w	ops(total)-w	ops/sec(cum)-w	avg(ms)-w	p50(ms)-w	p95(ms)-w	p99(ms)-w	pMax(ms)-w	total-w	elapsed	errors	ops(total)	ops/sec(cum)	avg(ms)	p50(ms)	p95(ms)	p99(ms)	pMax(ms)
9	0.0	0.0	955667.0	31855.1	1.6624999999999999	1.2750000000000001	3.7249999999999996	5.1375	18.8	0.0	0.0	0.0	50380.0	1679.4	7.4875	2.1999999999999997	32.65	43.2125	59.225	0.0	0.0	0.0	1006047.0	33534.299999999996	1.9625000000000001	1.3125	3.9499999999999993	14.625000000000002	59.225
