concurrency	elapsed-r	errors-r	ops(total)-r	ops/sec(cum)-r	avg(ms)-r	p50(ms)-r	p95(ms)-r	p99(ms)-r	pMax(ms)-r	total-r	elapsed-w	errors-w	ops(total)-w	ops/sec(cum)-w	avg(ms)-w	p50(ms)-w	p95(ms)-w	p99(ms)-w	pMax(ms)-w	total-w	elapsed	errors	ops(total)	ops/sec(cum)	avg(ms)	p50(ms)	p95(ms)	p99(ms)	pMax(ms)
79	0.0	0.0	2774598.0	92483.1	2.2199999999999998	1.48	6.279999999999999	9.66	54.94	0.0	0.0	0.0	146233.0	4874.3	77.32000000000001	2.8200000000000003	420.4799999999999	442.7	513.38	0.0	0.0	0.0	2920831.0	97357.4	5.96	1.56	6.62	19.619999999999997	513.38
