concurrency	elapsed-r	errors-r	ops(total)-r	ops/sec(cum)-r	avg(ms)-r	p50(ms)-r	p95(ms)-r	p99(ms)-r	pMax(ms)-r	total-r	elapsed-w	errors-w	ops(total)-w	ops/sec(cum)-w	avg(ms)-w	p50(ms)-w	p95(ms)-w	p99(ms)-w	pMax(ms)-w	total-w	elapsed	errors	ops(total)	ops/sec(cum)	avg(ms)	p50(ms)	p95(ms)	p99(ms)	pMax(ms)
57	0.0	0.0	3397182.0	113236.2	3.5250000000000004	3.3499999999999996	6.549999999999999	10.975	124.25000000000001	0.0	0.0	0.0	178853.0	5961.599999999999	3.5500000000000003	3.4	6.549999999999999	10.9875	48.25	0.0	0.0	0.0	3576035.0	119197.70000000001	3.5250000000000004	3.3499999999999996	6.549999999999999	10.975	124.25000000000001
