concurrency	elapsed-r	errors-r	ops(total)-r	ops/sec(cum)-r	avg(ms)-r	p50(ms)-r	p95(ms)-r	p99(ms)-r	pMax(ms)-r	total-r	elapsed-w	errors-w	ops(total)-w	ops/sec(cum)-w	avg(ms)-w	p50(ms)-w	p95(ms)-w	p99(ms)-w	pMax(ms)-w	total-w	elapsed	errors	ops(total)	ops/sec(cum)	avg(ms)	p50(ms)	p95(ms)	p99(ms)	pMax(ms)
15	0.0	0.0	1871106.0	62369.4	1.6874999999999998	1.4125	3.3999999999999995	4.425	19.0	0.0	0.0	0.0	98730.0	3291.0999999999995	1.5999999999999999	1.4125	3.3000000000000003	4.25	17.1875	0.0	0.0	0.0	1969836.0	65660.2	1.6874999999999998	1.4125	3.3999999999999995	4.425	20.575000000000003
