concurrency	elapsed-r	errors-r	ops(total)-r	ops/sec(cum)-r	avg(ms)-r	p50(ms)-r	p95(ms)-r	p99(ms)-r	pMax(ms)-r	total-r	elapsed-w	errors-w	ops(total)-w	ops/sec(cum)-w	avg(ms)-w	p50(ms)-w	p95(ms)-w	p99(ms)-w	pMax(ms)-w	total-w	elapsed	errors	ops(total)	ops/sec(cum)	avg(ms)	p50(ms)	p95(ms)	p99(ms)	pMax(ms)
136	0.0	0.0	4291020.0	143023.5	4.78	3.56	14.02	25.240000000000002	173.2	0.0	0.0	0.0	226602.0	7552.8	19.119999999999997	9.940000000000001	28.139999999999997	223.24	1337.56	0.0	0.0	0.0	4517622.0	150576.2	5.5	3.7	15.26	27.46	1344.2399999999998
