ops/sec(cum)	p50(ms)	p99(ms)	skews
33057.0	3.05	7.5249999999999995	0
33132.5	4.175	11.424999999999999	0.5
32500.799999999996	2.8000000000000003	7.050000000000001	0.7
32875.2	3.7375	9.95	0.8
33231.200000000004	6.949999999999999	22.412499999999998	0.9
34608.5	2.8875	7.325000000000001	0.99
35351.8	4.475	12.9375	1.1
36558.5	3.474999999999999	9.774999999999999	1.2
37164.9	3.275	9.2	1.3
37335.899999999994	2.275	6.162499999999999	1.4
38058.4	3.75	10.625	1.5
