concurrency	elapsed-r	errors-r	ops(total)-r	ops/sec(cum)-r	avg(ms)-r	p50(ms)-r	p95(ms)-r	p99(ms)-r	pMax(ms)-r	total-r	elapsed	errors	ops(total)	ops/sec(cum)	avg(ms)	p50(ms)	p95(ms)	p99(ms)	pMax(ms)
20	0.0	0.0	996808.0	33226.3	4.6499999999999995	4.4125000000000005	8.95	11.949999999999998	32.1375	0.0	0.0	0.0	996808.0	33226.3	4.6499999999999995	4.4125000000000005	8.95	11.949999999999998	32.1375
