concurrency	elapsed-r	errors-r	ops(total)-r	ops/sec(cum)-r	avg(ms)-r	p50(ms)-r	p95(ms)-r	p99(ms)-r	pMax(ms)-r	total-r	elapsed-w	errors-w	ops(total)-w	ops/sec(cum)-w	avg(ms)-w	p50(ms)-w	p95(ms)-w	p99(ms)-w	pMax(ms)-w	total-w	elapsed	errors	ops(total)	ops/sec(cum)	avg(ms)	p50(ms)	p95(ms)	p99(ms)	pMax(ms)
67	0.0	0.0	2859070.0	95298.5	3.28	2.74	7.12	16.16	91.85999999999999	0.0	0.0	0.0	151282.0	5042.5	8.919999999999998	8.040000000000001	18.919999999999998	26.26	71.3	0.0	0.0	0.0	3010352.0	100341.0	3.56	2.8	9.46	17.419999999999998	92.67999999999999
