concurrency	elapsed-r	errors-r	ops(total)-r	ops/sec(cum)-r	avg(ms)-r	p50(ms)-r	p95(ms)-r	p99(ms)-r	pMax(ms)-r	total-r	elapsed-w	errors-w	ops(total)-w	ops/sec(cum)-w	avg(ms)-w	p50(ms)-w	p95(ms)-w	p99(ms)-w	pMax(ms)-w	total-w	elapsed	errors	ops(total)	ops/sec(cum)	avg(ms)	p50(ms)	p95(ms)	p99(ms)	pMax(ms)
23	0.0	0.0	583660.0	19454.9	2.6	1.8999999999999997	6.8	12.1	51.0	0.0	0.0	0.0	30450.0	1015.0	6.633333333333333	3.7999999999999994	27.3	48.9	88.09999999999998	0.0	0.0	0.0	614110.0	20469.9	2.7999999999999994	2.0	7.3	14.366666666666665	88.09999999999998
