concurrency	elapsed-r	errors-r	ops(total)-r	ops/sec(cum)-r	avg(ms)-r	p50(ms)-r	p95(ms)-r	p99(ms)-r	pMax(ms)-r	total-r	elapsed-w	errors-w	ops(total)-w	ops/sec(cum)-w	avg(ms)-w	p50(ms)-w	p95(ms)-w	p99(ms)-w	pMax(ms)-w	total-w	elapsed	errors	ops(total)	ops/sec(cum)	avg(ms)	p50(ms)	p95(ms)	p99(ms)	pMax(ms)
12	0.0	0.0	681317.0	22710.1	3.0750000000000006	2.45	6.1375	13.1375	72.08749999999999	0.0	0.0	0.0	35583.0	1186.1	17.4625	17.35	28.6	35.925000000000004	84.425	0.0	0.0	0.0	716900.0	23896.4	3.8125	2.625	12.6375	25.549999999999997	84.425
