concurrency	elapsed-r	errors-r	ops(total)-r	ops/sec(cum)-r	avg(ms)-r	p50(ms)-r	p95(ms)-r	p99(ms)-r	pMax(ms)-r	total-r	elapsed	errors	ops(total)	ops/sec(cum)	avg(ms)	p50(ms)	p95(ms)	p99(ms)	pMax(ms)
23	0.0	0.0	1398432.0	46613.799999999996	1.8	1.725	2.8249999999999997	5.35	23.35	0.0	0.0	0.0	1398432.0	46613.799999999996	1.8	1.725	2.8249999999999997	5.35	23.35
