concurrency	elapsed-r	errors-r	ops(total)-r	ops/sec(cum)-r	avg(ms)-r	p50(ms)-r	p95(ms)-r	p99(ms)-r	pMax(ms)-r	total-r	elapsed-w	errors-w	ops(total)-w	ops/sec(cum)-w	avg(ms)-w	p50(ms)-w	p95(ms)-w	p99(ms)-w	pMax(ms)-w	total-w	elapsed	errors	ops(total)	ops/sec(cum)	avg(ms)	p50(ms)	p95(ms)	p99(ms)	pMax(ms)
52	0.0	0.0	511519.0	17050.0	2.9	2.0	8.033333333333333	12.1	35.666666666666664	0.0	0.0	0.0	27101.0	903.4	110.63333333333333	3.7000000000000006	604.0	637.5	671.1	0.0	0.0	0.0	538620.0	17953.3	8.266666666666667	2.1333333333333333	8.4	22.733333333333334	671.1
