concurrency	elapsed-r	errors-r	ops(total)-r	ops/sec(cum)-r	avg(ms)-r	p50(ms)-r	p95(ms)-r	p99(ms)-r	pMax(ms)-r	total-r	elapsed-w	errors-w	ops(total)-w	ops/sec(cum)-w	avg(ms)-w	p50(ms)-w	p95(ms)-w	p99(ms)-w	pMax(ms)-w	total-w	elapsed	errors	ops(total)	ops/sec(cum)	avg(ms)	p50(ms)	p95(ms)	p99(ms)	pMax(ms)
50	0.0	0.0	3407090.0	113566.59999999999	3.1	2.9000000000000004	6.174999999999999	9.9	99.35	0.0	0.0	0.0	179693.0	5989.599999999999	3.1	2.9250000000000003	6.25	9.975	32.125	0.0	0.0	0.0	3586783.0	119556.3	3.1	2.9000000000000004	6.174999999999999	9.9	101.17500000000001
