concurrency	elapsed-r	errors-r	ops(total)-r	ops/sec(cum)-r	avg(ms)-r	p50(ms)-r	p95(ms)-r	p99(ms)-r	pMax(ms)-r	total-r	elapsed	errors	ops(total)	ops/sec(cum)	avg(ms)	p50(ms)	p95(ms)	p99(ms)	pMax(ms)
25	0.0	0.0	1144083.0	38135.200000000004	5.0875	4.6625000000000005	10.0	14.125000000000002	35.1375	0.0	0.0	0.0	1144083.0	38135.200000000004	5.0875	4.6625000000000005	10.0	14.125000000000002	35.1375
