concurrency	elapsed-w	errors-w	ops(total)-w	ops/sec(cum)-w	avg(ms)-w	p50(ms)-w	p95(ms)-w	p99(ms)-w	pMax(ms)-w	total-w	elapsed	errors	ops(total)	ops/sec(cum)	avg(ms)	p50(ms)	p95(ms)	p99(ms)	pMax(ms)
55	0.0	0.0	4584277.0	152805.4	2.6	1.7125000000000001	7.049999999999999	11.25	112.21249999999999	0.0	0.0	0.0	4584277.0	152805.4	2.6	1.7125000000000001	7.049999999999999	11.25	112.21249999999999
