concurrency	elapsed-r	errors-r	ops(total)-r	ops/sec(cum)-r	avg(ms)-r	p50(ms)-r	p95(ms)-r	p99(ms)-r	pMax(ms)-r	total-r	elapsed-w	errors-w	ops(total)-w	ops/sec(cum)-w	avg(ms)-w	p50(ms)-w	p95(ms)-w	p99(ms)-w	pMax(ms)-w	total-w	elapsed	errors	ops(total)	ops/sec(cum)	avg(ms)	p50(ms)	p95(ms)	p99(ms)	pMax(ms)
96	0.0	0.0	4514722.0	150481.8	2.88	2.4400000000000004	5.720000000000001	13.459999999999999	72.58000000000001	0.0	0.0	0.0	237950.0	7931.3	7.4399999999999995	6.7	15.4	22.04	55.160000000000004	0.0	0.0	0.0	4752672.0	158413.1	3.1600000000000006	2.56	7.859999999999999	14.52	73.18
