concurrency	elapsed-r	errors-r	ops(total)-r	ops/sec(cum)-r	avg(ms)-r	p50(ms)-r	p95(ms)-r	p99(ms)-r	pMax(ms)-r	total-r	elapsed-w	errors-w	ops(total)-w	ops/sec(cum)-w	avg(ms)-w	p50(ms)-w	p95(ms)-w	p99(ms)-w	pMax(ms)-w	total-w	elapsed	errors	ops(total)	ops/sec(cum)	avg(ms)	p50(ms)	p95(ms)	p99(ms)	pMax(ms)
96	0.0	0.0	2651992.0	88395.3	4.2	3.0	13.020000000000001	22.439999999999998	103.58	0.0	0.0	0.0	139553.0	4651.599999999999	46.72	7.88	27.8	1526.7	1744.8400000000001	0.0	0.0	0.0	2791545.0	93046.79999999999	6.3	3.12	14.279999999999998	24.580000000000002	1744.8400000000001
