concurrency	elapsed-r	errors-r	ops(total)-r	ops/sec(cum)-r	avg(ms)-r	p50(ms)-r	p95(ms)-r	p99(ms)-r	pMax(ms)-r	total-r	elapsed-w	errors-w	ops(total)-w	ops/sec(cum)-w	avg(ms)-w	p50(ms)-w	p95(ms)-w	p99(ms)-w	pMax(ms)-w	total-w	elapsed	errors	ops(total)	ops/sec(cum)	avg(ms)	p50(ms)	p95(ms)	p99(ms)	pMax(ms)
23	0.0	0.0	1140846.0	38027.5	4.074999999999999	3.6999999999999993	8.875	13.6625	54.0	0.0	0.0	0.0	60317.0	2010.7	8.274999999999999	7.8	17.762500000000003	23.725	45.8375	0.0	0.0	0.0	1201163.0	40038.0	4.2625	3.7874999999999996	9.975	15.175	57.912499999999994
