concurrency	elapsed-r	errors-r	ops(total)-r	ops/sec(cum)-r	avg(ms)-r	p50(ms)-r	p95(ms)-r	p99(ms)-r	pMax(ms)-r	total-r	elapsed	errors	ops(total)	ops/sec(cum)	avg(ms)	p50(ms)	p95(ms)	p99(ms)	pMax(ms)
16	0.0	0.0	1386732.0	46223.799999999996	2.5999999999999996	2.5	4.574999999999999	7.25	18.6	0.0	0.0	0.0	1386732.0	46223.799999999996	2.5999999999999996	2.5	4.574999999999999	7.25	18.6
