concurrency	elapsed-r	errors-r	ops(total)-r	ops/sec(cum)-r	avg(ms)-r	p50(ms)-r	p95(ms)-r	p99(ms)-r	pMax(ms)-r	total-r	elapsed-w	errors-w	ops(total)-w	ops/sec(cum)-w	avg(ms)-w	p50(ms)-w	p95(ms)-w	p99(ms)-w	pMax(ms)-w	total-w	elapsed	errors	ops(total)	ops/sec(cum)	avg(ms)	p50(ms)	p95(ms)	p99(ms)	pMax(ms)
20	0.0	0.0	997262.0	22161.199999999997	2.2399999999999998	1.6400000000000001	5.2	11.1	55.339999999999996	0.0	0.0	0.0	52631.0	1169.6000000000001	25.160000000000004	2.9	92.3	104.9	142.6	0.0	0.0	0.0	1049893.0	23330.800000000003	3.4	1.6400000000000001	6.0	69.61999999999999	142.6
