concurrency	elapsed-r	errors-r	ops(total)-r	ops/sec(cum)-r	avg(ms)-r	p50(ms)-r	p95(ms)-r	p99(ms)-r	pMax(ms)-r	total-r	elapsed-w	errors-w	ops(total)-w	ops/sec(cum)-w	avg(ms)-w	p50(ms)-w	p95(ms)-w	p99(ms)-w	pMax(ms)-w	total-w	elapsed	errors	ops(total)	ops/sec(cum)	avg(ms)	p50(ms)	p95(ms)	p99(ms)	pMax(ms)
33	0.0	0.0	3277162.0	109236.6	2.025	1.8625	3.2249999999999996	6.7124999999999995	26.8875	0.0	0.0	0.0	172340.0	5744.5	2.1875	1.9874999999999998	4.125	7.375	20.700000000000003	0.0	0.0	0.0	3449502.0	114980.9	2.025	1.875	3.275	6.7124999999999995	26.8875
