concurrency	elapsed-r	errors-r	ops(total)-r	ops/sec(cum)-r	avg(ms)-r	p50(ms)-r	p95(ms)-r	p99(ms)-r	pMax(ms)-r	total-r	elapsed-w	errors-w	ops(total)-w	ops/sec(cum)-w	avg(ms)-w	p50(ms)-w	p95(ms)-w	p99(ms)-w	pMax(ms)-w	total-w	elapsed	errors	ops(total)	ops/sec(cum)	avg(ms)	p50(ms)	p95(ms)	p99(ms)	pMax(ms)
4	0.0	0.0	216058.0	7201.900000000001	3.55	3.2499999999999996	6.7375	8.475	15.012500000000001	0.0	0.0	0.0	11485.0	382.8	12.275	9.8125	31.725	41.6375	53.449999999999996	0.0	0.0	0.0	227543.0	7584.8	3.9625	3.3375	7.5375	20.85	53.449999999999996
