concurrency	elapsed-r	errors-r	ops(total)-r	ops/sec(cum)-r	avg(ms)-r	p50(ms)-r	p95(ms)-r	p99(ms)-r	pMax(ms)-r	total-r	elapsed	errors	ops(total)	ops/sec(cum)	avg(ms)	p50(ms)	p95(ms)	p99(ms)	pMax(ms)
18	0.0	0.0	1262041.0	42067.299999999996	3.2375000000000003	3.0374999999999996	6.0249999999999995	9.075	24.237499999999997	0.0	0.0	0.0	1262041.0	42067.299999999996	3.2375000000000003	3.0374999999999996	6.0249999999999995	9.075	24.237499999999997
