concurrency	elapsed-r	errors-r	ops(total)-r	ops/sec(cum)-r	avg(ms)-r	p50(ms)-r	p95(ms)-r	p99(ms)-r	pMax(ms)-r	total-r	elapsed-w	errors-w	ops(total)-w	ops/sec(cum)-w	avg(ms)-w	p50(ms)-w	p95(ms)-w	p99(ms)-w	pMax(ms)-w	total-w	elapsed	errors	ops(total)	ops/sec(cum)	avg(ms)	p50(ms)	p95(ms)	p99(ms)	pMax(ms)
72	0.0	0.0	401800.0	13392.8	3.6333333333333333	2.5	11.0	16.3	44.0	0.0	0.0	0.0	21125.0	704.2	225.26666666666665	4.7	1342.2	1364.5666666666666	1409.3	0.0	0.0	0.0	422925.0	14097.0	14.666666666666666	2.6	11.5	28.666666666666668	1409.3
