concurrency	elapsed-r	errors-r	ops(total)-r	ops/sec(cum)-r	avg(ms)-r	p50(ms)-r	p95(ms)-r	p99(ms)-r	pMax(ms)-r	total-r	elapsed-w	errors-w	ops(total)-w	ops/sec(cum)-w	avg(ms)-w	p50(ms)-w	p95(ms)-w	p99(ms)-w	pMax(ms)-w	total-w	elapsed	errors	ops(total)	ops/sec(cum)	avg(ms)	p50(ms)	p95(ms)	p99(ms)	pMax(ms)
21	0.0	0.0	1354323.0	45143.4	3.1250000000000004	3.0625000000000004	6.625000000000001	8.025	53.1875	0.0	0.0	0.0	71854.0	2395.2	7.637499999999999	5.025	34.474999999999994	57.125	80.75	0.0	0.0	0.0	1426177.0	47538.4	3.3499999999999996	3.1500000000000004	6.762499999999999	9.5125	80.75
