concurrency	elapsed-w	errors-w	ops(total)-w	ops/sec(cum)-w	avg(ms)-w	p50(ms)-w	p95(ms)-w	p99(ms)-w	pMax(ms)-w	total-w	elapsed	errors	ops(total)	ops/sec(cum)	avg(ms)	p50(ms)	p95(ms)	p99(ms)	pMax(ms)
56	0.0	0.0	4218611.0	140616.80000000002	2.8875	1.6250000000000002	8.4	13.374999999999998	147.9875	0.0	0.0	0.0	4218611.0	140616.80000000002	2.8875	1.6250000000000002	8.4	13.374999999999998	147.9875
