ops/sec(cum)	p50(ms)	p99(ms)	read_tp	read_p50	read_p99	write_tp	write_p50	write_p99
256565.38333333336	0.22483333333333333	1.0281666666666667	245809.06666666662	0.2245	1.0281666666666667	10755.316666666666	0.22516666666666668	1.0236666666666667
