concurrency	elapsed-r	errors-r	ops(total)-r	ops/sec(cum)-r	avg(ms)-r	p50(ms)-r	p95(ms)-r	p99(ms)-r	pMax(ms)-r	total-r	elapsed-w	errors-w	ops(total)-w	ops/sec(cum)-w	avg(ms)-w	p50(ms)-w	p95(ms)-w	p99(ms)-w	pMax(ms)-w	total-w	elapsed	errors	ops(total)	ops/sec(cum)	avg(ms)	p50(ms)	p95(ms)	p99(ms)	pMax(ms)
42	0.0	0.0	3291662.0	109718.2	2.625	2.3625000000000003	4.4375	10.799999999999999	75.475	0.0	0.0	0.0	173429.0	5781.0	2.8625000000000003	2.6	5.0	11.549999999999999	70.89999999999999	0.0	0.0	0.0	3465091.0	115498.9	2.625	2.375	4.487500000000001	10.737499999999999	75.475
