ops/sec(cum)	p50(ms)	p99(ms)	read_tp	read_p50	read_p99	write_tp	write_p50	write_p99
226983.28333333335	0.30042857142857143	2.13	216593.68333333335	0.30114285714285716	2.13	10388.6	0.2997142857142857	1.988
