concurrency	elapsed-r	errors-r	ops(total)-r	ops/sec(cum)-r	avg(ms)-r	p50(ms)-r	p95(ms)-r	p99(ms)-r	pMax(ms)-r	total-r	elapsed-w	errors-w	ops(total)-w	ops/sec(cum)-w	avg(ms)-w	p50(ms)-w	p95(ms)-w	p99(ms)-w	pMax(ms)-w	total-w	elapsed	errors	ops(total)	ops/sec(cum)	avg(ms)	p50(ms)	p95(ms)	p99(ms)	pMax(ms)
40	0.0	0.0	1924786.0	64157.5	4.15	3.6	9.85	15.450000000000001	116.91249999999998	0.0	0.0	0.0	100955.0	3365.0	7.6375	7.074999999999999	16.8625	24.124999999999996	48.724999999999994	0.0	0.0	0.0	2025741.0	67522.6	4.324999999999999	3.6874999999999996	10.375	16.3375	117.43749999999999
