concurrency	elapsed-r	errors-r	ops(total)-r	ops/sec(cum)-r	avg(ms)-r	p50(ms)-r	p95(ms)-r	p99(ms)-r	pMax(ms)-r	total-r	elapsed-w	errors-w	ops(total)-w	ops/sec(cum)-w	avg(ms)-w	p50(ms)-w	p95(ms)-w	p99(ms)-w	pMax(ms)-w	total-w	elapsed	errors	ops(total)	ops/sec(cum)	avg(ms)	p50(ms)	p95(ms)	p99(ms)	pMax(ms)
72	0.0	0.0	2507635.0	83585.0	2.733333333333333	2.3333333333333335	4.833333333333333	14.1	63.96666666666666	0.0	0.0	0.0	131917.0	4397.0	6.5	5.8	14.433333333333332	20.099999999999998	45.06666666666666	0.0	0.0	0.0	2639552.0	87982.0	2.9333333333333336	2.4	6.8	14.766666666666666	63.96666666666666
