concurrency	elapsed-r	errors-r	ops(total)-r	ops/sec(cum)-r	avg(ms)-r	p50(ms)-r	p95(ms)-r	p99(ms)-r	pMax(ms)-r	total-r	elapsed-w	errors-w	ops(total)-w	ops/sec(cum)-w	avg(ms)-w	p50(ms)-w	p95(ms)-w	p99(ms)-w	pMax(ms)-w	total-w	elapsed	errors	ops(total)	ops/sec(cum)	avg(ms)	p50(ms)	p95(ms)	p99(ms)	pMax(ms)
50	0.0	0.0	3422147.0	114068.7	2.9250000000000003	2.75	4.975	8.975	53.212500000000006	0.0	0.0	0.0	180105.0	6003.4	2.9375	2.775	5.1375	9.3625	24.125	0.0	0.0	0.0	3602252.0	120071.8	2.9250000000000003	2.75	4.975	9.05	53.212500000000006
