concurrency	elapsed-w	errors-w	ops(total)-w	ops/sec(cum)-w	avg(ms)-w	p50(ms)-w	p95(ms)-w	p99(ms)-w	pMax(ms)-w	total-w	elapsed	errors	ops(total)	ops/sec(cum)	avg(ms)	p50(ms)	p95(ms)	p99(ms)	pMax(ms)
31	0.0	0.0	3625649.0	120852.6	1.8750000000000002	1.6374999999999997	4.7	6.137499999999999	25.450000000000003	0.0	0.0	0.0	3625649.0	120852.6	1.8750000000000002	1.6374999999999997	4.7	6.137499999999999	25.450000000000003
