concurrency	elapsed-r	errors-r	ops(total)-r	ops/sec(cum)-r	avg(ms)-r	p50(ms)-r	p95(ms)-r	p99(ms)-r	pMax(ms)-r	total-r	elapsed-w	errors-w	ops(total)-w	ops/sec(cum)-w	avg(ms)-w	p50(ms)-w	p95(ms)-w	p99(ms)-w	pMax(ms)-w	total-w	elapsed	errors	ops(total)	ops/sec(cum)	avg(ms)	p50(ms)	p95(ms)	p99(ms)	pMax(ms)
16	0.0	0.0	1143160.0	38104.6	2.9749999999999996	2.925	5.799999999999999	6.774999999999999	30.812500000000004	0.0	0.0	0.0	60411.0	2013.6	3.8	3.4749999999999996	7.1875	13.499999999999998	56.599999999999994	0.0	0.0	0.0	1203571.0	40118.5	3.0125	2.925	5.799999999999999	6.949999999999999	56.599999999999994
