concurrency	elapsed-r	errors-r	ops(total)-r	ops/sec(cum)-r	avg(ms)-r	p50(ms)-r	p95(ms)-r	p99(ms)-r	pMax(ms)-r	total-r	elapsed-w	errors-w	ops(total)-w	ops/sec(cum)-w	avg(ms)-w	p50(ms)-w	p95(ms)-w	p99(ms)-w	pMax(ms)-w	total-w	elapsed	errors	ops(total)	ops/sec(cum)	avg(ms)	p50(ms)	p95(ms)	p99(ms)	pMax(ms)
96	0.0	0.0	4477798.0	149249.5	2.9799999999999995	2.56	5.84	13.36	79.03999999999999	0.0	0.0	0.0	235352.0	7844.5	7.3199999999999985	6.659999999999999	15.040000000000001	21.82	58.5	0.0	0.0	0.0	4713150.0	157094.0	3.2199999999999998	2.64	7.58	14.379999999999999	79.03999999999999
