concurrency	elapsed-r	errors-r	ops(total)-r	ops/sec(cum)-r	avg(ms)-r	p50(ms)-r	p95(ms)-r	p99(ms)-r	pMax(ms)-r	total-r	elapsed-w	errors-w	ops(total)-w	ops/sec(cum)-w	avg(ms)-w	p50(ms)-w	p95(ms)-w	p99(ms)-w	pMax(ms)-w	total-w	elapsed	errors	ops(total)	ops/sec(cum)	avg(ms)	p50(ms)	p95(ms)	p99(ms)	pMax(ms)
74	0.0	0.0	68019.0	1133.6	6.049999999999999	2.875	13.625	96.49999999999999	314.575	0.0	0.0	0.0	3303.0	55.0	49.075	41.95	102.77499999999999	283.1	855.65	0.0	0.0	0.0	71322.0	1188.6999999999998	8.025	2.9499999999999997	34.875	108.025	855.65
