concurrency	elapsed-r	errors-r	ops(total)-r	ops/sec(cum)-r	avg(ms)-r	p50(ms)-r	p95(ms)-r	p99(ms)-r	pMax(ms)-r	total-r	elapsed-w	errors-w	ops(total)-w	ops/sec(cum)-w	avg(ms)-w	p50(ms)-w	p95(ms)-w	p99(ms)-w	pMax(ms)-w	total-w	elapsed	errors	ops(total)	ops/sec(cum)	avg(ms)	p50(ms)	p95(ms)	p99(ms)	pMax(ms)
23	0.0	0.0	1089934.0	36330.399999999994	4.5625	4.55	8.525	10.0	26.875000000000004	0.0	0.0	0.0	57735.0	1924.4	5.3625	5.074999999999999	9.4375	13.65	93.35000000000001	0.0	0.0	0.0	1147669.0	38255.0	4.6375	4.55	8.525	10.0	93.35000000000001
