concurrency	elapsed-r	errors-r	ops(total)-r	ops/sec(cum)-r	avg(ms)-r	p50(ms)-r	p95(ms)-r	p99(ms)-r	pMax(ms)-r	total-r	elapsed-w	errors-w	ops(total)-w	ops/sec(cum)-w	avg(ms)-w	p50(ms)-w	p95(ms)-w	p99(ms)-w	pMax(ms)-w	total-w	elapsed	errors	ops(total)	ops/sec(cum)	avg(ms)	p50(ms)	p95(ms)	p99(ms)	pMax(ms)
48	0.0	0.0	3178528.0	105948.30000000002	3.175	2.9750000000000005	5.6	9.6625	28.325000000000003	0.0	0.0	0.0	167160.0	5571.900000000001	3.1625	2.9000000000000004	5.5625	9.5625	22.087500000000002	0.0	0.0	0.0	3345688.0	111520.20000000001	3.175	2.9750000000000005	5.6	9.6625	28.462500000000006
