concurrency	elapsed-r	errors-r	ops(total)-r	ops/sec(cum)-r	avg(ms)-r	p50(ms)-r	p95(ms)-r	p99(ms)-r	pMax(ms)-r	total-r	elapsed-w	errors-w	ops(total)-w	ops/sec(cum)-w	avg(ms)-w	p50(ms)-w	p95(ms)-w	p99(ms)-w	pMax(ms)-w	total-w	elapsed	errors	ops(total)	ops/sec(cum)	avg(ms)	p50(ms)	p95(ms)	p99(ms)	pMax(ms)
63	0.0	0.0	3450360.0	115007.6	3.7750000000000004	3.5749999999999997	6.424999999999999	11.424999999999999	76.42499999999998	0.0	0.0	0.0	181396.0	6046.2	3.7750000000000004	3.5749999999999997	6.5	11.424999999999999	24.3875	0.0	0.0	0.0	3631756.0	121053.99999999999	3.7750000000000004	3.5749999999999997	6.424999999999999	11.424999999999999	76.42499999999998
