concurrency	elapsed-r	errors-r	ops(total)-r	ops/sec(cum)-r	avg(ms)-r	p50(ms)-r	p95(ms)-r	p99(ms)-r	pMax(ms)-r	total-r	elapsed-w	errors-w	ops(total)-w	ops/sec(cum)-w	avg(ms)-w	p50(ms)-w	p95(ms)-w	p99(ms)-w	pMax(ms)-w	total-w	elapsed	errors	ops(total)	ops/sec(cum)	avg(ms)	p50(ms)	p95(ms)	p99(ms)	pMax(ms)
80	0.0	0.0	2725748.0	90855.2	4.54	3.72	10.74	20.14	156.01999999999998	0.0	0.0	0.0	142730.0	4757.4	13.34	12.320000000000002	27.879999999999995	35.86	120.35999999999999	0.0	0.0	0.0	2868478.0	95612.7	5.0	3.8	14.4	23.5	156.01999999999998
