concurrency	elapsed-r	errors-r	ops(total)-r	ops/sec(cum)-r	avg(ms)-r	p50(ms)-r	p95(ms)-r	p99(ms)-r	pMax(ms)-r	total-r	elapsed-w	errors-w	ops(total)-w	ops/sec(cum)-w	avg(ms)-w	p50(ms)-w	p95(ms)-w	p99(ms)-w	pMax(ms)-w	total-w	elapsed	errors	ops(total)	ops/sec(cum)	avg(ms)	p50(ms)	p95(ms)	p99(ms)	pMax(ms)
27	0.0	0.0	1248750.0	41624.0	4.5875	4.737500000000001	9.025	10.5625	78.3875	0.0	0.0	0.0	65606.0	2186.7999999999997	7.737499999999999	6.2124999999999995	13.187499999999996	73.4	139.45000000000002	0.0	0.0	0.0	1314356.0	43810.799999999996	4.750000000000001	4.775	9.0875	11.3125	139.45000000000002
