concurrency	elapsed-r	errors-r	ops(total)-r	ops/sec(cum)-r	avg(ms)-r	p50(ms)-r	p95(ms)-r	p99(ms)-r	pMax(ms)-r	total-r	elapsed-w	errors-w	ops(total)-w	ops/sec(cum)-w	avg(ms)-w	p50(ms)-w	p95(ms)-w	p99(ms)-w	pMax(ms)-w	total-w	elapsed	errors	ops(total)	ops/sec(cum)	avg(ms)	p50(ms)	p95(ms)	p99(ms)	pMax(ms)
40	0.0	0.0	2604258.0	57871.3	2.28	1.56	7.039999999999999	17.0	89.34	0.0	0.0	0.0	137426.0	3053.8999999999996	4.68	2.9	16.28	35.279999999999994	102.36000000000001	0.0	0.0	0.0	2741684.0	60925.2	2.4	1.6	7.539999999999999	18.9	113.28000000000002
