concurrency	elapsed-w	errors-w	ops(total)-w	ops/sec(cum)-w	avg(ms)-w	p50(ms)-w	p95(ms)-w	p99(ms)-w	pMax(ms)-w	total-w	elapsed	errors	ops(total)	ops/sec(cum)	avg(ms)	p50(ms)	p95(ms)	p99(ms)	pMax(ms)
60	0.0	0.0	4188443.0	139610.0	3.1750000000000003	1.775	9.4	14.575000000000001	214.94999999999996	0.0	0.0	0.0	4188443.0	139610.0	3.1750000000000003	1.775	9.4	14.575000000000001	214.94999999999996
