concurrency	elapsed-w	errors-w	ops(total)-w	ops/sec(cum)-w	avg(ms)-w	p50(ms)-w	p95(ms)-w	p99(ms)-w	pMax(ms)-w	total-w	elapsed	errors	ops(total)	ops/sec(cum)	avg(ms)	p50(ms)	p95(ms)	p99(ms)	pMax(ms)
64	0.0	0.0	300533.0	10017.400000000001	49.537499999999994	2.3249999999999997	9.0125	1543.5	1635.7625	0.0	0.0	0.0	300533.0	10017.400000000001	49.537499999999994	2.3249999999999997	9.0125	1543.5	1635.7625
