concurrency	elapsed-r	errors-r	ops(total)-r	ops/sec(cum)-r	avg(ms)-r	p50(ms)-r	p95(ms)-r	p99(ms)-r	pMax(ms)-r	total-r	elapsed-w	errors-w	ops(total)-w	ops/sec(cum)-w	avg(ms)-w	p50(ms)-w	p95(ms)-w	p99(ms)-w	pMax(ms)-w	total-w	elapsed	errors	ops(total)	ops/sec(cum)	avg(ms)	p50(ms)	p95(ms)	p99(ms)	pMax(ms)
88	0.0	0.0	318462.0	10615.0	4.533333333333333	2.9	14.199999999999998	22.0	60.1	0.0	0.0	0.0	16601.0	553.3	368.1666666666667	5.5	2281.7	2415.9	2415.9	0.0	0.0	0.0	335063.0	11168.3	22.566666666666666	3.033333333333333	15.199999999999998	37.733333333333334	2415.9
