concurrency	elapsed-r	errors-r	ops(total)-r	ops/sec(cum)-r	avg(ms)-r	p50(ms)-r	p95(ms)-r	p99(ms)-r	pMax(ms)-r	total-r	elapsed-w	errors-w	ops(total)-w	ops/sec(cum)-w	avg(ms)-w	p50(ms)-w	p95(ms)-w	p99(ms)-w	pMax(ms)-w	total-w	elapsed	errors	ops(total)	ops/sec(cum)	avg(ms)	p50(ms)	p95(ms)	p99(ms)	pMax(ms)
148	0.0	0.0	2661918.0	88725.8	5.933333333333334	4.933333333333333	14.966666666666667	24.633333333333336	248.5	0.0	0.0	0.0	139885.0	4662.6	17.400000000000002	16.26666666666667	33.86666666666667	44.9	536.8666666666667	0.0	0.0	0.0	2801803.0	93388.5	6.533333333333334	5.066666666666666	17.833333333333332	29.5	536.8666666666667
