concurrency	elapsed-w	errors-w	ops(total)-w	ops/sec(cum)-w	avg(ms)-w	p50(ms)-w	p95(ms)-w	p99(ms)-w	pMax(ms)-w	total-w	elapsed	errors	ops(total)	ops/sec(cum)	avg(ms)	p50(ms)	p95(ms)	p99(ms)	pMax(ms)
14	0.0	0.0	3415726.0	113856.29999999999	0.8500000000000001	0.8500000000000001	1.0625	1.9625	22.437500000000004	0.0	0.0	0.0	3415726.0	113856.29999999999	0.8500000000000001	0.8500000000000001	1.0625	1.9625	22.437500000000004
