concurrency	elapsed-r	errors-r	ops(total)-r	ops/sec(cum)-r	avg(ms)-r	p50(ms)-r	p95(ms)-r	p99(ms)-r	pMax(ms)-r	total-r	elapsed-w	errors-w	ops(total)-w	ops/sec(cum)-w	avg(ms)-w	p50(ms)-w	p95(ms)-w	p99(ms)-w	pMax(ms)-w	total-w	elapsed	errors	ops(total)	ops/sec(cum)	avg(ms)	p50(ms)	p95(ms)	p99(ms)	pMax(ms)
56	0.0	0.0	2378765.0	79290.1	1.8333333333333333	1.4666666666666668	4.233333333333333	7.1000000000000005	23.26666666666667	0.0	0.0	0.0	125091.0	4169.6	3.533333333333333	2.4	10.666666666666666	18.366666666666667	39.833333333333336	0.0	0.0	0.0	2503856.0	83459.7	1.8999999999999997	1.4666666666666668	4.533333333333333	8.033333333333333	39.833333333333336
