concurrency	elapsed-r	errors-r	ops(total)-r	ops/sec(cum)-r	avg(ms)-r	p50(ms)-r	p95(ms)-r	p99(ms)-r	pMax(ms)-r	total-r	elapsed-w	errors-w	ops(total)-w	ops/sec(cum)-w	avg(ms)-w	p50(ms)-w	p95(ms)-w	p99(ms)-w	pMax(ms)-w	total-w	elapsed	errors	ops(total)	ops/sec(cum)	avg(ms)	p50(ms)	p95(ms)	p99(ms)	pMax(ms)
18	0.0	0.0	1462951.0	48764.2	1.9000000000000001	1.4000000000000001	5.55	9.65	35.7625	0.0	0.0	0.0	77071.0	2569.0000000000005	15.662500000000001	2.575	103.31250000000001	285.2	337.6	0.0	0.0	0.0	1540022.0	51333.200000000004	2.5875000000000004	1.425	5.75	10.6875	337.6
