concurrency	elapsed-r	errors-r	ops(total)-r	ops/sec(cum)-r	avg(ms)-r	p50(ms)-r	p95(ms)-r	p99(ms)-r	pMax(ms)-r	total-r	elapsed	errors	ops(total)	ops/sec(cum)	avg(ms)	p50(ms)	p95(ms)	p99(ms)	pMax(ms)
14	0.0	0.0	1032366.0	34411.799999999996	3.0749999999999997	2.9375000000000004	5.425	7.4125000000000005	22.6625	0.0	0.0	0.0	1032366.0	34411.799999999996	3.0749999999999997	2.9375000000000004	5.425	7.4125000000000005	22.6625
