concurrency	elapsed-r	errors-r	ops(total)-r	ops/sec(cum)-r	avg(ms)-r	p50(ms)-r	p95(ms)-r	p99(ms)-r	pMax(ms)-r	total-r	elapsed-w	errors-w	ops(total)-w	ops/sec(cum)-w	avg(ms)-w	p50(ms)-w	p95(ms)-w	p99(ms)-w	pMax(ms)-w	total-w	elapsed	errors	ops(total)	ops/sec(cum)	avg(ms)	p50(ms)	p95(ms)	p99(ms)	pMax(ms)
72	0.0	0.0	2721137.0	90701.49999999999	4.14	3.4200000000000004	9.719999999999999	18.22	96.9	0.0	0.0	0.0	143316.0	4777.0	9.88	8.92	21.2	29.119999999999994	97.1	0.0	0.0	0.0	2864453.0	95478.6	4.42	3.54	12.040000000000001	19.48	100.46000000000001
