concurrency	elapsed-r	errors-r	ops(total)-r	ops/sec(cum)-r	avg(ms)-r	p50(ms)-r	p95(ms)-r	p99(ms)-r	pMax(ms)-r	total-r	elapsed	errors	ops(total)	ops/sec(cum)	avg(ms)	p50(ms)	p95(ms)	p99(ms)	pMax(ms)
10	0.0	0.0	1046242.0	34874.3	2.1	2.0	3.3249999999999997	4.862500000000001	15.8625	0.0	0.0	0.0	1046242.0	34874.3	2.1	2.0	3.3249999999999997	4.862500000000001	15.8625
