concurrency	elapsed-w	errors-w	ops(total)-w	ops/sec(cum)-w	avg(ms)-w	p50(ms)-w	p95(ms)-w	p99(ms)-w	pMax(ms)-w	total-w	elapsed	errors	ops(total)	ops/sec(cum)	avg(ms)	p50(ms)	p95(ms)	p99(ms)	pMax(ms)
7	0.0	0.0	57684.0	1922.7000000000003	14.274999999999999	3.225	71.3	77.6	88.1	0.0	0.0	0.0	57684.0	1922.7000000000003	14.274999999999999	3.225	71.3	77.6	88.1
