concurrency	elapsed-r	errors-r	ops(total)-r	ops/sec(cum)-r	avg(ms)-r	p50(ms)-r	p95(ms)-r	p99(ms)-r	pMax(ms)-r	total-r	elapsed-w	errors-w	ops(total)-w	ops/sec(cum)-w	avg(ms)-w	p50(ms)-w	p95(ms)-w	p99(ms)-w	pMax(ms)-w	total-w	elapsed	errors	ops(total)	ops/sec(cum)	avg(ms)	p50(ms)	p95(ms)	p99(ms)	pMax(ms)
39	0.0	0.0	173905.0	5796.7	5.175	5.175000000000001	8.95	12.4375	50.337500000000006	0.0	0.0	0.0	8937.0	298.0	921.7624999999998	1208.0	1275.1000000000001	1275.1000000000001	1291.8750000000002	0.0	0.0	0.0	182842.0	6094.6	50.00000000000001	5.2875	13.174999999999997	1208.0	1291.8750000000002
