concurrency	elapsed-r	errors-r	ops(total)-r	ops/sec(cum)-r	avg(ms)-r	p50(ms)-r	p95(ms)-r	p99(ms)-r	pMax(ms)-r	total-r	elapsed-w	errors-w	ops(total)-w	ops/sec(cum)-w	avg(ms)-w	p50(ms)-w	p95(ms)-w	p99(ms)-w	pMax(ms)-w	total-w	elapsed	errors	ops(total)	ops/sec(cum)	avg(ms)	p50(ms)	p95(ms)	p99(ms)	pMax(ms)
29	0.0	0.0	511549.0	17051.3	2.8333333333333335	1.8666666666666665	7.900000000000001	12.6	33.9	0.0	0.0	0.0	27120.0	904.1	36.00000000000001	3.733333333333333	201.30000000000004	226.5	257.23333333333335	0.0	0.0	0.0	538669.0	17955.2	4.5	2.0	8.4	23.066666666666666	257.23333333333335
