concurrency	elapsed-r	errors-r	ops(total)-r	ops/sec(cum)-r	avg(ms)-r	p50(ms)-r	p95(ms)-r	p99(ms)-r	pMax(ms)-r	total-r	elapsed-w	errors-w	ops(total)-w	ops/sec(cum)-w	avg(ms)-w	p50(ms)-w	p95(ms)-w	p99(ms)-w	pMax(ms)-w	total-w	elapsed	errors	ops(total)	ops/sec(cum)	avg(ms)	p50(ms)	p95(ms)	p99(ms)	pMax(ms)
56	0.0	0.0	2247039.0	49932.399999999994	3.2	1.8	10.0	23.1	113.24000000000001	0.0	0.0	0.0	117933.0	2620.6	6.040000000000001	3.7400000000000007	20.119999999999997	36.1	79.7	0.0	0.0	0.0	2364972.0	52553.200000000004	3.34	1.8399999999999999	10.6	24.1	119.96
