concurrency	elapsed-r	errors-r	ops(total)-r	ops/sec(cum)-r	avg(ms)-r	p50(ms)-r	p95(ms)-r	p99(ms)-r	pMax(ms)-r	total-r	elapsed-w	errors-w	ops(total)-w	ops/sec(cum)-w	avg(ms)-w	p50(ms)-w	p95(ms)-w	p99(ms)-w	pMax(ms)-w	total-w	elapsed	errors	ops(total)	ops/sec(cum)	avg(ms)	p50(ms)	p95(ms)	p99(ms)	pMax(ms)
159	0.0	0.0	2656257.0	88537.6	4.18	2.7600000000000002	13.4	27.5	116.6	0.0	0.0	0.0	139769.0	4658.8	119.92	7.220000000000001	39.4	4429.219999999999	4697.62	0.0	0.0	0.0	2796026.0	93196.3	9.959999999999999	2.8200000000000003	14.580000000000002	31.0	4697.62
