concurrency	elapsed-r	errors-r	ops(total)-r	ops/sec(cum)-r	avg(ms)-r	p50(ms)-r	p95(ms)-r	p99(ms)-r	pMax(ms)-r	total-r	elapsed-w	errors-w	ops(total)-w	ops/sec(cum)-w	avg(ms)-w	p50(ms)-w	p95(ms)-w	p99(ms)-w	pMax(ms)-w	total-w	elapsed	errors	ops(total)	ops/sec(cum)	avg(ms)	p50(ms)	p95(ms)	p99(ms)	pMax(ms)
71	0.0	0.0	1430626.0	47685.600000000006	3.9200000000000004	1.8800000000000001	13.1	23.1	73.4	0.0	0.0	0.0	75538.0	2517.7000000000003	7.6	4.359999999999999	25.2	37.3	68.36	0.0	0.0	0.0	1506164.0	50203.40000000001	4.1	1.98	14.080000000000002	24.1	73.82000000000001
