concurrency	elapsed-r	errors-r	ops(total)-r	ops/sec(cum)-r	avg(ms)-r	p50(ms)-r	p95(ms)-r	p99(ms)-r	pMax(ms)-r	total-r	elapsed-w	errors-w	ops(total)-w	ops/sec(cum)-w	avg(ms)-w	p50(ms)-w	p95(ms)-w	p99(ms)-w	pMax(ms)-w	total-w	elapsed	errors	ops(total)	ops/sec(cum)	avg(ms)	p50(ms)	p95(ms)	p99(ms)	pMax(ms)
112	0.0	0.0	4622560.0	154079.6	3.3200000000000003	2.7800000000000002	7.08	15.439999999999998	119.31999999999998	0.0	0.0	0.0	243388.0	8112.6	9.360000000000001	8.620000000000001	19.020000000000003	25.479999999999997	109.67999999999999	0.0	0.0	0.0	4865948.0	162192.1	3.6	2.8600000000000003	10.06	16.999999999999996	120.99999999999997
