concurrency	elapsed-r	errors-r	ops(total)-r	ops/sec(cum)-r	avg(ms)-r	p50(ms)-r	p95(ms)-r	p99(ms)-r	pMax(ms)-r	total-r	elapsed-w	errors-w	ops(total)-w	ops/sec(cum)-w	avg(ms)-w	p50(ms)-w	p95(ms)-w	p99(ms)-w	pMax(ms)-w	total-w	elapsed	errors	ops(total)	ops/sec(cum)	avg(ms)	p50(ms)	p95(ms)	p99(ms)	pMax(ms)
152	0.0	0.0	2678798.0	89287.4	8.98	7.159999999999999	23.72	36.260000000000005	271.78000000000003	0.0	0.0	0.0	140527.0	4684.000000000001	25.96	23.7	53.25999999999999	70.5	256.67999999999995	0.0	0.0	0.0	2819325.0	93971.3	9.8	7.4	28.479999999999997	43.61999999999999	303.65999999999997
