concurrency	elapsed-r	errors-r	ops(total)-r	ops/sec(cum)-r	avg(ms)-r	p50(ms)-r	p95(ms)-r	p99(ms)-r	pMax(ms)-r	total-r	elapsed-w	errors-w	ops(total)-w	ops/sec(cum)-w	avg(ms)-w	p50(ms)-w	p95(ms)-w	p99(ms)-w	pMax(ms)-w	total-w	elapsed	errors	ops(total)	ops/sec(cum)	avg(ms)	p50(ms)	p95(ms)	p99(ms)	pMax(ms)
23	0.0	0.0	1845932.0	61529.700000000004	2.4625	2.0625	6.025	10.25	48.91249999999999	0.0	0.0	0.0	96905.0	3230.1000000000004	4.625	3.8625	10.6875	19.137500000000003	58.699999999999996	0.0	0.0	0.0	1942837.0	64759.899999999994	2.575	2.125	6.424999999999999	10.8125	73.125
