concurrency	elapsed-r	errors-r	ops(total)-r	ops/sec(cum)-r	avg(ms)-r	p50(ms)-r	p95(ms)-r	p99(ms)-r	pMax(ms)-r	total-r	elapsed-w	errors-w	ops(total)-w	ops/sec(cum)-w	avg(ms)-w	p50(ms)-w	p95(ms)-w	p99(ms)-w	pMax(ms)-w	total-w	elapsed	errors	ops(total)	ops/sec(cum)	avg(ms)	p50(ms)	p95(ms)	p99(ms)	pMax(ms)
39	0.0	0.0	3080342.0	102676.0	2.5125	2.3375000000000004	4.3	7.9875	73.27499999999999	0.0	0.0	0.0	161628.0	5387.499999999999	2.7125	2.4000000000000004	6.137499999999999	9.4875	70.2625	0.0	0.0	0.0	3241970.0	108063.39999999998	2.5125	2.3375000000000004	4.3375	8.125	73.5375
