concurrency	elapsed-w	errors-w	ops(total)-w	ops/sec(cum)-w	avg(ms)-w	p50(ms)-w	p95(ms)-w	p99(ms)-w	pMax(ms)-w	total-w	elapsed	errors	ops(total)	ops/sec(cum)	avg(ms)	p50(ms)	p95(ms)	p99(ms)	pMax(ms)
62	0.0	0.0	4887585.0	162914.4	2.5500000000000003	2.375	4.9375	8.425	197.64999999999998	0.0	0.0	0.0	4887585.0	162914.4	2.5500000000000003	2.375	4.9375	8.425	197.64999999999998
