concurrency	elapsed-w	errors-w	ops(total)-w	ops/sec(cum)-w	avg(ms)-w	p50(ms)-w	p95(ms)-w	p99(ms)-w	pMax(ms)-w	total-w	elapsed	errors	ops(total)	ops/sec(cum)	avg(ms)	p50(ms)	p95(ms)	p99(ms)	pMax(ms)
32	0.0	0.0	4979911.0	165994.8	1.2750000000000001	1.2000000000000002	2.275	3.1625	191.61249999999998	0.0	0.0	0.0	4979911.0	165994.8	1.2750000000000001	1.2000000000000002	2.275	3.1625	191.61249999999998
