concurrency	elapsed-r	errors-r	ops(total)-r	ops/sec(cum)-r	avg(ms)-r	p50(ms)-r	p95(ms)-r	p99(ms)-r	pMax(ms)-r	total-r	elapsed-w	errors-w	ops(total)-w	ops/sec(cum)-w	avg(ms)-w	p50(ms)-w	p95(ms)-w	p99(ms)-w	pMax(ms)-w	total-w	elapsed	errors	ops(total)	ops/sec(cum)	avg(ms)	p50(ms)	p95(ms)	p99(ms)	pMax(ms)
107	0.0	0.0	4520534.0	150669.90000000002	3.1799999999999997	2.7	6.640000000000001	14.819999999999999	92.28000000000002	0.0	0.0	0.0	237907.0	7929.6	8.819999999999999	8.04	18.1	24.919999999999998	56.620000000000005	0.0	0.0	0.0	4758441.0	158599.19999999998	3.44	2.82	9.379999999999999	16.38	92.28000000000002
