concurrency	elapsed-r	errors-r	ops(total)-r	ops/sec(cum)-r	avg(ms)-r	p50(ms)-r	p95(ms)-r	p99(ms)-r	pMax(ms)-r	total-r	elapsed-w	errors-w	ops(total)-w	ops/sec(cum)-w	avg(ms)-w	p50(ms)-w	p95(ms)-w	p99(ms)-w	pMax(ms)-w	total-w	elapsed	errors	ops(total)	ops/sec(cum)	avg(ms)	p50(ms)	p95(ms)	p99(ms)	pMax(ms)
49	0.0	0.0	1251670.0	41720.8	7.8625	6.3875	18.212500000000002	30.425	465.56250000000006	0.0	0.0	0.0	65719.0	2190.7	19.3	12.3875	35.425000000000004	260.04999999999995	507.5125	0.0	0.0	0.0	1317389.0	43911.2	8.412500000000001	6.475	19.400000000000002	33.0625	507.5125
