concurrency	elapsed-r	errors-r	ops(total)-r	ops/sec(cum)-r	avg(ms)-r	p50(ms)-r	p95(ms)-r	p99(ms)-r	pMax(ms)-r	total-r	elapsed-w	errors-w	ops(total)-w	ops/sec(cum)-w	avg(ms)-w	p50(ms)-w	p95(ms)-w	p99(ms)-w	pMax(ms)-w	total-w	elapsed	errors	ops(total)	ops/sec(cum)	avg(ms)	p50(ms)	p95(ms)	p99(ms)	pMax(ms)
128	0.0	0.0	2753746.0	91784.8	6.8	4.720000000000001	19.56	35.61999999999999	516.74	0.0	0.0	0.0	145384.0	4845.9	24.96	18.759999999999998	57.06	88.91999999999999	1315.36	0.0	0.0	0.0	2899130.0	96630.5	7.74	4.92	23.5	47.379999999999995	1325.42
