concurrency	elapsed-r	errors-r	ops(total)-r	ops/sec(cum)-r	avg(ms)-r	p50(ms)-r	p95(ms)-r	p99(ms)-r	pMax(ms)-r	total-r	elapsed-w	errors-w	ops(total)-w	ops/sec(cum)-w	avg(ms)-w	p50(ms)-w	p95(ms)-w	p99(ms)-w	pMax(ms)-w	total-w	elapsed	errors	ops(total)	ops/sec(cum)	avg(ms)	p50(ms)	p95(ms)	p99(ms)	pMax(ms)
120	0.0	0.0	4630662.0	154347.1	3.54	3.04	7.68	16.04	135.92	0.0	0.0	0.0	243471.0	8115.200000000001	9.92	8.999999999999998	19.92	28.0	151.01999999999998	0.0	0.0	0.0	4874133.0	162462.5	3.8600000000000003	3.04	10.860000000000001	17.88	166.11999999999998
