concurrency	elapsed-r	errors-r	ops(total)-r	ops/sec(cum)-r	avg(ms)-r	p50(ms)-r	p95(ms)-r	p99(ms)-r	pMax(ms)-r	total-r	elapsed-w	errors-w	ops(total)-w	ops/sec(cum)-w	avg(ms)-w	p50(ms)-w	p95(ms)-w	p99(ms)-w	pMax(ms)-w	total-w	elapsed	errors	ops(total)	ops/sec(cum)	avg(ms)	p50(ms)	p95(ms)	p99(ms)	pMax(ms)
30	0.0	0.0	1884368.0	62810.9	3.1875000000000004	2.65	7.800000000000001	12.849999999999998	45.05	0.0	0.0	0.0	98660.0	3288.6000000000004	5.812499999999999	5.05	13.412499999999998	20.975	52.925000000000004	0.0	0.0	0.0	1983028.0	66099.2	3.3000000000000003	2.6750000000000003	8.3125	13.624999999999998	52.925000000000004
