concurrency	elapsed-r	errors-r	ops(total)-r	ops/sec(cum)-r	avg(ms)-r	p50(ms)-r	p95(ms)-r	p99(ms)-r	pMax(ms)-r	total-r	elapsed-w	errors-w	ops(total)-w	ops/sec(cum)-w	avg(ms)-w	p50(ms)-w	p95(ms)-w	p99(ms)-w	pMax(ms)-w	total-w	elapsed	errors	ops(total)	ops/sec(cum)	avg(ms)	p50(ms)	p95(ms)	p99(ms)	pMax(ms)
31	0.0	0.0	1170561.0	39017.899999999994	6.637499999999999	4.2625	17.525	32.075	57.275	0.0	0.0	0.0	61886.0	2062.7999999999997	6.825	4.3875	17.612499999999997	32.800000000000004	52.2875	0.0	0.0	0.0	1232447.0	41080.6	6.6625	4.2625	17.525	32.075	59.1125
