concurrency	elapsed-w	errors-w	ops(total)-w	ops/sec(cum)-w	avg(ms)-w	p50(ms)-w	p95(ms)-w	p99(ms)-w	pMax(ms)-w	total-w	elapsed	errors	ops(total)	ops/sec(cum)	avg(ms)	p50(ms)	p95(ms)	p99(ms)	pMax(ms)
65	0.0	0.0	753256.0	25107.4	20.137500000000003	17.575	47.675000000000004	65.78750000000001	197.1375	0.0	0.0	0.0	753256.0	25107.4	20.137500000000003	17.575	47.675000000000004	65.78750000000001	197.1375
