concurrency	elapsed-w	errors-w	ops(total)-w	ops/sec(cum)-w	avg(ms)-w	p50(ms)-w	p95(ms)-w	p99(ms)-w	pMax(ms)-w	total-w	elapsed	errors	ops(total)	ops/sec(cum)	avg(ms)	p50(ms)	p95(ms)	p99(ms)	pMax(ms)
37	0.0	0.0	3892746.0	129755.70000000001	2.075	1.3875	6.0	7.749999999999999	24.3875	0.0	0.0	0.0	3892746.0	129755.70000000001	2.075	1.3875	6.0	7.749999999999999	24.3875
