concurrency	elapsed-r	errors-r	ops(total)-r	ops/sec(cum)-r	avg(ms)-r	p50(ms)-r	p95(ms)-r	p99(ms)-r	pMax(ms)-r	total-r	elapsed-w	errors-w	ops(total)-w	ops/sec(cum)-w	avg(ms)-w	p50(ms)-w	p95(ms)-w	p99(ms)-w	pMax(ms)-w	total-w	elapsed	errors	ops(total)	ops/sec(cum)	avg(ms)	p50(ms)	p95(ms)	p99(ms)	pMax(ms)
38	0.0	0.0	1697409.0	56578.8	4.6	3.8499999999999996	10.85	17.1625	57.125	0.0	0.0	0.0	88937.0	2964.7	7.0625	4.625	19.287499999999998	27.675	53.975	0.0	0.0	0.0	1786346.0	59543.200000000004	4.7125	3.8499999999999996	11.424999999999999	18.55	60.800000000000004
