concurrency	elapsed-w	errors-w	ops(total)-w	ops/sec(cum)-w	avg(ms)-w	p50(ms)-w	p95(ms)-w	p99(ms)-w	pMax(ms)-w	total-w	elapsed	errors	ops(total)	ops/sec(cum)	avg(ms)	p50(ms)	p95(ms)	p99(ms)	pMax(ms)
32	0.0	0.0	4557813.0	151924.69999999998	1.4999999999999998	1.0	3.925	5.449999999999999	44.49999999999999	0.0	0.0	0.0	4557813.0	151924.69999999998	1.4999999999999998	1.0	3.925	5.449999999999999	44.49999999999999
