concurrency	elapsed-w	errors-w	ops(total)-w	ops/sec(cum)-w	avg(ms)-w	p50(ms)-w	p95(ms)-w	p99(ms)-w	pMax(ms)-w	total-w	elapsed	errors	ops(total)	ops/sec(cum)	avg(ms)	p50(ms)	p95(ms)	p99(ms)	pMax(ms)
43	0.0	0.0	710847.0	23694.1	14.112499999999999	9.887500000000001	37.725	52.925000000000004	236.975	0.0	0.0	0.0	710847.0	23694.1	14.112499999999999	9.887500000000001	37.725	52.925000000000004	236.975
