concurrency	elapsed-r	errors-r	ops(total)-r	ops/sec(cum)-r	avg(ms)-r	p50(ms)-r	p95(ms)-r	p99(ms)-r	pMax(ms)-r	total-r	elapsed-w	errors-w	ops(total)-w	ops/sec(cum)-w	avg(ms)-w	p50(ms)-w	p95(ms)-w	p99(ms)-w	pMax(ms)-w	total-w	elapsed	errors	ops(total)	ops/sec(cum)	avg(ms)	p50(ms)	p95(ms)	p99(ms)	pMax(ms)
12	0.0	0.0	804582.0	26819.1	1.52	1.3199999999999998	2.02	9.0	49.480000000000004	0.0	0.0	0.0	42285.0	1409.5	2.7800000000000002	2.4	4.88	18.46	37.32000000000001	0.0	0.0	0.0	846867.0	28228.6	1.6	1.4	2.6	9.879999999999999	49.88000000000001
