concurrency	elapsed-w	errors-w	ops(total)-w	ops/sec(cum)-w	avg(ms)-w	p50(ms)-w	p95(ms)-w	p99(ms)-w	pMax(ms)-w	total-w	elapsed	errors	ops(total)	ops/sec(cum)	avg(ms)	p50(ms)	p95(ms)	p99(ms)	pMax(ms)
24	0.0	0.0	725440.0	24180.800000000003	7.612500000000001	6.6375	17.1	23.849999999999998	83.88749999999999	0.0	0.0	0.0	725440.0	24180.800000000003	7.612500000000001	6.6375	17.1	23.849999999999998	83.88749999999999
