concurrency	elapsed-r	errors-r	ops(total)-r	ops/sec(cum)-r	avg(ms)-r	p50(ms)-r	p95(ms)-r	p99(ms)-r	pMax(ms)-r	total-r	elapsed-w	errors-w	ops(total)-w	ops/sec(cum)-w	avg(ms)-w	p50(ms)-w	p95(ms)-w	p99(ms)-w	pMax(ms)-w	total-w	elapsed	errors	ops(total)	ops/sec(cum)	avg(ms)	p50(ms)	p95(ms)	p99(ms)	pMax(ms)
64	0.0	0.0	4163612.0	138782.7	2.1799999999999997	1.8800000000000001	3.9799999999999995	11.42	45.06	0.0	0.0	0.0	219388.0	7312.799999999999	4.279999999999999	3.8200000000000003	9.16	15.12	40.019999999999996	0.0	0.0	0.0	4383000.0	146095.4	2.2800000000000002	1.92	4.7	11.48	46.32000000000001
