concurrency	elapsed-r	errors-r	ops(total)-r	ops/sec(cum)-r	avg(ms)-r	p50(ms)-r	p95(ms)-r	p99(ms)-r	pMax(ms)-r	total-r	elapsed	errors	ops(total)	ops/sec(cum)	avg(ms)	p50(ms)	p95(ms)	p99(ms)	pMax(ms)
19	0.0	0.0	986748.0	32891.0	4.4375	4.175	8.3875	11.349999999999998	32.1375	0.0	0.0	0.0	986748.0	32891.0	4.4375	4.175	8.3875	11.349999999999998	32.1375
