concurrency	elapsed-r	errors-r	ops(total)-r	ops/sec(cum)-r	avg(ms)-r	p50(ms)-r	p95(ms)-r	p99(ms)-r	pMax(ms)-r	total-r	elapsed-w	errors-w	ops(total)-w	ops/sec(cum)-w	avg(ms)-w	p50(ms)-w	p95(ms)-w	p99(ms)-w	pMax(ms)-w	total-w	elapsed	errors	ops(total)	ops/sec(cum)	avg(ms)	p50(ms)	p95(ms)	p99(ms)	pMax(ms)
128	0.0	0.0	4602290.0	153401.9	3.96	3.28	8.86	17.3	154.98000000000002	0.0	0.0	0.0	243266.0	8108.5	10.459999999999999	9.62	21.580000000000005	28.72	122.48000000000002	0.0	0.0	0.0	4845556.0	161510.30000000002	4.299999999999999	3.44	11.78	19.3	154.98000000000002
