concurrency	elapsed-w	errors-w	ops(total)-w	ops/sec(cum)-w	avg(ms)-w	p50(ms)-w	p95(ms)-w	p99(ms)-w	pMax(ms)-w	total-w	elapsed	errors	ops(total)	ops/sec(cum)	avg(ms)	p50(ms)	p95(ms)	p99(ms)	pMax(ms)
55	0.0	0.0	3712531.0	123747.99999999999	3.2249999999999996	3.1499999999999995	5.374999999999999	9.7375	23.724999999999998	0.0	0.0	0.0	3712531.0	123747.99999999999	3.2249999999999996	3.1499999999999995	5.374999999999999	9.7375	23.724999999999998
