concurrency	elapsed-r	errors-r	ops(total)-r	ops/sec(cum)-r	avg(ms)-r	p50(ms)-r	p95(ms)-r	p99(ms)-r	pMax(ms)-r	total-r	elapsed-w	errors-w	ops(total)-w	ops/sec(cum)-w	avg(ms)-w	p50(ms)-w	p95(ms)-w	p99(ms)-w	pMax(ms)-w	total-w	elapsed	errors	ops(total)	ops/sec(cum)	avg(ms)	p50(ms)	p95(ms)	p99(ms)	pMax(ms)
88	0.0	0.0	2637373.0	87908.90000000001	5.62	4.5	15.419999999999998	24.160000000000004	99.4	0.0	0.0	0.0	138491.0	4616.1	14.959999999999997	13.219999999999999	32.260000000000005	42.160000000000004	93.96	0.0	0.0	0.0	2775864.0	92525.2	6.039999999999999	4.62	17.86	26.820000000000004	103.17999999999999
