concurrency	elapsed-r	errors-r	ops(total)-r	ops/sec(cum)-r	avg(ms)-r	p50(ms)-r	p95(ms)-r	p99(ms)-r	pMax(ms)-r	total-r	elapsed-w	errors-w	ops(total)-w	ops/sec(cum)-w	avg(ms)-w	p50(ms)-w	p95(ms)-w	p99(ms)-w	pMax(ms)-w	total-w	elapsed	errors	ops(total)	ops/sec(cum)	avg(ms)	p50(ms)	p95(ms)	p99(ms)	pMax(ms)
43	0.0	0.0	4312714.0	143753.80000000002	2.0	1.5875000000000001	4.7	7.424999999999999	190.9625	0.0	0.0	0.0	227121.0	7570.400000000001	2.0374999999999996	1.6	4.8	7.8625	68.02499999999999	0.0	0.0	0.0	4539835.0	151324.1	2.0	1.5875000000000001	4.7	7.424999999999999	190.9625
