concurrency	elapsed-r	errors-r	ops(total)-r	ops/sec(cum)-r	avg(ms)-r	p50(ms)-r	p95(ms)-r	p99(ms)-r	pMax(ms)-r	total-r	elapsed-w	errors-w	ops(total)-w	ops/sec(cum)-w	avg(ms)-w	p50(ms)-w	p95(ms)-w	p99(ms)-w	pMax(ms)-w	total-w	elapsed	errors	ops(total)	ops/sec(cum)	avg(ms)	p50(ms)	p95(ms)	p99(ms)	pMax(ms)
50	0.0	0.0	1712073.0	57067.200000000004	5.9624999999999995	4.9125000000000005	14.0875	22.174999999999997	191.8625	0.0	0.0	0.0	90185.0	3006.3	9.55	6.112499999999999	25.975	36.9375	113.5	0.0	0.0	0.0	1802258.0	60073.4	6.1625000000000005	4.95	15.075	24.15	193.9625
