concurrency	elapsed-r	errors-r	ops(total)-r	ops/sec(cum)-r	avg(ms)-r	p50(ms)-r	p95(ms)-r	p99(ms)-r	pMax(ms)-r	total-r	elapsed-w	errors-w	ops(total)-w	ops/sec(cum)-w	avg(ms)-w	p50(ms)-w	p95(ms)-w	p99(ms)-w	pMax(ms)-w	total-w	elapsed	errors	ops(total)	ops/sec(cum)	avg(ms)	p50(ms)	p95(ms)	p99(ms)	pMax(ms)
39	0.0	0.0	1046977.0	34898.2	17.5	16.3625	32.875	33.324999999999996	92.5375	0.0	0.0	0.0	55323.0	1844.0	20.8125	16.375	40.31249999999999	74.8625	141.02499999999998	0.0	0.0	0.0	1102300.0	36742.1	17.650000000000002	16.3625	32.875	33.324999999999996	144.17499999999998
