concurrency	elapsed-r	errors-r	ops(total)-r	ops/sec(cum)-r	avg(ms)-r	p50(ms)-r	p95(ms)-r	p99(ms)-r	pMax(ms)-r	total-r	elapsed-w	errors-w	ops(total)-w	ops/sec(cum)-w	avg(ms)-w	p50(ms)-w	p95(ms)-w	p99(ms)-w	pMax(ms)-w	total-w	elapsed	errors	ops(total)	ops/sec(cum)	avg(ms)	p50(ms)	p95(ms)	p99(ms)	pMax(ms)
30	0.0	0.0	2880426.0	96012.6	2.1875000000000004	1.9375	4.4	6.6625	23.725	0.0	0.0	0.0	152170.0	5072.4	2.1125000000000003	1.9124999999999999	4.1625	6.5874999999999995	16.3875	0.0	0.0	0.0	3032596.0	101085.0	2.1750000000000003	1.9375	4.4	6.6625	23.725
