concurrency	elapsed-r	errors-r	ops(total)-r	ops/sec(cum)-r	avg(ms)-r	p50(ms)-r	p95(ms)-r	p99(ms)-r	pMax(ms)-r	total-r	elapsed-w	errors-w	ops(total)-w	ops/sec(cum)-w	avg(ms)-w	p50(ms)-w	p95(ms)-w	p99(ms)-w	pMax(ms)-w	total-w	elapsed	errors	ops(total)	ops/sec(cum)	avg(ms)	p50(ms)	p95(ms)	p99(ms)	pMax(ms)
105	0.0	0.0	621928.0	20729.2	11.733333333333334	6.8	39.8	109.09999999999998	313.1666666666667	0.0	0.0	0.0	32601.0	1086.7	20.46666666666667	15.199999999999998	53.1	118.8	268.4666666666667	0.0	0.0	0.0	654529.0	21815.9	12.166666666666666	7.099999999999999	39.8	110.46666666666665	313.1666666666667
