concurrency	elapsed-r	errors-r	ops(total)-r	ops/sec(cum)-r	avg(ms)-r	p50(ms)-r	p95(ms)-r	p99(ms)-r	pMax(ms)-r	total-r	elapsed	errors	ops(total)	ops/sec(cum)	avg(ms)	p50(ms)	p95(ms)	p99(ms)	pMax(ms)
48	0.0	0.0	1440764.0	48023.8	7.4625	6.699999999999999	16.55	24.5125	185.5625	0.0	0.0	0.0	1440764.0	48023.8	7.4625	6.699999999999999	16.55	24.5125	185.5625
