concurrency	elapsed-w	errors-w	ops(total)-w	ops/sec(cum)-w	avg(ms)-w	p50(ms)-w	p95(ms)-w	p99(ms)-w	pMax(ms)-w	total-w	elapsed	errors	ops(total)	ops/sec(cum)	avg(ms)	p50(ms)	p95(ms)	p99(ms)	pMax(ms)
44	0.0	0.0	3479915.0	115994.9	2.8249999999999997	2.7125	5.824999999999999	8.575	27.0125	0.0	0.0	0.0	3479915.0	115994.9	2.8249999999999997	2.7125	5.824999999999999	8.575	27.0125
