concurrency	elapsed-r	errors-r	ops(total)-r	ops/sec(cum)-r	avg(ms)-r	p50(ms)-r	p95(ms)-r	p99(ms)-r	pMax(ms)-r	total-r	elapsed-w	errors-w	ops(total)-w	ops/sec(cum)-w	avg(ms)-w	p50(ms)-w	p95(ms)-w	p99(ms)-w	pMax(ms)-w	total-w	elapsed	errors	ops(total)	ops/sec(cum)	avg(ms)	p50(ms)	p95(ms)	p99(ms)	pMax(ms)
7	0.0	0.0	630819.0	21027.0	2.25	2.0749999999999997	3.6374999999999997	5.25	20.4375	0.0	0.0	0.0	32700.0	1090.0	4.362500000000001	4.25	6.587499999999999	9.2625	17.5125	0.0	0.0	0.0	663519.0	22117.1	2.3499999999999996	2.1	4.25	6.0249999999999995	21.1
