concurrency	elapsed-r	errors-r	ops(total)-r	ops/sec(cum)-r	avg(ms)-r	p50(ms)-r	p95(ms)-r	p99(ms)-r	pMax(ms)-r	total-r	elapsed-w	errors-w	ops(total)-w	ops/sec(cum)-w	avg(ms)-w	p50(ms)-w	p95(ms)-w	p99(ms)-w	pMax(ms)-w	total-w	elapsed	errors	ops(total)	ops/sec(cum)	avg(ms)	p50(ms)	p95(ms)	p99(ms)	pMax(ms)
55	0.0	0.0	876394.0	29212.1	4.5	2.966666666666667	14.699999999999998	27.3	72.7	0.0	0.0	0.0	46291.0	1543.0	2.4	1.2	4.133333333333334	15.200000000000001	659.9	0.0	0.0	0.0	922685.0	30755.1	4.4	2.8666666666666667	14.199999999999998	27.3	659.9
