concurrency	elapsed-r	errors-r	ops(total)-r	ops/sec(cum)-r	avg(ms)-r	p50(ms)-r	p95(ms)-r	p99(ms)-r	pMax(ms)-r	total-r	elapsed-w	errors-w	ops(total)-w	ops/sec(cum)-w	avg(ms)-w	p50(ms)-w	p95(ms)-w	p99(ms)-w	pMax(ms)-w	total-w	elapsed	errors	ops(total)	ops/sec(cum)	avg(ms)	p50(ms)	p95(ms)	p99(ms)	pMax(ms)
13	0.0	0.0	1389590.0	46318.899999999994	1.65	1.2249999999999999	4.375	6.6375	53.587500000000006	0.0	0.0	0.0	73329.0	2444.2999999999997	7.824999999999999	2.1999999999999997	52.4	74.975	104.375	0.0	0.0	0.0	1462919.0	48763.200000000004	1.9625	1.2499999999999998	4.5625	8.674999999999999	104.375
