concurrency	elapsed-w	errors-w	ops(total)-w	ops/sec(cum)-w	avg(ms)-w	p50(ms)-w	p95(ms)-w	p99(ms)-w	pMax(ms)-w	total-w	elapsed	errors	ops(total)	ops/sec(cum)	avg(ms)	p50(ms)	p95(ms)	p99(ms)	pMax(ms)
17	0.0	0.0	3617822.0	120592.79999999999	0.9375000000000001	0.925	1.3	2.375	24.6375	0.0	0.0	0.0	3617822.0	120592.79999999999	0.9375000000000001	0.925	1.3	2.375	24.6375
