concurrency	elapsed-r	errors-r	ops(total)-r	ops/sec(cum)-r	avg(ms)-r	p50(ms)-r	p95(ms)-r	p99(ms)-r	pMax(ms)-r	total-r	elapsed-w	errors-w	ops(total)-w	ops/sec(cum)-w	avg(ms)-w	p50(ms)-w	p95(ms)-w	p99(ms)-w	pMax(ms)-w	total-w	elapsed	errors	ops(total)	ops/sec(cum)	avg(ms)	p50(ms)	p95(ms)	p99(ms)	pMax(ms)
150	0.0	0.0	2594554.0	86477.9	6.5	5.1000000000000005	17.8	28.26666666666667	274.0333333333333	0.0	0.0	0.0	136207.0	4539.9	12.933333333333332	11.0	29.599999999999998	41.4	144.0	0.0	0.0	0.0	2730761.0	91017.7	6.866666666666667	5.3	18.566666666666666	29.666666666666668	288.0
