concurrency	elapsed-r	errors-r	ops(total)-r	ops/sec(cum)-r	avg(ms)-r	p50(ms)-r	p95(ms)-r	p99(ms)-r	pMax(ms)-r	total-r	elapsed	errors	ops(total)	ops/sec(cum)	avg(ms)	p50(ms)	p95(ms)	p99(ms)	pMax(ms)
40	0.0	0.0	1299693.0	43321.700000000004	7.3125	6.387499999999999	15.575	24.0	54.5	0.0	0.0	0.0	1299693.0	43321.700000000004	7.3125	6.387499999999999	15.575	24.0	54.5
