concurrency	elapsed-r	errors-r	ops(total)-r	ops/sec(cum)-r	avg(ms)-r	p50(ms)-r	p95(ms)-r	p99(ms)-r	pMax(ms)-r	total-r	elapsed	errors	ops(total)	ops/sec(cum)	avg(ms)	p50(ms)	p95(ms)	p99(ms)	pMax(ms)
17	0.0	0.0	1379194.0	45972.5	2.7750000000000004	2.6125	4.9875	7.949999999999999	20.325	0.0	0.0	0.0	1379194.0	45972.5	2.7750000000000004	2.6125	4.9875	7.949999999999999	20.325
