concurrency	elapsed-r	errors-r	ops(total)-r	ops/sec(cum)-r	avg(ms)-r	p50(ms)-r	p95(ms)-r	p99(ms)-r	pMax(ms)-r	total-r	elapsed-w	errors-w	ops(total)-w	ops/sec(cum)-w	avg(ms)-w	p50(ms)-w	p95(ms)-w	p99(ms)-w	pMax(ms)-w	total-w	elapsed	errors	ops(total)	ops/sec(cum)	avg(ms)	p50(ms)	p95(ms)	p99(ms)	pMax(ms)
79	0.0	0.0	9408.0	156.7	3.825	1.9749999999999999	13.649999999999999	24.650000000000002	44.55	0.0	0.0	0.0	213.0	3.5	9.1	5.25	29.125	35.125	36.7	0.0	0.0	0.0	9621.0	160.29999999999998	3.9000000000000004	2.0	14.149999999999999	25.7	45.05
