concurrency	elapsed-w	errors-w	ops(total)-w	ops/sec(cum)-w	avg(ms)-w	p50(ms)-w	p95(ms)-w	p99(ms)-w	pMax(ms)-w	total-w	elapsed	errors	ops(total)	ops/sec(cum)	avg(ms)	p50(ms)	p95(ms)	p99(ms)	pMax(ms)
56	0.0	0.0	4196573.0	139882.0	2.9	1.6500000000000001	8.525	13.874999999999998	177.46249999999998	0.0	0.0	0.0	4196573.0	139882.0	2.9	1.6500000000000001	8.525	13.874999999999998	177.46249999999998
