concurrency	elapsed-r	errors-r	ops(total)-r	ops/sec(cum)-r	avg(ms)-r	p50(ms)-r	p95(ms)-r	p99(ms)-r	pMax(ms)-r	total-r	elapsed-w	errors-w	ops(total)-w	ops/sec(cum)-w	avg(ms)-w	p50(ms)-w	p95(ms)-w	p99(ms)-w	pMax(ms)-w	total-w	elapsed	errors	ops(total)	ops/sec(cum)	avg(ms)	p50(ms)	p95(ms)	p99(ms)	pMax(ms)
72	0.0	0.0	769214.0	25639.300000000003	6.400000000000001	5.066666666666666	15.699999999999998	30.399999999999995	192.9333333333333	0.0	0.0	0.0	40393.0	1346.4	16.3	14.366666666666665	37.03333333333334	48.20000000000001	132.83333333333334	0.0	0.0	0.0	809607.0	26985.6	6.900000000000001	5.2	19.9	32.5	192.9333333333333
