concurrency	elapsed-r	errors-r	ops(total)-r	ops/sec(cum)-r	avg(ms)-r	p50(ms)-r	p95(ms)-r	p99(ms)-r	pMax(ms)-r	total-r	elapsed-w	errors-w	ops(total)-w	ops/sec(cum)-w	avg(ms)-w	p50(ms)-w	p95(ms)-w	p99(ms)-w	pMax(ms)-w	total-w	elapsed	errors	ops(total)	ops/sec(cum)	avg(ms)	p50(ms)	p95(ms)	p99(ms)	pMax(ms)
18	0.0	0.0	646991.0	21565.899999999998	3.9000000000000004	2.325	6.6	64.21249999999999	169.875	0.0	0.0	0.0	33975.0	1132.6000000000001	48.4875	47.675	65.0	110.1125	211.81250000000003	0.0	0.0	0.0	680966.0	22698.100000000002	6.137499999999999	2.375	43.475	70.775	211.81250000000003
