concurrency	elapsed-r	errors-r	ops(total)-r	ops/sec(cum)-r	avg(ms)-r	p50(ms)-r	p95(ms)-r	p99(ms)-r	pMax(ms)-r	total-r	elapsed-w	errors-w	ops(total)-w	ops/sec(cum)-w	avg(ms)-w	p50(ms)-w	p95(ms)-w	p99(ms)-w	pMax(ms)-w	total-w	elapsed	errors	ops(total)	ops/sec(cum)	avg(ms)	p50(ms)	p95(ms)	p99(ms)	pMax(ms)
9	0.0	0.0	667405.0	22246.600000000002	2.65	2.4	5.0	6.975	32.2625	0.0	0.0	0.0	35295.0	1176.5	6.9625	6.5874999999999995	11.825	15.275	25.575000000000003	0.0	0.0	0.0	702700.0	23423.0	2.8499999999999996	2.45	6.0249999999999995	9.725000000000001	32.2625
