concurrency	elapsed-w	errors-w	ops(total)-w	ops/sec(cum)-w	avg(ms)-w	p50(ms)-w	p95(ms)-w	p99(ms)-w	pMax(ms)-w	total-w	elapsed	errors	ops(total)	ops/sec(cum)	avg(ms)	p50(ms)	p95(ms)	p99(ms)	pMax(ms)
40	0.0	0.0	687567.0	22918.300000000003	13.562500000000002	8.299999999999999	37.449999999999996	50.037499999999994	160.95000000000002	0.0	0.0	0.0	687567.0	22918.300000000003	13.562500000000002	8.299999999999999	37.449999999999996	50.037499999999994	160.95000000000002
