concurrency	elapsed-w	errors-w	ops(total)-w	ops/sec(cum)-w	avg(ms)-w	p50(ms)-w	p95(ms)-w	p99(ms)-w	pMax(ms)-w	total-w	elapsed	errors	ops(total)	ops/sec(cum)	avg(ms)	p50(ms)	p95(ms)	p99(ms)	pMax(ms)
16	0.0	0.0	37637.0	1254.6	50.550000000000004	3.8000000000000003	201.3	209.7	224.4	0.0	0.0	0.0	37637.0	1254.6	50.550000000000004	3.8000000000000003	201.3	209.7	224.4
