concurrency	elapsed-r	errors-r	ops(total)-r	ops/sec(cum)-r	avg(ms)-r	p50(ms)-r	p95(ms)-r	p99(ms)-r	pMax(ms)-r	total-r	elapsed-w	errors-w	ops(total)-w	ops/sec(cum)-w	avg(ms)-w	p50(ms)-w	p95(ms)-w	p99(ms)-w	pMax(ms)-w	total-w	elapsed	errors	ops(total)	ops/sec(cum)	avg(ms)	p50(ms)	p95(ms)	p99(ms)	pMax(ms)
15	0.0	0.0	161038.0	5367.9	4.8125	4.75	8.4125	10.475000000000001	19.400000000000002	0.0	0.0	0.0	8354.0	278.40000000000003	331.525	385.90000000000003	436.19999999999993	453.0	482.32500000000005	0.0	0.0	0.0	169392.0	5646.299999999999	20.9375	4.8875	11.475000000000001	402.69999999999993	482.32500000000005
