concurrency	elapsed-w	errors-w	ops(total)-w	ops/sec(cum)-w	avg(ms)-w	p50(ms)-w	p95(ms)-w	p99(ms)-w	pMax(ms)-w	total-w	elapsed	errors	ops(total)	ops/sec(cum)	avg(ms)	p50(ms)	p95(ms)	p99(ms)	pMax(ms)
59	0.0	0.0	3366270.0	112206.0	3.8875	3.675	6.9750000000000005	11.125	32.412499999999994	0.0	0.0	0.0	3366270.0	112206.0	3.8875	3.675	6.9750000000000005	11.125	32.412499999999994
