concurrency	elapsed-r	errors-r	ops(total)-r	ops/sec(cum)-r	avg(ms)-r	p50(ms)-r	p95(ms)-r	p99(ms)-r	pMax(ms)-r	total-r	elapsed-w	errors-w	ops(total)-w	ops/sec(cum)-w	avg(ms)-w	p50(ms)-w	p95(ms)-w	p99(ms)-w	pMax(ms)-w	total-w	elapsed	errors	ops(total)	ops/sec(cum)	avg(ms)	p50(ms)	p95(ms)	p99(ms)	pMax(ms)
31	0.0	0.0	4394738.0	146488.7	1.375	1.1875000000000002	2.675	4.3999999999999995	213.89999999999998	0.0	0.0	0.0	231313.0	7710.300000000001	1.4124999999999999	1.2000000000000002	2.8	5.0	148.6125	0.0	0.0	0.0	4626051.0	154199.10000000003	1.375	1.1875000000000002	2.675	4.4875	213.89999999999998
