concurrency	elapsed-r	errors-r	ops(total)-r	ops/sec(cum)-r	avg(ms)-r	p50(ms)-r	p95(ms)-r	p99(ms)-r	pMax(ms)-r	total-r	elapsed-w	errors-w	ops(total)-w	ops/sec(cum)-w	avg(ms)-w	p50(ms)-w	p95(ms)-w	p99(ms)-w	pMax(ms)-w	total-w	elapsed	errors	ops(total)	ops/sec(cum)	avg(ms)	p50(ms)	p95(ms)	p99(ms)	pMax(ms)
32	0.0	0.0	1927405.0	64245.200000000004	3.2750000000000004	2.9124999999999996	7.3625	12.412499999999998	36.824999999999996	0.0	0.0	0.0	101822.0	3393.8999999999996	5.95	5.612500000000001	12.849999999999998	18.4875	38.525000000000006	0.0	0.0	0.0	2029227.0	67639.20000000001	3.4	2.9875	7.9625	12.974999999999998	40.612500000000004
