concurrency	elapsed-r	errors-r	ops(total)-r	ops/sec(cum)-r	avg(ms)-r	p50(ms)-r	p95(ms)-r	p99(ms)-r	pMax(ms)-r	total-r	elapsed-w	errors-w	ops(total)-w	ops/sec(cum)-w	avg(ms)-w	p50(ms)-w	p95(ms)-w	p99(ms)-w	pMax(ms)-w	total-w	elapsed	errors	ops(total)	ops/sec(cum)	avg(ms)	p50(ms)	p95(ms)	p99(ms)	pMax(ms)
8	0.0	0.0	793283.0	26442.3	1.7750000000000001	1.35	3.6999999999999997	4.95	58.43750000000001	0.0	0.0	0.0	41699.0	1390.0	8.9	2.4	34.125	45.837500000000006	58.175000000000004	0.0	0.0	0.0	834982.0	27832.3	2.125	1.3625	3.9874999999999994	19.525000000000002	59.22500000000001
