concurrency	elapsed-r	errors-r	ops(total)-r	ops/sec(cum)-r	avg(ms)-r	p50(ms)-r	p95(ms)-r	p99(ms)-r	pMax(ms)-r	total-r	elapsed-w	errors-w	ops(total)-w	ops/sec(cum)-w	avg(ms)-w	p50(ms)-w	p95(ms)-w	p99(ms)-w	pMax(ms)-w	total-w	elapsed	errors	ops(total)	ops/sec(cum)	avg(ms)	p50(ms)	p95(ms)	p99(ms)	pMax(ms)
48	0.0	0.0	26383.0	439.8	3.0500000000000003	1.775	8.325000000000001	27.025000000000002	102.775	0.0	0.0	0.0	1242.0	20.7	12.6	8.125	37.725	54.5	93.32499999999999	0.0	0.0	0.0	27625.0	460.4	3.4499999999999997	1.775	11.275	34.650000000000006	105.9
