concurrency	elapsed-r	errors-r	ops(total)-r	ops/sec(cum)-r	avg(ms)-r	p50(ms)-r	p95(ms)-r	p99(ms)-r	pMax(ms)-r	total-r	elapsed	errors	ops(total)	ops/sec(cum)	avg(ms)	p50(ms)	p95(ms)	p99(ms)	pMax(ms)
14	0.0	0.0	1367337.0	45577.299999999996	2.275	2.1625	3.8375	6.3999999999999995	17.400000000000002	0.0	0.0	0.0	1367337.0	45577.299999999996	2.275	2.1625	3.8375	6.3999999999999995	17.400000000000002
