concurrency	elapsed-r	errors-r	ops(total)-r	ops/sec(cum)-r	avg(ms)-r	p50(ms)-r	p95(ms)-r	p99(ms)-r	pMax(ms)-r	total-r	elapsed-w	errors-w	ops(total)-w	ops/sec(cum)-w	avg(ms)-w	p50(ms)-w	p95(ms)-w	p99(ms)-w	pMax(ms)-w	total-w	elapsed	errors	ops(total)	ops/sec(cum)	avg(ms)	p50(ms)	p95(ms)	p99(ms)	pMax(ms)
50	0.0	0.0	3243786.0	108123.09999999999	3.225	3.075	5.6	9.7125	97.13749999999999	0.0	0.0	0.0	170931.0	5697.6	3.1999999999999997	3.075	5.5249999999999995	9.7125	19.875	0.0	0.0	0.0	3414717.0	113820.8	3.225	3.075	5.6	9.775	97.13749999999999
