concurrency	elapsed-r	errors-r	ops(total)-r	ops/sec(cum)-r	avg(ms)-r	p50(ms)-r	p95(ms)-r	p99(ms)-r	pMax(ms)-r	total-r	elapsed-w	errors-w	ops(total)-w	ops/sec(cum)-w	avg(ms)-w	p50(ms)-w	p95(ms)-w	p99(ms)-w	pMax(ms)-w	total-w	elapsed	errors	ops(total)	ops/sec(cum)	avg(ms)	p50(ms)	p95(ms)	p99(ms)	pMax(ms)
144	0.0	0.0	4668523.0	155605.6	4.3	3.5799999999999996	10.16	18.259999999999998	190.18	0.0	0.0	0.0	245271.0	8175.099999999999	12.559999999999999	11.620000000000001	24.619999999999997	33.22	167.56	0.0	0.0	0.0	4913794.0	163780.7	4.74	3.7199999999999998	13.0	22.259999999999998	197.74
