concurrency	elapsed-r	errors-r	ops(total)-r	ops/sec(cum)-r	avg(ms)-r	p50(ms)-r	p95(ms)-r	p99(ms)-r	pMax(ms)-r	total-r	elapsed-w	errors-w	ops(total)-w	ops/sec(cum)-w	avg(ms)-w	p50(ms)-w	p95(ms)-w	p99(ms)-w	pMax(ms)-w	total-w	elapsed	errors	ops(total)	ops/sec(cum)	avg(ms)	p50(ms)	p95(ms)	p99(ms)	pMax(ms)
48	0.0	0.0	1942786.0	64757.600000000006	4.925	4.2875	11.799999999999999	18.762500000000003	60.275	0.0	0.0	0.0	102372.0	3412.4	9.0	8.3375	20.3125	28.475	59.4875	0.0	0.0	0.0	2045158.0	68170.0	5.125	4.4	12.474999999999998	19.775000000000002	63.425
