concurrency	elapsed-r	errors-r	ops(total)-r	ops/sec(cum)-r	avg(ms)-r	p50(ms)-r	p95(ms)-r	p99(ms)-r	pMax(ms)-r	total-r	elapsed-w	errors-w	ops(total)-w	ops/sec(cum)-w	avg(ms)-w	p50(ms)-w	p95(ms)-w	p99(ms)-w	pMax(ms)-w	total-w	elapsed	errors	ops(total)	ops/sec(cum)	avg(ms)	p50(ms)	p95(ms)	p99(ms)	pMax(ms)
28	0.0	0.0	661427.0	22047.199999999997	2.5	1.7333333333333334	6.599999999999999	10.5	37.7	0.0	0.0	0.0	34618.0	1153.9	19.233333333333334	3.0	104.90000000000002	121.59999999999998	153.79999999999998	0.0	0.0	0.0	696045.0	23201.0	3.2999999999999994	1.8	6.8	19.23333333333333	153.79999999999998
