concurrency	elapsed-r	errors-r	ops(total)-r	ops/sec(cum)-r	avg(ms)-r	p50(ms)-r	p95(ms)-r	p99(ms)-r	pMax(ms)-r	total-r	elapsed-w	errors-w	ops(total)-w	ops/sec(cum)-w	avg(ms)-w	p50(ms)-w	p95(ms)-w	p99(ms)-w	pMax(ms)-w	total-w	elapsed	errors	ops(total)	ops/sec(cum)	avg(ms)	p50(ms)	p95(ms)	p99(ms)	pMax(ms)
152	0.0	0.0	2806086.0	93529.20000000001	7.720000000000001	6.2	20.22	32.28	498.26000000000005	0.0	0.0	0.0	147738.0	4924.2	26.74	24.360000000000003	56.220000000000006	71.74	365.76	0.0	0.0	0.0	2953824.0	98453.4	8.66	6.540000000000001	24.660000000000004	42.78000000000001	498.26000000000005
