concurrency	elapsed-r	errors-r	ops(total)-r	ops/sec(cum)-r	avg(ms)-r	p50(ms)-r	p95(ms)-r	p99(ms)-r	pMax(ms)-r	total-r	elapsed-w	errors-w	ops(total)-w	ops/sec(cum)-w	avg(ms)-w	p50(ms)-w	p95(ms)-w	p99(ms)-w	pMax(ms)-w	total-w	elapsed	errors	ops(total)	ops/sec(cum)	avg(ms)	p50(ms)	p95(ms)	p99(ms)	pMax(ms)
36	0.0	0.0	1942217.0	64739.100000000006	3.6875	3.2	8.7125	13.899999999999999	58.699999999999996	0.0	0.0	0.0	102433.0	3414.3999999999996	6.675	6.1499999999999995	14.887500000000001	21.25	44.037499999999994	0.0	0.0	0.0	2044650.0	68153.40000000001	3.825	3.225	9.4	14.637500000000001	60.8
