concurrency	elapsed-r	errors-r	ops(total)-r	ops/sec(cum)-r	avg(ms)-r	p50(ms)-r	p95(ms)-r	p99(ms)-r	pMax(ms)-r	total-r	elapsed-w	errors-w	ops(total)-w	ops/sec(cum)-w	avg(ms)-w	p50(ms)-w	p95(ms)-w	p99(ms)-w	pMax(ms)-w	total-w	elapsed	errors	ops(total)	ops/sec(cum)	avg(ms)	p50(ms)	p95(ms)	p99(ms)	pMax(ms)
21	0.0	0.0	908584.0	30285.5	1.7249999999999999	1.2999999999999998	4.225	5.825	136.32500000000002	0.0	0.0	0.0	47920.0	1597.4	16.35	2.35	68.15	79.7	101.75	0.0	0.0	0.0	956504.0	31882.700000000004	2.475	1.325	4.45	48.724999999999994	148.925
