concurrency	elapsed-r	errors-r	ops(total)-r	ops/sec(cum)-r	avg(ms)-r	p50(ms)-r	p95(ms)-r	p99(ms)-r	pMax(ms)-r	total-r	elapsed-w	errors-w	ops(total)-w	ops/sec(cum)-w	avg(ms)-w	p50(ms)-w	p95(ms)-w	p99(ms)-w	pMax(ms)-w	total-w	elapsed	errors	ops(total)	ops/sec(cum)	avg(ms)	p50(ms)	p95(ms)	p99(ms)	pMax(ms)
18	0.0	0.0	1161427.0	38713.3	3.3125	3.3125	6.299999999999999	7.299999999999999	23.075	0.0	0.0	0.0	60724.0	2024.1	4.2375	3.925	7.799999999999999	18.55	59.75	0.0	0.0	0.0	1222151.0	40737.5	3.325	3.325	6.374999999999999	7.562500000000001	59.75
