concurrency	elapsed-r	errors-r	ops(total)-r	ops/sec(cum)-r	avg(ms)-r	p50(ms)-r	p95(ms)-r	p99(ms)-r	pMax(ms)-r	total-r	elapsed	errors	ops(total)	ops/sec(cum)	avg(ms)	p50(ms)	p95(ms)	p99(ms)	pMax(ms)
24	0.0	0.0	1346679.0	44888.5	4.1125	3.7624999999999997	8.075	12.299999999999999	28.975	0.0	0.0	0.0	1346679.0	44888.5	4.1125	3.7624999999999997	8.075	12.299999999999999	28.975
