concurrency	elapsed-r	errors-r	ops(total)-r	ops/sec(cum)-r	avg(ms)-r	p50(ms)-r	p95(ms)-r	p99(ms)-r	pMax(ms)-r	total-r	elapsed-w	errors-w	ops(total)-w	ops/sec(cum)-w	avg(ms)-w	p50(ms)-w	p95(ms)-w	p99(ms)-w	pMax(ms)-w	total-w	elapsed	errors	ops(total)	ops/sec(cum)	avg(ms)	p50(ms)	p95(ms)	p99(ms)	pMax(ms)
23	0.0	0.0	144189.0	4805.8	5.512499999999999	5.475	9.475	12.0125	24.650000000000002	0.0	0.0	0.0	7388.0	246.3	627.0	704.6000000000001	738.1999999999999	738.1999999999999	771.7875	0.0	0.0	0.0	151577.0	5052.3	35.85	5.574999999999999	30.937499999999996	704.6000000000001	771.7875
