concurrency	elapsed-r	errors-r	ops(total)-r	ops/sec(cum)-r	avg(ms)-r	p50(ms)-r	p95(ms)-r	p99(ms)-r	pMax(ms)-r	total-r	elapsed-w	errors-w	ops(total)-w	ops/sec(cum)-w	avg(ms)-w	p50(ms)-w	p95(ms)-w	p99(ms)-w	pMax(ms)-w	total-w	elapsed	errors	ops(total)	ops/sec(cum)	avg(ms)	p50(ms)	p95(ms)	p99(ms)	pMax(ms)
32	0.0	0.0	146221.0	4873.799999999999	5.574999999999999	5.475	9.7125	12.837499999999999	26.599999999999998	0.0	0.0	0.0	7585.0	252.7	885.4625	964.7000000000002	1073.7	1098.8999999999999	1140.8999999999999	0.0	0.0	0.0	153806.0	5126.7	48.9875	5.675	16.575	1006.6000000000001	1140.8999999999999
