concurrency	elapsed-r	errors-r	ops(total)-r	ops/sec(cum)-r	avg(ms)-r	p50(ms)-r	p95(ms)-r	p99(ms)-r	pMax(ms)-r	total-r	elapsed-w	errors-w	ops(total)-w	ops/sec(cum)-w	avg(ms)-w	p50(ms)-w	p95(ms)-w	p99(ms)-w	pMax(ms)-w	total-w	elapsed	errors	ops(total)	ops/sec(cum)	avg(ms)	p50(ms)	p95(ms)	p99(ms)	pMax(ms)
39	0.0	0.0	1936390.0	64544.7	4.0	3.525	9.475000000000001	15.075000000000001	44.7875	0.0	0.0	0.0	102083.0	3402.8	7.224999999999999	6.749999999999999	15.7125	22.412499999999998	50.825	0.0	0.0	0.0	2038473.0	67947.4	4.175	3.5999999999999996	10.125	15.575000000000001	51.612500000000004
