concurrency	elapsed-r	errors-r	ops(total)-r	ops/sec(cum)-r	avg(ms)-r	p50(ms)-r	p95(ms)-r	p99(ms)-r	pMax(ms)-r	total-r	elapsed-w	errors-w	ops(total)-w	ops/sec(cum)-w	avg(ms)-w	p50(ms)-w	p95(ms)-w	p99(ms)-w	pMax(ms)-w	total-w	elapsed	errors	ops(total)	ops/sec(cum)	avg(ms)	p50(ms)	p95(ms)	p99(ms)	pMax(ms)
49	0.0	0.0	1939078.0	64633.399999999994	5.012499999999999	4.3999999999999995	11.8	18.225	133.70000000000002	0.0	0.0	0.0	102099.0	3403.3	9.849999999999998	9.0875	22.15	30.3	77.8625	0.0	0.0	0.0	2041177.0	68036.7	5.25	4.6	12.849999999999998	19.925	134.75
