concurrency	elapsed-r	errors-r	ops(total)-r	ops/sec(cum)-r	avg(ms)-r	p50(ms)-r	p95(ms)-r	p99(ms)-r	pMax(ms)-r	total-r	elapsed-w	errors-w	ops(total)-w	ops/sec(cum)-w	avg(ms)-w	p50(ms)-w	p95(ms)-w	p99(ms)-w	pMax(ms)-w	total-w	elapsed	errors	ops(total)	ops/sec(cum)	avg(ms)	p50(ms)	p95(ms)	p99(ms)	pMax(ms)
22	0.0	0.0	1918153.0	63937.399999999994	2.4375	2.1999999999999997	4.7	5.95	19.662499999999998	0.0	0.0	0.0	101178.0	3372.7	2.3625000000000003	2.1625	4.575	5.8375	15.6625	0.0	0.0	0.0	2019331.0	67310.09999999999	2.4124999999999996	2.1999999999999997	4.7	5.95	19.662499999999998
