concurrency	elapsed-r	errors-r	ops(total)-r	ops/sec(cum)-r	avg(ms)-r	p50(ms)-r	p95(ms)-r	p99(ms)-r	pMax(ms)-r	total-r	elapsed-w	errors-w	ops(total)-w	ops/sec(cum)-w	avg(ms)-w	p50(ms)-w	p95(ms)-w	p99(ms)-w	pMax(ms)-w	total-w	elapsed	errors	ops(total)	ops/sec(cum)	avg(ms)	p50(ms)	p95(ms)	p99(ms)	pMax(ms)
31	0.0	0.0	580717.0	19356.6	3.6625000000000005	2.3499999999999996	11.375	18.35	87.8375	0.0	0.0	0.0	30210.0	1006.9000000000001	167.0625	5.45	1618.9875000000002	1761.5749999999998	1879.0	0.0	0.0	0.0	610927.0	20363.7	11.737500000000002	2.375	11.95	23.3375	1879.0
