concurrency	elapsed-r	errors-r	ops(total)-r	ops/sec(cum)-r	avg(ms)-r	p50(ms)-r	p95(ms)-r	p99(ms)-r	pMax(ms)-r	total-r	elapsed-w	errors-w	ops(total)-w	ops/sec(cum)-w	avg(ms)-w	p50(ms)-w	p95(ms)-w	p99(ms)-w	pMax(ms)-w	total-w	elapsed	errors	ops(total)	ops/sec(cum)	avg(ms)	p50(ms)	p95(ms)	p99(ms)	pMax(ms)
8	0.0	0.0	939918.0	31330.100000000002	1.6124999999999998	1.275	3.55	4.95	32.2375	0.0	0.0	0.0	49708.0	1656.8	4.35	2.275	16.3375	24.787499999999998	44.0	0.0	0.0	0.0	989626.0	32987.299999999996	1.7500000000000002	1.325	3.7499999999999996	7.3500000000000005	47.93749999999999
