concurrency	elapsed-r	errors-r	ops(total)-r	ops/sec(cum)-r	avg(ms)-r	p50(ms)-r	p95(ms)-r	p99(ms)-r	pMax(ms)-r	total-r	elapsed-w	errors-w	ops(total)-w	ops/sec(cum)-w	avg(ms)-w	p50(ms)-w	p95(ms)-w	p99(ms)-w	pMax(ms)-w	total-w	elapsed	errors	ops(total)	ops/sec(cum)	avg(ms)	p50(ms)	p95(ms)	p99(ms)	pMax(ms)
68	0.0	0.0	2772271.0	92406.30000000002	3.4599999999999995	2.5799999999999996	9.919999999999998	19.94	112.84	0.0	0.0	0.0	146272.0	4875.5	11.500000000000002	7.0	22.22	107.38	522.22	0.0	0.0	0.0	2918543.0	97282.0	3.88	2.6	11.580000000000002	21.8	523.88
