concurrency	elapsed-r	errors-r	ops(total)-r	ops/sec(cum)-r	avg(ms)-r	p50(ms)-r	p95(ms)-r	p99(ms)-r	pMax(ms)-r	total-r	elapsed-w	errors-w	ops(total)-w	ops/sec(cum)-w	avg(ms)-w	p50(ms)-w	p95(ms)-w	p99(ms)-w	pMax(ms)-w	total-w	elapsed	errors	ops(total)	ops/sec(cum)	avg(ms)	p50(ms)	p95(ms)	p99(ms)	pMax(ms)
31	0.0	0.0	1914998.0	63832.0	3.2125	2.825	7.362499999999999	12.274999999999999	50.037499999999994	0.0	0.0	0.0	100816.0	3360.6	5.75	5.2625	12.474999999999998	18.075	43.2375	0.0	0.0	0.0	2015814.0	67192.40000000001	3.3375	2.875	7.8999999999999995	12.849999999999998	52.662499999999994
