concurrency	elapsed-r	errors-r	ops(total)-r	ops/sec(cum)-r	avg(ms)-r	p50(ms)-r	p95(ms)-r	p99(ms)-r	pMax(ms)-r	total-r	elapsed-w	errors-w	ops(total)-w	ops/sec(cum)-w	avg(ms)-w	p50(ms)-w	p95(ms)-w	p99(ms)-w	pMax(ms)-w	total-w	elapsed	errors	ops(total)	ops/sec(cum)	avg(ms)	p50(ms)	p95(ms)	p99(ms)	pMax(ms)
137	0.0	0.0	4566476.0	152204.9	4.1	3.4	9.860000000000001	18.259999999999998	216.4	0.0	0.0	0.0	240412.0	8013.199999999999	12.3	11.319999999999999	24.579999999999995	32.92	150.35999999999999	0.0	0.0	0.0	4806888.0	160218.0	4.5	3.4200000000000004	13.039999999999997	21.619999999999997	217.24
