concurrency	elapsed-r	errors-r	ops(total)-r	ops/sec(cum)-r	avg(ms)-r	p50(ms)-r	p95(ms)-r	p99(ms)-r	pMax(ms)-r	total-r	elapsed-w	errors-w	ops(total)-w	ops/sec(cum)-w	avg(ms)-w	p50(ms)-w	p95(ms)-w	p99(ms)-w	pMax(ms)-w	total-w	elapsed	errors	ops(total)	ops/sec(cum)	avg(ms)	p50(ms)	p95(ms)	p99(ms)	pMax(ms)
36	0.0	0.0	2115204.0	70504.8	3.4625	2.85	7.824999999999999	13.487499999999999	112.98750000000001	0.0	0.0	0.0	111487.0	3716.1	5.0874999999999995	3.3374999999999995	13.8875	21.1	44.525	0.0	0.0	0.0	2226691.0	74220.79999999999	3.5375	2.8625	8.375	14.3	112.98750000000001
