concurrency	elapsed-r	errors-r	ops(total)-r	ops/sec(cum)-r	avg(ms)-r	p50(ms)-r	p95(ms)-r	p99(ms)-r	pMax(ms)-r	total-r	elapsed-w	errors-w	ops(total)-w	ops/sec(cum)-w	avg(ms)-w	p50(ms)-w	p95(ms)-w	p99(ms)-w	pMax(ms)-w	total-w	elapsed	errors	ops(total)	ops/sec(cum)	avg(ms)	p50(ms)	p95(ms)	p99(ms)	pMax(ms)
151	0.0	0.0	2576791.0	85887.70000000001	7.099999999999999	5.3999999999999995	19.866666666666667	29.5	147.83333333333334	0.0	0.0	0.0	136400.0	4546.4	13.733333333333333	11.4	31.333333333333332	42.96666666666667	176.16666666666666	0.0	0.0	0.0	2713191.0	90434.20000000001	7.366666666666667	5.633333333333333	20.73333333333333	31.066666666666663	195.73333333333335
