concurrency	elapsed-r	errors-r	ops(total)-r	ops/sec(cum)-r	avg(ms)-r	p50(ms)-r	p95(ms)-r	p99(ms)-r	pMax(ms)-r	total-r	elapsed-w	errors-w	ops(total)-w	ops/sec(cum)-w	avg(ms)-w	p50(ms)-w	p95(ms)-w	p99(ms)-w	pMax(ms)-w	total-w	elapsed	errors	ops(total)	ops/sec(cum)	avg(ms)	p50(ms)	p95(ms)	p99(ms)	pMax(ms)
20	0.0	0.0	605935.0	20197.4	3.375	2.3249999999999997	10.375	15.325000000000001	43.99999999999999	0.0	0.0	0.0	31819.0	1060.6	80.675	5.275	738.1999999999999	838.8999999999999	906.0	0.0	0.0	0.0	637754.0	21257.8	7.2625	2.3625	10.875	18.349999999999998	906.0
