concurrency	elapsed-r	errors-r	ops(total)-r	ops/sec(cum)-r	avg(ms)-r	p50(ms)-r	p95(ms)-r	p99(ms)-r	pMax(ms)-r	total-r	elapsed	errors	ops(total)	ops/sec(cum)	avg(ms)	p50(ms)	p95(ms)	p99(ms)	pMax(ms)
48	0.0	0.0	1063227.0	35439.9	10.9375	9.6125	23.750000000000004	36.4	88.625	0.0	0.0	0.0	1063227.0	35439.9	10.9375	9.6125	23.750000000000004	36.4	88.625
