concurrency	elapsed-r	errors-r	ops(total)-r	ops/sec(cum)-r	avg(ms)-r	p50(ms)-r	p95(ms)-r	p99(ms)-r	pMax(ms)-r	total-r	elapsed-w	errors-w	ops(total)-w	ops/sec(cum)-w	avg(ms)-w	p50(ms)-w	p95(ms)-w	p99(ms)-w	pMax(ms)-w	total-w	elapsed	errors	ops(total)	ops/sec(cum)	avg(ms)	p50(ms)	p95(ms)	p99(ms)	pMax(ms)
80	0.0	0.0	9656.0	160.89999999999998	5.725	2.5749999999999997	24.900000000000002	48.724999999999994	84.95	0.0	0.0	0.0	214.0	3.6	28.200000000000003	14.975000000000001	111.15	169.875	178.27500000000003	0.0	0.0	0.0	9870.0	164.5	6.2250000000000005	2.5749999999999997	27.525	51.35000000000001	178.27500000000003
