concurrency	elapsed-r	errors-r	ops(total)-r	ops/sec(cum)-r	avg(ms)-r	p50(ms)-r	p95(ms)-r	p99(ms)-r	pMax(ms)-r	total-r	elapsed-w	errors-w	ops(total)-w	ops/sec(cum)-w	avg(ms)-w	p50(ms)-w	p95(ms)-w	p99(ms)-w	pMax(ms)-w	total-w	elapsed	errors	ops(total)	ops/sec(cum)	avg(ms)	p50(ms)	p95(ms)	p99(ms)	pMax(ms)
66	0.0	0.0	4060154.0	135333.2	3.3625000000000007	2.2874999999999996	9.45	14.8	198.69999999999996	0.0	0.0	0.0	214686.0	7155.900000000001	3.425	2.3	9.587499999999999	15.137500000000001	123.5875	0.0	0.0	0.0	4274840.0	142489.1	3.3750000000000004	2.2874999999999996	9.45	14.8	199.48749999999995
