concurrency	elapsed-r	errors-r	ops(total)-r	ops/sec(cum)-r	avg(ms)-r	p50(ms)-r	p95(ms)-r	p99(ms)-r	pMax(ms)-r	total-r	elapsed-w	errors-w	ops(total)-w	ops/sec(cum)-w	avg(ms)-w	p50(ms)-w	p95(ms)-w	p99(ms)-w	pMax(ms)-w	total-w	elapsed	errors	ops(total)	ops/sec(cum)	avg(ms)	p50(ms)	p95(ms)	p99(ms)	pMax(ms)
28	0.0	0.0	1174033.0	39133.1	4.75	3.35	11.65	27.925	213.9	0.0	0.0	0.0	61578.0	2052.6	11.987500000000002	6.374999999999999	59.225	108.55	251.65	0.0	0.0	0.0	1235611.0	41185.7	5.124999999999999	3.5000000000000004	12.287499999999998	41.1125	254.79999999999998
