concurrency	elapsed-r	errors-r	ops(total)-r	ops/sec(cum)-r	avg(ms)-r	p50(ms)-r	p95(ms)-r	p99(ms)-r	pMax(ms)-r	total-r	elapsed-w	errors-w	ops(total)-w	ops/sec(cum)-w	avg(ms)-w	p50(ms)-w	p95(ms)-w	p99(ms)-w	pMax(ms)-w	total-w	elapsed	errors	ops(total)	ops/sec(cum)	avg(ms)	p50(ms)	p95(ms)	p99(ms)	pMax(ms)
87	0.0	0.0	2631683.0	87719.2	5.4799999999999995	4.28	15.2	24.160000000000004	206.78000000000003	0.0	0.0	0.0	139105.0	4636.7	14.14	12.559999999999999	31.0	40.88	179.5	0.0	0.0	0.0	2770788.0	92355.9	5.88	4.4399999999999995	17.259999999999998	26.820000000000004	206.78000000000003
