concurrency	elapsed-r	errors-r	ops(total)-r	ops/sec(cum)-r	avg(ms)-r	p50(ms)-r	p95(ms)-r	p99(ms)-r	pMax(ms)-r	total-r	elapsed-w	errors-w	ops(total)-w	ops/sec(cum)-w	avg(ms)-w	p50(ms)-w	p95(ms)-w	p99(ms)-w	pMax(ms)-w	total-w	elapsed	errors	ops(total)	ops/sec(cum)	avg(ms)	p50(ms)	p95(ms)	p99(ms)	pMax(ms)
36	0.0	0.0	2246428.0	74879.3	3.2375000000000003	2.75	6.85	11.7	33.574999999999996	0.0	0.0	0.0	118011.0	3933.7000000000003	4.175	2.9875	11.274999999999999	17.0875	36.325	0.0	0.0	0.0	2364439.0	78812.8	3.3000000000000003	2.7625	7.1875	12.1375	37.099999999999994
