concurrency	elapsed-r	errors-r	ops(total)-r	ops/sec(cum)-r	avg(ms)-r	p50(ms)-r	p95(ms)-r	p99(ms)-r	pMax(ms)-r	total-r	elapsed-w	errors-w	ops(total)-w	ops/sec(cum)-w	avg(ms)-w	p50(ms)-w	p95(ms)-w	p99(ms)-w	pMax(ms)-w	total-w	elapsed	errors	ops(total)	ops/sec(cum)	avg(ms)	p50(ms)	p95(ms)	p99(ms)	pMax(ms)
39	0.0	0.0	3350532.0	111681.9	2.4250000000000003	2.325	4.15	7.937499999999999	97.65	0.0	0.0	0.0	175873.0	5862.3	2.4250000000000003	2.325	4.0375	8.025	44.3	0.0	0.0	0.0	3526405.0	117544.20000000001	2.4250000000000003	2.325	4.1125	7.937499999999999	97.78750000000001
