concurrency	elapsed-r	errors-r	ops(total)-r	ops/sec(cum)-r	avg(ms)-r	p50(ms)-r	p95(ms)-r	p99(ms)-r	pMax(ms)-r	total-r	elapsed-w	errors-w	ops(total)-w	ops/sec(cum)-w	avg(ms)-w	p50(ms)-w	p95(ms)-w	p99(ms)-w	pMax(ms)-w	total-w	elapsed	errors	ops(total)	ops/sec(cum)	avg(ms)	p50(ms)	p95(ms)	p99(ms)	pMax(ms)
47	0.0	0.0	3078480.0	102613.3	3.0625	2.825	5.475	9.575	30.575	0.0	0.0	0.0	161911.0	5396.900000000001	3.3000000000000003	2.9	7.4625	11.7	28.975	0.0	0.0	0.0	3240391.0	108010.2	3.0749999999999997	2.825	5.475	9.7375	30.962500000000002
