concurrency	elapsed-w	errors-w	ops(total)-w	ops/sec(cum)-w	avg(ms)-w	p50(ms)-w	p95(ms)-w	p99(ms)-w	pMax(ms)-w	total-w	elapsed	errors	ops(total)	ops/sec(cum)	avg(ms)	p50(ms)	p95(ms)	p99(ms)	pMax(ms)
56	0.0	0.0	3721481.0	124046.09999999999	3.2875	3.1499999999999995	5.475	9.9	28.0625	0.0	0.0	0.0	3721481.0	124046.09999999999	3.2875	3.1499999999999995	5.475	9.9	28.0625
