concurrency	elapsed-r	errors-r	ops(total)-r	ops/sec(cum)-r	avg(ms)-r	p50(ms)-r	p95(ms)-r	p99(ms)-r	pMax(ms)-r	total-r	elapsed	errors	ops(total)	ops/sec(cum)	avg(ms)	p50(ms)	p95(ms)	p99(ms)	pMax(ms)
26	0.0	0.0	1355778.0	45191.799999999996	4.4624999999999995	4.125	8.8	13.5	36.7	0.0	0.0	0.0	1355778.0	45191.799999999996	4.4624999999999995	4.125	8.8	13.5	36.7
