concurrency	elapsed-w	errors-w	ops(total)-w	ops/sec(cum)-w	avg(ms)-w	p50(ms)-w	p95(ms)-w	p99(ms)-w	pMax(ms)-w	total-w	elapsed	errors	ops(total)	ops/sec(cum)	avg(ms)	p50(ms)	p95(ms)	p99(ms)	pMax(ms)
54	0.0	0.0	728918.0	24296.2	17.3125	15.150000000000002	41.6375	56.3375	140.5	0.0	0.0	0.0	728918.0	24296.2	17.3125	15.150000000000002	41.6375	56.3375	140.5
