concurrency	elapsed-r	errors-r	ops(total)-r	ops/sec(cum)-r	avg(ms)-r	p50(ms)-r	p95(ms)-r	p99(ms)-r	pMax(ms)-r	total-r	elapsed-w	errors-w	ops(total)-w	ops/sec(cum)-w	avg(ms)-w	p50(ms)-w	p95(ms)-w	p99(ms)-w	pMax(ms)-w	total-w	elapsed	errors	ops(total)	ops/sec(cum)	avg(ms)	p50(ms)	p95(ms)	p99(ms)	pMax(ms)
81	0.0	0.0	1378730.0	22978.600000000002	3.05	1.7999999999999998	9.225	23.575000000000003	169.89999999999998	0.0	0.0	0.0	72178.0	1202.8999999999999	5.65	3.325	18.375	36.675	120.6	0.0	0.0	0.0	1450908.0	24181.6	3.175	1.85	9.85	24.675	174.09999999999997
