concurrency	elapsed-w	errors-w	ops(total)-w	ops/sec(cum)-w	avg(ms)-w	p50(ms)-w	p95(ms)-w	p99(ms)-w	pMax(ms)-w	total-w	elapsed	errors	ops(total)	ops/sec(cum)	avg(ms)	p50(ms)	p95(ms)	p99(ms)	pMax(ms)
39	0.0	0.0	3434919.0	114495.29999999999	2.5	2.425	5.799999999999999	7.9	26.474999999999998	0.0	0.0	0.0	3434919.0	114495.29999999999	2.5	2.425	5.799999999999999	7.9	26.474999999999998
