concurrency	elapsed-r	errors-r	ops(total)-r	ops/sec(cum)-r	avg(ms)-r	p50(ms)-r	p95(ms)-r	p99(ms)-r	pMax(ms)-r	total-r	elapsed	errors	ops(total)	ops/sec(cum)	avg(ms)	p50(ms)	p95(ms)	p99(ms)	pMax(ms)
10	0.0	0.0	1093617.0	36453.2	2.0	1.9249999999999998	3.125	4.95	15.975000000000001	0.0	0.0	0.0	1093617.0	36453.2	2.0	1.9249999999999998	3.125	4.95	15.975000000000001
