ops/sec(cum)	p50(ms)	p99(ms)	read_tp	read_p50	read_p99	write_tp	write_p50	write_p99
240453.95	0.2801666666666667	2.0073333333333334	228447.03333333333	0.2783333333333333	2.0073333333333334	12005.916666666668	0.282	2.0453333333333332
