concurrency	elapsed-r	errors-r	ops(total)-r	ops/sec(cum)-r	avg(ms)-r	p50(ms)-r	p95(ms)-r	p99(ms)-r	pMax(ms)-r	total-r	elapsed-w	errors-w	ops(total)-w	ops/sec(cum)-w	avg(ms)-w	p50(ms)-w	p95(ms)-w	p99(ms)-w	pMax(ms)-w	total-w	elapsed	errors	ops(total)	ops/sec(cum)	avg(ms)	p50(ms)	p95(ms)	p99(ms)	pMax(ms)
136	0.0	0.0	2703152.0	90099.4	7.640000000000001	6.0200000000000005	20.139999999999997	31.839999999999996	473.12	0.0	0.0	0.0	142109.0	4736.7	25.9	24.76	53.260000000000005	68.38	307.02	0.0	0.0	0.0	2845261.0	94835.99999999999	8.559999999999999	6.360000000000001	25.2	41.32	473.12
