concurrency	elapsed-w	errors-w	ops(total)-w	ops/sec(cum)-w	avg(ms)-w	p50(ms)-w	p95(ms)-w	p99(ms)-w	pMax(ms)-w	total-w	elapsed	errors	ops(total)	ops/sec(cum)	avg(ms)	p50(ms)	p95(ms)	p99(ms)	pMax(ms)
32	0.0	0.0	734765.0	24491.600000000002	10.075000000000001	8.775	23.349999999999998	32.25	73.39999999999999	0.0	0.0	0.0	734765.0	24491.600000000002	10.075000000000001	8.775	23.349999999999998	32.25	73.39999999999999
