concurrency	elapsed-w	errors-w	ops(total)-w	ops/sec(cum)-w	avg(ms)-w	p50(ms)-w	p95(ms)-w	p99(ms)-w	pMax(ms)-w	total-w	elapsed	errors	ops(total)	ops/sec(cum)	avg(ms)	p50(ms)	p95(ms)	p99(ms)	pMax(ms)
40	0.0	0.0	3448868.0	114960.3	2.5625000000000004	2.4375	5.2	7.725	29.874999999999996	0.0	0.0	0.0	3448868.0	114960.3	2.5625000000000004	2.4375	5.2	7.725	29.874999999999996
