concurrency	elapsed-r	errors-r	ops(total)-r	ops/sec(cum)-r	avg(ms)-r	p50(ms)-r	p95(ms)-r	p99(ms)-r	pMax(ms)-r	total-r	elapsed-w	errors-w	ops(total)-w	ops/sec(cum)-w	avg(ms)-w	p50(ms)-w	p95(ms)-w	p99(ms)-w	pMax(ms)-w	total-w	elapsed	errors	ops(total)	ops/sec(cum)	avg(ms)	p50(ms)	p95(ms)	p99(ms)	pMax(ms)
47	0.0	0.0	3146951.0	104895.29999999999	3.1125	2.7375	5.925	14.674999999999999	82.05	0.0	0.0	0.0	165307.0	5510.099999999999	3.0749999999999997	2.725	5.775	14.5125	50.1875	0.0	0.0	0.0	3312258.0	110405.2	3.1125	2.7375	5.925	14.674999999999999	82.05
