concurrency	elapsed-r	errors-r	ops(total)-r	ops/sec(cum)-r	avg(ms)-r	p50(ms)-r	p95(ms)-r	p99(ms)-r	pMax(ms)-r	total-r	elapsed-w	errors-w	ops(total)-w	ops/sec(cum)-w	avg(ms)-w	p50(ms)-w	p95(ms)-w	p99(ms)-w	pMax(ms)-w	total-w	elapsed	errors	ops(total)	ops/sec(cum)	avg(ms)	p50(ms)	p95(ms)	p99(ms)	pMax(ms)
147	0.0	0.0	2700028.0	89995.0	5.233333333333333	4.433333333333334	12.866666666666667	22.566666666666663	243.9666666666667	0.0	0.0	0.0	141889.0	4729.3	17.0	15.533333333333333	33.7	42.63333333333333	237.70000000000002	0.0	0.0	0.0	2841917.0	94724.29999999999	5.8	4.433333333333334	16.433333333333334	28.100000000000005	249.5666666666667
