concurrency	elapsed-r	errors-r	ops(total)-r	ops/sec(cum)-r	avg(ms)-r	p50(ms)-r	p95(ms)-r	p99(ms)-r	pMax(ms)-r	total-r	elapsed-w	errors-w	ops(total)-w	ops/sec(cum)-w	avg(ms)-w	p50(ms)-w	p95(ms)-w	p99(ms)-w	pMax(ms)-w	total-w	elapsed	errors	ops(total)	ops/sec(cum)	avg(ms)	p50(ms)	p95(ms)	p99(ms)	pMax(ms)
63	0.0	0.0	1191183.0	39704.5	10.875	9.6125	24.775	37.199999999999996	92.82499999999999	0.0	0.0	0.0	62588.0	2086.2999999999997	21.875000000000004	20.587500000000002	46.625	61.849999999999994	117.98750000000001	0.0	0.0	0.0	1253771.0	41790.899999999994	11.4125	9.825000000000001	27.0	40.325	123.23750000000001
