concurrency	elapsed-r	errors-r	ops(total)-r	ops/sec(cum)-r	avg(ms)-r	p50(ms)-r	p95(ms)-r	p99(ms)-r	pMax(ms)-r	total-r	elapsed-w	errors-w	ops(total)-w	ops/sec(cum)-w	avg(ms)-w	p50(ms)-w	p95(ms)-w	p99(ms)-w	pMax(ms)-w	total-w	elapsed	errors	ops(total)	ops/sec(cum)	avg(ms)	p50(ms)	p95(ms)	p99(ms)	pMax(ms)
55	0.0	0.0	3304208.0	110136.59999999999	3.525	3.2750000000000004	7.324999999999999	11.25	121.50000000000001	0.0	0.0	0.0	172985.0	5765.9	3.525	3.325	7.325	11.2	22.3	0.0	0.0	0.0	3477193.0	115902.7	3.525	3.2750000000000004	7.2875	11.25	121.50000000000001
