concurrency	elapsed-r	errors-r	ops(total)-r	ops/sec(cum)-r	avg(ms)-r	p50(ms)-r	p95(ms)-r	p99(ms)-r	pMax(ms)-r	total-r	elapsed-w	errors-w	ops(total)-w	ops/sec(cum)-w	avg(ms)-w	p50(ms)-w	p95(ms)-w	p99(ms)-w	pMax(ms)-w	total-w	elapsed	errors	ops(total)	ops/sec(cum)	avg(ms)	p50(ms)	p95(ms)	p99(ms)	pMax(ms)
41	0.0	0.0	1836538.0	61216.299999999996	4.475	3.6	11.25	18.35	67.3625	0.0	0.0	0.0	96618.0	3220.7	9.387500000000001	7.924999999999999	23.075	32.6625	68.15	0.0	0.0	0.0	1933156.0	64436.49999999999	4.7125	3.7499999999999996	12.349999999999998	20.175	70.775
