concurrency	elapsed-r	errors-r	ops(total)-r	ops/sec(cum)-r	avg(ms)-r	p50(ms)-r	p95(ms)-r	p99(ms)-r	pMax(ms)-r	total-r	elapsed-w	errors-w	ops(total)-w	ops/sec(cum)-w	avg(ms)-w	p50(ms)-w	p95(ms)-w	p99(ms)-w	pMax(ms)-w	total-w	elapsed	errors	ops(total)	ops/sec(cum)	avg(ms)	p50(ms)	p95(ms)	p99(ms)	pMax(ms)
96	0.0	0.0	2825670.0	94184.5	4.76	3.84	12.76	21.18	219.8	0.0	0.0	0.0	149068.0	4968.700000000001	15.680000000000001	14.139999999999997	32.06	42.14000000000001	176.57999999999998	0.0	0.0	0.0	2974738.0	99153.20000000001	5.299999999999999	3.9200000000000004	15.84	26.020000000000003	219.8
