concurrency	elapsed-r	errors-r	ops(total)-r	ops/sec(cum)-r	avg(ms)-r	p50(ms)-r	p95(ms)-r	p99(ms)-r	pMax(ms)-r	total-r	elapsed-w	errors-w	ops(total)-w	ops/sec(cum)-w	avg(ms)-w	p50(ms)-w	p95(ms)-w	p99(ms)-w	pMax(ms)-w	total-w	elapsed	errors	ops(total)	ops/sec(cum)	avg(ms)	p50(ms)	p95(ms)	p99(ms)	pMax(ms)
39	0.0	0.0	759590.0	25319.1	3.2000000000000006	2.4	8.9	19.566666666666666	132.79999999999998	0.0	0.0	0.0	39786.0	1326.1	1.6333333333333335	1.1666666666666667	3.7999999999999994	10.5	44.699999999999996	0.0	0.0	0.0	799376.0	26645.2	3.1666666666666665	2.2	8.566666666666668	18.9	132.79999999999998
