concurrency	elapsed-r	errors-r	ops(total)-r	ops/sec(cum)-r	avg(ms)-r	p50(ms)-r	p95(ms)-r	p99(ms)-r	pMax(ms)-r	total-r	elapsed-w	errors-w	ops(total)-w	ops/sec(cum)-w	avg(ms)-w	p50(ms)-w	p95(ms)-w	p99(ms)-w	pMax(ms)-w	total-w	elapsed	errors	ops(total)	ops/sec(cum)	avg(ms)	p50(ms)	p95(ms)	p99(ms)	pMax(ms)
158	0.0	0.0	4556213.0	151860.2	5.2	4.219999999999999	13.38	22.240000000000002	339.76	0.0	0.0	0.0	240121.0	8003.4	15.879999999999999	14.84	32.44	43.82000000000001	192.1	0.0	0.0	0.0	4796334.0	159863.6	5.74	4.36	16.139999999999997	26.4	341.41999999999996
