concurrency	elapsed-r	errors-r	ops(total)-r	ops/sec(cum)-r	avg(ms)-r	p50(ms)-r	p95(ms)-r	p99(ms)-r	pMax(ms)-r	total-r	elapsed-w	errors-w	ops(total)-w	ops/sec(cum)-w	avg(ms)-w	p50(ms)-w	p95(ms)-w	p99(ms)-w	pMax(ms)-w	total-w	elapsed	errors	ops(total)	ops/sec(cum)	avg(ms)	p50(ms)	p95(ms)	p99(ms)	pMax(ms)
39	0.0	0.0	594591.0	19818.799999999996	10.4375	2.45	61.06249999999999	186.60000000000002	440.4125	0.0	0.0	0.0	31404.0	1046.6999999999998	95.7375	91.25	147.325	291.5	679.475	0.0	0.0	0.0	625995.0	20865.7	14.725000000000001	2.6375	96.5	192.90000000000003	679.475
