concurrency	elapsed-r	errors-r	ops(total)-r	ops/sec(cum)-r	avg(ms)-r	p50(ms)-r	p95(ms)-r	p99(ms)-r	pMax(ms)-r	total-r	elapsed-w	errors-w	ops(total)-w	ops/sec(cum)-w	avg(ms)-w	p50(ms)-w	p95(ms)-w	p99(ms)-w	pMax(ms)-w	total-w	elapsed	errors	ops(total)	ops/sec(cum)	avg(ms)	p50(ms)	p95(ms)	p99(ms)	pMax(ms)
46	0.0	0.0	1268490.0	42281.5	7.3999999999999995	6.625	16.3375	24.124999999999996	73.1375	0.0	0.0	0.0	66662.0	2222.2	14.25	13.287499999999998	28.575000000000003	38.225	72.87500000000001	0.0	0.0	0.0	1335152.0	44503.7	7.75	6.7875	17.55	26.0875	80.75
