concurrency	elapsed-r	errors-r	ops(total)-r	ops/sec(cum)-r	avg(ms)-r	p50(ms)-r	p95(ms)-r	p99(ms)-r	pMax(ms)-r	total-r	elapsed-w	errors-w	ops(total)-w	ops/sec(cum)-w	avg(ms)-w	p50(ms)-w	p95(ms)-w	p99(ms)-w	pMax(ms)-w	total-w	elapsed	errors	ops(total)	ops/sec(cum)	avg(ms)	p50(ms)	p95(ms)	p99(ms)	pMax(ms)
85	0.0	0.0	2810613.0	93684.09999999999	4.220000000000001	3.5	10.16	18.68	193.33999999999997	0.0	0.0	0.0	148278.0	4942.4	12.639999999999999	11.34	26.020000000000003	34.18	155.18	0.0	0.0	0.0	2958891.0	98626.59999999999	4.66	3.54	13.6	22.04	196.7
