concurrency	elapsed-r	errors-r	ops(total)-r	ops/sec(cum)-r	avg(ms)-r	p50(ms)-r	p95(ms)-r	p99(ms)-r	pMax(ms)-r	total-r	elapsed-w	errors-w	ops(total)-w	ops/sec(cum)-w	avg(ms)-w	p50(ms)-w	p95(ms)-w	p99(ms)-w	pMax(ms)-w	total-w	elapsed	errors	ops(total)	ops/sec(cum)	avg(ms)	p50(ms)	p95(ms)	p99(ms)	pMax(ms)
73	0.0	0.0	485005.0	8083.300000000001	3.45	2.125	10.375	24.650000000000002	82.85000000000001	0.0	0.0	0.0	25230.0	420.4	7.275	4.25	23.875000000000004	44.525	84.94999999999999	0.0	0.0	0.0	510235.0	8503.900000000001	3.6500000000000004	2.2	11.25	26.75	88.1
