concurrency	elapsed-r	errors-r	ops(total)-r	ops/sec(cum)-r	avg(ms)-r	p50(ms)-r	p95(ms)-r	p99(ms)-r	pMax(ms)-r	total-r	elapsed	errors	ops(total)	ops/sec(cum)	avg(ms)	p50(ms)	p95(ms)	p99(ms)	pMax(ms)
14	0.0	0.0	1121493.0	37382.5	2.8000000000000003	2.6624999999999996	4.9625	7.362500000000001	20.837500000000002	0.0	0.0	0.0	1121493.0	37382.5	2.8000000000000003	2.6624999999999996	4.9625	7.362500000000001	20.837500000000002
