concurrency	elapsed-r	errors-r	ops(total)-r	ops/sec(cum)-r	avg(ms)-r	p50(ms)-r	p95(ms)-r	p99(ms)-r	pMax(ms)-r	total-r	elapsed-w	errors-w	ops(total)-w	ops/sec(cum)-w	avg(ms)-w	p50(ms)-w	p95(ms)-w	p99(ms)-w	pMax(ms)-w	total-w	elapsed	errors	ops(total)	ops/sec(cum)	avg(ms)	p50(ms)	p95(ms)	p99(ms)	pMax(ms)
34	0.0	0.0	2810714.0	93688.49999999999	2.525	2.2875	4.875	8.6625	77.47500000000001	0.0	0.0	0.0	148189.0	4939.599999999999	2.4625	2.2125	4.875	8.5125	44.324999999999996	0.0	0.0	0.0	2958903.0	98628.1	2.5125	2.2875	4.875	8.5375	77.6125
