ops/sec(cum)	p50(ms)	p99(ms)	read_tp	read_p50	read_p99	write_tp	write_p50	write_p99
287813.88333333336	0.30033333333333334	2.334	273444.7833333333	0.29833333333333334	2.334	14368.1	0.30233333333333334	2.3806666666666665
