concurrency	elapsed-r	errors-r	ops(total)-r	ops/sec(cum)-r	avg(ms)-r	p50(ms)-r	p95(ms)-r	p99(ms)-r	pMax(ms)-r	total-r	elapsed-w	errors-w	ops(total)-w	ops/sec(cum)-w	avg(ms)-w	p50(ms)-w	p95(ms)-w	p99(ms)-w	pMax(ms)-w	total-w	elapsed	errors	ops(total)	ops/sec(cum)	avg(ms)	p50(ms)	p95(ms)	p99(ms)	pMax(ms)
88	0.0	0.0	2900170.0	96667.40000000001	4.2	3.5	9.86	18.9	197.95999999999998	0.0	0.0	0.0	151952.0	5064.8	12.639999999999997	11.540000000000001	26.420000000000005	33.940000000000005	199.64000000000001	0.0	0.0	0.0	3052122.0	101732.2	4.58	3.5	13.539999999999997	21.839999999999996	205.51999999999998
