concurrency	elapsed-r	errors-r	ops(total)-r	ops/sec(cum)-r	avg(ms)-r	p50(ms)-r	p95(ms)-r	p99(ms)-r	pMax(ms)-r	total-r	elapsed-w	errors-w	ops(total)-w	ops/sec(cum)-w	avg(ms)-w	p50(ms)-w	p95(ms)-w	p99(ms)-w	pMax(ms)-w	total-w	elapsed	errors	ops(total)	ops/sec(cum)	avg(ms)	p50(ms)	p95(ms)	p99(ms)	pMax(ms)
28	0.0	0.0	1453832.0	48460.100000000006	4.225	4.125	7.412499999999999	8.9625	22.8	0.0	0.0	0.0	76174.0	2539.2000000000003	4.199999999999999	4.125	7.324999999999999	8.9	23.9875	0.0	0.0	0.0	1530006.0	50999.2	4.225	4.125	7.412499999999999	8.9625	26.337500000000002
