concurrency	elapsed-r	errors-r	ops(total)-r	ops/sec(cum)-r	avg(ms)-r	p50(ms)-r	p95(ms)-r	p99(ms)-r	pMax(ms)-r	total-r	elapsed-w	errors-w	ops(total)-w	ops/sec(cum)-w	avg(ms)-w	p50(ms)-w	p95(ms)-w	p99(ms)-w	pMax(ms)-w	total-w	elapsed	errors	ops(total)	ops/sec(cum)	avg(ms)	p50(ms)	p95(ms)	p99(ms)	pMax(ms)
8	0.0	0.0	643153.0	21438.100000000002	2.475	2.3375000000000004	4.325	6.1	22.687500000000004	0.0	0.0	0.0	34174.0	1139.1999999999998	5.5125	5.275	8.9625	11.6875	18.8875	0.0	0.0	0.0	677327.0	22577.3	2.65	2.3625	5.025	7.387500000000001	22.95
