concurrency	elapsed-r	errors-r	ops(total)-r	ops/sec(cum)-r	avg(ms)-r	p50(ms)-r	p95(ms)-r	p99(ms)-r	pMax(ms)-r	total-r	elapsed	errors	ops(total)	ops/sec(cum)	avg(ms)	p50(ms)	p95(ms)	p99(ms)	pMax(ms)
16	0.0	0.0	1405020.0	46833.399999999994	2.55	2.4500000000000006	4.5	7.1	19.012500000000003	0.0	0.0	0.0	1405020.0	46833.399999999994	2.55	2.4500000000000006	4.5	7.1	19.012500000000003
