concurrency	elapsed-r	errors-r	ops(total)-r	ops/sec(cum)-r	avg(ms)-r	p50(ms)-r	p95(ms)-r	p99(ms)-r	pMax(ms)-r	total-r	elapsed	errors	ops(total)	ops/sec(cum)	avg(ms)	p50(ms)	p95(ms)	p99(ms)	pMax(ms)
19	0.0	0.0	1379550.0	45984.3	3.1375	2.9250000000000003	5.8374999999999995	8.774999999999999	22.675	0.0	0.0	0.0	1379550.0	45984.3	3.1375	2.9250000000000003	5.8374999999999995	8.774999999999999	22.675
