concurrency	elapsed-r	errors-r	ops(total)-r	ops/sec(cum)-r	avg(ms)-r	p50(ms)-r	p95(ms)-r	p99(ms)-r	pMax(ms)-r	total-r	elapsed-w	errors-w	ops(total)-w	ops/sec(cum)-w	avg(ms)-w	p50(ms)-w	p95(ms)-w	p99(ms)-w	pMax(ms)-w	total-w	elapsed	errors	ops(total)	ops/sec(cum)	avg(ms)	p50(ms)	p95(ms)	p99(ms)	pMax(ms)
14	0.0	0.0	429860.0	14328.400000000001	6.2875000000000005	2.075	21.375	92.29999999999998	830.4875	0.0	0.0	0.0	22401.0	746.7	24.787499999999998	4.512499999999999	95.45	212.85	952.0750000000002	0.0	0.0	0.0	452261.0	15075.199999999999	7.2	2.15	28.850000000000005	117.39999999999999	960.4750000000001
