concurrency	elapsed-r	errors-r	ops(total)-r	ops/sec(cum)-r	avg(ms)-r	p50(ms)-r	p95(ms)-r	p99(ms)-r	pMax(ms)-r	total-r	elapsed-w	errors-w	ops(total)-w	ops/sec(cum)-w	avg(ms)-w	p50(ms)-w	p95(ms)-w	p99(ms)-w	pMax(ms)-w	total-w	elapsed	errors	ops(total)	ops/sec(cum)	avg(ms)	p50(ms)	p95(ms)	p99(ms)	pMax(ms)
99	0.0	0.0	2685801.0	89523.6	6.0	4.76	15.740000000000004	24.98	251.64000000000001	0.0	0.0	0.0	141238.0	4707.8	14.64	13.0	31.639999999999997	41.92	161.89999999999998	0.0	0.0	0.0	2827039.0	94231.4	6.44	4.880000000000001	17.7	27.46	253.32000000000002
