concurrency	elapsed-r	errors-r	ops(total)-r	ops/sec(cum)-r	avg(ms)-r	p50(ms)-r	p95(ms)-r	p99(ms)-r	pMax(ms)-r	total-r	elapsed-w	errors-w	ops(total)-w	ops/sec(cum)-w	avg(ms)-w	p50(ms)-w	p95(ms)-w	p99(ms)-w	pMax(ms)-w	total-w	elapsed	errors	ops(total)	ops/sec(cum)	avg(ms)	p50(ms)	p95(ms)	p99(ms)	pMax(ms)
75	0.0	0.0	506087.0	8434.8	3.575	2.0999999999999996	10.5	30.674999999999997	148.9	0.0	0.0	0.0	26083.0	434.70000000000005	7.8	4.3999999999999995	28.325000000000003	52.925	146.8	0.0	0.0	0.0	532170.0	8869.5	3.8000000000000003	2.225	11.65	32.525	148.9
