ops/sec(cum)	p50(ms)	p99(ms)	read_tp	read_p50	read_p99	write_tp	write_p50	write_p99
110415.48333333334	1.77325	6.575833333333334	105516.09999999999	1.8033333333333332	6.575833333333334	4898.383333333333	1.7431666666666668	6.088
