concurrency	elapsed-r	errors-r	ops(total)-r	ops/sec(cum)-r	avg(ms)-r	p50(ms)-r	p95(ms)-r	p99(ms)-r	pMax(ms)-r	total-r	elapsed-w	errors-w	ops(total)-w	ops/sec(cum)-w	avg(ms)-w	p50(ms)-w	p95(ms)-w	p99(ms)-w	pMax(ms)-w	total-w	elapsed	errors	ops(total)	ops/sec(cum)	avg(ms)	p50(ms)	p95(ms)	p99(ms)	pMax(ms)
24	0.0	0.0	778852.0	25961.3	1.9666666666666668	1.7666666666666666	2.9	7.599999999999999	113.23333333333335	0.0	0.0	0.0	41208.0	1373.5	3.5666666666666664	3.4	7.333333333333333	14.866666666666665	90.86666666666666	0.0	0.0	0.0	820060.0	27334.9	2.0	1.8	3.966666666666667	7.900000000000001	117.43333333333332
