concurrency	elapsed-r	errors-r	ops(total)-r	ops/sec(cum)-r	avg(ms)-r	p50(ms)-r	p95(ms)-r	p99(ms)-r	pMax(ms)-r	total-r	elapsed-w	errors-w	ops(total)-w	ops/sec(cum)-w	avg(ms)-w	p50(ms)-w	p95(ms)-w	p99(ms)-w	pMax(ms)-w	total-w	elapsed	errors	ops(total)	ops/sec(cum)	avg(ms)	p50(ms)	p95(ms)	p99(ms)	pMax(ms)
50	0.0	0.0	3196137.0	106534.2	3.2500000000000004	2.825	5.8	14.612499999999999	66.31250000000001	0.0	0.0	0.0	168938.0	5631.2	3.4875	3.0999999999999996	6.312499999999999	15.000000000000002	56.750000000000014	0.0	0.0	0.0	3365075.0	112165.3	3.2500000000000004	2.825	5.875000000000001	14.612499999999999	66.31250000000001
