ops/sec(cum)	p50(ms)	p99(ms)	read_tp	read_p50	read_p99	write_tp	write_p50	write_p99
316087.08333333343	0.22028571428571428	0.9597142857142857	302382.8833333333	0.22028571428571428	0.9597142857142857	13703.199999999997	0.22028571428571428	0.9584285714285714
