concurrency	elapsed-r	errors-r	ops(total)-r	ops/sec(cum)-r	avg(ms)-r	p50(ms)-r	p95(ms)-r	p99(ms)-r	pMax(ms)-r	total-r	elapsed-w	errors-w	ops(total)-w	ops/sec(cum)-w	avg(ms)-w	p50(ms)-w	p95(ms)-w	p99(ms)-w	pMax(ms)-w	total-w	elapsed	errors	ops(total)	ops/sec(cum)	avg(ms)	p50(ms)	p95(ms)	p99(ms)	pMax(ms)
24	0.0	0.0	513439.0	17114.3	3.0	1.8999999999999997	8.4	12.933333333333332	45.4	0.0	0.0	0.0	26699.0	889.9000000000001	16.266666666666666	3.8666666666666667	90.89999999999999	125.8	165.00000000000003	0.0	0.0	0.0	540138.0	18004.3	3.6	2.0	8.9	21.333333333333332	165.00000000000003
