concurrency	elapsed-r	errors-r	ops(total)-r	ops/sec(cum)-r	avg(ms)-r	p50(ms)-r	p95(ms)-r	p99(ms)-r	pMax(ms)-r	total-r	elapsed-w	errors-w	ops(total)-w	ops/sec(cum)-w	avg(ms)-w	p50(ms)-w	p95(ms)-w	p99(ms)-w	pMax(ms)-w	total-w	elapsed	errors	ops(total)	ops/sec(cum)	avg(ms)	p50(ms)	p95(ms)	p99(ms)	pMax(ms)
47	0.0	0.0	3327422.0	110910.8	2.975	2.7749999999999995	7.7625	11.0625	75.1125	0.0	0.0	0.0	175847.0	5861.3	3.0375	2.7874999999999996	7.725	11.125	30.8125	0.0	0.0	0.0	3503269.0	116772.2	2.975	2.7749999999999995	7.7625	11.0625	79.03750000000001
