concurrency	elapsed-r	errors-r	ops(total)-r	ops/sec(cum)-r	avg(ms)-r	p50(ms)-r	p95(ms)-r	p99(ms)-r	pMax(ms)-r	total-r	elapsed-w	errors-w	ops(total)-w	ops/sec(cum)-w	avg(ms)-w	p50(ms)-w	p95(ms)-w	p99(ms)-w	pMax(ms)-w	total-w	elapsed	errors	ops(total)	ops/sec(cum)	avg(ms)	p50(ms)	p95(ms)	p99(ms)	pMax(ms)
143	0.0	0.0	4675710.0	155847.5	4.459999999999999	3.62	11.639999999999999	19.5	227.77999999999997	0.0	0.0	0.0	245964.0	8198.3	12.760000000000002	11.559999999999999	27.080000000000002	37.42	161.5	0.0	0.0	0.0	4921674.0	164045.8	4.880000000000001	3.6400000000000006	13.62	22.84	227.77999999999997
