concurrency	elapsed-r	errors-r	ops(total)-r	ops/sec(cum)-r	avg(ms)-r	p50(ms)-r	p95(ms)-r	p99(ms)-r	pMax(ms)-r	total-r	elapsed-w	errors-w	ops(total)-w	ops/sec(cum)-w	avg(ms)-w	p50(ms)-w	p95(ms)-w	p99(ms)-w	pMax(ms)-w	total-w	elapsed	errors	ops(total)	ops/sec(cum)	avg(ms)	p50(ms)	p95(ms)	p99(ms)	pMax(ms)
47	0.0	0.0	884360.0	29477.699999999997	3.2999999999999994	2.4	8.1	19.9	127.23333333333335	0.0	0.0	0.0	46317.0	1543.8000000000002	1.4000000000000001	0.9	3.4333333333333336	10.133333333333333	60.1	0.0	0.0	0.0	930677.0	31021.600000000002	3.2000000000000006	2.2	8.1	19.9	127.23333333333335
