concurrency	elapsed-r	errors-r	ops(total)-r	ops/sec(cum)-r	avg(ms)-r	p50(ms)-r	p95(ms)-r	p99(ms)-r	pMax(ms)-r	total-r	elapsed	errors	ops(total)	ops/sec(cum)	avg(ms)	p50(ms)	p95(ms)	p99(ms)	pMax(ms)
32	0.0	0.0	1270582.0	42351.8	5.937500000000001	5.35	11.899999999999999	18.0125	45.31250000000001	0.0	0.0	0.0	1270582.0	42351.8	5.937500000000001	5.35	11.899999999999999	18.0125	45.31250000000001
