concurrency	elapsed-r	errors-r	ops(total)-r	ops/sec(cum)-r	avg(ms)-r	p50(ms)-r	p95(ms)-r	p99(ms)-r	pMax(ms)-r	total-r	elapsed-w	errors-w	ops(total)-w	ops/sec(cum)-w	avg(ms)-w	p50(ms)-w	p95(ms)-w	p99(ms)-w	pMax(ms)-w	total-w	elapsed	errors	ops(total)	ops/sec(cum)	avg(ms)	p50(ms)	p95(ms)	p99(ms)	pMax(ms)
47	0.0	0.0	1930085.0	64334.2	4.8374999999999995	4.2625	11.45	18.212500000000002	65.525	0.0	0.0	0.0	101769.0	3392.2000000000003	8.7375	8.2125	19.025000000000002	27.025000000000002	58.175	0.0	0.0	0.0	2031854.0	67726.3	5.0375	4.375	12.349999999999998	19.275000000000002	66.05
