concurrency	elapsed-r	errors-r	ops(total)-r	ops/sec(cum)-r	avg(ms)-r	p50(ms)-r	p95(ms)-r	p99(ms)-r	pMax(ms)-r	total-r	elapsed-w	errors-w	ops(total)-w	ops/sec(cum)-w	avg(ms)-w	p50(ms)-w	p95(ms)-w	p99(ms)-w	pMax(ms)-w	total-w	elapsed	errors	ops(total)	ops/sec(cum)	avg(ms)	p50(ms)	p95(ms)	p99(ms)	pMax(ms)
24	0.0	0.0	657703.0	21923.1	2.3	1.7666666666666666	4.2	15.533333333333331	167.79999999999998	0.0	0.0	0.0	34476.0	1149.2	1.1333333333333333	0.9	2.766666666666667	5.933333333333334	42.63333333333333	0.0	0.0	0.0	692179.0	23072.300000000003	2.2	1.6000000000000003	4.2	15.199999999999998	167.79999999999998
