concurrency	elapsed-r	errors-r	ops(total)-r	ops/sec(cum)-r	avg(ms)-r	p50(ms)-r	p95(ms)-r	p99(ms)-r	pMax(ms)-r	total-r	elapsed-w	errors-w	ops(total)-w	ops/sec(cum)-w	avg(ms)-w	p50(ms)-w	p95(ms)-w	p99(ms)-w	pMax(ms)-w	total-w	elapsed	errors	ops(total)	ops/sec(cum)	avg(ms)	p50(ms)	p95(ms)	p99(ms)	pMax(ms)
55	0.0	0.0	1924614.0	64151.299999999996	5.8125	4.7250000000000005	13.775	20.95	77.075	0.0	0.0	0.0	101179.0	3372.4	8.3625	5.2749999999999995	23.599999999999998	33.987500000000004	65.2625	0.0	0.0	0.0	2025793.0	67523.9	5.95	4.7250000000000005	14.275	22.549999999999997	78.9125
