concurrency	elapsed-r	errors-r	ops(total)-r	ops/sec(cum)-r	avg(ms)-r	p50(ms)-r	p95(ms)-r	p99(ms)-r	pMax(ms)-r	total-r	elapsed	errors	ops(total)	ops/sec(cum)	avg(ms)	p50(ms)	p95(ms)	p99(ms)	pMax(ms)
31	0.0	0.0	1547089.0	51568.49999999999	4.4125	4.012499999999999	9.475000000000001	14.262500000000001	49.425	0.0	0.0	0.0	1547089.0	51568.49999999999	4.4125	4.012499999999999	9.475000000000001	14.262500000000001	49.425
