concurrency	elapsed-r	errors-r	ops(total)-r	ops/sec(cum)-r	avg(ms)-r	p50(ms)-r	p95(ms)-r	p99(ms)-r	pMax(ms)-r	total-r	elapsed	errors	ops(total)	ops/sec(cum)	avg(ms)	p50(ms)	p95(ms)	p99(ms)	pMax(ms)
23	0.0	0.0	1391545.0	46384.0	3.8	3.4749999999999996	7.2	10.774999999999999	26.749999999999996	0.0	0.0	0.0	1391545.0	46384.0	3.8	3.4749999999999996	7.2	10.774999999999999	26.749999999999996
