concurrency	elapsed-r	errors-r	ops(total)-r	ops/sec(cum)-r	avg(ms)-r	p50(ms)-r	p95(ms)-r	p99(ms)-r	pMax(ms)-r	total-r	elapsed-w	errors-w	ops(total)-w	ops/sec(cum)-w	avg(ms)-w	p50(ms)-w	p95(ms)-w	p99(ms)-w	pMax(ms)-w	total-w	elapsed	errors	ops(total)	ops/sec(cum)	avg(ms)	p50(ms)	p95(ms)	p99(ms)	pMax(ms)
128	0.0	0.0	4634399.0	154468.5	3.84	3.28	8.36	16.4	183.7	0.0	0.0	0.0	243623.0	8120.2	10.82	10.059999999999999	21.780000000000005	29.879999999999995	133.57999999999998	0.0	0.0	0.0	4878022.0	162588.5	4.2	3.3	11.440000000000001	19.3	189.57999999999998
