concurrency	elapsed-r	errors-r	ops(total)-r	ops/sec(cum)-r	avg(ms)-r	p50(ms)-r	p95(ms)-r	p99(ms)-r	pMax(ms)-r	total-r	elapsed-w	errors-w	ops(total)-w	ops/sec(cum)-w	avg(ms)-w	p50(ms)-w	p95(ms)-w	p99(ms)-w	pMax(ms)-w	total-w	elapsed	errors	ops(total)	ops/sec(cum)	avg(ms)	p50(ms)	p95(ms)	p99(ms)	pMax(ms)
41	0.0	0.0	3189263.0	106306.1	2.5625	2.375	4.5	8.3125	54.26249999999999	0.0	0.0	0.0	168146.0	5604.6	2.65	2.375	5.262499999999999	9.2625	25.037499999999998	0.0	0.0	0.0	3357409.0	111910.6	2.5749999999999997	2.375	4.5	8.3125	54.26249999999999
