concurrency	elapsed-r	errors-r	ops(total)-r	ops/sec(cum)-r	avg(ms)-r	p50(ms)-r	p95(ms)-r	p99(ms)-r	pMax(ms)-r	total-r	elapsed-w	errors-w	ops(total)-w	ops/sec(cum)-w	avg(ms)-w	p50(ms)-w	p95(ms)-w	p99(ms)-w	pMax(ms)-w	total-w	elapsed	errors	ops(total)	ops/sec(cum)	avg(ms)	p50(ms)	p95(ms)	p99(ms)	pMax(ms)
149	0.0	0.0	4713731.0	157114.9	4.34	3.5	10.98	19.080000000000002	225.67999999999998	0.0	0.0	0.0	247698.0	8256.1	13.84	12.639999999999999	28.6	37.86	196.72	0.0	0.0	0.0	4961429.0	165371.0	4.779999999999999	3.66	14.38	24.080000000000002	225.67999999999998
