concurrency	elapsed-w	errors-w	ops(total)-w	ops/sec(cum)-w	avg(ms)-w	p50(ms)-w	p95(ms)-w	p99(ms)-w	pMax(ms)-w	total-w	elapsed	errors	ops(total)	ops/sec(cum)	avg(ms)	p50(ms)	p95(ms)	p99(ms)	pMax(ms)
48	0.0	0.0	564562.0	18818.100000000002	19.974999999999998	18.6875	44.7875	59.4875	185.06250000000003	0.0	0.0	0.0	564562.0	18818.100000000002	19.974999999999998	18.6875	44.7875	59.4875	185.06250000000003
