concurrency	elapsed-r	errors-r	ops(total)-r	ops/sec(cum)-r	avg(ms)-r	p50(ms)-r	p95(ms)-r	p99(ms)-r	pMax(ms)-r	total-r	elapsed-w	errors-w	ops(total)-w	ops/sec(cum)-w	avg(ms)-w	p50(ms)-w	p95(ms)-w	p99(ms)-w	pMax(ms)-w	total-w	elapsed	errors	ops(total)	ops/sec(cum)	avg(ms)	p50(ms)	p95(ms)	p99(ms)	pMax(ms)
85	0.0	0.0	197322.0	3288.7000000000003	5.6499999999999995	2.6999999999999997	9.575	91.25	654.3	0.0	0.0	0.0	10101.0	168.3	75.75	68.675	188.7	255.87499999999997	1065.35	0.0	0.0	0.0	207423.0	3456.8999999999996	9.075	2.725	27.25	161.5	1065.35
