concurrency	elapsed-r	errors-r	ops(total)-r	ops/sec(cum)-r	avg(ms)-r	p50(ms)-r	p95(ms)-r	p99(ms)-r	pMax(ms)-r	total-r	elapsed-w	errors-w	ops(total)-w	ops/sec(cum)-w	avg(ms)-w	p50(ms)-w	p95(ms)-w	p99(ms)-w	pMax(ms)-w	total-w	elapsed	errors	ops(total)	ops/sec(cum)	avg(ms)	p50(ms)	p95(ms)	p99(ms)	pMax(ms)
24	0.0	0.0	1376262.0	45874.6	1.6	1.3800000000000001	3.3599999999999994	8.22	52.81999999999999	0.0	0.0	0.0	72331.0	2411.0	3.02	2.5	7.6	20.560000000000002	46.519999999999996	0.0	0.0	0.0	1448593.0	48285.5	1.7	1.4	3.7	8.9	52.81999999999999
