concurrency	elapsed-r	errors-r	ops(total)-r	ops/sec(cum)-r	avg(ms)-r	p50(ms)-r	p95(ms)-r	p99(ms)-r	pMax(ms)-r	total-r	elapsed-w	errors-w	ops(total)-w	ops/sec(cum)-w	avg(ms)-w	p50(ms)-w	p95(ms)-w	p99(ms)-w	pMax(ms)-w	total-w	elapsed	errors	ops(total)	ops/sec(cum)	avg(ms)	p50(ms)	p95(ms)	p99(ms)	pMax(ms)
55	0.0	0.0	3317455.0	110578.7	3.3499999999999996	3.0999999999999996	5.9	11.3875	67.1125	0.0	0.0	0.0	174959.0	5831.599999999999	3.55	3.2249999999999996	6.2749999999999995	11.825	54.650000000000006	0.0	0.0	0.0	3492414.0	116410.50000000001	3.3625	3.0999999999999996	5.9125	11.3875	67.6375
