concurrency	elapsed-w	errors-w	ops(total)-w	ops/sec(cum)-w	avg(ms)-w	p50(ms)-w	p95(ms)-w	p99(ms)-w	pMax(ms)-w	total-w	elapsed	errors	ops(total)	ops/sec(cum)	avg(ms)	p50(ms)	p95(ms)	p99(ms)	pMax(ms)
19	0.0	0.0	392991.0	13099.4	11.375	2.2249999999999996	5.9875	302.0	354.40000000000003	0.0	0.0	0.0	392991.0	13099.4	11.375	2.2249999999999996	5.9875	302.0	354.40000000000003
