concurrency	elapsed-r	errors-r	ops(total)-r	ops/sec(cum)-r	avg(ms)-r	p50(ms)-r	p95(ms)-r	p99(ms)-r	pMax(ms)-r	total-r	elapsed-w	errors-w	ops(total)-w	ops/sec(cum)-w	avg(ms)-w	p50(ms)-w	p95(ms)-w	p99(ms)-w	pMax(ms)-w	total-w	elapsed	errors	ops(total)	ops/sec(cum)	avg(ms)	p50(ms)	p95(ms)	p99(ms)	pMax(ms)
64	0.0	0.0	3960082.0	131998.1	2.4199999999999995	1.98	5.66	12.8	62.540000000000006	0.0	0.0	0.0	207959.0	6931.8	4.74	3.9800000000000004	11.32	17.240000000000002	54.56	0.0	0.0	0.0	4168041.0	138929.8	2.54	2.04	6.18	12.86	62.540000000000006
