concurrency	elapsed-r	errors-r	ops(total)-r	ops/sec(cum)-r	avg(ms)-r	p50(ms)-r	p95(ms)-r	p99(ms)-r	pMax(ms)-r	total-r	elapsed	errors	ops(total)	ops/sec(cum)	avg(ms)	p50(ms)	p95(ms)	p99(ms)	pMax(ms)
32	0.0	0.0	1292523.0	43083.200000000004	5.8125	5.25	11.774999999999999	17.55	44.0	0.0	0.0	0.0	1292523.0	43083.200000000004	5.8125	5.25	11.774999999999999	17.55	44.0
