concurrency	elapsed-r	errors-r	ops(total)-r	ops/sec(cum)-r	avg(ms)-r	p50(ms)-r	p95(ms)-r	p99(ms)-r	pMax(ms)-r	total-r	elapsed-w	errors-w	ops(total)-w	ops/sec(cum)-w	avg(ms)-w	p50(ms)-w	p95(ms)-w	p99(ms)-w	pMax(ms)-w	total-w	elapsed	errors	ops(total)	ops/sec(cum)	avg(ms)	p50(ms)	p95(ms)	p99(ms)	pMax(ms)
31	0.0	0.0	2979735.0	99322.79999999999	2.0625	1.95	3.6	6.625	27.012500000000003	0.0	0.0	0.0	156288.0	5209.5	2.375	2.075	5.5375	8.3875	24.375	0.0	0.0	0.0	3136023.0	104532.2	2.075	1.9625000000000001	3.6249999999999996	6.75	28.062500000000004
