concurrency	elapsed-r	errors-r	ops(total)-r	ops/sec(cum)-r	avg(ms)-r	p50(ms)-r	p95(ms)-r	p99(ms)-r	pMax(ms)-r	total-r	elapsed-w	errors-w	ops(total)-w	ops/sec(cum)-w	avg(ms)-w	p50(ms)-w	p95(ms)-w	p99(ms)-w	pMax(ms)-w	total-w	elapsed	errors	ops(total)	ops/sec(cum)	avg(ms)	p50(ms)	p95(ms)	p99(ms)	pMax(ms)
159	0.0	0.0	3520882.0	117355.40000000001	6.25	5.025	15.774999999999999	25.925	311.7	0.0	0.0	0.0	184837.0	6160.799999999999	18.375	16.9	37.224999999999994	49.8	286.525	0.0	0.0	0.0	3705719.0	123516.40000000001	6.800000000000001	5.225	18.575	31.425	320.075
