concurrency	elapsed-r	errors-r	ops(total)-r	ops/sec(cum)-r	avg(ms)-r	p50(ms)-r	p95(ms)-r	p99(ms)-r	pMax(ms)-r	total-r	elapsed-w	errors-w	ops(total)-w	ops/sec(cum)-w	avg(ms)-w	p50(ms)-w	p95(ms)-w	p99(ms)-w	pMax(ms)-w	total-w	elapsed	errors	ops(total)	ops/sec(cum)	avg(ms)	p50(ms)	p95(ms)	p99(ms)	pMax(ms)
47	0.0	0.0	3350926.0	111693.5	2.8750000000000004	2.6125	4.9	12.0125	71.5375	0.0	0.0	0.0	176628.0	5887.4	2.8750000000000004	2.6125	4.875	12.137500000000001	67.6125	0.0	0.0	0.0	3527554.0	117580.79999999999	2.8750000000000004	2.6125	4.9	12.0125	71.5375
