concurrency	elapsed-r	errors-r	ops(total)-r	ops/sec(cum)-r	avg(ms)-r	p50(ms)-r	p95(ms)-r	p99(ms)-r	pMax(ms)-r	total-r	elapsed-w	errors-w	ops(total)-w	ops/sec(cum)-w	avg(ms)-w	p50(ms)-w	p95(ms)-w	p99(ms)-w	pMax(ms)-w	total-w	elapsed	errors	ops(total)	ops/sec(cum)	avg(ms)	p50(ms)	p95(ms)	p99(ms)	pMax(ms)
30	0.0	0.0	1907626.0	63586.2	3.1	2.75	7.15	11.95	78.3625	0.0	0.0	0.0	100099.0	3336.5999999999995	5.8375	5.362500000000001	12.912499999999998	18.625000000000004	38.65	0.0	0.0	0.0	2007725.0	66922.7	3.2375	2.8000000000000003	7.7875	12.662499999999998	78.3625
