ops/sec(cum)	p50(ms)	p99(ms)	read_tp	read_p50	read_p99	write_tp	write_p50	write_p99
169826.50000000003	0.22316666666666665	1.356	161343.15000000002	0.22133333333333333	1.356	8482.35	0.225	1.3736666666666668
