concurrency	elapsed-r	errors-r	ops(total)-r	ops/sec(cum)-r	avg(ms)-r	p50(ms)-r	p95(ms)-r	p99(ms)-r	pMax(ms)-r	total-r	elapsed-w	errors-w	ops(total)-w	ops/sec(cum)-w	avg(ms)-w	p50(ms)-w	p95(ms)-w	p99(ms)-w	pMax(ms)-w	total-w	elapsed	errors	ops(total)	ops/sec(cum)	avg(ms)	p50(ms)	p95(ms)	p99(ms)	pMax(ms)
31	0.0	0.0	1940243.0	64673.3	3.175	2.8374999999999995	7.025	11.8	33.025000000000006	0.0	0.0	0.0	102187.0	3406.1000000000004	5.625	5.275	12.099999999999998	17.675	35.5375	0.0	0.0	0.0	2042430.0	68079.4	3.2875	2.8874999999999997	7.5625	12.474999999999998	38.275
