concurrency	elapsed-r	errors-r	ops(total)-r	ops/sec(cum)-r	avg(ms)-r	p50(ms)-r	p95(ms)-r	p99(ms)-r	pMax(ms)-r	total-r	elapsed	errors	ops(total)	ops/sec(cum)	avg(ms)	p50(ms)	p95(ms)	p99(ms)	pMax(ms)
40	0.0	0.0	1294297.0	43142.00000000001	7.35	6.4624999999999995	15.712499999999999	24.4125	59.487500000000004	0.0	0.0	0.0	1294297.0	43142.00000000001	7.35	6.4624999999999995	15.712499999999999	24.4125	59.487500000000004
