concurrency	elapsed-r	errors-r	ops(total)-r	ops/sec(cum)-r	avg(ms)-r	p50(ms)-r	p95(ms)-r	p99(ms)-r	pMax(ms)-r	total-r	elapsed-w	errors-w	ops(total)-w	ops/sec(cum)-w	avg(ms)-w	p50(ms)-w	p95(ms)-w	p99(ms)-w	pMax(ms)-w	total-w	elapsed	errors	ops(total)	ops/sec(cum)	avg(ms)	p50(ms)	p95(ms)	p99(ms)	pMax(ms)
144	0.0	0.0	2915669.0	97182.09999999999	6.6	5.16	17.68	29.139999999999997	630.8199999999999	0.0	0.0	0.0	153333.0	5110.799999999999	23.8	21.3	51.58	67.34	535.2	0.0	0.0	0.0	3069002.0	102292.9	7.4799999999999995	5.34	22.22	39.4	630.8199999999999
