concurrency	elapsed-r	errors-r	ops(total)-r	ops/sec(cum)-r	avg(ms)-r	p50(ms)-r	p95(ms)-r	p99(ms)-r	pMax(ms)-r	total-r	elapsed-w	errors-w	ops(total)-w	ops/sec(cum)-w	avg(ms)-w	p50(ms)-w	p95(ms)-w	p99(ms)-w	pMax(ms)-w	total-w	elapsed	errors	ops(total)	ops/sec(cum)	avg(ms)	p50(ms)	p95(ms)	p99(ms)	pMax(ms)
28	0.0	0.0	2878903.0	95961.4	2.025	1.7625000000000002	4.025	6.3999999999999995	45.875	0.0	0.0	0.0	151584.0	5052.799999999999	1.9375	1.7375	3.8249999999999997	6.1375	18.2125	0.0	0.0	0.0	3030487.0	101014.09999999999	2.025	1.7625000000000002	4.025	6.3625	46.0
