concurrency	elapsed-r	errors-r	ops(total)-r	ops/sec(cum)-r	avg(ms)-r	p50(ms)-r	p95(ms)-r	p99(ms)-r	pMax(ms)-r	total-r	elapsed-w	errors-w	ops(total)-w	ops/sec(cum)-w	avg(ms)-w	p50(ms)-w	p95(ms)-w	p99(ms)-w	pMax(ms)-w	total-w	elapsed	errors	ops(total)	ops/sec(cum)	avg(ms)	p50(ms)	p95(ms)	p99(ms)	pMax(ms)
14	0.0	0.0	605615.0	20186.7	3.4500000000000006	2.375	10.625	15.137500000000001	33.0375	0.0	0.0	0.0	31515.0	1050.5000000000002	35.974999999999994	5.375	308.29999999999995	352.30000000000007	396.4	0.0	0.0	0.0	637130.0	21237.3	5.0625	2.45	10.9375	17.4875	396.4
