concurrency	elapsed-w	errors-w	ops(total)-w	ops/sec(cum)-w	avg(ms)-w	p50(ms)-w	p95(ms)-w	p99(ms)-w	pMax(ms)-w	total-w	elapsed	errors	ops(total)	ops/sec(cum)	avg(ms)	p50(ms)	p95(ms)	p99(ms)	pMax(ms)
40	0.0	0.0	3678082.0	122600.40000000001	2.3375000000000004	2.3	3.925	7.3375	29.375000000000004	0.0	0.0	0.0	3678082.0	122600.40000000001	2.3375000000000004	2.3	3.925	7.3375	29.375000000000004
