concurrency	elapsed-r	errors-r	ops(total)-r	ops/sec(cum)-r	avg(ms)-r	p50(ms)-r	p95(ms)-r	p99(ms)-r	pMax(ms)-r	total-r	elapsed-w	errors-w	ops(total)-w	ops/sec(cum)-w	avg(ms)-w	p50(ms)-w	p95(ms)-w	p99(ms)-w	pMax(ms)-w	total-w	elapsed	errors	ops(total)	ops/sec(cum)	avg(ms)	p50(ms)	p95(ms)	p99(ms)	pMax(ms)
60	0.0	0.0	1939333.0	64641.5	6.2	5.45	14.825000000000001	23.075	117.425	0.0	0.0	0.0	101948.0	3398.2999999999997	11.6375	10.875	25.812499999999996	36.699999999999996	93.0625	0.0	0.0	0.0	2041281.0	68039.5	6.4875	5.575	15.75	25.174999999999997	118.47500000000001
