concurrency	elapsed-r	errors-r	ops(total)-r	ops/sec(cum)-r	avg(ms)-r	p50(ms)-r	p95(ms)-r	p99(ms)-r	pMax(ms)-r	total-r	elapsed-w	errors-w	ops(total)-w	ops/sec(cum)-w	avg(ms)-w	p50(ms)-w	p95(ms)-w	p99(ms)-w	pMax(ms)-w	total-w	elapsed	errors	ops(total)	ops/sec(cum)	avg(ms)	p50(ms)	p95(ms)	p99(ms)	pMax(ms)
45	0.0	0.0	3469860.0	115658.6	2.7500000000000004	2.35	7.7250000000000005	10.875	121.11250000000001	0.0	0.0	0.0	183069.0	6102.1	2.775	2.375	7.7625	10.875	101.19999999999999	0.0	0.0	0.0	3652929.0	121760.79999999999	2.7500000000000004	2.35	7.7250000000000005	10.875	151.525
