concurrency	elapsed-r	errors-r	ops(total)-r	ops/sec(cum)-r	avg(ms)-r	p50(ms)-r	p95(ms)-r	p99(ms)-r	pMax(ms)-r	total-r	elapsed	errors	ops(total)	ops/sec(cum)	avg(ms)	p50(ms)	p95(ms)	p99(ms)	pMax(ms)
63	0.0	0.0	1561325.0	52042.299999999996	9.0375	8.112499999999999	19.900000000000002	28.050000000000004	106.175	0.0	0.0	0.0	1561325.0	52042.299999999996	9.0375	8.112499999999999	19.900000000000002	28.050000000000004	106.175
