concurrency	elapsed-w	errors-w	ops(total)-w	ops/sec(cum)-w	avg(ms)-w	p50(ms)-w	p95(ms)-w	p99(ms)-w	pMax(ms)-w	total-w	elapsed	errors	ops(total)	ops/sec(cum)	avg(ms)	p50(ms)	p95(ms)	p99(ms)	pMax(ms)
48	0.0	0.0	744319.0	24809.800000000003	15.012500000000001	13.124999999999998	34.512499999999996	47.675	190.28750000000002	0.0	0.0	0.0	744319.0	24809.800000000003	15.012500000000001	13.124999999999998	34.512499999999996	47.675	190.28750000000002
