concurrency	elapsed-r	errors-r	ops(total)-r	ops/sec(cum)-r	avg(ms)-r	p50(ms)-r	p95(ms)-r	p99(ms)-r	pMax(ms)-r	total-r	elapsed	errors	ops(total)	ops/sec(cum)	avg(ms)	p50(ms)	p95(ms)	p99(ms)	pMax(ms)
31	0.0	0.0	5504470.0	183479.89999999997	1.1	1.0125	1.7874999999999999	3.4	215.99999999999997	0.0	0.0	0.0	5504470.0	183479.89999999997	1.1	1.0125	1.7874999999999999	3.4	215.99999999999997
