concurrency	elapsed-r	errors-r	ops(total)-r	ops/sec(cum)-r	avg(ms)-r	p50(ms)-r	p95(ms)-r	p99(ms)-r	pMax(ms)-r	total-r	elapsed-w	errors-w	ops(total)-w	ops/sec(cum)-w	avg(ms)-w	p50(ms)-w	p95(ms)-w	p99(ms)-w	pMax(ms)-w	total-w	elapsed	errors	ops(total)	ops/sec(cum)	avg(ms)	p50(ms)	p95(ms)	p99(ms)	pMax(ms)
145	0.0	0.0	2815306.0	93836.4	7.26	5.68	19.22	30.82	635.8599999999999	0.0	0.0	0.0	148896.0	4962.8	25.860000000000003	24.1	52.419999999999995	67.14	493.26000000000005	0.0	0.0	0.0	2964202.0	98799.3	8.18	5.860000000000001	24.1	40.68	635.8599999999999
