concurrency	elapsed-r	errors-r	ops(total)-r	ops/sec(cum)-r	avg(ms)-r	p50(ms)-r	p95(ms)-r	p99(ms)-r	pMax(ms)-r	total-r	elapsed-w	errors-w	ops(total)-w	ops/sec(cum)-w	avg(ms)-w	p50(ms)-w	p95(ms)-w	p99(ms)-w	pMax(ms)-w	total-w	elapsed	errors	ops(total)	ops/sec(cum)	avg(ms)	p50(ms)	p95(ms)	p99(ms)	pMax(ms)
87	0.0	0.0	2534878.0	84492.5	2.1666666666666665	1.4333333333333333	5.6000000000000005	9.266666666666667	26.36666666666667	0.0	0.0	0.0	133289.0	4442.8	19.7	2.6	105.53333333333335	120.93333333333332	151.0	0.0	0.0	0.0	2668167.0	88935.1	3.0	1.4666666666666668	5.8999999999999995	16.8	151.0
