concurrency	elapsed-r	errors-r	ops(total)-r	ops/sec(cum)-r	avg(ms)-r	p50(ms)-r	p95(ms)-r	p99(ms)-r	pMax(ms)-r	total-r	elapsed-w	errors-w	ops(total)-w	ops/sec(cum)-w	avg(ms)-w	p50(ms)-w	p95(ms)-w	p99(ms)-w	pMax(ms)-w	total-w	elapsed	errors	ops(total)	ops/sec(cum)	avg(ms)	p50(ms)	p95(ms)	p99(ms)	pMax(ms)
24	0.0	0.0	172202.0	5739.8	4.9125000000000005	4.9	8.6875	11.05	28.962500000000002	0.0	0.0	0.0	8987.0	299.6	536.4125	671.1	771.8000000000001	780.1750000000001	805.3000000000001	0.0	0.0	0.0	181189.0	6039.5	31.275000000000002	4.9375	11.487499999999999	738.1999999999999	805.3000000000001
