concurrency	elapsed-w	errors-w	ops(total)-w	ops/sec(cum)-w	avg(ms)-w	p50(ms)-w	p95(ms)-w	p99(ms)-w	pMax(ms)-w	total-w	elapsed	errors	ops(total)	ops/sec(cum)	avg(ms)	p50(ms)	p95(ms)	p99(ms)	pMax(ms)
43	0.0	0.0	3637757.0	121255.8	2.6125	2.6	4.5	7.937499999999999	28.312500000000004	0.0	0.0	0.0	3637757.0	121255.8	2.6125	2.6	4.5	7.937499999999999	28.312500000000004
