concurrency	elapsed-r	errors-r	ops(total)-r	ops/sec(cum)-r	avg(ms)-r	p50(ms)-r	p95(ms)-r	p99(ms)-r	pMax(ms)-r	total-r	elapsed	errors	ops(total)	ops/sec(cum)	avg(ms)	p50(ms)	p95(ms)	p99(ms)	pMax(ms)
12	0.0	0.0	1145788.0	38192.5	2.3375	2.25	3.8499999999999996	5.937500000000001	17.825	0.0	0.0	0.0	1145788.0	38192.5	2.3375	2.25	3.8499999999999996	5.937500000000001	17.825
