concurrency	elapsed-r	errors-r	ops(total)-r	ops/sec(cum)-r	avg(ms)-r	p50(ms)-r	p95(ms)-r	p99(ms)-r	pMax(ms)-r	total-r	elapsed-w	errors-w	ops(total)-w	ops/sec(cum)-w	avg(ms)-w	p50(ms)-w	p95(ms)-w	p99(ms)-w	pMax(ms)-w	total-w	elapsed	errors	ops(total)	ops/sec(cum)	avg(ms)	p50(ms)	p95(ms)	p99(ms)	pMax(ms)
42	0.0	0.0	3321172.0	110703.1	2.5625	2.4000000000000004	4.275	8.5	56.21249999999999	0.0	0.0	0.0	175467.0	5848.7	2.6750000000000003	2.5000000000000004	4.7	9.0375	24.05	0.0	0.0	0.0	3496639.0	116551.9	2.5625	2.4000000000000004	4.275	8.5	56.21249999999999
