concurrency	elapsed-r	errors-r	ops(total)-r	ops/sec(cum)-r	avg(ms)-r	p50(ms)-r	p95(ms)-r	p99(ms)-r	pMax(ms)-r	total-r	elapsed-w	errors-w	ops(total)-w	ops/sec(cum)-w	avg(ms)-w	p50(ms)-w	p95(ms)-w	p99(ms)-w	pMax(ms)-w	total-w	elapsed	errors	ops(total)	ops/sec(cum)	avg(ms)	p50(ms)	p95(ms)	p99(ms)	pMax(ms)
39	0.0	0.0	1450377.0	48344.4	2.0	1.4125	5.9125	10.225	96.5	0.0	0.0	0.0	76062.0	2535.2999999999997	80.04999999999998	2.55	1019.2125000000001	1208.0	1283.4875000000002	0.0	0.0	0.0	1526439.0	50879.7	5.875	1.4500000000000002	6.25	12.0125	1283.4875000000002
