concurrency	elapsed-r	errors-r	ops(total)-r	ops/sec(cum)-r	avg(ms)-r	p50(ms)-r	p95(ms)-r	p99(ms)-r	pMax(ms)-r	total-r	elapsed-w	errors-w	ops(total)-w	ops/sec(cum)-w	avg(ms)-w	p50(ms)-w	p95(ms)-w	p99(ms)-w	pMax(ms)-w	total-w	elapsed	errors	ops(total)	ops/sec(cum)	avg(ms)	p50(ms)	p95(ms)	p99(ms)	pMax(ms)
42	0.0	0.0	3351879.0	111726.59999999998	2.5500000000000003	2.325	4.275	9.325	130.7875	0.0	0.0	0.0	176570.0	5885.500000000001	2.5875	2.325	4.3875	9.725	32.2375	0.0	0.0	0.0	3528449.0	117612.2	2.5500000000000003	2.325	4.275	9.325	131.04999999999998
