concurrency	elapsed-r	errors-r	ops(total)-r	ops/sec(cum)-r	avg(ms)-r	p50(ms)-r	p95(ms)-r	p99(ms)-r	pMax(ms)-r	total-r	elapsed-w	errors-w	ops(total)-w	ops/sec(cum)-w	avg(ms)-w	p50(ms)-w	p95(ms)-w	p99(ms)-w	pMax(ms)-w	total-w	elapsed	errors	ops(total)	ops/sec(cum)	avg(ms)	p50(ms)	p95(ms)	p99(ms)	pMax(ms)
14	0.0	0.0	921146.0	30704.4	1.725	1.3125	3.7749999999999995	5.300000000000001	15.925	0.0	0.0	0.0	48376.0	1612.6	33.3625	2.3	137.35	151.0	188.7125	0.0	0.0	0.0	969522.0	32316.900000000005	3.2749999999999995	1.3375000000000001	4.075	115.3	188.7125
