concurrency	elapsed-r	errors-r	ops(total)-r	ops/sec(cum)-r	avg(ms)-r	p50(ms)-r	p95(ms)-r	p99(ms)-r	pMax(ms)-r	total-r	elapsed	errors	ops(total)	ops/sec(cum)	avg(ms)	p50(ms)	p95(ms)	p99(ms)	pMax(ms)
46	0.0	0.0	980193.0	32672.1	11.400000000000002	10.225	24.500000000000004	36.925	94.39999999999999	0.0	0.0	0.0	980193.0	32672.1	11.400000000000002	10.225	24.500000000000004	36.925	94.39999999999999
