concurrency	elapsed-r	errors-r	ops(total)-r	ops/sec(cum)-r	avg(ms)-r	p50(ms)-r	p95(ms)-r	p99(ms)-r	pMax(ms)-r	total-r	elapsed-w	errors-w	ops(total)-w	ops/sec(cum)-w	avg(ms)-w	p50(ms)-w	p95(ms)-w	p99(ms)-w	pMax(ms)-w	total-w	elapsed	errors	ops(total)	ops/sec(cum)	avg(ms)	p50(ms)	p95(ms)	p99(ms)	pMax(ms)
56	0.0	0.0	3432090.0	114400.0	3.3500000000000005	3.1499999999999995	5.7375	10.6625	100.66250000000001	0.0	0.0	0.0	180429.0	6014.2	3.375	3.1499999999999995	5.7749999999999995	10.6625	25.175	0.0	0.0	0.0	3612519.0	120414.1	3.3500000000000005	3.1499999999999995	5.7375	10.725	100.66250000000001
