concurrency	elapsed-r	errors-r	ops(total)-r	ops/sec(cum)-r	avg(ms)-r	p50(ms)-r	p95(ms)-r	p99(ms)-r	pMax(ms)-r	total-r	elapsed-w	errors-w	ops(total)-w	ops/sec(cum)-w	avg(ms)-w	p50(ms)-w	p95(ms)-w	p99(ms)-w	pMax(ms)-w	total-w	elapsed	errors	ops(total)	ops/sec(cum)	avg(ms)	p50(ms)	p95(ms)	p99(ms)	pMax(ms)
46	0.0	0.0	1936362.0	64543.0	4.725	4.1625	11.0625	17.55	62.37500000000001	0.0	0.0	0.0	101914.0	3397.0	8.775	8.225	19.400000000000002	26.8875	62.37500000000001	0.0	0.0	0.0	2038276.0	67940.09999999999	4.925	4.225	11.799999999999999	18.625	68.9375
