concurrency	elapsed-r	errors-r	ops(total)-r	ops/sec(cum)-r	avg(ms)-r	p50(ms)-r	p95(ms)-r	p99(ms)-r	pMax(ms)-r	total-r	elapsed-w	errors-w	ops(total)-w	ops/sec(cum)-w	avg(ms)-w	p50(ms)-w	p95(ms)-w	p99(ms)-w	pMax(ms)-w	total-w	elapsed	errors	ops(total)	ops/sec(cum)	avg(ms)	p50(ms)	p95(ms)	p99(ms)	pMax(ms)
47	0.0	0.0	2330948.0	51797.9	2.8	1.72	9.3	21.4	201.3	0.0	0.0	0.0	122106.0	2713.4000000000005	7.4399999999999995	4.1	23.3	50.720000000000006	926.1200000000001	0.0	0.0	0.0	2453054.0	54511.200000000004	3.0	1.8	10.0	23.3	926.1200000000001
