concurrency	elapsed-r	errors-r	ops(total)-r	ops/sec(cum)-r	avg(ms)-r	p50(ms)-r	p95(ms)-r	p99(ms)-r	pMax(ms)-r	total-r	elapsed-w	errors-w	ops(total)-w	ops/sec(cum)-w	avg(ms)-w	p50(ms)-w	p95(ms)-w	p99(ms)-w	pMax(ms)-w	total-w	elapsed	errors	ops(total)	ops/sec(cum)	avg(ms)	p50(ms)	p95(ms)	p99(ms)	pMax(ms)
89	0.0	0.0	1615080.0	26917.7	3.3	1.875	10.35	26.775	80.75	0.0	0.0	0.0	84834.0	1413.8000000000002	6.949999999999999	3.675	25.175	43.475	93.325	0.0	0.0	0.0	1699914.0	28331.800000000003	3.5	1.9500000000000002	11.275	28.325000000000003	94.37499999999999
