concurrency	elapsed-r	errors-r	ops(total)-r	ops/sec(cum)-r	avg(ms)-r	p50(ms)-r	p95(ms)-r	p99(ms)-r	pMax(ms)-r	total-r	elapsed-w	errors-w	ops(total)-w	ops/sec(cum)-w	avg(ms)-w	p50(ms)-w	p95(ms)-w	p99(ms)-w	pMax(ms)-w	total-w	elapsed	errors	ops(total)	ops/sec(cum)	avg(ms)	p50(ms)	p95(ms)	p99(ms)	pMax(ms)
24	0.0	0.0	706975.0	23565.5	2.14	1.44	5.74	12.1	179.54000000000002	0.0	0.0	0.0	36905.0	1230.2	36.54	2.8600000000000003	201.3	221.45999999999998	567.0600000000001	0.0	0.0	0.0	743880.0	24795.5	3.84	1.5	6.180000000000001	22.639999999999997	567.0600000000001
