concurrency	elapsed-r	errors-r	ops(total)-r	ops/sec(cum)-r	avg(ms)-r	p50(ms)-r	p95(ms)-r	p99(ms)-r	pMax(ms)-r	total-r	elapsed-w	errors-w	ops(total)-w	ops/sec(cum)-w	avg(ms)-w	p50(ms)-w	p95(ms)-w	p99(ms)-w	pMax(ms)-w	total-w	elapsed	errors	ops(total)	ops/sec(cum)	avg(ms)	p50(ms)	p95(ms)	p99(ms)	pMax(ms)
22	0.0	0.0	1084726.0	36156.6	4.3875	4.5	8.175	9.4	25.162499999999994	0.0	0.0	0.0	57167.0	1905.4999999999998	5.112499999999999	4.8375	9.3625	13.562499999999998	68.14999999999999	0.0	0.0	0.0	1141893.0	38062.19999999999	4.45	4.5	8.175	9.625	68.14999999999999
