concurrency	elapsed-r	errors-r	ops(total)-r	ops/sec(cum)-r	avg(ms)-r	p50(ms)-r	p95(ms)-r	p99(ms)-r	pMax(ms)-r	total-r	elapsed-w	errors-w	ops(total)-w	ops/sec(cum)-w	avg(ms)-w	p50(ms)-w	p95(ms)-w	p99(ms)-w	pMax(ms)-w	total-w	elapsed	errors	ops(total)	ops/sec(cum)	avg(ms)	p50(ms)	p95(ms)	p99(ms)	pMax(ms)
55	0.0	0.0	1277085.0	42567.299999999996	8.825	7.949999999999999	19.925	28.325	147.33749999999998	0.0	0.0	0.0	67474.0	2249.1	16.4875	15.537500000000001	32.9375	44.0	112.975	0.0	0.0	0.0	1344559.0	44816.200000000004	9.225	8.1	21.1	30.425	161.47499999999997
