concurrency	elapsed-r	errors-r	ops(total)-r	ops/sec(cum)-r	avg(ms)-r	p50(ms)-r	p95(ms)-r	p99(ms)-r	pMax(ms)-r	total-r	elapsed-w	errors-w	ops(total)-w	ops/sec(cum)-w	avg(ms)-w	p50(ms)-w	p95(ms)-w	p99(ms)-w	pMax(ms)-w	total-w	elapsed	errors	ops(total)	ops/sec(cum)	avg(ms)	p50(ms)	p95(ms)	p99(ms)	pMax(ms)
34	0.0	0.0	3403054.0	113433.0	2.0	1.8250000000000002	3.125	6.6499999999999995	163.9625	0.0	0.0	0.0	179303.0	5976.6	2.4000000000000004	2.3	3.8	7.250000000000001	46.00000000000001	0.0	0.0	0.0	3582357.0	119409.8	2.0	1.8625	3.2249999999999996	6.6499999999999995	163.9625
