concurrency	elapsed-r	errors-r	ops(total)-r	ops/sec(cum)-r	avg(ms)-r	p50(ms)-r	p95(ms)-r	p99(ms)-r	pMax(ms)-r	total-r	elapsed-w	errors-w	ops(total)-w	ops/sec(cum)-w	avg(ms)-w	p50(ms)-w	p95(ms)-w	p99(ms)-w	pMax(ms)-w	total-w	elapsed	errors	ops(total)	ops/sec(cum)	avg(ms)	p50(ms)	p95(ms)	p99(ms)	pMax(ms)
71	0.0	0.0	2835323.0	94506.79999999999	3.62	2.84	8.74	17.82	114.54	0.0	0.0	0.0	149354.0	4978.200000000001	9.879999999999999	8.66	22.22	30.380000000000003	107.17999999999999	0.0	0.0	0.0	2984677.0	99485.09999999999	3.9200000000000004	2.96	11.3	19.48	115.16
