concurrency	elapsed-r	errors-r	ops(total)-r	ops/sec(cum)-r	avg(ms)-r	p50(ms)-r	p95(ms)-r	p99(ms)-r	pMax(ms)-r	total-r	elapsed-w	errors-w	ops(total)-w	ops/sec(cum)-w	avg(ms)-w	p50(ms)-w	p95(ms)-w	p99(ms)-w	pMax(ms)-w	total-w	elapsed	errors	ops(total)	ops/sec(cum)	avg(ms)	p50(ms)	p95(ms)	p99(ms)	pMax(ms)
46	0.0	0.0	3341111.0	111367.8	2.925	2.7624999999999997	7.499999999999999	10.6875	73.4	0.0	0.0	0.0	176014.0	5866.9	2.9375	2.7624999999999997	7.499999999999999	10.5625	21.25	0.0	0.0	0.0	3517125.0	117234.90000000001	2.925	2.7624999999999997	7.499999999999999	10.6875	73.4
