concurrency	elapsed-r	errors-r	ops(total)-r	ops/sec(cum)-r	avg(ms)-r	p50(ms)-r	p95(ms)-r	p99(ms)-r	pMax(ms)-r	total-r	elapsed-w	errors-w	ops(total)-w	ops/sec(cum)-w	avg(ms)-w	p50(ms)-w	p95(ms)-w	p99(ms)-w	pMax(ms)-w	total-w	elapsed	errors	ops(total)	ops/sec(cum)	avg(ms)	p50(ms)	p95(ms)	p99(ms)	pMax(ms)
161	0.0	0.0	4588679.0	152945.0	4.5	3.46	13.38	25.679999999999996	151.4	0.0	0.0	0.0	242046.0	8067.599999999999	24.38	13.219999999999999	30.919999999999998	413.74000000000007	1659.2599999999998	0.0	0.0	0.0	4830725.0	161012.5	5.5200000000000005	3.46	16.02	28.4	1659.6799999999998
