concurrency	elapsed-w	errors-w	ops(total)-w	ops/sec(cum)-w	avg(ms)-w	p50(ms)-w	p95(ms)-w	p99(ms)-w	pMax(ms)-w	total-w	elapsed	errors	ops(total)	ops/sec(cum)	avg(ms)	p50(ms)	p95(ms)	p99(ms)	pMax(ms)
47	0.0	0.0	740300.0	24675.8	14.799999999999999	12.175	35.775	49.77499999999999	160.42499999999998	0.0	0.0	0.0	740300.0	24675.8	14.799999999999999	12.175	35.775	49.77499999999999	160.42499999999998
