concurrency	elapsed-r	errors-r	ops(total)-r	ops/sec(cum)-r	avg(ms)-r	p50(ms)-r	p95(ms)-r	p99(ms)-r	pMax(ms)-r	total-r	elapsed-w	errors-w	ops(total)-w	ops/sec(cum)-w	avg(ms)-w	p50(ms)-w	p95(ms)-w	p99(ms)-w	pMax(ms)-w	total-w	elapsed	errors	ops(total)	ops/sec(cum)	avg(ms)	p50(ms)	p95(ms)	p99(ms)	pMax(ms)
50	0.0	0.0	3266583.0	108883.0	3.1374999999999997	2.825	5.425	12.762499999999998	41.387499999999996	0.0	0.0	0.0	171963.0	5731.8	3.2875000000000005	2.95	6.0375	13.6	37.612500000000004	0.0	0.0	0.0	3438546.0	114615.0	3.15	2.8375000000000004	5.4875	12.762499999999998	41.525
