concurrency	elapsed-r	errors-r	ops(total)-r	ops/sec(cum)-r	avg(ms)-r	p50(ms)-r	p95(ms)-r	p99(ms)-r	pMax(ms)-r	total-r	elapsed-w	errors-w	ops(total)-w	ops/sec(cum)-w	avg(ms)-w	p50(ms)-w	p95(ms)-w	p99(ms)-w	pMax(ms)-w	total-w	elapsed	errors	ops(total)	ops/sec(cum)	avg(ms)	p50(ms)	p95(ms)	p99(ms)	pMax(ms)
39	0.0	0.0	1706115.0	56868.7	4.6875	3.9125	10.85	17.15	105.38750000000002	0.0	0.0	0.0	89786.0	2992.8	7.1	4.7250000000000005	18.75	26.7375	95.43750000000001	0.0	0.0	0.0	1795901.0	59861.5	4.812500000000001	3.9125	11.424999999999999	18.25	123.225
