concurrency	elapsed-r	errors-r	ops(total)-r	ops/sec(cum)-r	avg(ms)-r	p50(ms)-r	p95(ms)-r	p99(ms)-r	pMax(ms)-r	total-r	elapsed-w	errors-w	ops(total)-w	ops/sec(cum)-w	avg(ms)-w	p50(ms)-w	p95(ms)-w	p99(ms)-w	pMax(ms)-w	total-w	elapsed	errors	ops(total)	ops/sec(cum)	avg(ms)	p50(ms)	p95(ms)	p99(ms)	pMax(ms)
18	0.0	0.0	276242.0	9207.8	7.425	2.2875	7.8125	167.79999999999998	905.9875	0.0	0.0	0.0	14267.0	475.49999999999994	153.82500000000002	24.1	352.30000000000007	754.9875	1501.575	0.0	0.0	0.0	290509.0	9683.2	14.612499999999999	2.3375	34.75	335.5	1501.575
