concurrency	elapsed-r	errors-r	ops(total)-r	ops/sec(cum)-r	avg(ms)-r	p50(ms)-r	p95(ms)-r	p99(ms)-r	pMax(ms)-r	total-r	elapsed	errors	ops(total)	ops/sec(cum)	avg(ms)	p50(ms)	p95(ms)	p99(ms)	pMax(ms)
26	0.0	0.0	1371240.0	45707.399999999994	2.1	1.975	3.525	6.15	17.174999999999997	0.0	0.0	0.0	1371240.0	45707.399999999994	2.1	1.975	3.525	6.15	17.174999999999997
