concurrency	elapsed-r	errors-r	ops(total)-r	ops/sec(cum)-r	avg(ms)-r	p50(ms)-r	p95(ms)-r	p99(ms)-r	pMax(ms)-r	total-r	elapsed-w	errors-w	ops(total)-w	ops/sec(cum)-w	avg(ms)-w	p50(ms)-w	p95(ms)-w	p99(ms)-w	pMax(ms)-w	total-w	elapsed	errors	ops(total)	ops/sec(cum)	avg(ms)	p50(ms)	p95(ms)	p99(ms)	pMax(ms)
135	0.0	0.0	4656671.0	155212.7	4.12	3.3600000000000003	11.18	18.56	155.8	0.0	0.0	0.0	245588.0	8185.700000000001	12.0	10.739999999999998	26.880000000000003	37.64	110.08000000000001	0.0	0.0	0.0	4902259.0	163398.59999999998	4.58	3.3800000000000003	13.180000000000001	22.04	155.8
