concurrency	elapsed-r	errors-r	ops(total)-r	ops/sec(cum)-r	avg(ms)-r	p50(ms)-r	p95(ms)-r	p99(ms)-r	pMax(ms)-r	total-r	elapsed	errors	ops(total)	ops/sec(cum)	avg(ms)	p50(ms)	p95(ms)	p99(ms)	pMax(ms)
48	0.0	0.0	1031625.0	34386.299999999996	11.3625	10.075000000000001	24.650000000000002	36.9375	96.48749999999998	0.0	0.0	0.0	1031625.0	34386.299999999996	11.3625	10.075000000000001	24.650000000000002	36.9375	96.48749999999998
