concurrency	elapsed-r	errors-r	ops(total)-r	ops/sec(cum)-r	avg(ms)-r	p50(ms)-r	p95(ms)-r	p99(ms)-r	pMax(ms)-r	total-r	elapsed-w	errors-w	ops(total)-w	ops/sec(cum)-w	avg(ms)-w	p50(ms)-w	p95(ms)-w	p99(ms)-w	pMax(ms)-w	total-w	elapsed	errors	ops(total)	ops/sec(cum)	avg(ms)	p50(ms)	p95(ms)	p99(ms)	pMax(ms)
32	0.0	0.0	3306393.0	110210.2	1.9124999999999999	1.8250000000000002	3.05	6.0249999999999995	30.1625	0.0	0.0	0.0	173982.0	5799.2	2.025	1.8625	3.7375	6.7375	19.524999999999995	0.0	0.0	0.0	3480375.0	116009.3	1.9249999999999998	1.8250000000000002	3.0749999999999997	6.124999999999999	30.2875
