concurrency	elapsed-r	errors-r	ops(total)-r	ops/sec(cum)-r	avg(ms)-r	p50(ms)-r	p95(ms)-r	p99(ms)-r	pMax(ms)-r	total-r	elapsed-w	errors-w	ops(total)-w	ops/sec(cum)-w	avg(ms)-w	p50(ms)-w	p95(ms)-w	p99(ms)-w	pMax(ms)-w	total-w	elapsed	errors	ops(total)	ops/sec(cum)	avg(ms)	p50(ms)	p95(ms)	p99(ms)	pMax(ms)
160	0.0	0.0	4579224.0	152629.3	5.380000000000001	4.319999999999999	13.6	22.04	160.64	0.0	0.0	0.0	240566.0	8018.200000000001	14.24	12.68	29.439999999999998	39.0	131.48	0.0	0.0	0.0	4819790.0	160647.6	5.8	4.459999999999999	16.299999999999997	25.76	161.48
