concurrency	elapsed-r	errors-r	ops(total)-r	ops/sec(cum)-r	avg(ms)-r	p50(ms)-r	p95(ms)-r	p99(ms)-r	pMax(ms)-r	total-r	elapsed-w	errors-w	ops(total)-w	ops/sec(cum)-w	avg(ms)-w	p50(ms)-w	p95(ms)-w	p99(ms)-w	pMax(ms)-w	total-w	elapsed	errors	ops(total)	ops/sec(cum)	avg(ms)	p50(ms)	p95(ms)	p99(ms)	pMax(ms)
40	0.0	0.0	564984.0	18832.2	3.4	2.4333333333333336	9.233333333333334	17.8	164.96666666666667	0.0	0.0	0.0	29932.0	997.7	40.3	4.7	318.8	369.1000000000001	1006.6	0.0	0.0	0.0	594916.0	19829.8	5.266666666666667	2.5	10.0	25.866666666666664	1006.6
