concurrency	elapsed-r	errors-r	ops(total)-r	ops/sec(cum)-r	avg(ms)-r	p50(ms)-r	p95(ms)-r	p99(ms)-r	pMax(ms)-r	total-r	elapsed-w	errors-w	ops(total)-w	ops/sec(cum)-w	avg(ms)-w	p50(ms)-w	p95(ms)-w	p99(ms)-w	pMax(ms)-w	total-w	elapsed	errors	ops(total)	ops/sec(cum)	avg(ms)	p50(ms)	p95(ms)	p99(ms)	pMax(ms)
55	0.0	0.0	3330999.0	111030.5	3.325	3.0500000000000003	5.824999999999999	11.937499999999998	39.162499999999994	0.0	0.0	0.0	175858.0	5861.9	3.5	3.1624999999999996	6.487499999999999	12.575000000000001	34.7125	0.0	0.0	0.0	3506857.0	116892.3	3.3625	3.0500000000000003	5.8625	11.937499999999998	39.162499999999994
