concurrency	elapsed-r	errors-r	ops(total)-r	ops/sec(cum)-r	avg(ms)-r	p50(ms)-r	p95(ms)-r	p99(ms)-r	pMax(ms)-r	total-r	elapsed	errors	ops(total)	ops/sec(cum)	avg(ms)	p50(ms)	p95(ms)	p99(ms)	pMax(ms)
47	0.0	0.0	959976.0	31998.1	11.925	10.837499999999999	25.775	36.4125	93.35	0.0	0.0	0.0	959976.0	31998.1	11.925	10.837499999999999	25.775	36.4125	93.35
