concurrency	elapsed-r	errors-r	ops(total)-r	ops/sec(cum)-r	avg(ms)-r	p50(ms)-r	p95(ms)-r	p99(ms)-r	pMax(ms)-r	total-r	elapsed-w	errors-w	ops(total)-w	ops/sec(cum)-w	avg(ms)-w	p50(ms)-w	p95(ms)-w	p99(ms)-w	pMax(ms)-w	total-w	elapsed	errors	ops(total)	ops/sec(cum)	avg(ms)	p50(ms)	p95(ms)	p99(ms)	pMax(ms)
144	0.0	0.0	2670421.0	89008.2	8.36	6.5600000000000005	21.82	33.34	676.1	0.0	0.0	0.0	140816.0	4693.5	28.54	27.020000000000003	57.06	73.02	605.6600000000001	0.0	0.0	0.0	2811237.0	93701.8	9.360000000000001	6.760000000000001	27.020000000000003	44.86	681.12
