concurrency	elapsed-r	errors-r	ops(total)-r	ops/sec(cum)-r	avg(ms)-r	p50(ms)-r	p95(ms)-r	p99(ms)-r	pMax(ms)-r	total-r	elapsed-w	errors-w	ops(total)-w	ops/sec(cum)-w	avg(ms)-w	p50(ms)-w	p95(ms)-w	p99(ms)-w	pMax(ms)-w	total-w	elapsed	errors	ops(total)	ops/sec(cum)	avg(ms)	p50(ms)	p95(ms)	p99(ms)	pMax(ms)
104	0.0	0.0	4563768.0	152118.7	3.0799999999999996	2.6399999999999997	6.44	14.319999999999999	105.72	0.0	0.0	0.0	239685.0	7989.200000000001	8.099999999999998	7.26	16.58	23.08	81.36	0.0	0.0	0.0	4803453.0	160107.80000000002	3.3600000000000003	2.7	8.48	15.780000000000001	105.72
