concurrency	elapsed-r	errors-r	ops(total)-r	ops/sec(cum)-r	avg(ms)-r	p50(ms)-r	p95(ms)-r	p99(ms)-r	pMax(ms)-r	total-r	elapsed-w	errors-w	ops(total)-w	ops/sec(cum)-w	avg(ms)-w	p50(ms)-w	p95(ms)-w	p99(ms)-w	pMax(ms)-w	total-w	elapsed	errors	ops(total)	ops/sec(cum)	avg(ms)	p50(ms)	p95(ms)	p99(ms)	pMax(ms)
27	0.0	0.0	174268.0	5808.6	4.8374999999999995	4.925	8.5625	10.725	26.300000000000004	0.0	0.0	0.0	9071.0	302.4	607.55	771.8000000000001	830.4999999999999	838.8999999999999	855.6499999999999	0.0	0.0	0.0	183339.0	6111.1	34.7125	4.987500000000001	11.399999999999999	805.3000000000001	855.6499999999999
