concurrency	elapsed-r	errors-r	ops(total)-r	ops/sec(cum)-r	avg(ms)-r	p50(ms)-r	p95(ms)-r	p99(ms)-r	pMax(ms)-r	total-r	elapsed-w	errors-w	ops(total)-w	ops/sec(cum)-w	avg(ms)-w	p50(ms)-w	p95(ms)-w	p99(ms)-w	pMax(ms)-w	total-w	elapsed	errors	ops(total)	ops/sec(cum)	avg(ms)	p50(ms)	p95(ms)	p99(ms)	pMax(ms)
41	0.0	0.0	3356732.0	111888.3	2.5500000000000003	2.3875	6.374999999999999	8.8875	95.55000000000001	0.0	0.0	0.0	177014.0	5900.3	2.6	2.4124999999999996	6.5625	9.15	24.112499999999997	0.0	0.0	0.0	3533746.0	117788.7	2.5500000000000003	2.3875	6.374999999999999	8.8875	97.11250000000001
