concurrency	elapsed-r	errors-r	ops(total)-r	ops/sec(cum)-r	avg(ms)-r	p50(ms)-r	p95(ms)-r	p99(ms)-r	pMax(ms)-r	total-r	elapsed-w	errors-w	ops(total)-w	ops/sec(cum)-w	avg(ms)-w	p50(ms)-w	p95(ms)-w	p99(ms)-w	pMax(ms)-w	total-w	elapsed	errors	ops(total)	ops/sec(cum)	avg(ms)	p50(ms)	p95(ms)	p99(ms)	pMax(ms)
31	0.0	0.0	3257160.0	108570.19999999998	1.9374999999999998	1.7625000000000002	3.4999999999999996	6.4875	213.89999999999998	0.0	0.0	0.0	170600.0	5686.5	1.9249999999999998	1.7375000000000003	3.425	6.4624999999999995	24.5125	0.0	0.0	0.0	3427760.0	114256.8	1.9374999999999998	1.7500000000000002	3.4999999999999996	6.4875	213.89999999999998
