concurrency	elapsed-r	errors-r	ops(total)-r	ops/sec(cum)-r	avg(ms)-r	p50(ms)-r	p95(ms)-r	p99(ms)-r	pMax(ms)-r	total-r	elapsed-w	errors-w	ops(total)-w	ops/sec(cum)-w	avg(ms)-w	p50(ms)-w	p95(ms)-w	p99(ms)-w	pMax(ms)-w	total-w	elapsed	errors	ops(total)	ops/sec(cum)	avg(ms)	p50(ms)	p95(ms)	p99(ms)	pMax(ms)
64	0.0	0.0	382123.0	6368.799999999999	3.2750000000000004	2.125	9.975	21.5	164.65	0.0	0.0	0.0	20047.0	334.2	21.675	4.4	120.57499999999999	153.1	188.7	0.0	0.0	0.0	402170.0	6702.799999999999	4.2	2.1750000000000003	11.55	40.075	203.39999999999998
