concurrency	elapsed-r	errors-r	ops(total)-r	ops/sec(cum)-r	avg(ms)-r	p50(ms)-r	p95(ms)-r	p99(ms)-r	pMax(ms)-r	total-r	elapsed	errors	ops(total)	ops/sec(cum)	avg(ms)	p50(ms)	p95(ms)	p99(ms)	pMax(ms)
48	0.0	0.0	1296649.0	43220.3	8.912499999999998	7.824999999999999	19.5375	30.425	70.25	0.0	0.0	0.0	1296649.0	43220.3	8.912499999999998	7.824999999999999	19.5375	30.425	70.25
