concurrency	elapsed-r	errors-r	ops(total)-r	ops/sec(cum)-r	avg(ms)-r	p50(ms)-r	p95(ms)-r	p99(ms)-r	pMax(ms)-r	total-r	elapsed-w	errors-w	ops(total)-w	ops/sec(cum)-w	avg(ms)-w	p50(ms)-w	p95(ms)-w	p99(ms)-w	pMax(ms)-w	total-w	elapsed	errors	ops(total)	ops/sec(cum)	avg(ms)	p50(ms)	p95(ms)	p99(ms)	pMax(ms)
8	0.0	0.0	775160.0	25838.4	1.8125000000000002	1.3750000000000002	3.8999999999999995	5.175	16.5125	0.0	0.0	0.0	40536.0	1351.3	9.15	2.45	35.175000000000004	43.7375	65.2625	0.0	0.0	0.0	815696.0	27189.4	2.1625	1.3875000000000002	4.262499999999999	20.45	65.2625
