concurrency	elapsed-r	errors-r	ops(total)-r	ops/sec(cum)-r	avg(ms)-r	p50(ms)-r	p95(ms)-r	p99(ms)-r	pMax(ms)-r	total-r	elapsed-w	errors-w	ops(total)-w	ops/sec(cum)-w	avg(ms)-w	p50(ms)-w	p95(ms)-w	p99(ms)-w	pMax(ms)-w	total-w	elapsed	errors	ops(total)	ops/sec(cum)	avg(ms)	p50(ms)	p95(ms)	p99(ms)	pMax(ms)
48	0.0	0.0	3475409.0	115844.2	2.8375000000000004	2.7375	4.625	9.275	168.42499999999998	0.0	0.0	0.0	182631.0	6087.5	2.8375000000000004	2.7249999999999996	4.625	9.0875	45.362500000000004	0.0	0.0	0.0	3658040.0	121931.6	2.8375000000000004	2.7375	4.625	9.275	168.42499999999998
