concurrency	elapsed-r	errors-r	ops(total)-r	ops/sec(cum)-r	avg(ms)-r	p50(ms)-r	p95(ms)-r	p99(ms)-r	pMax(ms)-r	total-r	elapsed-w	errors-w	ops(total)-w	ops/sec(cum)-w	avg(ms)-w	p50(ms)-w	p95(ms)-w	p99(ms)-w	pMax(ms)-w	total-w	elapsed	errors	ops(total)	ops/sec(cum)	avg(ms)	p50(ms)	p95(ms)	p99(ms)	pMax(ms)
18	0.0	0.0	914300.0	30475.9	1.7249999999999999	1.275	4.125	5.625	177.725	0.0	0.0	0.0	48348.0	1611.6000000000001	8.9	2.325	39.275	49.775000000000006	91.225	0.0	0.0	0.0	962648.0	32087.6	2.0749999999999997	1.2999999999999998	4.4	19.65	199.225
