concurrency	elapsed-r	errors-r	ops(total)-r	ops/sec(cum)-r	avg(ms)-r	p50(ms)-r	p95(ms)-r	p99(ms)-r	pMax(ms)-r	total-r	elapsed-w	errors-w	ops(total)-w	ops/sec(cum)-w	avg(ms)-w	p50(ms)-w	p95(ms)-w	p99(ms)-w	pMax(ms)-w	total-w	elapsed	errors	ops(total)	ops/sec(cum)	avg(ms)	p50(ms)	p95(ms)	p99(ms)	pMax(ms)
32	0.0	0.0	1482235.0	49406.9	1.8	1.3666666666666665	4.266666666666667	7.266666666666667	20.96666666666667	0.0	0.0	0.0	78046.0	2601.6	3.9	2.3666666666666667	13.199999999999998	23.433333333333337	44.56666666666666	0.0	0.0	0.0	1560281.0	52008.4	1.9333333333333333	1.3666666666666665	4.533333333333333	9.433333333333332	45.06666666666666
