concurrency	elapsed-r	errors-r	ops(total)-r	ops/sec(cum)-r	avg(ms)-r	p50(ms)-r	p95(ms)-r	p99(ms)-r	pMax(ms)-r	total-r	elapsed-w	errors-w	ops(total)-w	ops/sec(cum)-w	avg(ms)-w	p50(ms)-w	p95(ms)-w	p99(ms)-w	pMax(ms)-w	total-w	elapsed	errors	ops(total)	ops/sec(cum)	avg(ms)	p50(ms)	p95(ms)	p99(ms)	pMax(ms)
47	0.0	0.0	2408228.0	80271.7	3.9250000000000003	3.3625	8.4125	14.2375	55.550000000000004	0.0	0.0	0.0	127308.0	4243.6	5.125	3.6624999999999996	13.5875	21.1	56.33749999999999	0.0	0.0	0.0	2535536.0	84515.00000000001	4.0	3.3874999999999997	8.825	14.8	60.275
