concurrency	elapsed-r	errors-r	ops(total)-r	ops/sec(cum)-r	avg(ms)-r	p50(ms)-r	p95(ms)-r	p99(ms)-r	pMax(ms)-r	total-r	elapsed-w	errors-w	ops(total)-w	ops/sec(cum)-w	avg(ms)-w	p50(ms)-w	p95(ms)-w	p99(ms)-w	pMax(ms)-w	total-w	elapsed	errors	ops(total)	ops/sec(cum)	avg(ms)	p50(ms)	p95(ms)	p99(ms)	pMax(ms)
7	0.0	0.0	768382.0	25612.4	1.7250000000000003	1.3499999999999999	3.6374999999999997	4.95	89.17500000000001	0.0	0.0	0.0	40413.0	1347.2	5.050000000000001	2.4125	18.750000000000004	27.287500000000005	43.2125	0.0	0.0	0.0	808795.0	26959.4	1.9	1.3499999999999999	3.925	8.475	92.775
