concurrency	elapsed-r	errors-r	ops(total)-r	ops/sec(cum)-r	avg(ms)-r	p50(ms)-r	p95(ms)-r	p99(ms)-r	pMax(ms)-r	total-r	elapsed-w	errors-w	ops(total)-w	ops/sec(cum)-w	avg(ms)-w	p50(ms)-w	p95(ms)-w	p99(ms)-w	pMax(ms)-w	total-w	elapsed	errors	ops(total)	ops/sec(cum)	avg(ms)	p50(ms)	p95(ms)	p99(ms)	pMax(ms)
133	0.0	0.0	4413059.0	147092.9	4.7	3.8	12.459999999999999	20.240000000000002	153.3	0.0	0.0	0.0	231231.0	7707.2	10.919999999999998	9.68	23.779999999999998	31.139999999999997	117.24000000000001	0.0	0.0	0.0	4644290.0	154800.1	5.0	3.84	14.040000000000001	21.92	154.98000000000002
