concurrency	elapsed-r	errors-r	ops(total)-r	ops/sec(cum)-r	avg(ms)-r	p50(ms)-r	p95(ms)-r	p99(ms)-r	pMax(ms)-r	total-r	elapsed-w	errors-w	ops(total)-w	ops/sec(cum)-w	avg(ms)-w	p50(ms)-w	p95(ms)-w	p99(ms)-w	pMax(ms)-w	total-w	elapsed	errors	ops(total)	ops/sec(cum)	avg(ms)	p50(ms)	p95(ms)	p99(ms)	pMax(ms)
7	0.0	0.0	1108015.0	36933.299999999996	1.225	1.175	2.3499999999999996	3.5875	15.124999999999998	0.0	0.0	0.0	58154.0	1938.4	2.0625	2.0	3.8	6.3375	15.0125	0.0	0.0	0.0	1166169.0	38871.700000000004	1.2500000000000002	1.2	2.4125	3.7624999999999993	16.25
