concurrency	elapsed-r	errors-r	ops(total)-r	ops/sec(cum)-r	avg(ms)-r	p50(ms)-r	p95(ms)-r	p99(ms)-r	pMax(ms)-r	total-r	elapsed-w	errors-w	ops(total)-w	ops/sec(cum)-w	avg(ms)-w	p50(ms)-w	p95(ms)-w	p99(ms)-w	pMax(ms)-w	total-w	elapsed	errors	ops(total)	ops/sec(cum)	avg(ms)	p50(ms)	p95(ms)	p99(ms)	pMax(ms)
19	0.0	0.0	601309.0	20043.100000000002	3.4250000000000003	2.35	10.375	15.200000000000001	69.9875	0.0	0.0	0.0	31737.0	1057.8	73.94999999999999	5.3	704.6000000000001	746.5999999999999	826.3	0.0	0.0	0.0	633046.0	21100.899999999998	6.9625	2.375	10.875	17.9625	826.3
