concurrency	elapsed-r	errors-r	ops(total)-r	ops/sec(cum)-r	avg(ms)-r	p50(ms)-r	p95(ms)-r	p99(ms)-r	pMax(ms)-r	total-r	elapsed	errors	ops(total)	ops/sec(cum)	avg(ms)	p50(ms)	p95(ms)	p99(ms)	pMax(ms)
58	0.0	0.0	1546610.0	51551.8	8.425	7.6499999999999995	18.35	26.224999999999998	64.475	0.0	0.0	0.0	1546610.0	51551.8	8.425	7.6499999999999995	18.35	26.224999999999998	64.475
