concurrency	elapsed-r	errors-r	ops(total)-r	ops/sec(cum)-r	avg(ms)-r	p50(ms)-r	p95(ms)-r	p99(ms)-r	pMax(ms)-r	total-r	elapsed-w	errors-w	ops(total)-w	ops/sec(cum)-w	avg(ms)-w	p50(ms)-w	p95(ms)-w	p99(ms)-w	pMax(ms)-w	total-w	elapsed	errors	ops(total)	ops/sec(cum)	avg(ms)	p50(ms)	p95(ms)	p99(ms)	pMax(ms)
26	0.0	0.0	1044441.0	34814.0	5.475	5.575	9.55	11.125	36.550000000000004	0.0	0.0	0.0	55221.0	1840.6999999999998	6.05	5.824999999999999	10.5	13.362499999999997	109.0375	0.0	0.0	0.0	1099662.0	36654.6	5.475	5.575	9.6125	11.125	109.0375
