concurrency	elapsed-r	errors-r	ops(total)-r	ops/sec(cum)-r	avg(ms)-r	p50(ms)-r	p95(ms)-r	p99(ms)-r	pMax(ms)-r	total-r	elapsed	errors	ops(total)	ops/sec(cum)	avg(ms)	p50(ms)	p95(ms)	p99(ms)	pMax(ms)
32	0.0	0.0	978577.0	32618.6	7.800000000000001	7.025	16.387500000000003	22.949999999999996	62.89999999999999	0.0	0.0	0.0	978577.0	32618.6	7.800000000000001	7.025	16.387500000000003	22.949999999999996	62.89999999999999
