concurrency	elapsed-r	errors-r	ops(total)-r	ops/sec(cum)-r	avg(ms)-r	p50(ms)-r	p95(ms)-r	p99(ms)-r	pMax(ms)-r	total-r	elapsed-w	errors-w	ops(total)-w	ops/sec(cum)-w	avg(ms)-w	p50(ms)-w	p95(ms)-w	p99(ms)-w	pMax(ms)-w	total-w	elapsed	errors	ops(total)	ops/sec(cum)	avg(ms)	p50(ms)	p95(ms)	p99(ms)	pMax(ms)
36	0.0	0.0	1917242.0	63906.299999999996	3.7375000000000003	3.225	8.8375	14.250000000000002	148.89999999999998	0.0	0.0	0.0	100658.0	3355.3	6.975	6.375	15.6	22.275	63.9375	0.0	0.0	0.0	2017900.0	67261.7	3.875	3.25	9.7	15.075000000000001	159.3875
