concurrency	elapsed-r	errors-r	ops(total)-r	ops/sec(cum)-r	avg(ms)-r	p50(ms)-r	p95(ms)-r	p99(ms)-r	pMax(ms)-r	total-r	elapsed-w	errors-w	ops(total)-w	ops/sec(cum)-w	avg(ms)-w	p50(ms)-w	p95(ms)-w	p99(ms)-w	pMax(ms)-w	total-w	elapsed	errors	ops(total)	ops/sec(cum)	avg(ms)	p50(ms)	p95(ms)	p99(ms)	pMax(ms)
20	0.0	0.0	1158590.0	38618.9	3.7125	3.7249999999999996	7.1000000000000005	8.175	27.937499999999996	0.0	0.0	0.0	61120.0	2037.4	4.7125	4.574999999999999	8.7	12.5875	52.1375	0.0	0.0	0.0	1219710.0	40656.2	3.7249999999999996	3.7249999999999996	7.1000000000000005	8.525	52.1375
