ops/sec(cum)	p50(ms)	p99(ms)	read_tp	read_p50	read_p99	write_tp	write_p50	write_p99
302578.0333333333	0.19916666666666666	0.9391666666666667	290520.6333333333	0.19866666666666666	0.9391666666666667	12056.400000000001	0.19966666666666666	0.9536666666666667
