concurrency	elapsed-r	errors-r	ops(total)-r	ops/sec(cum)-r	avg(ms)-r	p50(ms)-r	p95(ms)-r	p99(ms)-r	pMax(ms)-r	total-r	elapsed-w	errors-w	ops(total)-w	ops/sec(cum)-w	avg(ms)-w	p50(ms)-w	p95(ms)-w	p99(ms)-w	pMax(ms)-w	total-w	elapsed	errors	ops(total)	ops/sec(cum)	avg(ms)	p50(ms)	p95(ms)	p99(ms)	pMax(ms)
48	0.0	0.0	775394.0	25845.4	3.4	2.3333333333333335	8.9	17.8	218.1	0.0	0.0	0.0	40941.0	1364.7	1.5666666666666667	1.0333333333333334	3.7000000000000006	9.6	50.300000000000004	0.0	0.0	0.0	816335.0	27209.9	3.2999999999999994	2.0	8.4	17.8	218.1
