concurrency	elapsed-r	errors-r	ops(total)-r	ops/sec(cum)-r	avg(ms)-r	p50(ms)-r	p95(ms)-r	p99(ms)-r	pMax(ms)-r	total-r	elapsed-w	errors-w	ops(total)-w	ops/sec(cum)-w	avg(ms)-w	p50(ms)-w	p95(ms)-w	p99(ms)-w	pMax(ms)-w	total-w	elapsed	errors	ops(total)	ops/sec(cum)	avg(ms)	p50(ms)	p95(ms)	p99(ms)	pMax(ms)
31	0.0	0.0	1032154.0	34404.5	7.775000000000001	5.2125	18.475	32.2	52.68750000000001	0.0	0.0	0.0	54121.0	1804.1000000000001	8.275	5.749999999999999	19.6875	33.925	49.262499999999996	0.0	0.0	0.0	1086275.0	36208.200000000004	7.7875000000000005	5.2375	18.475	32.462500000000006	53.212500000000006
