concurrency	elapsed-r	errors-r	ops(total)-r	ops/sec(cum)-r	avg(ms)-r	p50(ms)-r	p95(ms)-r	p99(ms)-r	pMax(ms)-r	total-r	elapsed-w	errors-w	ops(total)-w	ops/sec(cum)-w	avg(ms)-w	p50(ms)-w	p95(ms)-w	p99(ms)-w	pMax(ms)-w	total-w	elapsed	errors	ops(total)	ops/sec(cum)	avg(ms)	p50(ms)	p95(ms)	p99(ms)	pMax(ms)
50	0.0	0.0	3724786.0	124156.0	2.8	2.0	8.025	12.099999999999998	100.95000000000002	0.0	0.0	0.0	196095.0	6536.200000000001	2.825	2.0000000000000004	8.25	12.287499999999998	59.6125	0.0	0.0	0.0	3920881.0	130692.19999999998	2.8	2.0	8.025	12.099999999999998	105.23750000000001
