concurrency	elapsed-r	errors-r	ops(total)-r	ops/sec(cum)-r	avg(ms)-r	p50(ms)-r	p95(ms)-r	p99(ms)-r	pMax(ms)-r	total-r	elapsed-w	errors-w	ops(total)-w	ops/sec(cum)-w	avg(ms)-w	p50(ms)-w	p95(ms)-w	p99(ms)-w	pMax(ms)-w	total-w	elapsed	errors	ops(total)	ops/sec(cum)	avg(ms)	p50(ms)	p95(ms)	p99(ms)	pMax(ms)
66	0.0	0.0	2788641.0	92952.3	3.46	2.88	7.340000000000001	17.32	46.98	0.0	0.0	0.0	146681.0	4889.200000000001	9.76	8.76	20.359999999999996	27.220000000000006	54.32000000000001	0.0	0.0	0.0	2935322.0	97841.5	3.78	2.9	10.179999999999998	18.68	55.58
