concurrency	elapsed-r	errors-r	ops(total)-r	ops/sec(cum)-r	avg(ms)-r	p50(ms)-r	p95(ms)-r	p99(ms)-r	pMax(ms)-r	total-r	elapsed-w	errors-w	ops(total)-w	ops/sec(cum)-w	avg(ms)-w	p50(ms)-w	p95(ms)-w	p99(ms)-w	pMax(ms)-w	total-w	elapsed	errors	ops(total)	ops/sec(cum)	avg(ms)	p50(ms)	p95(ms)	p99(ms)	pMax(ms)
78	0.0	0.0	169973.0	2832.8	4.75	2.5	8.174999999999999	69.725	478.175	0.0	0.0	0.0	8678.0	144.6	67.05	61.849999999999994	148.9	253.75	1895.8249999999998	0.0	0.0	0.0	178651.0	2977.6	7.775	2.5749999999999997	31.975	122.64999999999999	1895.8249999999998
