concurrency	elapsed-r	errors-r	ops(total)-r	ops/sec(cum)-r	avg(ms)-r	p50(ms)-r	p95(ms)-r	p99(ms)-r	pMax(ms)-r	total-r	elapsed	errors	ops(total)	ops/sec(cum)	avg(ms)	p50(ms)	p95(ms)	p99(ms)	pMax(ms)
24	0.0	0.0	1401872.0	46728.4	3.9375	3.6374999999999993	7.5375	11.287499999999998	28.462500000000002	0.0	0.0	0.0	1401872.0	46728.4	3.9375	3.6374999999999993	7.5375	11.287499999999998	28.462500000000002
