concurrency	elapsed-r	errors-r	ops(total)-r	ops/sec(cum)-r	avg(ms)-r	p50(ms)-r	p95(ms)-r	p99(ms)-r	pMax(ms)-r	total-r	elapsed	errors	ops(total)	ops/sec(cum)	avg(ms)	p50(ms)	p95(ms)	p99(ms)	pMax(ms)
63	0.0	0.0	1561161.0	52036.9	9.0375	8.275	19.650000000000002	28.200000000000003	171.97500000000002	0.0	0.0	0.0	1561161.0	52036.9	9.0375	8.275	19.650000000000002	28.200000000000003	171.97500000000002
