concurrency	elapsed-r	errors-r	ops(total)-r	ops/sec(cum)-r	avg(ms)-r	p50(ms)-r	p95(ms)-r	p99(ms)-r	pMax(ms)-r	total-r	elapsed-w	errors-w	ops(total)-w	ops/sec(cum)-w	avg(ms)-w	p50(ms)-w	p95(ms)-w	p99(ms)-w	pMax(ms)-w	total-w	elapsed	errors	ops(total)	ops/sec(cum)	avg(ms)	p50(ms)	p95(ms)	p99(ms)	pMax(ms)
24	0.0	0.0	500351.0	16678.0	3.1333333333333333	2.4	8.9	13.1	47.5	0.0	0.0	0.0	26285.0	876.1999999999999	12.200000000000001	4.633333333333333	60.79999999999999	88.09999999999998	125.8	0.0	0.0	0.0	526636.0	17554.2	3.6	2.4	9.4	20.266666666666666	125.8
