concurrency	elapsed-r	errors-r	ops(total)-r	ops/sec(cum)-r	avg(ms)-r	p50(ms)-r	p95(ms)-r	p99(ms)-r	pMax(ms)-r	total-r	elapsed-w	errors-w	ops(total)-w	ops/sec(cum)-w	avg(ms)-w	p50(ms)-w	p95(ms)-w	p99(ms)-w	pMax(ms)-w	total-w	elapsed	errors	ops(total)	ops/sec(cum)	avg(ms)	p50(ms)	p95(ms)	p99(ms)	pMax(ms)
47	0.0	0.0	944982.0	31498.5	3.0	2.1	7.099999999999999	17.8	192.9	0.0	0.0	0.0	49427.0	1647.5	1.4666666666666668	0.9	4.633333333333334	9.966666666666667	58.699999999999996	0.0	0.0	0.0	994409.0	33146.0	2.9	2.0	6.8999999999999995	17.8	192.9
