concurrency	elapsed-r	errors-r	ops(total)-r	ops/sec(cum)-r	avg(ms)-r	p50(ms)-r	p95(ms)-r	p99(ms)-r	pMax(ms)-r	total-r	elapsed-w	errors-w	ops(total)-w	ops/sec(cum)-w	avg(ms)-w	p50(ms)-w	p95(ms)-w	p99(ms)-w	pMax(ms)-w	total-w	elapsed	errors	ops(total)	ops/sec(cum)	avg(ms)	p50(ms)	p95(ms)	p99(ms)	pMax(ms)
131	0.0	0.0	4517469.0	150567.2	4.42	3.6399999999999997	10.959999999999999	18.8	122.67999999999999	0.0	0.0	0.0	238045.0	7934.0	10.66	9.58	22.580000000000002	30.6	67.12	0.0	0.0	0.0	4755514.0	158501.1	4.739999999999999	3.7399999999999998	12.8	20.34	122.9
