concurrency	elapsed-r	errors-r	ops(total)-r	ops/sec(cum)-r	avg(ms)-r	p50(ms)-r	p95(ms)-r	p99(ms)-r	pMax(ms)-r	total-r	elapsed-w	errors-w	ops(total)-w	ops/sec(cum)-w	avg(ms)-w	p50(ms)-w	p95(ms)-w	p99(ms)-w	pMax(ms)-w	total-w	elapsed	errors	ops(total)	ops/sec(cum)	avg(ms)	p50(ms)	p95(ms)	p99(ms)	pMax(ms)
6	0.0	0.0	312855.0	10428.3	1.8	1.4	3.3249999999999997	5.575	21.775	0.0	0.0	0.0	16442.0	548.1	3.2250000000000005	3.0	5.7250000000000005	11.025	19.924999999999997	0.0	0.0	0.0	329297.0	10976.3	1.8250000000000002	1.4249999999999998	3.45	6.075	21.775
