concurrency	elapsed-r	errors-r	ops(total)-r	ops/sec(cum)-r	avg(ms)-r	p50(ms)-r	p95(ms)-r	p99(ms)-r	pMax(ms)-r	total-r	elapsed	errors	ops(total)	ops/sec(cum)	avg(ms)	p50(ms)	p95(ms)	p99(ms)	pMax(ms)
49	0.0	0.0	1562546.0	52083.49999999999	6.975	6.425	15.075000000000001	22.15	96.4625	0.0	0.0	0.0	1562546.0	52083.49999999999	6.975	6.425	15.075000000000001	22.15	96.4625
