concurrency	elapsed-r	errors-r	ops(total)-r	ops/sec(cum)-r	avg(ms)-r	p50(ms)-r	p95(ms)-r	p99(ms)-r	pMax(ms)-r	total-r	elapsed-w	errors-w	ops(total)-w	ops/sec(cum)-w	avg(ms)-w	p50(ms)-w	p95(ms)-w	p99(ms)-w	pMax(ms)-w	total-w	elapsed	errors	ops(total)	ops/sec(cum)	avg(ms)	p50(ms)	p95(ms)	p99(ms)	pMax(ms)
37	0.0	0.0	1797596.0	59918.3	4.1375	3.4874999999999994	9.9	16.0875	144.95	0.0	0.0	0.0	94505.0	3150.1	6.975	5.5874999999999995	17.962500000000002	25.8375	65.5	0.0	0.0	0.0	1892101.0	63068.4	4.300000000000001	3.5124999999999997	10.475	17.15	148.6125
