concurrency	elapsed-r	errors-r	ops(total)-r	ops/sec(cum)-r	avg(ms)-r	p50(ms)-r	p95(ms)-r	p99(ms)-r	pMax(ms)-r	total-r	elapsed-w	errors-w	ops(total)-w	ops/sec(cum)-w	avg(ms)-w	p50(ms)-w	p95(ms)-w	p99(ms)-w	pMax(ms)-w	total-w	elapsed	errors	ops(total)	ops/sec(cum)	avg(ms)	p50(ms)	p95(ms)	p99(ms)	pMax(ms)
31	0.0	0.0	126975.0	4232.400000000001	41.99999999999999	2.6500000000000004	277.8625	742.3874999999999	1845.45	0.0	0.0	0.0	6619.0	220.7	310.95	45.3875	1392.525	2004.875	3607.0875	0.0	0.0	0.0	133594.0	4453.0	55.337500000000006	2.7500000000000004	343.925	977.2625	3607.0875
