concurrency	elapsed-r	errors-r	ops(total)-r	ops/sec(cum)-r	avg(ms)-r	p50(ms)-r	p95(ms)-r	p99(ms)-r	pMax(ms)-r	total-r	elapsed	errors	ops(total)	ops/sec(cum)	avg(ms)	p50(ms)	p95(ms)	p99(ms)	pMax(ms)
55	0.0	0.0	5504300.0	183472.1	1.9374999999999998	1.7500000000000002	3.5	7.175	218.09999999999997	0.0	0.0	0.0	5504300.0	183472.1	1.9374999999999998	1.7500000000000002	3.5	7.175	218.09999999999997
