concurrency	elapsed-r	errors-r	ops(total)-r	ops/sec(cum)-r	avg(ms)-r	p50(ms)-r	p95(ms)-r	p99(ms)-r	pMax(ms)-r	total-r	elapsed-w	errors-w	ops(total)-w	ops/sec(cum)-w	avg(ms)-w	p50(ms)-w	p95(ms)-w	p99(ms)-w	pMax(ms)-w	total-w	elapsed	errors	ops(total)	ops/sec(cum)	avg(ms)	p50(ms)	p95(ms)	p99(ms)	pMax(ms)
22	0.0	0.0	3147409.0	104912.09999999998	1.4	1.3	2.575	4.8875	93.5875	0.0	0.0	0.0	165239.0	5508.0	1.4	1.2625	2.4875000000000003	4.8500000000000005	40.824999999999996	0.0	0.0	0.0	3312648.0	110420.20000000001	1.4	1.3	2.575	4.8500000000000005	93.5875
