concurrency	elapsed-w	errors-w	ops(total)-w	ops/sec(cum)-w	avg(ms)-w	p50(ms)-w	p95(ms)-w	p99(ms)-w	pMax(ms)-w	total-w	elapsed	errors	ops(total)	ops/sec(cum)	avg(ms)	p50(ms)	p95(ms)	p99(ms)	pMax(ms)
51	0.0	0.0	4975174.0	165835.09999999998	2.05	1.8625	3.7375000000000007	6.1875	201.325	0.0	0.0	0.0	4975174.0	165835.09999999998	2.05	1.8625	3.7375000000000007	6.1875	201.325
