concurrency	elapsed-r	errors-r	ops(total)-r	ops/sec(cum)-r	avg(ms)-r	p50(ms)-r	p95(ms)-r	p99(ms)-r	pMax(ms)-r	total-r	elapsed-w	errors-w	ops(total)-w	ops/sec(cum)-w	avg(ms)-w	p50(ms)-w	p95(ms)-w	p99(ms)-w	pMax(ms)-w	total-w	elapsed	errors	ops(total)	ops/sec(cum)	avg(ms)	p50(ms)	p95(ms)	p99(ms)	pMax(ms)
33	0.0	0.0	3111695.0	103720.70000000001	2.1875	2.0749999999999997	3.8999999999999995	7.075	94.63749999999999	0.0	0.0	0.0	163625.0	5454.099999999999	2.1750000000000003	2.0749999999999997	3.8374999999999995	7.0	44.237500000000004	0.0	0.0	0.0	3275320.0	109174.8	2.1875	2.0749999999999997	3.8999999999999995	7.075	117.69999999999999
