concurrency	elapsed-r	errors-r	ops(total)-r	ops/sec(cum)-r	avg(ms)-r	p50(ms)-r	p95(ms)-r	p99(ms)-r	pMax(ms)-r	total-r	elapsed-w	errors-w	ops(total)-w	ops/sec(cum)-w	avg(ms)-w	p50(ms)-w	p95(ms)-w	p99(ms)-w	pMax(ms)-w	total-w	elapsed	errors	ops(total)	ops/sec(cum)	avg(ms)	p50(ms)	p95(ms)	p99(ms)	pMax(ms)
155	0.0	0.0	2581773.0	86053.2	5.14	3.5799999999999996	16.119999999999997	29.74	138.82	0.0	0.0	0.0	134966.0	4498.5	116.24000000000001	9.02	40.9	4268.12	4509.74	0.0	0.0	0.0	2716739.0	90551.8	10.66	3.7	17.619999999999997	32.7	4509.74
