concurrency	elapsed-r	errors-r	ops(total)-r	ops/sec(cum)-r	avg(ms)-r	p50(ms)-r	p95(ms)-r	p99(ms)-r	pMax(ms)-r	total-r	elapsed	errors	ops(total)	ops/sec(cum)	avg(ms)	p50(ms)	p95(ms)	p99(ms)	pMax(ms)
7	0.0	0.0	1191058.0	39701.600000000006	1.2750000000000001	1.2125000000000001	1.775	3.1124999999999994	12.524999999999999	0.0	0.0	0.0	1191058.0	39701.600000000006	1.2750000000000001	1.2125000000000001	1.775	3.1124999999999994	12.524999999999999
