concurrency	elapsed-r	errors-r	ops(total)-r	ops/sec(cum)-r	avg(ms)-r	p50(ms)-r	p95(ms)-r	p99(ms)-r	pMax(ms)-r	total-r	elapsed-w	errors-w	ops(total)-w	ops/sec(cum)-w	avg(ms)-w	p50(ms)-w	p95(ms)-w	p99(ms)-w	pMax(ms)-w	total-w	elapsed	errors	ops(total)	ops/sec(cum)	avg(ms)	p50(ms)	p95(ms)	p99(ms)	pMax(ms)
11	0.0	0.0	1413904.0	47129.5	1.525	1.2249999999999999	3.6374999999999997	5.6499999999999995	17.575000000000003	0.0	0.0	0.0	74468.0	2482.4	3.1875	2.2	10.1625	20.9875	42.6875	0.0	0.0	0.0	1488372.0	49611.49999999999	1.575	1.2625	3.725	6.475	42.6875
