concurrency	elapsed-r	errors-r	ops(total)-r	ops/sec(cum)-r	avg(ms)-r	p50(ms)-r	p95(ms)-r	p99(ms)-r	pMax(ms)-r	total-r	elapsed-w	errors-w	ops(total)-w	ops/sec(cum)-w	avg(ms)-w	p50(ms)-w	p95(ms)-w	p99(ms)-w	pMax(ms)-w	total-w	elapsed	errors	ops(total)	ops/sec(cum)	avg(ms)	p50(ms)	p95(ms)	p99(ms)	pMax(ms)
15	0.0	0.0	1039791.0	34659.100000000006	3.1000000000000005	3.0	5.6125	6.6000000000000005	22.387500000000003	0.0	0.0	0.0	54770.0	1825.7	3.3125	3.1500000000000004	6.0625	7.725	29.7625	0.0	0.0	0.0	1094561.0	36484.799999999996	3.1125000000000003	3.0	5.687499999999999	6.6000000000000005	31.987499999999997
