concurrency	elapsed-r	errors-r	ops(total)-r	ops/sec(cum)-r	avg(ms)-r	p50(ms)-r	p95(ms)-r	p99(ms)-r	pMax(ms)-r	total-r	elapsed-w	errors-w	ops(total)-w	ops/sec(cum)-w	avg(ms)-w	p50(ms)-w	p95(ms)-w	p99(ms)-w	pMax(ms)-w	total-w	elapsed	errors	ops(total)	ops/sec(cum)	avg(ms)	p50(ms)	p95(ms)	p99(ms)	pMax(ms)
50	0.0	0.0	3285092.0	109499.8	3.2125000000000004	2.9750000000000005	7.449999999999999	10.875	125.1625	0.0	0.0	0.0	173376.0	5779.0	3.225	3.1000000000000005	7.424999999999999	10.9375	50.0875	0.0	0.0	0.0	3458468.0	115278.8	3.2125000000000004	2.9750000000000005	7.449999999999999	10.875	125.1625
