concurrency	elapsed-r	errors-r	ops(total)-r	ops/sec(cum)-r	avg(ms)-r	p50(ms)-r	p95(ms)-r	p99(ms)-r	pMax(ms)-r	total-r	elapsed-w	errors-w	ops(total)-w	ops/sec(cum)-w	avg(ms)-w	p50(ms)-w	p95(ms)-w	p99(ms)-w	pMax(ms)-w	total-w	elapsed	errors	ops(total)	ops/sec(cum)	avg(ms)	p50(ms)	p95(ms)	p99(ms)	pMax(ms)
32	0.0	0.0	616629.0	20553.6	8.1875	2.475	46.10000000000001	123.69999999999999	304.0625	0.0	0.0	0.0	32253.0	1075.1	74.85000000000001	54.5	106.97500000000002	289.41249999999997	4764.7	0.0	0.0	0.0	648882.0	21628.7	11.500000000000002	2.65	61.5875	128.425	4764.7
