concurrency	elapsed-r	errors-r	ops(total)-r	ops/sec(cum)-r	avg(ms)-r	p50(ms)-r	p95(ms)-r	p99(ms)-r	pMax(ms)-r	total-r	elapsed-w	errors-w	ops(total)-w	ops/sec(cum)-w	avg(ms)-w	p50(ms)-w	p95(ms)-w	p99(ms)-w	pMax(ms)-w	total-w	elapsed	errors	ops(total)	ops/sec(cum)	avg(ms)	p50(ms)	p95(ms)	p99(ms)	pMax(ms)
105	0.0	0.0	2655422.0	88509.7	6.4	4.880000000000001	17.2	27.220000000000006	268.46	0.0	0.0	0.0	139408.0	4646.8	19.440000000000005	17.52	39.839999999999996	53.48	215.58	0.0	0.0	0.0	2794830.0	93156.50000000001	7.0200000000000005	5.1	20.48	32.7	268.46
