concurrency	elapsed-r	errors-r	ops(total)-r	ops/sec(cum)-r	avg(ms)-r	p50(ms)-r	p95(ms)-r	p99(ms)-r	pMax(ms)-r	total-r	elapsed-w	errors-w	ops(total)-w	ops/sec(cum)-w	avg(ms)-w	p50(ms)-w	p95(ms)-w	p99(ms)-w	pMax(ms)-w	total-w	elapsed	errors	ops(total)	ops/sec(cum)	avg(ms)	p50(ms)	p95(ms)	p99(ms)	pMax(ms)
71	0.0	0.0	2845969.0	94863.29999999999	3.56	2.9	7.76	17.419999999999998	101.72	0.0	0.0	0.0	149798.0	4993.1	10.16	9.22	21.6	28.5	83.68	0.0	0.0	0.0	2995767.0	99856.4	3.8800000000000003	3.0599999999999996	10.940000000000001	18.880000000000003	107.16
