concurrency	elapsed-r	errors-r	ops(total)-r	ops/sec(cum)-r	avg(ms)-r	p50(ms)-r	p95(ms)-r	p99(ms)-r	pMax(ms)-r	total-r	elapsed	errors	ops(total)	ops/sec(cum)	avg(ms)	p50(ms)	p95(ms)	p99(ms)	pMax(ms)
19	0.0	0.0	1164562.0	38818.3	3.7124999999999995	3.4624999999999995	6.9375	10.075	27.15	0.0	0.0	0.0	1164562.0	38818.3	3.7124999999999995	3.4624999999999995	6.9375	10.075	27.15
