concurrency	elapsed-w	errors-w	ops(total)-w	ops/sec(cum)-w	avg(ms)-w	p50(ms)-w	p95(ms)-w	p99(ms)-w	pMax(ms)-w	total-w	elapsed	errors	ops(total)	ops/sec(cum)	avg(ms)	p50(ms)	p95(ms)	p99(ms)	pMax(ms)
63	0.0	0.0	723518.0	24116.0	20.387499999999996	14.799999999999997	53.712500000000006	71.5625	260.03749999999997	0.0	0.0	0.0	723518.0	24116.0	20.387499999999996	14.799999999999997	53.712500000000006	71.5625	260.03749999999997
