concurrency	elapsed-r	errors-r	ops(total)-r	ops/sec(cum)-r	avg(ms)-r	p50(ms)-r	p95(ms)-r	p99(ms)-r	pMax(ms)-r	total-r	elapsed-w	errors-w	ops(total)-w	ops/sec(cum)-w	avg(ms)-w	p50(ms)-w	p95(ms)-w	p99(ms)-w	pMax(ms)-w	total-w	elapsed	errors	ops(total)	ops/sec(cum)	avg(ms)	p50(ms)	p95(ms)	p99(ms)	pMax(ms)
43	0.0	0.0	913984.0	30465.3	2.6	2.066666666666667	6.1000000000000005	15.366666666666665	218.1	0.0	0.0	0.0	47922.0	1597.4	4.966666666666667	4.1	13.266666666666666	30.066666666666663	173.36666666666667	0.0	0.0	0.0	961906.0	32062.800000000003	2.733333333333333	2.2	6.599999999999999	16.099999999999998	218.1
