concurrency	elapsed-r	errors-r	ops(total)-r	ops/sec(cum)-r	avg(ms)-r	p50(ms)-r	p95(ms)-r	p99(ms)-r	pMax(ms)-r	total-r	elapsed	errors	ops(total)	ops/sec(cum)	avg(ms)	p50(ms)	p95(ms)	p99(ms)	pMax(ms)
17	0.0	0.0	1293580.0	43118.90000000001	1.4500000000000002	1.375	2.0500000000000003	3.925	15.325	0.0	0.0	0.0	1293580.0	43118.90000000001	1.4500000000000002	1.375	2.0500000000000003	3.925	15.325
