concurrency	elapsed-r	errors-r	ops(total)-r	ops/sec(cum)-r	avg(ms)-r	p50(ms)-r	p95(ms)-r	p99(ms)-r	pMax(ms)-r	total-r	elapsed	errors	ops(total)	ops/sec(cum)	avg(ms)	p50(ms)	p95(ms)	p99(ms)	pMax(ms)
14	0.0	0.0	1079087.0	35969.200000000004	2.9	2.7375000000000003	5.225	7.225	22.0125	0.0	0.0	0.0	1079087.0	35969.200000000004	2.9	2.7375000000000003	5.225	7.225	22.0125
