concurrency	elapsed-r	errors-r	ops(total)-r	ops/sec(cum)-r	avg(ms)-r	p50(ms)-r	p95(ms)-r	p99(ms)-r	pMax(ms)-r	total-r	elapsed-w	errors-w	ops(total)-w	ops/sec(cum)-w	avg(ms)-w	p50(ms)-w	p95(ms)-w	p99(ms)-w	pMax(ms)-w	total-w	elapsed	errors	ops(total)	ops/sec(cum)	avg(ms)	p50(ms)	p95(ms)	p99(ms)	pMax(ms)
14	0.0	0.0	1034785.0	34492.3	2.8999999999999995	2.825	5.275	6.074999999999999	22.812500000000004	0.0	0.0	0.0	54319.0	1810.7	3.0500000000000003	2.9124999999999996	5.6125	6.875	15.787499999999998	0.0	0.0	0.0	1089104.0	36302.899999999994	2.8999999999999995	2.825	5.312500000000001	6.262499999999999	23.337500000000002
