concurrency	elapsed-r	errors-r	ops(total)-r	ops/sec(cum)-r	avg(ms)-r	p50(ms)-r	p95(ms)-r	p99(ms)-r	pMax(ms)-r	total-r	elapsed-w	errors-w	ops(total)-w	ops/sec(cum)-w	avg(ms)-w	p50(ms)-w	p95(ms)-w	p99(ms)-w	pMax(ms)-w	total-w	elapsed	errors	ops(total)	ops/sec(cum)	avg(ms)	p50(ms)	p95(ms)	p99(ms)	pMax(ms)
66	0.0	0.0	355966.0	5932.7	2.925	1.875	7.925000000000001	20.725	239.075	0.0	0.0	0.0	18294.0	304.9	13.774999999999999	3.8000000000000003	67.625	94.4	249.54999999999998	0.0	0.0	0.0	374260.0	6237.7	3.425	1.925	9.5	34.85	249.54999999999998
