concurrency	elapsed-r	errors-r	ops(total)-r	ops/sec(cum)-r	avg(ms)-r	p50(ms)-r	p95(ms)-r	p99(ms)-r	pMax(ms)-r	total-r	elapsed-w	errors-w	ops(total)-w	ops/sec(cum)-w	avg(ms)-w	p50(ms)-w	p95(ms)-w	p99(ms)-w	pMax(ms)-w	total-w	elapsed	errors	ops(total)	ops/sec(cum)	avg(ms)	p50(ms)	p95(ms)	p99(ms)	pMax(ms)
30	0.0	0.0	2847965.0	94930.20000000001	2.225	1.9500000000000002	4.425	6.662499999999999	165.53750000000002	0.0	0.0	0.0	150242.0	5008.0	2.125	1.9249999999999998	4.3125	6.6125	16.7625	0.0	0.0	0.0	2998207.0	99938.29999999999	2.225	1.9500000000000002	4.425	6.662499999999999	165.53750000000002
