concurrency	elapsed-r	errors-r	ops(total)-r	ops/sec(cum)-r	avg(ms)-r	p50(ms)-r	p95(ms)-r	p99(ms)-r	pMax(ms)-r	total-r	elapsed-w	errors-w	ops(total)-w	ops/sec(cum)-w	avg(ms)-w	p50(ms)-w	p95(ms)-w	p99(ms)-w	pMax(ms)-w	total-w	elapsed	errors	ops(total)	ops/sec(cum)	avg(ms)	p50(ms)	p95(ms)	p99(ms)	pMax(ms)
39	0.0	0.0	1944760.0	64823.8	3.9749999999999996	3.5124999999999997	9.15	14.387500000000001	43.49999999999999	0.0	0.0	0.0	102732.0	3424.5	7.225	6.7875	15.387500000000001	21.75	47.67499999999999	0.0	0.0	0.0	2047492.0	68248.0	4.15	3.5999999999999996	9.85	15.200000000000001	47.93749999999999
