concurrency	elapsed-r	errors-r	ops(total)-r	ops/sec(cum)-r	avg(ms)-r	p50(ms)-r	p95(ms)-r	p99(ms)-r	pMax(ms)-r	total-r	elapsed	errors	ops(total)	ops/sec(cum)	avg(ms)	p50(ms)	p95(ms)	p99(ms)	pMax(ms)
72	0.0	0.0	1861049.0	62032.2	8.625	7.1375	21.224999999999998	32.4125	110.11250000000001	0.0	0.0	0.0	1861049.0	62032.2	8.625	7.1375	21.224999999999998	32.4125	110.11250000000001
