concurrency	elapsed-r	errors-r	ops(total)-r	ops/sec(cum)-r	avg(ms)-r	p50(ms)-r	p95(ms)-r	p99(ms)-r	pMax(ms)-r	total-r	elapsed-w	errors-w	ops(total)-w	ops/sec(cum)-w	avg(ms)-w	p50(ms)-w	p95(ms)-w	p99(ms)-w	pMax(ms)-w	total-w	elapsed	errors	ops(total)	ops/sec(cum)	avg(ms)	p50(ms)	p95(ms)	p99(ms)	pMax(ms)
96	0.0	0.0	2734056.0	91131.5	5.0	3.7600000000000002	14.74	27.220000000000006	291.91999999999996	0.0	0.0	0.0	143310.0	4776.8	18.42	14.919999999999998	33.94	90.6	695.4200000000001	0.0	0.0	0.0	2877366.0	95908.29999999999	5.66	3.8800000000000003	17.3	31.439999999999998	758.3399999999999
