concurrency	elapsed-r	errors-r	ops(total)-r	ops/sec(cum)-r	avg(ms)-r	p50(ms)-r	p95(ms)-r	p99(ms)-r	pMax(ms)-r	total-r	elapsed-w	errors-w	ops(total)-w	ops/sec(cum)-w	avg(ms)-w	p50(ms)-w	p95(ms)-w	p99(ms)-w	pMax(ms)-w	total-w	elapsed	errors	ops(total)	ops/sec(cum)	avg(ms)	p50(ms)	p95(ms)	p99(ms)	pMax(ms)
127	0.0	0.0	3517671.0	117250.1	2.733333333333334	2.3666666666666667	5.0	14.233333333333334	109.03333333333335	0.0	0.0	0.0	184360.0	6145.0	5.8	5.166666666666667	12.6	19.400000000000002	45.06666666666666	0.0	0.0	0.0	3702031.0	123395.2	2.9333333333333336	2.466666666666667	6.099999999999999	14.866666666666665	109.73333333333333
