concurrency	elapsed-r	errors-r	ops(total)-r	ops/sec(cum)-r	avg(ms)-r	p50(ms)-r	p95(ms)-r	p99(ms)-r	pMax(ms)-r	total-r	elapsed-w	errors-w	ops(total)-w	ops/sec(cum)-w	avg(ms)-w	p50(ms)-w	p95(ms)-w	p99(ms)-w	pMax(ms)-w	total-w	elapsed	errors	ops(total)	ops/sec(cum)	avg(ms)	p50(ms)	p95(ms)	p99(ms)	pMax(ms)
31	0.0	0.0	584210.0	19473.0	8.212499999999999	2.45	33.4625	151.0	327.1625	0.0	0.0	0.0	30578.0	1019.2	81.8	79.7	109.6	231.75000000000003	559.9375	0.0	0.0	0.0	614788.0	20492.3	11.875	2.65	81.27499999999999	158.35000000000002	559.9375
