concurrency	elapsed-r	errors-r	ops(total)-r	ops/sec(cum)-r	avg(ms)-r	p50(ms)-r	p95(ms)-r	p99(ms)-r	pMax(ms)-r	total-r	elapsed-w	errors-w	ops(total)-w	ops/sec(cum)-w	avg(ms)-w	p50(ms)-w	p95(ms)-w	p99(ms)-w	pMax(ms)-w	total-w	elapsed	errors	ops(total)	ops/sec(cum)	avg(ms)	p50(ms)	p95(ms)	p99(ms)	pMax(ms)
75	0.0	0.0	3034201.0	101133.79999999999	1.9	1.3399999999999999	4.9799999999999995	7.9799999999999995	40.86	0.0	0.0	0.0	159931.0	5330.7	49.419999999999995	2.22	271.58000000000004	287.12	323.78000000000003	0.0	0.0	0.0	3194132.0	106464.6	4.24	1.3399999999999999	5.26	14.8	323.78000000000003
