concurrency	elapsed-r	errors-r	ops(total)-r	ops/sec(cum)-r	avg(ms)-r	p50(ms)-r	p95(ms)-r	p99(ms)-r	pMax(ms)-r	total-r	elapsed-w	errors-w	ops(total)-w	ops/sec(cum)-w	avg(ms)-w	p50(ms)-w	p95(ms)-w	p99(ms)-w	pMax(ms)-w	total-w	elapsed	errors	ops(total)	ops/sec(cum)	avg(ms)	p50(ms)	p95(ms)	p99(ms)	pMax(ms)
34	0.0	0.0	2227603.0	74251.7	3.0749999999999997	2.625	6.3999999999999995	10.975	41.5125	0.0	0.0	0.0	117778.0	3925.8999999999996	4.050000000000001	2.825	10.9125	16.775	38.525	0.0	0.0	0.0	2345381.0	78177.6	3.1125	2.625	6.7749999999999995	11.575	43.7375
