concurrency	elapsed-r	errors-r	ops(total)-r	ops/sec(cum)-r	avg(ms)-r	p50(ms)-r	p95(ms)-r	p99(ms)-r	pMax(ms)-r	total-r	elapsed-w	errors-w	ops(total)-w	ops/sec(cum)-w	avg(ms)-w	p50(ms)-w	p95(ms)-w	p99(ms)-w	pMax(ms)-w	total-w	elapsed	errors	ops(total)	ops/sec(cum)	avg(ms)	p50(ms)	p95(ms)	p99(ms)	pMax(ms)
47	0.0	0.0	1272049.0	42400.3	7.55	6.699999999999999	16.925	24.787499999999998	101.4625	0.0	0.0	0.0	66770.0	2225.7	14.212499999999999	13.299999999999997	28.450000000000006	39.0125	92.8	0.0	0.0	0.0	1338819.0	44625.8	7.887499999999999	6.799999999999999	18.075	26.7625	110.375
