concurrency	elapsed-r	errors-r	ops(total)-r	ops/sec(cum)-r	avg(ms)-r	p50(ms)-r	p95(ms)-r	p99(ms)-r	pMax(ms)-r	total-r	elapsed-w	errors-w	ops(total)-w	ops/sec(cum)-w	avg(ms)-w	p50(ms)-w	p95(ms)-w	p99(ms)-w	pMax(ms)-w	total-w	elapsed	errors	ops(total)	ops/sec(cum)	avg(ms)	p50(ms)	p95(ms)	p99(ms)	pMax(ms)
135	0.0	0.0	2588465.0	86277.3	8.78	6.68	24.06	36.88	459.68	0.0	0.0	0.0	136343.0	4544.4	27.220000000000006	23.82	61.25999999999999	91.22	409.38	0.0	0.0	0.0	2724808.0	90821.59999999999	9.72	6.92	28.079999999999995	45.720000000000006	466.4
