concurrency	elapsed-r	errors-r	ops(total)-r	ops/sec(cum)-r	avg(ms)-r	p50(ms)-r	p95(ms)-r	p99(ms)-r	pMax(ms)-r	total-r	elapsed-w	errors-w	ops(total)-w	ops/sec(cum)-w	avg(ms)-w	p50(ms)-w	p95(ms)-w	p99(ms)-w	pMax(ms)-w	total-w	elapsed	errors	ops(total)	ops/sec(cum)	avg(ms)	p50(ms)	p95(ms)	p99(ms)	pMax(ms)
32	0.0	0.0	3309650.0	110319.40000000002	1.9625	1.85	3.2375	6.55	52.574999999999996	0.0	0.0	0.0	174279.0	5809.3	2.05	1.8625	3.5875	6.799999999999999	26.1	0.0	0.0	0.0	3483929.0	116128.59999999999	1.9625	1.85	3.2625	6.575	52.974999999999994
