concurrency	elapsed-r	errors-r	ops(total)-r	ops/sec(cum)-r	avg(ms)-r	p50(ms)-r	p95(ms)-r	p99(ms)-r	pMax(ms)-r	total-r	elapsed-w	errors-w	ops(total)-w	ops/sec(cum)-w	avg(ms)-w	p50(ms)-w	p95(ms)-w	p99(ms)-w	pMax(ms)-w	total-w	elapsed	errors	ops(total)	ops/sec(cum)	avg(ms)	p50(ms)	p95(ms)	p99(ms)	pMax(ms)
41	0.0	0.0	3203434.0	106778.2	2.5875	2.425	4.575	8.4375	34.85	0.0	0.0	0.0	168144.0	5604.599999999999	2.8500000000000005	2.625	5.8500000000000005	9.4375	32.512499999999996	0.0	0.0	0.0	3371578.0	112382.90000000002	2.5875	2.425	4.575	8.5125	35.775
