concurrency	elapsed-r	errors-r	ops(total)-r	ops/sec(cum)-r	avg(ms)-r	p50(ms)-r	p95(ms)-r	p99(ms)-r	pMax(ms)-r	total-r	elapsed-w	errors-w	ops(total)-w	ops/sec(cum)-w	avg(ms)-w	p50(ms)-w	p95(ms)-w	p99(ms)-w	pMax(ms)-w	total-w	elapsed	errors	ops(total)	ops/sec(cum)	avg(ms)	p50(ms)	p95(ms)	p99(ms)	pMax(ms)
128	0.0	0.0	2779261.0	92635.9	6.74	5.26	17.98	29.119999999999994	412.7	0.0	0.0	0.0	146871.0	4895.3	23.199999999999996	21.4	46.56	60.82000000000001	388.4	0.0	0.0	0.0	2926132.0	97531.2	7.56	5.380000000000001	22.24	37.519999999999996	412.7
