concurrency	elapsed-r	errors-r	ops(total)-r	ops/sec(cum)-r	avg(ms)-r	p50(ms)-r	p95(ms)-r	p99(ms)-r	pMax(ms)-r	total-r	elapsed-w	errors-w	ops(total)-w	ops/sec(cum)-w	avg(ms)-w	p50(ms)-w	p95(ms)-w	p99(ms)-w	pMax(ms)-w	total-w	elapsed	errors	ops(total)	ops/sec(cum)	avg(ms)	p50(ms)	p95(ms)	p99(ms)	pMax(ms)
118	0.0	0.0	4395429.0	146506.59999999998	3.7399999999999998	2.88	11.040000000000001	17.9	152.66	0.0	0.0	0.0	230862.0	7694.999999999999	16.36	7.18	22.4	345.93999999999994	591.8399999999999	0.0	0.0	0.0	4626291.0	154201.80000000002	4.380000000000001	2.9200000000000004	11.74	19.6	593.92
