ops/sec(cum)	p50(ms)	p99(ms)	read_tp	read_p50	read_p99	write_tp	write_p50	write_p99
253442.23333333337	0.244	1.0215714285714286	242273.99999999994	0.24385714285714286	1.0215714285714286	11167.233333333334	0.24414285714285713	1.0025714285714287
