concurrency	elapsed-r	errors-r	ops(total)-r	ops/sec(cum)-r	avg(ms)-r	p50(ms)-r	p95(ms)-r	p99(ms)-r	pMax(ms)-r	total-r	elapsed-w	errors-w	ops(total)-w	ops/sec(cum)-w	avg(ms)-w	p50(ms)-w	p95(ms)-w	p99(ms)-w	pMax(ms)-w	total-w	elapsed	errors	ops(total)	ops/sec(cum)	avg(ms)	p50(ms)	p95(ms)	p99(ms)	pMax(ms)
32	0.0	0.0	1918363.0	63944.00000000001	3.3	2.925	7.525	12.474999999999998	61.050000000000004	0.0	0.0	0.0	101082.0	3369.5	6.1125	5.725	13.412499999999998	19.525000000000002	51.87499999999999	0.0	0.0	0.0	2019445.0	67313.20000000001	3.4375	2.95	8.0875	13.162499999999998	67.3375
