concurrency	elapsed-r	errors-r	ops(total)-r	ops/sec(cum)-r	avg(ms)-r	p50(ms)-r	p95(ms)-r	p99(ms)-r	pMax(ms)-r	total-r	elapsed-w	errors-w	ops(total)-w	ops/sec(cum)-w	avg(ms)-w	p50(ms)-w	p95(ms)-w	p99(ms)-w	pMax(ms)-w	total-w	elapsed	errors	ops(total)	ops/sec(cum)	avg(ms)	p50(ms)	p95(ms)	p99(ms)	pMax(ms)
48	0.0	0.0	2327982.0	77597.7	1.5999999999999999	1.3333333333333333	2.6333333333333333	6.733333333333334	22.366666666666664	0.0	0.0	0.0	123125.0	4104.1	2.7999999999999994	2.533333333333333	5.0	9.9	19.766666666666666	0.0	0.0	0.0	2451107.0	81701.70000000001	1.6666666666666667	1.3333333333333333	2.9666666666666663	7.0	22.366666666666664
