concurrency	elapsed-r	errors-r	ops(total)-r	ops/sec(cum)-r	avg(ms)-r	p50(ms)-r	p95(ms)-r	p99(ms)-r	pMax(ms)-r	total-r	elapsed-w	errors-w	ops(total)-w	ops/sec(cum)-w	avg(ms)-w	p50(ms)-w	p95(ms)-w	p99(ms)-w	pMax(ms)-w	total-w	elapsed	errors	ops(total)	ops/sec(cum)	avg(ms)	p50(ms)	p95(ms)	p99(ms)	pMax(ms)
15	0.0	0.0	633920.0	21130.1	3.7749999999999995	2.5000000000000004	13.037499999999998	22.6875	60.012499999999996	0.0	0.0	0.0	33324.0	1110.8999999999999	31.45	9.1125	121.6125	524.3	721.4000000000001	0.0	0.0	0.0	667244.0	22240.9	5.1625000000000005	2.65	13.9875	24.5125	721.4000000000001
