concurrency	elapsed-r	errors-r	ops(total)-r	ops/sec(cum)-r	avg(ms)-r	p50(ms)-r	p95(ms)-r	p99(ms)-r	pMax(ms)-r	total-r	elapsed	errors	ops(total)	ops/sec(cum)	avg(ms)	p50(ms)	p95(ms)	p99(ms)	pMax(ms)
88	0.0	0.0	1898525.0	63281.09999999999	10.2875	9.075	24.249999999999996	36.15	97.025	0.0	0.0	0.0	1898525.0	63281.09999999999	10.2875	9.075	24.249999999999996	36.15	97.025
