concurrency	elapsed-r	errors-r	ops(total)-r	ops/sec(cum)-r	avg(ms)-r	p50(ms)-r	p95(ms)-r	p99(ms)-r	pMax(ms)-r	total-r	elapsed-w	errors-w	ops(total)-w	ops/sec(cum)-w	avg(ms)-w	p50(ms)-w	p95(ms)-w	p99(ms)-w	pMax(ms)-w	total-w	elapsed	errors	ops(total)	ops/sec(cum)	avg(ms)	p50(ms)	p95(ms)	p99(ms)	pMax(ms)
132	0.0	0.0	4613543.0	153777.2	4.0	3.4	9.620000000000001	17.52	164.86	0.0	0.0	0.0	243379.0	8112.199999999999	11.32	10.219999999999999	22.96	31.439999999999998	109.85999999999999	0.0	0.0	0.0	4856922.0	161889.3	4.38	3.4200000000000004	12.459999999999999	20.44	165.26000000000002
