concurrency	elapsed-r	errors-r	ops(total)-r	ops/sec(cum)-r	avg(ms)-r	p50(ms)-r	p95(ms)-r	p99(ms)-r	pMax(ms)-r	total-r	elapsed-w	errors-w	ops(total)-w	ops/sec(cum)-w	avg(ms)-w	p50(ms)-w	p95(ms)-w	p99(ms)-w	pMax(ms)-w	total-w	elapsed	errors	ops(total)	ops/sec(cum)	avg(ms)	p50(ms)	p95(ms)	p99(ms)	pMax(ms)
48	0.0	0.0	4491169.0	149701.69999999998	2.0124999999999997	1.8375000000000001	3.7250000000000005	7.074999999999999	218.09999999999997	0.0	0.0	0.0	235740.0	7857.7	2.1125	1.85	3.925	8.3375	130.7875	0.0	0.0	0.0	4726909.0	157559.40000000002	2.0374999999999996	1.8375000000000001	3.7250000000000005	7.074999999999999	218.09999999999997
