concurrency	elapsed-r	errors-r	ops(total)-r	ops/sec(cum)-r	avg(ms)-r	p50(ms)-r	p95(ms)-r	p99(ms)-r	pMax(ms)-r	total-r	elapsed-w	errors-w	ops(total)-w	ops/sec(cum)-w	avg(ms)-w	p50(ms)-w	p95(ms)-w	p99(ms)-w	pMax(ms)-w	total-w	elapsed	errors	ops(total)	ops/sec(cum)	avg(ms)	p50(ms)	p95(ms)	p99(ms)	pMax(ms)
81	0.0	0.0	205704.0	3428.4000000000005	5.25	2.7249999999999996	8.775	74.975	587.2	0.0	0.0	0.0	10433.0	173.79999999999998	68.825	66.57499999999999	148.9	241.2	1459.625	0.0	0.0	0.0	216137.0	3602.3	8.3	2.8249999999999997	26.724999999999998	134.2	1459.625
