concurrency	elapsed-r	errors-r	ops(total)-r	ops/sec(cum)-r	avg(ms)-r	p50(ms)-r	p95(ms)-r	p99(ms)-r	pMax(ms)-r	total-r	elapsed-w	errors-w	ops(total)-w	ops/sec(cum)-w	avg(ms)-w	p50(ms)-w	p95(ms)-w	p99(ms)-w	pMax(ms)-w	total-w	elapsed	errors	ops(total)	ops/sec(cum)	avg(ms)	p50(ms)	p95(ms)	p99(ms)	pMax(ms)
9	0.0	0.0	785924.0	26197.0	1.7500000000000002	1.35	3.675	4.95	95.87500000000003	0.0	0.0	0.0	41342.0	1378.1000000000001	15.175000000000002	2.3874999999999997	54.5	64.7375	83.9	0.0	0.0	0.0	827266.0	27574.999999999996	2.425	1.35	3.974999999999999	39.800000000000004	119.55000000000001
