concurrency	elapsed-r	errors-r	ops(total)-r	ops/sec(cum)-r	avg(ms)-r	p50(ms)-r	p95(ms)-r	p99(ms)-r	pMax(ms)-r	total-r	elapsed-w	errors-w	ops(total)-w	ops/sec(cum)-w	avg(ms)-w	p50(ms)-w	p95(ms)-w	p99(ms)-w	pMax(ms)-w	total-w	elapsed	errors	ops(total)	ops/sec(cum)	avg(ms)	p50(ms)	p95(ms)	p99(ms)	pMax(ms)
23	0.0	0.0	3179599.0	105985.09999999999	1.4	1.3	2.275	4.7125	74.97500000000001	0.0	0.0	0.0	167339.0	5578.0	1.7375000000000003	1.5374999999999999	3.4625	5.6375	35.6625	0.0	0.0	0.0	3346938.0	111563.0	1.4375	1.3	2.3125	4.737500000000001	76.55000000000001
