concurrency	elapsed-r	errors-r	ops(total)-r	ops/sec(cum)-r	avg(ms)-r	p50(ms)-r	p95(ms)-r	p99(ms)-r	pMax(ms)-r	total-r	elapsed	errors	ops(total)	ops/sec(cum)	avg(ms)	p50(ms)	p95(ms)	p99(ms)	pMax(ms)
18	0.0	0.0	1373788.0	45792.299999999996	2.9625000000000004	2.7750000000000004	5.35	8.5	21.75	0.0	0.0	0.0	1373788.0	45792.299999999996	2.9625000000000004	2.7750000000000004	5.35	8.5	21.75
