concurrency	elapsed-r	errors-r	ops(total)-r	ops/sec(cum)-r	avg(ms)-r	p50(ms)-r	p95(ms)-r	p99(ms)-r	pMax(ms)-r	total-r	elapsed	errors	ops(total)	ops/sec(cum)	avg(ms)	p50(ms)	p95(ms)	p99(ms)	pMax(ms)
20	0.0	0.0	1065997.0	35532.6	4.3374999999999995	4.05	8.35	11.349999999999998	31.9875	0.0	0.0	0.0	1065997.0	35532.6	4.3374999999999995	4.05	8.35	11.349999999999998	31.9875
