concurrency	elapsed-r	errors-r	ops(total)-r	ops/sec(cum)-r	avg(ms)-r	p50(ms)-r	p95(ms)-r	p99(ms)-r	pMax(ms)-r	total-r	elapsed	errors	ops(total)	ops/sec(cum)	avg(ms)	p50(ms)	p95(ms)	p99(ms)	pMax(ms)
24	0.0	0.0	1373948.0	45797.6	1.925	1.8	3.1	5.6000000000000005	17.849999999999998	0.0	0.0	0.0	1373948.0	45797.6	1.925	1.8	3.1	5.6000000000000005	17.849999999999998
