concurrency	elapsed-r	errors-r	ops(total)-r	ops/sec(cum)-r	avg(ms)-r	p50(ms)-r	p95(ms)-r	p99(ms)-r	pMax(ms)-r	total-r	elapsed-w	errors-w	ops(total)-w	ops/sec(cum)-w	avg(ms)-w	p50(ms)-w	p95(ms)-w	p99(ms)-w	pMax(ms)-w	total-w	elapsed	errors	ops(total)	ops/sec(cum)	avg(ms)	p50(ms)	p95(ms)	p99(ms)	pMax(ms)
16	0.0	0.0	655233.0	21840.9	1.875	1.375	4.1	5.325	60.275000000000006	0.0	0.0	0.0	34496.0	1149.9	16.849999999999998	2.55	53.975	63.95	77.6	0.0	0.0	0.0	689729.0	22990.600000000002	2.625	1.4500000000000002	4.4	40.849999999999994	77.6
