concurrency	elapsed-r	errors-r	ops(total)-r	ops/sec(cum)-r	avg(ms)-r	p50(ms)-r	p95(ms)-r	p99(ms)-r	pMax(ms)-r	total-r	elapsed-w	errors-w	ops(total)-w	ops/sec(cum)-w	avg(ms)-w	p50(ms)-w	p95(ms)-w	p99(ms)-w	pMax(ms)-w	total-w	elapsed	errors	ops(total)	ops/sec(cum)	avg(ms)	p50(ms)	p95(ms)	p99(ms)	pMax(ms)
16	0.0	0.0	861510.0	19144.300000000003	2.3	1.7399999999999998	5.0	11.1	30.4	0.0	0.0	0.0	45430.0	1009.5	17.880000000000003	3.02	58.7	69.61999999999999	93.14000000000001	0.0	0.0	0.0	906940.0	20154.0	3.0599999999999996	1.8	6.0	42.32	93.14000000000001
