concurrency	elapsed-r	errors-r	ops(total)-r	ops/sec(cum)-r	avg(ms)-r	p50(ms)-r	p95(ms)-r	p99(ms)-r	pMax(ms)-r	total-r	elapsed-w	errors-w	ops(total)-w	ops/sec(cum)-w	avg(ms)-w	p50(ms)-w	p95(ms)-w	p99(ms)-w	pMax(ms)-w	total-w	elapsed	errors	ops(total)	ops/sec(cum)	avg(ms)	p50(ms)	p95(ms)	p99(ms)	pMax(ms)
31	0.0	0.0	1947781.0	64924.7	3.4375	3.2375000000000003	6.299999999999999	9.325000000000001	31.825000000000003	0.0	0.0	0.0	102408.0	3413.7999999999993	3.3625	3.1750000000000003	6.225	9.137500000000001	26.512500000000003	0.0	0.0	0.0	2050189.0	68338.20000000001	3.4375	3.2375000000000003	6.299999999999999	9.25	33.0125
