concurrency	elapsed-r	errors-r	ops(total)-r	ops/sec(cum)-r	avg(ms)-r	p50(ms)-r	p95(ms)-r	p99(ms)-r	pMax(ms)-r	total-r	elapsed-w	errors-w	ops(total)-w	ops/sec(cum)-w	avg(ms)-w	p50(ms)-w	p95(ms)-w	p99(ms)-w	pMax(ms)-w	total-w	elapsed	errors	ops(total)	ops/sec(cum)	avg(ms)	p50(ms)	p95(ms)	p99(ms)	pMax(ms)
31	0.0	0.0	24974.0	832.4000000000001	225.36249999999998	7.3	1212.1875	2214.6	3758.1	0.0	0.0	0.0	1214.0	40.49999999999999	1607.1250000000002	1215.3125	4898.949999999999	7683.962500000001	9160.349999999999	0.0	0.0	0.0	26188.0	873.0	289.475	8.499999999999998	1560.275	2936.0125	9160.349999999999
