concurrency	elapsed-r	errors-r	ops(total)-r	ops/sec(cum)-r	avg(ms)-r	p50(ms)-r	p95(ms)-r	p99(ms)-r	pMax(ms)-r	total-r	elapsed-w	errors-w	ops(total)-w	ops/sec(cum)-w	avg(ms)-w	p50(ms)-w	p95(ms)-w	p99(ms)-w	pMax(ms)-w	total-w	elapsed	errors	ops(total)	ops/sec(cum)	avg(ms)	p50(ms)	p95(ms)	p99(ms)	pMax(ms)
47	0.0	0.0	795294.0	26509.000000000004	17.9375	16.6125	36.4	41.387499999999996	143.675	0.0	0.0	0.0	41673.0	1389.0	36.12499999999999	32.55	68.175	143.125	258.97499999999997	0.0	0.0	0.0	836967.0	27898.0	18.849999999999998	16.625	36.4	52.9375	258.97499999999997
