concurrency	elapsed-w	errors-w	ops(total)-w	ops/sec(cum)-w	avg(ms)-w	p50(ms)-w	p95(ms)-w	p99(ms)-w	pMax(ms)-w	total-w	elapsed	errors	ops(total)	ops/sec(cum)	avg(ms)	p50(ms)	p95(ms)	p99(ms)	pMax(ms)
40	0.0	0.0	3288567.0	109616.40000000001	2.6875	2.625	4.612500000000001	7.75	27.675	0.0	0.0	0.0	3288567.0	109616.40000000001	2.6875	2.625	4.612500000000001	7.75	27.675
