concurrency	elapsed-w	errors-w	ops(total)-w	ops/sec(cum)-w	avg(ms)-w	p50(ms)-w	p95(ms)-w	p99(ms)-w	pMax(ms)-w	total-w	elapsed	errors	ops(total)	ops/sec(cum)	avg(ms)	p50(ms)	p95(ms)	p99(ms)	pMax(ms)
65	0.0	0.0	752670.0	25087.999999999996	20.187499999999996	17.95	47.412499999999994	64.2125	236.975	0.0	0.0	0.0	752670.0	25087.999999999996	20.187499999999996	17.95	47.412499999999994	64.2125	236.975
