concurrency	elapsed-r	errors-r	ops(total)-r	ops/sec(cum)-r	avg(ms)-r	p50(ms)-r	p95(ms)-r	p99(ms)-r	pMax(ms)-r	total-r	elapsed-w	errors-w	ops(total)-w	ops/sec(cum)-w	avg(ms)-w	p50(ms)-w	p95(ms)-w	p99(ms)-w	pMax(ms)-w	total-w	elapsed	errors	ops(total)	ops/sec(cum)	avg(ms)	p50(ms)	p95(ms)	p99(ms)	pMax(ms)
112	0.0	0.0	4552099.0	151726.3	3.4799999999999995	2.98	7.6	15.439999999999998	91.02000000000001	0.0	0.0	0.0	239917.0	7996.8	9.3	8.58	18.72	25.560000000000002	56.620000000000005	0.0	0.0	0.0	4792016.0	159723.0	3.7600000000000002	2.98	10.54	16.999999999999996	91.44
