concurrency	elapsed-r	errors-r	ops(total)-r	ops/sec(cum)-r	avg(ms)-r	p50(ms)-r	p95(ms)-r	p99(ms)-r	pMax(ms)-r	total-r	elapsed-w	errors-w	ops(total)-w	ops/sec(cum)-w	avg(ms)-w	p50(ms)-w	p95(ms)-w	p99(ms)-w	pMax(ms)-w	total-w	elapsed	errors	ops(total)	ops/sec(cum)	avg(ms)	p50(ms)	p95(ms)	p99(ms)	pMax(ms)
15	0.0	0.0	702601.0	23419.5	1.8624999999999998	1.4000000000000001	4.3	5.6	135.8	0.0	0.0	0.0	36881.0	1229.3	57.725	2.525	192.90000000000003	201.29999999999998	222.29999999999998	0.0	0.0	0.0	739482.0	24648.8	4.675	1.425	4.5	176.20000000000002	222.29999999999998
