concurrency	elapsed-r	errors-r	ops(total)-r	ops/sec(cum)-r	avg(ms)-r	p50(ms)-r	p95(ms)-r	p99(ms)-r	pMax(ms)-r	total-r	elapsed	errors	ops(total)	ops/sec(cum)	avg(ms)	p50(ms)	p95(ms)	p99(ms)	pMax(ms)
22	0.0	0.0	1372583.0	45752.100000000006	3.675	3.375	6.975	10.625	26.087500000000002	0.0	0.0	0.0	1372583.0	45752.100000000006	3.675	3.375	6.975	10.625	26.087500000000002
