concurrency	elapsed-r	errors-r	ops(total)-r	ops/sec(cum)-r	avg(ms)-r	p50(ms)-r	p95(ms)-r	p99(ms)-r	pMax(ms)-r	total-r	elapsed-w	errors-w	ops(total)-w	ops/sec(cum)-w	avg(ms)-w	p50(ms)-w	p95(ms)-w	p99(ms)-w	pMax(ms)-w	total-w	elapsed	errors	ops(total)	ops/sec(cum)	avg(ms)	p50(ms)	p95(ms)	p99(ms)	pMax(ms)
104	0.0	0.0	4388839.0	146288.5	3.5799999999999996	2.9799999999999995	7.88	15.959999999999999	66.9	0.0	0.0	0.0	230325.0	7677.099999999999	8.62	7.640000000000001	17.919999999999998	24.94	54.120000000000005	0.0	0.0	0.0	4619164.0	153965.7	3.84	3.08	10.02	17.259999999999998	68.36
