concurrency	elapsed-r	errors-r	ops(total)-r	ops/sec(cum)-r	avg(ms)-r	p50(ms)-r	p95(ms)-r	p99(ms)-r	pMax(ms)-r	total-r	elapsed	errors	ops(total)	ops/sec(cum)	avg(ms)	p50(ms)	p95(ms)	p99(ms)	pMax(ms)
40	0.0	0.0	1314515.0	43815.99999999999	7.25	6.35	15.724999999999998	23.849999999999998	50.5625	0.0	0.0	0.0	1314515.0	43815.99999999999	7.25	6.35	15.724999999999998	23.849999999999998	50.5625
