concurrency	elapsed-r	errors-r	ops(total)-r	ops/sec(cum)-r	avg(ms)-r	p50(ms)-r	p95(ms)-r	p99(ms)-r	pMax(ms)-r	total-r	elapsed-w	errors-w	ops(total)-w	ops/sec(cum)-w	avg(ms)-w	p50(ms)-w	p95(ms)-w	p99(ms)-w	pMax(ms)-w	total-w	elapsed	errors	ops(total)	ops/sec(cum)	avg(ms)	p50(ms)	p95(ms)	p99(ms)	pMax(ms)
7	0.0	0.0	758976.0	25298.800000000003	1.7500000000000002	1.3750000000000002	3.7249999999999996	5.025	16.7875	0.0	0.0	0.0	39677.0	1322.6	5.2125	2.4	19.125000000000004	27.0125	39.8	0.0	0.0	0.0	798653.0	26621.399999999998	1.9125	1.3750000000000002	3.9624999999999995	8.7875	39.8
