concurrency	elapsed-r	errors-r	ops(total)-r	ops/sec(cum)-r	avg(ms)-r	p50(ms)-r	p95(ms)-r	p99(ms)-r	pMax(ms)-r	total-r	elapsed-w	errors-w	ops(total)-w	ops/sec(cum)-w	avg(ms)-w	p50(ms)-w	p95(ms)-w	p99(ms)-w	pMax(ms)-w	total-w	elapsed	errors	ops(total)	ops/sec(cum)	avg(ms)	p50(ms)	p95(ms)	p99(ms)	pMax(ms)
47	0.0	0.0	4312944.0	143761.3	2.175	1.7999999999999998	4.675	7.812499999999999	218.09999999999997	0.0	0.0	0.0	226608.0	7553.4	2.2	1.7999999999999998	4.825	8.5	190.31249999999997	0.0	0.0	0.0	4539552.0	151314.8	2.175	1.7999999999999998	4.675	7.812499999999999	218.09999999999997
