concurrency	elapsed-r	errors-r	ops(total)-r	ops/sec(cum)-r	avg(ms)-r	p50(ms)-r	p95(ms)-r	p99(ms)-r	pMax(ms)-r	total-r	elapsed-w	errors-w	ops(total)-w	ops/sec(cum)-w	avg(ms)-w	p50(ms)-w	p95(ms)-w	p99(ms)-w	pMax(ms)-w	total-w	elapsed	errors	ops(total)	ops/sec(cum)	avg(ms)	p50(ms)	p95(ms)	p99(ms)	pMax(ms)
28	0.0	0.0	1461965.0	48731.299999999996	4.1875	4.125	7.374999999999999	8.9	20.1875	0.0	0.0	0.0	76821.0	2560.7000000000003	4.1499999999999995	4.075	7.2250000000000005	8.9	16.9625	0.0	0.0	0.0	1538786.0	51292.0	4.1875	4.125	7.374999999999999	8.9	20.1875
