concurrency	elapsed-r	errors-r	ops(total)-r	ops/sec(cum)-r	avg(ms)-r	p50(ms)-r	p95(ms)-r	p99(ms)-r	pMax(ms)-r	total-r	elapsed	errors	ops(total)	ops/sec(cum)	avg(ms)	p50(ms)	p95(ms)	p99(ms)	pMax(ms)
17	0.0	0.0	1357863.0	45261.4	2.85	2.6624999999999996	5.1375	8.05	22.299999999999997	0.0	0.0	0.0	1357863.0	45261.4	2.85	2.6624999999999996	5.1375	8.05	22.299999999999997
