concurrency	elapsed-w	errors-w	ops(total)-w	ops/sec(cum)-w	avg(ms)-w	p50(ms)-w	p95(ms)-w	p99(ms)-w	pMax(ms)-w	total-w	elapsed	errors	ops(total)	ops/sec(cum)	avg(ms)	p50(ms)	p95(ms)	p99(ms)	pMax(ms)
27	0.0	0.0	3611997.0	120398.40000000001	1.6375	1.425	3.8999999999999995	5.1875	45.762499999999996	0.0	0.0	0.0	3611997.0	120398.40000000001	1.6375	1.425	3.8999999999999995	5.1875	45.762499999999996
