concurrency	elapsed-r	errors-r	ops(total)-r	ops/sec(cum)-r	avg(ms)-r	p50(ms)-r	p95(ms)-r	p99(ms)-r	pMax(ms)-r	total-r	elapsed-w	errors-w	ops(total)-w	ops/sec(cum)-w	avg(ms)-w	p50(ms)-w	p95(ms)-w	p99(ms)-w	pMax(ms)-w	total-w	elapsed	errors	ops(total)	ops/sec(cum)	avg(ms)	p50(ms)	p95(ms)	p99(ms)	pMax(ms)
6	0.0	0.0	705877.0	23528.899999999998	1.675	1.3499999999999999	3.4749999999999996	4.6125	57.35	0.0	0.0	0.0	37156.0	1238.6	3.5500000000000003	2.425	10.3625	16.200000000000003	28.587500000000002	0.0	0.0	0.0	743033.0	24767.6	1.7500000000000002	1.3625	3.6250000000000004	5.8	63.58749999999999
