concurrency	elapsed-r	errors-r	ops(total)-r	ops/sec(cum)-r	avg(ms)-r	p50(ms)-r	p95(ms)-r	p99(ms)-r	pMax(ms)-r	total-r	elapsed	errors	ops(total)	ops/sec(cum)	avg(ms)	p50(ms)	p95(ms)	p99(ms)	pMax(ms)
54	0.0	0.0	1557472.0	51914.2	7.75	6.999999999999999	16.8	24.375	90.16250000000001	0.0	0.0	0.0	1557472.0	51914.2	7.75	6.999999999999999	16.8	24.375	90.16250000000001
