concurrency	elapsed-w	errors-w	ops(total)-w	ops/sec(cum)-w	avg(ms)-w	p50(ms)-w	p95(ms)-w	p99(ms)-w	pMax(ms)-w	total-w	elapsed	errors	ops(total)	ops/sec(cum)	avg(ms)	p50(ms)	p95(ms)	p99(ms)	pMax(ms)
32	0.0	0.0	730513.0	24349.800000000003	10.137500000000001	8.35	24.5125	33.724999999999994	106.41250000000001	0.0	0.0	0.0	730513.0	24349.800000000003	10.137500000000001	8.35	24.5125	33.724999999999994	106.41250000000001
