concurrency	elapsed-r	errors-r	ops(total)-r	ops/sec(cum)-r	avg(ms)-r	p50(ms)-r	p95(ms)-r	p99(ms)-r	pMax(ms)-r	total-r	elapsed-w	errors-w	ops(total)-w	ops/sec(cum)-w	avg(ms)-w	p50(ms)-w	p95(ms)-w	p99(ms)-w	pMax(ms)-w	total-w	elapsed	errors	ops(total)	ops/sec(cum)	avg(ms)	p50(ms)	p95(ms)	p99(ms)	pMax(ms)
120	0.0	0.0	2611095.0	87031.5	7.720000000000001	6.0	21.22	32.7	468.06000000000006	0.0	0.0	0.0	137820.0	4593.8	22.36	20.14	46.120000000000005	59.58	344.78000000000003	0.0	0.0	0.0	2748915.0	91625.3	8.48	6.3	24.980000000000004	38.58	468.06000000000006
