concurrency	elapsed-r	errors-r	ops(total)-r	ops/sec(cum)-r	avg(ms)-r	p50(ms)-r	p95(ms)-r	p99(ms)-r	pMax(ms)-r	total-r	elapsed-w	errors-w	ops(total)-w	ops/sec(cum)-w	avg(ms)-w	p50(ms)-w	p95(ms)-w	p99(ms)-w	pMax(ms)-w	total-w	elapsed	errors	ops(total)	ops/sec(cum)	avg(ms)	p50(ms)	p95(ms)	p99(ms)	pMax(ms)
63	0.0	0.0	1271671.0	42387.5	3.2000000000000006	2.3333333333333335	8.733333333333334	23.100000000000005	82.5	0.0	0.0	0.0	66753.0	2225.0	6.833333333333333	5.0	21.666666666666668	41.199999999999996	82.5	0.0	0.0	0.0	1338424.0	44612.600000000006	3.4	2.4	9.4	24.100000000000005	83.89999999999999
