concurrency	elapsed-w	errors-w	ops(total)-w	ops/sec(cum)-w	avg(ms)-w	p50(ms)-w	p95(ms)-w	p99(ms)-w	pMax(ms)-w	total-w	elapsed	errors	ops(total)	ops/sec(cum)	avg(ms)	p50(ms)	p95(ms)	p99(ms)	pMax(ms)
32	0.0	0.0	3554843.0	118493.00000000001	1.9375	1.9	3.4000000000000004	5.775	73.41250000000001	0.0	0.0	0.0	3554843.0	118493.00000000001	1.9375	1.9	3.4000000000000004	5.775	73.41250000000001
