concurrency	elapsed-r	errors-r	ops(total)-r	ops/sec(cum)-r	avg(ms)-r	p50(ms)-r	p95(ms)-r	p99(ms)-r	pMax(ms)-r	total-r	elapsed-w	errors-w	ops(total)-w	ops/sec(cum)-w	avg(ms)-w	p50(ms)-w	p95(ms)-w	p99(ms)-w	pMax(ms)-w	total-w	elapsed	errors	ops(total)	ops/sec(cum)	avg(ms)	p50(ms)	p95(ms)	p99(ms)	pMax(ms)
31	0.0	0.0	3274838.0	109158.5	1.8625	1.7375	3.025	6.125	48.62499999999999	0.0	0.0	0.0	172437.0	5747.9	2.025	1.8250000000000002	3.8000000000000003	6.925	18.425	0.0	0.0	0.0	3447275.0	114906.3	1.875	1.75	3.05	6.1875	48.62499999999999
