concurrency	elapsed-r	errors-r	ops(total)-r	ops/sec(cum)-r	avg(ms)-r	p50(ms)-r	p95(ms)-r	p99(ms)-r	pMax(ms)-r	total-r	elapsed-w	errors-w	ops(total)-w	ops/sec(cum)-w	avg(ms)-w	p50(ms)-w	p95(ms)-w	p99(ms)-w	pMax(ms)-w	total-w	elapsed	errors	ops(total)	ops/sec(cum)	avg(ms)	p50(ms)	p95(ms)	p99(ms)	pMax(ms)
23	0.0	0.0	626407.0	20879.8	5.000000000000001	2.275	7.449999999999999	102.27500000000002	236.98749999999998	0.0	0.0	0.0	33113.0	1103.8999999999999	67.72500000000001	66.575	84.425	164.65000000000003	281.0125	0.0	0.0	0.0	659520.0	21983.3	8.1625	2.35	62.89999999999999	104.375	287.3125
