concurrency	elapsed-r	errors-r	ops(total)-r	ops/sec(cum)-r	avg(ms)-r	p50(ms)-r	p95(ms)-r	p99(ms)-r	pMax(ms)-r	total-r	elapsed	errors	ops(total)	ops/sec(cum)	avg(ms)	p50(ms)	p95(ms)	p99(ms)	pMax(ms)
12	0.0	0.0	1120091.0	37335.899999999994	2.375	2.275	4.0875	6.162499999999999	17.5625	0.0	0.0	0.0	1120091.0	37335.899999999994	2.375	2.275	4.0875	6.162499999999999	17.5625
