concurrency	elapsed-r	errors-r	ops(total)-r	ops/sec(cum)-r	avg(ms)-r	p50(ms)-r	p95(ms)-r	p99(ms)-r	pMax(ms)-r	total-r	elapsed-w	errors-w	ops(total)-w	ops/sec(cum)-w	avg(ms)-w	p50(ms)-w	p95(ms)-w	p99(ms)-w	pMax(ms)-w	total-w	elapsed	errors	ops(total)	ops/sec(cum)	avg(ms)	p50(ms)	p95(ms)	p99(ms)	pMax(ms)
84	0.0	0.0	1832531.0	61081.99999999999	2.2666666666666666	1.5333333333333332	6.033333333333334	9.6	58.0	0.0	0.0	0.0	96690.0	3222.9	76.46666666666667	2.766666666666667	413.8666666666666	440.3666666666666	480.23333333333335	0.0	0.0	0.0	1929221.0	64304.799999999996	6.0	1.5666666666666667	6.333333333333333	18.366666666666667	480.23333333333335
