concurrency	elapsed-r	errors-r	ops(total)-r	ops/sec(cum)-r	avg(ms)-r	p50(ms)-r	p95(ms)-r	p99(ms)-r	pMax(ms)-r	total-r	elapsed-w	errors-w	ops(total)-w	ops/sec(cum)-w	avg(ms)-w	p50(ms)-w	p95(ms)-w	p99(ms)-w	pMax(ms)-w	total-w	elapsed	errors	ops(total)	ops/sec(cum)	avg(ms)	p50(ms)	p95(ms)	p99(ms)	pMax(ms)
63	0.0	0.0	3460616.0	115350.4	3.6500000000000004	3.4375	6.1499999999999995	11.299999999999999	125.3	0.0	0.0	0.0	182667.0	6088.6	3.6500000000000004	3.4375	6.1499999999999995	11.299999999999999	27.012500000000003	0.0	0.0	0.0	3643283.0	121439.2	3.6500000000000004	3.4375	6.1499999999999995	11.299999999999999	125.3
