concurrency	elapsed-r	errors-r	ops(total)-r	ops/sec(cum)-r	avg(ms)-r	p50(ms)-r	p95(ms)-r	p99(ms)-r	pMax(ms)-r	total-r	elapsed-w	errors-w	ops(total)-w	ops/sec(cum)-w	avg(ms)-w	p50(ms)-w	p95(ms)-w	p99(ms)-w	pMax(ms)-w	total-w	elapsed	errors	ops(total)	ops/sec(cum)	avg(ms)	p50(ms)	p95(ms)	p99(ms)	pMax(ms)
15	0.0	0.0	1151841.0	38394.0	2.6125	2.15	6.525	10.5	107.475	0.0	0.0	0.0	60528.0	2017.3999999999999	4.7375	3.9499999999999997	10.875	17.9625	40.1	0.0	0.0	0.0	1212369.0	40411.600000000006	2.7125000000000004	2.2125	6.749999999999999	11.0	107.475
