concurrency	elapsed-r	errors-r	ops(total)-r	ops/sec(cum)-r	avg(ms)-r	p50(ms)-r	p95(ms)-r	p99(ms)-r	pMax(ms)-r	total-r	elapsed	errors	ops(total)	ops/sec(cum)	avg(ms)	p50(ms)	p95(ms)	p99(ms)	pMax(ms)
62	0.0	0.0	1576732.0	52555.8	8.775	7.975	18.900000000000002	26.6125	108.525	0.0	0.0	0.0	1576732.0	52555.8	8.775	7.975	18.900000000000002	26.6125	108.525
