concurrency	elapsed-r	errors-r	ops(total)-r	ops/sec(cum)-r	avg(ms)-r	p50(ms)-r	p95(ms)-r	p99(ms)-r	pMax(ms)-r	total-r	elapsed-w	errors-w	ops(total)-w	ops/sec(cum)-w	avg(ms)-w	p50(ms)-w	p95(ms)-w	p99(ms)-w	pMax(ms)-w	total-w	elapsed	errors	ops(total)	ops/sec(cum)	avg(ms)	p50(ms)	p95(ms)	p99(ms)	pMax(ms)
54	0.0	0.0	1947313.0	64908.19999999999	5.55	4.85	13.349999999999998	20.725	55.8125	0.0	0.0	0.0	101982.0	3399.3999999999996	10.0	9.475000000000001	22.0	30.5375	58.69999999999999	0.0	0.0	0.0	2049295.0	68307.3	5.75	5.025	14.024999999999999	21.75	59.4875
