concurrency	elapsed-r	errors-r	ops(total)-r	ops/sec(cum)-r	avg(ms)-r	p50(ms)-r	p95(ms)-r	p99(ms)-r	pMax(ms)-r	total-r	elapsed-w	errors-w	ops(total)-w	ops/sec(cum)-w	avg(ms)-w	p50(ms)-w	p95(ms)-w	p99(ms)-w	pMax(ms)-w	total-w	elapsed	errors	ops(total)	ops/sec(cum)	avg(ms)	p50(ms)	p95(ms)	p99(ms)	pMax(ms)
51	0.0	0.0	1960591.0	65350.9	5.175	4.6	12.349999999999998	19.150000000000002	62.9	0.0	0.0	0.0	102847.0	3428.1000000000004	9.5	9.025	21.125	28.587500000000002	54.237500000000004	0.0	0.0	0.0	2063438.0	68778.9	5.387500000000001	4.725	13.037499999999998	20.175	67.8875
