concurrency	elapsed-r	errors-r	ops(total)-r	ops/sec(cum)-r	avg(ms)-r	p50(ms)-r	p95(ms)-r	p99(ms)-r	pMax(ms)-r	total-r	elapsed-w	errors-w	ops(total)-w	ops/sec(cum)-w	avg(ms)-w	p50(ms)-w	p95(ms)-w	p99(ms)-w	pMax(ms)-w	total-w	elapsed	errors	ops(total)	ops/sec(cum)	avg(ms)	p50(ms)	p95(ms)	p99(ms)	pMax(ms)
34	0.0	0.0	3370087.0	112334.19999999998	2.025	1.875	3.2249999999999996	6.8	55.562499999999986	0.0	0.0	0.0	178139.0	5937.8	2.4000000000000004	2.3	3.8624999999999994	7.475	26.662499999999998	0.0	0.0	0.0	3548226.0	118272.0	2.025	1.9249999999999998	3.25	6.862499999999999	55.562499999999986
