concurrency	elapsed-w	errors-w	ops(total)-w	ops/sec(cum)-w	avg(ms)-w	p50(ms)-w	p95(ms)-w	p99(ms)-w	pMax(ms)-w	total-w	elapsed	errors	ops(total)	ops/sec(cum)	avg(ms)	p50(ms)	p95(ms)	p99(ms)	pMax(ms)
37	0.0	0.0	3865171.0	128836.90000000001	2.0875	1.425	5.875	7.824999999999999	45.724999999999994	0.0	0.0	0.0	3865171.0	128836.90000000001	2.0875	1.425	5.875	7.824999999999999	45.724999999999994
