concurrency	elapsed-r	errors-r	ops(total)-r	ops/sec(cum)-r	avg(ms)-r	p50(ms)-r	p95(ms)-r	p99(ms)-r	pMax(ms)-r	total-r	elapsed-w	errors-w	ops(total)-w	ops/sec(cum)-w	avg(ms)-w	p50(ms)-w	p95(ms)-w	p99(ms)-w	pMax(ms)-w	total-w	elapsed	errors	ops(total)	ops/sec(cum)	avg(ms)	p50(ms)	p95(ms)	p99(ms)	pMax(ms)
48	0.0	0.0	1918475.0	63947.2	4.9875	4.3	11.8625	18.875000000000004	107.225	0.0	0.0	0.0	100685.0	3356.2	9.4125	8.737499999999999	21.1125	29.900000000000002	60.0125	0.0	0.0	0.0	2019160.0	67303.1	5.2	4.425	12.849999999999998	20.175	107.225
