concurrency	elapsed-r	errors-r	ops(total)-r	ops/sec(cum)-r	avg(ms)-r	p50(ms)-r	p95(ms)-r	p99(ms)-r	pMax(ms)-r	total-r	elapsed-w	errors-w	ops(total)-w	ops/sec(cum)-w	avg(ms)-w	p50(ms)-w	p95(ms)-w	p99(ms)-w	pMax(ms)-w	total-w	elapsed	errors	ops(total)	ops/sec(cum)	avg(ms)	p50(ms)	p95(ms)	p99(ms)	pMax(ms)
39	0.0	0.0	1360478.0	45347.6	4.937499999999999	3.3249999999999997	16.8625	21.575	163.575	0.0	0.0	0.0	71583.0	2386.1	40.62500000000001	19.2375	145.75	174.10000000000002	267.375	0.0	0.0	0.0	1432061.0	47733.9	6.7125	3.5	18.5	82.60000000000001	267.375
