concurrency	elapsed-r	errors-r	ops(total)-r	ops/sec(cum)-r	avg(ms)-r	p50(ms)-r	p95(ms)-r	p99(ms)-r	pMax(ms)-r	total-r	elapsed-w	errors-w	ops(total)-w	ops/sec(cum)-w	avg(ms)-w	p50(ms)-w	p95(ms)-w	p99(ms)-w	pMax(ms)-w	total-w	elapsed	errors	ops(total)	ops/sec(cum)	avg(ms)	p50(ms)	p95(ms)	p99(ms)	pMax(ms)
48	0.0	0.0	1135306.0	37842.399999999994	2.7999999999999994	2.2	7.3	18.9	173.4	0.0	0.0	0.0	60033.0	2001.0	1.3	0.9	2.6	6.966666666666666	58.0	0.0	0.0	0.0	1195339.0	39843.4	2.7000000000000006	2.1	7.099999999999999	18.166666666666668	173.4
