concurrency	elapsed-r	errors-r	ops(total)-r	ops/sec(cum)-r	avg(ms)-r	p50(ms)-r	p95(ms)-r	p99(ms)-r	pMax(ms)-r	total-r	elapsed	errors	ops(total)	ops/sec(cum)	avg(ms)	p50(ms)	p95(ms)	p99(ms)	pMax(ms)
46	0.0	0.0	5497609.0	183249.80000000002	1.6500000000000001	1.4625	2.8125	5.8625	221.25	0.0	0.0	0.0	5497609.0	183249.80000000002	1.6500000000000001	1.4625	2.8125	5.8625	221.25
