concurrency	elapsed-r	errors-r	ops(total)-r	ops/sec(cum)-r	avg(ms)-r	p50(ms)-r	p95(ms)-r	p99(ms)-r	pMax(ms)-r	total-r	elapsed-w	errors-w	ops(total)-w	ops/sec(cum)-w	avg(ms)-w	p50(ms)-w	p95(ms)-w	p99(ms)-w	pMax(ms)-w	total-w	elapsed	errors	ops(total)	ops/sec(cum)	avg(ms)	p50(ms)	p95(ms)	p99(ms)	pMax(ms)
36	0.0	0.0	1662388.0	36941.3	2.5599999999999996	1.6	7.3	19.5	103.60000000000002	0.0	0.0	0.0	87717.0	1949.2000000000003	14.059999999999999	3.1	101.53999999999999	151.0	209.7	0.0	0.0	0.0	1750105.0	38890.6	3.12	1.6	8.16	24.759999999999998	209.7
