concurrency	elapsed-r	errors-r	ops(total)-r	ops/sec(cum)-r	avg(ms)-r	p50(ms)-r	p95(ms)-r	p99(ms)-r	pMax(ms)-r	total-r	elapsed	errors	ops(total)	ops/sec(cum)	avg(ms)	p50(ms)	p95(ms)	p99(ms)	pMax(ms)
59	0.0	0.0	1891971.0	63063.0	6.937500000000001	5.937499999999999	16.5	25.5625	73.66250000000001	0.0	0.0	0.0	1891971.0	63063.0	6.937500000000001	5.937499999999999	16.5	25.5625	73.66250000000001
