concurrency	elapsed-r	errors-r	ops(total)-r	ops/sec(cum)-r	avg(ms)-r	p50(ms)-r	p95(ms)-r	p99(ms)-r	pMax(ms)-r	total-r	elapsed-w	errors-w	ops(total)-w	ops/sec(cum)-w	avg(ms)-w	p50(ms)-w	p95(ms)-w	p99(ms)-w	pMax(ms)-w	total-w	elapsed	errors	ops(total)	ops/sec(cum)	avg(ms)	p50(ms)	p95(ms)	p99(ms)	pMax(ms)
55	0.0	0.0	2488680.0	55302.7	3.02	1.8800000000000001	10.0	22.0	110.74000000000001	0.0	0.0	0.0	130540.0	2900.7999999999997	6.12	4.3	21.0	36.5	72.97999999999999	0.0	0.0	0.0	2619220.0	58203.600000000006	3.2	1.98	10.5	23.1	114.94000000000001
