concurrency	elapsed-r	errors-r	ops(total)-r	ops/sec(cum)-r	avg(ms)-r	p50(ms)-r	p95(ms)-r	p99(ms)-r	pMax(ms)-r	total-r	elapsed-w	errors-w	ops(total)-w	ops/sec(cum)-w	avg(ms)-w	p50(ms)-w	p95(ms)-w	p99(ms)-w	pMax(ms)-w	total-w	elapsed	errors	ops(total)	ops/sec(cum)	avg(ms)	p50(ms)	p95(ms)	p99(ms)	pMax(ms)
42	0.0	0.0	790674.0	26355.1	3.0	2.0	7.099999999999999	14.699999999999998	64.3	0.0	0.0	0.0	41627.0	1387.5	1.3999999999999997	1.0	3.4	7.533333333333334	47.5	0.0	0.0	0.0	832301.0	27742.7	2.9	1.8666666666666665	7.099999999999999	14.699999999999998	64.3
