concurrency	elapsed-r	errors-r	ops(total)-r	ops/sec(cum)-r	avg(ms)-r	p50(ms)-r	p95(ms)-r	p99(ms)-r	pMax(ms)-r	total-r	elapsed-w	errors-w	ops(total)-w	ops/sec(cum)-w	avg(ms)-w	p50(ms)-w	p95(ms)-w	p99(ms)-w	pMax(ms)-w	total-w	elapsed	errors	ops(total)	ops/sec(cum)	avg(ms)	p50(ms)	p95(ms)	p99(ms)	pMax(ms)
53	0.0	0.0	1948757.0	64955.899999999994	5.3875	4.8125	12.724999999999998	19.900000000000002	103.8	0.0	0.0	0.0	102604.0	3420.0	10.174999999999999	9.55	22.55	31.212500000000002	67.3625	0.0	0.0	0.0	2051361.0	68375.9	5.6625000000000005	4.85	13.599999999999998	21.0	109.31249999999999
