concurrency	elapsed-r	errors-r	ops(total)-r	ops/sec(cum)-r	avg(ms)-r	p50(ms)-r	p95(ms)-r	p99(ms)-r	pMax(ms)-r	total-r	elapsed	errors	ops(total)	ops/sec(cum)	avg(ms)	p50(ms)	p95(ms)	p99(ms)	pMax(ms)
31	0.0	0.0	1326633.0	44220.299999999996	5.487500000000001	4.949999999999999	11.412499999999998	17.875	39.8	0.0	0.0	0.0	1326633.0	44220.299999999996	5.487500000000001	4.949999999999999	11.412499999999998	17.875	39.8
