concurrency	elapsed-r	errors-r	ops(total)-r	ops/sec(cum)-r	avg(ms)-r	p50(ms)-r	p95(ms)-r	p99(ms)-r	pMax(ms)-r	total-r	elapsed-w	errors-w	ops(total)-w	ops/sec(cum)-w	avg(ms)-w	p50(ms)-w	p95(ms)-w	p99(ms)-w	pMax(ms)-w	total-w	elapsed	errors	ops(total)	ops/sec(cum)	avg(ms)	p50(ms)	p95(ms)	p99(ms)	pMax(ms)
9	0.0	0.0	657568.0	21918.7	2.6999999999999997	2.45	5.025	6.999999999999999	33.1875	0.0	0.0	0.0	34513.0	1150.4	7.049999999999999	6.662499999999999	11.95	16.15	27.537499999999998	0.0	0.0	0.0	692081.0	23069.1	2.9375	2.4625000000000004	6.0625	9.6	33.1875
