concurrency	elapsed-r	errors-r	ops(total)-r	ops/sec(cum)-r	avg(ms)-r	p50(ms)-r	p95(ms)-r	p99(ms)-r	pMax(ms)-r	total-r	elapsed	errors	ops(total)	ops/sec(cum)	avg(ms)	p50(ms)	p95(ms)	p99(ms)	pMax(ms)
19	0.0	0.0	1371765.0	45724.8	3.15	2.9250000000000003	5.8375	8.925	22.299999999999997	0.0	0.0	0.0	1371765.0	45724.8	3.15	2.9250000000000003	5.8375	8.925	22.299999999999997
