concurrency	elapsed-r	errors-r	ops(total)-r	ops/sec(cum)-r	avg(ms)-r	p50(ms)-r	p95(ms)-r	p99(ms)-r	pMax(ms)-r	total-r	elapsed	errors	ops(total)	ops/sec(cum)	avg(ms)	p50(ms)	p95(ms)	p99(ms)	pMax(ms)
12	0.0	0.0	1040122.0	34670.4	1.225	1.2	1.6749999999999998	2.875	11.825000000000001	0.0	0.0	0.0	1040122.0	34670.4	1.225	1.2	1.6749999999999998	2.875	11.825000000000001
