concurrency	elapsed-r	errors-r	ops(total)-r	ops/sec(cum)-r	avg(ms)-r	p50(ms)-r	p95(ms)-r	p99(ms)-r	pMax(ms)-r	total-r	elapsed-w	errors-w	ops(total)-w	ops/sec(cum)-w	avg(ms)-w	p50(ms)-w	p95(ms)-w	p99(ms)-w	pMax(ms)-w	total-w	elapsed	errors	ops(total)	ops/sec(cum)	avg(ms)	p50(ms)	p95(ms)	p99(ms)	pMax(ms)
33	0.0	0.0	3292529.0	109748.3	1.9875	1.85	3.1374999999999997	6.375000000000001	29.112500000000004	0.0	0.0	0.0	173171.0	5772.200000000001	2.1624999999999996	1.975	3.9874999999999994	7.062499999999999	21.375	0.0	0.0	0.0	3465700.0	115521.0	1.9875	1.8625	3.1874999999999996	6.45	29.112500000000004
