concurrency	elapsed-r	errors-r	ops(total)-r	ops/sec(cum)-r	avg(ms)-r	p50(ms)-r	p95(ms)-r	p99(ms)-r	pMax(ms)-r	total-r	elapsed-w	errors-w	ops(total)-w	ops/sec(cum)-w	avg(ms)-w	p50(ms)-w	p95(ms)-w	p99(ms)-w	pMax(ms)-w	total-w	elapsed	errors	ops(total)	ops/sec(cum)	avg(ms)	p50(ms)	p95(ms)	p99(ms)	pMax(ms)
76	0.0	0.0	978533.0	32616.299999999996	5.9	2.32	16.4	28.3	202.98000000000002	0.0	0.0	0.0	51392.0	1713.1	11.84	6.540000000000001	34.02	45.67999999999999	150.16000000000003	0.0	0.0	0.0	1029925.0	34329.3	6.2	2.5	19.9	30.2	202.98000000000002
