concurrency	elapsed-r	errors-r	ops(total)-r	ops/sec(cum)-r	avg(ms)-r	p50(ms)-r	p95(ms)-r	p99(ms)-r	pMax(ms)-r	total-r	elapsed	errors	ops(total)	ops/sec(cum)	avg(ms)	p50(ms)	p95(ms)	p99(ms)	pMax(ms)
15	0.0	0.0	1366817.0	45560.0	2.4625	2.3375000000000004	4.25	6.7375	19.275000000000002	0.0	0.0	0.0	1366817.0	45560.0	2.4625	2.3375000000000004	4.25	6.7375	19.275000000000002
