concurrency	elapsed-r	errors-r	ops(total)-r	ops/sec(cum)-r	avg(ms)-r	p50(ms)-r	p95(ms)-r	p99(ms)-r	pMax(ms)-r	total-r	elapsed-w	errors-w	ops(total)-w	ops/sec(cum)-w	avg(ms)-w	p50(ms)-w	p95(ms)-w	p99(ms)-w	pMax(ms)-w	total-w	elapsed	errors	ops(total)	ops/sec(cum)	avg(ms)	p50(ms)	p95(ms)	p99(ms)	pMax(ms)
114	0.0	0.0	4363499.0	145437.69999999998	3.06	2.28	8.540000000000001	16.220000000000002	95.64	0.0	0.0	0.0	230221.0	7673.3	26.32	5.24	18.259999999999998	684.2	826.5200000000001	0.0	0.0	0.0	4593720.0	153111.1	4.2	2.3800000000000003	9.28	17.36	850.22
