concurrency	elapsed-r	errors-r	ops(total)-r	ops/sec(cum)-r	avg(ms)-r	p50(ms)-r	p95(ms)-r	p99(ms)-r	pMax(ms)-r	total-r	elapsed-w	errors-w	ops(total)-w	ops/sec(cum)-w	avg(ms)-w	p50(ms)-w	p95(ms)-w	p99(ms)-w	pMax(ms)-w	total-w	elapsed	errors	ops(total)	ops/sec(cum)	avg(ms)	p50(ms)	p95(ms)	p99(ms)	pMax(ms)
24	0.0	0.0	1093159.0	36437.9	4.8	4.775	9.025	10.4375	24.775	0.0	0.0	0.0	57638.0	1921.1999999999998	5.449999999999999	5.250000000000001	10.0375	13.724999999999998	45.837500000000006	0.0	0.0	0.0	1150797.0	38359.0	4.8125	4.775	9.025	10.5	45.837500000000006
