concurrency	elapsed-w	errors-w	ops(total)-w	ops/sec(cum)-w	avg(ms)-w	p50(ms)-w	p95(ms)-w	p99(ms)-w	pMax(ms)-w	total-w	elapsed	errors	ops(total)	ops/sec(cum)	avg(ms)	p50(ms)	p95(ms)	p99(ms)	pMax(ms)
57	0.0	0.0	743676.0	24788.0	17.887500000000003	15.350000000000001	42.95	58.175	235.9375	0.0	0.0	0.0	743676.0	24788.0	17.887500000000003	15.350000000000001	42.95	58.175	235.9375
