concurrency	elapsed-r	errors-r	ops(total)-r	ops/sec(cum)-r	avg(ms)-r	p50(ms)-r	p95(ms)-r	p99(ms)-r	pMax(ms)-r	total-r	elapsed-w	errors-w	ops(total)-w	ops/sec(cum)-w	avg(ms)-w	p50(ms)-w	p95(ms)-w	p99(ms)-w	pMax(ms)-w	total-w	elapsed	errors	ops(total)	ops/sec(cum)	avg(ms)	p50(ms)	p95(ms)	p99(ms)	pMax(ms)
32	0.0	0.0	1790670.0	59687.50000000001	2.9999999999999996	2.2750000000000004	7.924999999999999	14.05	53.712500000000006	0.0	0.0	0.0	94148.0	3138.2999999999997	19.15	4.4125	16.587500000000002	511.70000000000005	713.0000000000001	0.0	0.0	0.0	1884818.0	62825.5	3.7875	2.3625	8.3875	15.137500000000001	713.0000000000001
