concurrency	elapsed-w	errors-w	ops(total)-w	ops/sec(cum)-w	avg(ms)-w	p50(ms)-w	p95(ms)-w	p99(ms)-w	pMax(ms)-w	total-w	elapsed	errors	ops(total)	ops/sec(cum)	avg(ms)	p50(ms)	p95(ms)	p99(ms)	pMax(ms)
40	0.0	0.0	743060.0	24767.799999999996	12.5	11.25	27.800000000000004	38.4875	75.5	0.0	0.0	0.0	743060.0	24767.799999999996	12.5	11.25	27.800000000000004	38.4875	75.5
