concurrency	elapsed-r	errors-r	ops(total)-r	ops/sec(cum)-r	avg(ms)-r	p50(ms)-r	p95(ms)-r	p99(ms)-r	pMax(ms)-r	total-r	elapsed-w	errors-w	ops(total)-w	ops/sec(cum)-w	avg(ms)-w	p50(ms)-w	p95(ms)-w	p99(ms)-w	pMax(ms)-w	total-w	elapsed	errors	ops(total)	ops/sec(cum)	avg(ms)	p50(ms)	p95(ms)	p99(ms)	pMax(ms)
88	0.0	0.0	2531621.0	84383.90000000001	2.1666666666666665	1.5	5.7	9.6	31.099999999999998	0.0	0.0	0.0	133878.0	4462.4	19.7	2.6666666666666665	106.93333333333334	122.33333333333333	153.79999999999998	0.0	0.0	0.0	2665499.0	88846.3	3.0666666666666664	1.5333333333333332	6.0	17.633333333333333	153.79999999999998
