concurrency	elapsed-r	errors-r	ops(total)-r	ops/sec(cum)-r	avg(ms)-r	p50(ms)-r	p95(ms)-r	p99(ms)-r	pMax(ms)-r	total-r	elapsed-w	errors-w	ops(total)-w	ops/sec(cum)-w	avg(ms)-w	p50(ms)-w	p95(ms)-w	p99(ms)-w	pMax(ms)-w	total-w	elapsed	errors	ops(total)	ops/sec(cum)	avg(ms)	p50(ms)	p95(ms)	p99(ms)	pMax(ms)
32	0.0	0.0	2137644.0	71252.90000000001	3.0	2.5999999999999996	6.437499999999999	11.575	58.975	0.0	0.0	0.0	112302.0	3743.4	4.25	2.9875000000000003	10.7875	16.7125	47.175000000000004	0.0	0.0	0.0	2249946.0	74996.09999999999	3.075	2.5999999999999996	6.924999999999999	12.0125	59.237500000000004
