concurrency	elapsed-w	errors-w	ops(total)-w	ops/sec(cum)-w	avg(ms)-w	p50(ms)-w	p95(ms)-w	p99(ms)-w	pMax(ms)-w	total-w	elapsed	errors	ops(total)	ops/sec(cum)	avg(ms)	p50(ms)	p95(ms)	p99(ms)	pMax(ms)
64	0.0	0.0	4969680.0	165650.9	2.5875	2.375	4.7875000000000005	8.35	215.99999999999997	0.0	0.0	0.0	4969680.0	165650.9	2.5875	2.375	4.7875000000000005	8.35	215.99999999999997
