concurrency	elapsed-r	errors-r	ops(total)-r	ops/sec(cum)-r	avg(ms)-r	p50(ms)-r	p95(ms)-r	p99(ms)-r	pMax(ms)-r	total-r	elapsed	errors	ops(total)	ops/sec(cum)	avg(ms)	p50(ms)	p95(ms)	p99(ms)	pMax(ms)
39	0.0	0.0	1082219.0	36073.1	8.7875	7.699999999999999	19.0	29.862499999999997	84.95	0.0	0.0	0.0	1082219.0	36073.1	8.7875	7.699999999999999	19.0	29.862499999999997	84.95
