concurrency	elapsed-r	errors-r	ops(total)-r	ops/sec(cum)-r	avg(ms)-r	p50(ms)-r	p95(ms)-r	p99(ms)-r	pMax(ms)-r	total-r	elapsed-w	errors-w	ops(total)-w	ops/sec(cum)-w	avg(ms)-w	p50(ms)-w	p95(ms)-w	p99(ms)-w	pMax(ms)-w	total-w	elapsed	errors	ops(total)	ops/sec(cum)	avg(ms)	p50(ms)	p95(ms)	p99(ms)	pMax(ms)
11	0.0	0.0	212612.0	7086.800000000001	4.075	3.7749999999999995	7.625	9.6	17.5125	0.0	0.0	0.0	11255.0	375.2	152.0625	218.09999999999997	260.0	283.1	295.70000000000005	0.0	0.0	0.0	223867.0	7462.0	11.500000000000002	3.95	9.049999999999999	243.29999999999998	295.70000000000005
