concurrency	elapsed-w	errors-w	ops(total)-w	ops/sec(cum)-w	avg(ms)-w	p50(ms)-w	p95(ms)-w	p99(ms)-w	pMax(ms)-w	total-w	elapsed	errors	ops(total)	ops/sec(cum)	avg(ms)	p50(ms)	p95(ms)	p99(ms)	pMax(ms)
29	0.0	0.0	703318.0	23443.399999999998	9.549999999999999	5.975	17.1125	28.9875	843.0874999999999	0.0	0.0	0.0	703318.0	23443.399999999998	9.549999999999999	5.975	17.1125	28.9875	843.0874999999999
