concurrency	elapsed-r	errors-r	ops(total)-r	ops/sec(cum)-r	avg(ms)-r	p50(ms)-r	p95(ms)-r	p99(ms)-r	pMax(ms)-r	total-r	elapsed	errors	ops(total)	ops/sec(cum)	avg(ms)	p50(ms)	p95(ms)	p99(ms)	pMax(ms)
15	0.0	0.0	1107590.0	36919.1	3.075	2.875	5.425000000000001	8.0125	21.762500000000003	0.0	0.0	0.0	1107590.0	36919.1	3.075	2.875	5.425000000000001	8.0125	21.762500000000003
