concurrency	elapsed-r	errors-r	ops(total)-r	ops/sec(cum)-r	avg(ms)-r	p50(ms)-r	p95(ms)-r	p99(ms)-r	pMax(ms)-r	total-r	elapsed	errors	ops(total)	ops/sec(cum)	avg(ms)	p50(ms)	p95(ms)	p99(ms)	pMax(ms)
56	0.0	0.0	1273077.0	42434.399999999994	10.7875	9.3625	24.400000000000002	37.85	84.425	0.0	0.0	0.0	1273077.0	42434.399999999994	10.7875	9.3625	24.400000000000002	37.85	84.425
