concurrency	elapsed-r	errors-r	ops(total)-r	ops/sec(cum)-r	avg(ms)-r	p50(ms)-r	p95(ms)-r	p99(ms)-r	pMax(ms)-r	total-r	elapsed-w	errors-w	ops(total)-w	ops/sec(cum)-w	avg(ms)-w	p50(ms)-w	p95(ms)-w	p99(ms)-w	pMax(ms)-w	total-w	elapsed	errors	ops(total)	ops/sec(cum)	avg(ms)	p50(ms)	p95(ms)	p99(ms)	pMax(ms)
104	0.0	0.0	2881948.0	96059.6	5.0600000000000005	4.04	13.38	22.04	269.26000000000005	0.0	0.0	0.0	151290.0	5042.799999999999	14.76	13.1	31.96	43.2	266.76	0.0	0.0	0.0	3033238.0	101102.3	5.56	4.26	15.919999999999998	26.26	301.97999999999996
