concurrency	elapsed-r	errors-r	ops(total)-r	ops/sec(cum)-r	avg(ms)-r	p50(ms)-r	p95(ms)-r	p99(ms)-r	pMax(ms)-r	total-r	elapsed-w	errors-w	ops(total)-w	ops/sec(cum)-w	avg(ms)-w	p50(ms)-w	p95(ms)-w	p99(ms)-w	pMax(ms)-w	total-w	elapsed	errors	ops(total)	ops/sec(cum)	avg(ms)	p50(ms)	p95(ms)	p99(ms)	pMax(ms)
39	0.0	0.0	1533850.0	51127.0	7.85	3.5999999999999996	24.662499999999998	33.1625	104.08749999999999	0.0	0.0	0.0	80254.0	2675.0	7.887500000000001	3.5374999999999996	27.249999999999996	33.199999999999996	104.61249999999998	0.0	0.0	0.0	1614104.0	53802.2	7.85	3.5999999999999996	25.049999999999997	33.1625	107.49999999999999
