concurrency	elapsed-r	errors-r	ops(total)-r	ops/sec(cum)-r	avg(ms)-r	p50(ms)-r	p95(ms)-r	p99(ms)-r	pMax(ms)-r	total-r	elapsed-w	errors-w	ops(total)-w	ops/sec(cum)-w	avg(ms)-w	p50(ms)-w	p95(ms)-w	p99(ms)-w	pMax(ms)-w	total-w	elapsed	errors	ops(total)	ops/sec(cum)	avg(ms)	p50(ms)	p95(ms)	p99(ms)	pMax(ms)
19	0.0	0.0	494710.0	16490.0	7.4875	2.025	31.212500000000002	134.20000000000002	448.8	0.0	0.0	0.0	25992.0	866.5	28.225	4.1	153.1	249.5625	528.4625000000001	0.0	0.0	0.0	520702.0	17356.2	8.5375	2.175	39.800000000000004	149.95	532.6625
