concurrency	elapsed-r	errors-r	ops(total)-r	ops/sec(cum)-r	avg(ms)-r	p50(ms)-r	p95(ms)-r	p99(ms)-r	pMax(ms)-r	total-r	elapsed-w	errors-w	ops(total)-w	ops/sec(cum)-w	avg(ms)-w	p50(ms)-w	p95(ms)-w	p99(ms)-w	pMax(ms)-w	total-w	elapsed	errors	ops(total)	ops/sec(cum)	avg(ms)	p50(ms)	p95(ms)	p99(ms)	pMax(ms)
71	0.0	0.0	37380.0	623.0	6.2749999999999995	2.675	23.6	85.99999999999999	211.79999999999998	0.0	0.0	0.0	1661.0	27.700000000000003	44.025000000000006	33.800000000000004	119.55000000000001	369.1	499.09999999999997	0.0	0.0	0.0	39041.0	650.6	7.9	2.775	40.35	95.44999999999999	499.09999999999997
