ops/sec(cum)	p50(ms)	p99(ms)	read_tp	read_p50	read_p99	write_tp	write_p50	write_p99
254904.80000000002	0.21433333333333332	0.9141666666666667	244296.38333333336	0.214	0.9141666666666667	10607.416666666666	0.21466666666666667	0.9198333333333333
