concurrency	elapsed-r	errors-r	ops(total)-r	ops/sec(cum)-r	avg(ms)-r	p50(ms)-r	p95(ms)-r	p99(ms)-r	pMax(ms)-r	total-r	elapsed-w	errors-w	ops(total)-w	ops/sec(cum)-w	avg(ms)-w	p50(ms)-w	p95(ms)-w	p99(ms)-w	pMax(ms)-w	total-w	elapsed	errors	ops(total)	ops/sec(cum)	avg(ms)	p50(ms)	p95(ms)	p99(ms)	pMax(ms)
58	0.0	0.0	1038890.0	34628.5	3.266666666666667	2.4	7.900000000000001	18.9	220.9	0.0	0.0	0.0	54438.0	1814.4	1.5666666666666664	0.9	5.5	12.9	60.099999999999994	0.0	0.0	0.0	1093328.0	36443.1	3.2000000000000006	2.1666666666666665	7.599999999999999	18.9	220.9
