ops/sec(cum)	p50(ms)	p99(ms)	read_tp	read_p50	read_p99	write_tp	write_p50	write_p99
260286.5833333333	0.26416666666666666	1.6486666666666667	250141.63333333333	0.264	1.6486666666666667	10143.949999999999	0.2643333333333333	1.5823333333333334
