concurrency	elapsed-r	errors-r	ops(total)-r	ops/sec(cum)-r	avg(ms)-r	p50(ms)-r	p95(ms)-r	p99(ms)-r	pMax(ms)-r	total-r	elapsed-w	errors-w	ops(total)-w	ops/sec(cum)-w	avg(ms)-w	p50(ms)-w	p95(ms)-w	p99(ms)-w	pMax(ms)-w	total-w	elapsed	errors	ops(total)	ops/sec(cum)	avg(ms)	p50(ms)	p95(ms)	p99(ms)	pMax(ms)
26	0.0	0.0	3252250.0	108406.40000000001	1.5999999999999999	1.4999999999999998	2.875	5.425	26.487499999999997	0.0	0.0	0.0	170892.0	5696.3	1.875	1.7375000000000003	3.3374999999999995	5.8374999999999995	18.75	0.0	0.0	0.0	3423142.0	114102.59999999999	1.5999999999999999	1.4999999999999998	2.875	5.5	26.487499999999997
