concurrency	elapsed-r	errors-r	ops(total)-r	ops/sec(cum)-r	avg(ms)-r	p50(ms)-r	p95(ms)-r	p99(ms)-r	pMax(ms)-r	total-r	elapsed-w	errors-w	ops(total)-w	ops/sec(cum)-w	avg(ms)-w	p50(ms)-w	p95(ms)-w	p99(ms)-w	pMax(ms)-w	total-w	elapsed	errors	ops(total)	ops/sec(cum)	avg(ms)	p50(ms)	p95(ms)	p99(ms)	pMax(ms)
10	0.0	0.0	670531.0	22350.8	2.85	2.6	5.6	7.9	45.83749999999999	0.0	0.0	0.0	35308.0	1176.8999999999999	9.2875	8.8375	16.15	21.3625	39.95	0.0	0.0	0.0	705839.0	23527.800000000003	3.1500000000000004	2.65	7.2375	12.575	46.099999999999994
