concurrency	elapsed-r	errors-r	ops(total)-r	ops/sec(cum)-r	avg(ms)-r	p50(ms)-r	p95(ms)-r	p99(ms)-r	pMax(ms)-r	total-r	elapsed-w	errors-w	ops(total)-w	ops/sec(cum)-w	avg(ms)-w	p50(ms)-w	p95(ms)-w	p99(ms)-w	pMax(ms)-w	total-w	elapsed	errors	ops(total)	ops/sec(cum)	avg(ms)	p50(ms)	p95(ms)	p99(ms)	pMax(ms)
74	0.0	0.0	2661900.0	88726.4	4.38	3.4200000000000004	12.040000000000001	20.14	124.96000000000001	0.0	0.0	0.0	140135.0	4670.900000000001	10.520000000000001	9.14	23.1	31.839999999999996	98.56	0.0	0.0	0.0	2802035.0	93397.40000000001	4.66	3.6399999999999997	13.819999999999999	21.639999999999997	124.96000000000001
