concurrency	elapsed-r	errors-r	ops(total)-r	ops/sec(cum)-r	avg(ms)-r	p50(ms)-r	p95(ms)-r	p99(ms)-r	pMax(ms)-r	total-r	elapsed-w	errors-w	ops(total)-w	ops/sec(cum)-w	avg(ms)-w	p50(ms)-w	p95(ms)-w	p99(ms)-w	pMax(ms)-w	total-w	elapsed	errors	ops(total)	ops/sec(cum)	avg(ms)	p50(ms)	p95(ms)	p99(ms)	pMax(ms)
15	0.0	0.0	265283.0	8842.5	9.512500000000001	2.1374999999999997	31.3625	183.4625	905.975	0.0	0.0	0.0	13872.0	462.5	72.9875	5.275	333.4125	578.8000000000001	1258.2875000000001	0.0	0.0	0.0	279155.0	9304.8	12.6625	2.3	72.875	232.80000000000004	1262.4875000000002
