concurrency	elapsed-r	errors-r	ops(total)-r	ops/sec(cum)-r	avg(ms)-r	p50(ms)-r	p95(ms)-r	p99(ms)-r	pMax(ms)-r	total-r	elapsed-w	errors-w	ops(total)-w	ops/sec(cum)-w	avg(ms)-w	p50(ms)-w	p95(ms)-w	p99(ms)-w	pMax(ms)-w	total-w	elapsed	errors	ops(total)	ops/sec(cum)	avg(ms)	p50(ms)	p95(ms)	p99(ms)	pMax(ms)
149	0.0	0.0	2766913.0	92224.90000000001	5.266666666666667	4.3999999999999995	12.833333333333334	21.833333333333332	227.9	0.0	0.0	0.0	145841.0	4861.1	16.400000000000002	14.866666666666667	32.46666666666667	42.1	196.4666666666667	0.0	0.0	0.0	2912754.0	97085.9	5.833333333333333	4.533333333333333	16.5	26.933333333333337	227.9
