concurrency	elapsed-r	errors-r	ops(total)-r	ops/sec(cum)-r	avg(ms)-r	p50(ms)-r	p95(ms)-r	p99(ms)-r	pMax(ms)-r	total-r	elapsed-w	errors-w	ops(total)-w	ops/sec(cum)-w	avg(ms)-w	p50(ms)-w	p95(ms)-w	p99(ms)-w	pMax(ms)-w	total-w	elapsed	errors	ops(total)	ops/sec(cum)	avg(ms)	p50(ms)	p95(ms)	p99(ms)	pMax(ms)
45	0.0	0.0	994146.0	33137.2	2.5	2.066666666666667	4.1	15.199999999999998	181.73333333333335	0.0	0.0	0.0	52392.0	1746.2999999999997	4.866666666666666	4.2	12.066666666666668	29.366666666666664	135.63333333333333	0.0	0.0	0.0	1046538.0	34883.600000000006	2.6	2.2	5.7	15.699999999999998	181.73333333333335
