concurrency	elapsed-r	errors-r	ops(total)-r	ops/sec(cum)-r	avg(ms)-r	p50(ms)-r	p95(ms)-r	p99(ms)-r	pMax(ms)-r	total-r	elapsed-w	errors-w	ops(total)-w	ops/sec(cum)-w	avg(ms)-w	p50(ms)-w	p95(ms)-w	p99(ms)-w	pMax(ms)-w	total-w	elapsed	errors	ops(total)	ops/sec(cum)	avg(ms)	p50(ms)	p95(ms)	p99(ms)	pMax(ms)
23	0.0	0.0	2931594.0	97718.5	1.5499999999999998	1.4374999999999998	2.7125	5.4125	24.2625	0.0	0.0	0.0	153978.0	5132.599999999999	1.875	1.5875000000000001	4.5875	6.95	18.2875	0.0	0.0	0.0	3085572.0	102850.8	1.5499999999999998	1.45	2.75	5.5874999999999995	24.662499999999998
