concurrency	elapsed-w	errors-w	ops(total)-w	ops/sec(cum)-w	avg(ms)-w	p50(ms)-w	p95(ms)-w	p99(ms)-w	pMax(ms)-w	total-w	elapsed	errors	ops(total)	ops/sec(cum)	avg(ms)	p50(ms)	p95(ms)	p99(ms)	pMax(ms)
33	0.0	0.0	704260.0	23474.799999999996	10.8875	8.15	27.937500000000004	40.8625	179.29999999999998	0.0	0.0	0.0	704260.0	23474.799999999996	10.8875	8.15	27.937500000000004	40.8625	179.29999999999998
