concurrency	elapsed-r	errors-r	ops(total)-r	ops/sec(cum)-r	avg(ms)-r	p50(ms)-r	p95(ms)-r	p99(ms)-r	pMax(ms)-r	total-r	elapsed	errors	ops(total)	ops/sec(cum)	avg(ms)	p50(ms)	p95(ms)	p99(ms)	pMax(ms)
46	0.0	0.0	1520359.0	50676.99999999999	6.7625	6.124999999999999	14.575000000000001	21.6375	114.80000000000001	0.0	0.0	0.0	1520359.0	50676.99999999999	6.7625	6.124999999999999	14.575000000000001	21.6375	114.80000000000001
