concurrency	elapsed-r	errors-r	ops(total)-r	ops/sec(cum)-r	avg(ms)-r	p50(ms)-r	p95(ms)-r	p99(ms)-r	pMax(ms)-r	total-r	elapsed-w	errors-w	ops(total)-w	ops/sec(cum)-w	avg(ms)-w	p50(ms)-w	p95(ms)-w	p99(ms)-w	pMax(ms)-w	total-w	elapsed	errors	ops(total)	ops/sec(cum)	avg(ms)	p50(ms)	p95(ms)	p99(ms)	pMax(ms)
129	0.0	0.0	3546700.0	118216.99999999999	2.8000000000000003	2.466666666666667	5.1000000000000005	14.866666666666665	112.53333333333332	0.0	0.0	0.0	186213.0	6206.8	5.933333333333334	5.266666666666667	13.233333333333334	19.400000000000002	49.96666666666666	0.0	0.0	0.0	3732913.0	124423.6	3.0	2.466666666666667	6.333333333333333	15.033333333333331	113.2333333333333
