concurrency	elapsed-r	errors-r	ops(total)-r	ops/sec(cum)-r	avg(ms)-r	p50(ms)-r	p95(ms)-r	p99(ms)-r	pMax(ms)-r	total-r	elapsed-w	errors-w	ops(total)-w	ops/sec(cum)-w	avg(ms)-w	p50(ms)-w	p95(ms)-w	p99(ms)-w	pMax(ms)-w	total-w	elapsed	errors	ops(total)	ops/sec(cum)	avg(ms)	p50(ms)	p95(ms)	p99(ms)	pMax(ms)
32	0.0	0.0	787629.0	26253.3	8.075000000000001	2.8249999999999997	34.375	108.56250000000001	381.7	0.0	0.0	0.0	41409.0	1380.2	26.687499999999996	5.449999999999999	127.89999999999999	241.20000000000002	471.84999999999997	0.0	0.0	0.0	829038.0	27633.599999999995	8.987499999999999	2.875	42.6875	122.65	471.84999999999997
