concurrency	elapsed-w	errors-w	ops(total)-w	ops/sec(cum)-w	avg(ms)-w	p50(ms)-w	p95(ms)-w	p99(ms)-w	pMax(ms)-w	total-w	elapsed	errors	ops(total)	ops/sec(cum)	avg(ms)	p50(ms)	p95(ms)	p99(ms)	pMax(ms)
55	0.0	0.0	4198677.0	139951.59999999998	2.875	1.6500000000000001	8.4125	13.374999999999998	174.3125	0.0	0.0	0.0	4198677.0	139951.59999999998	2.875	1.6500000000000001	8.4125	13.374999999999998	174.3125
