concurrency	elapsed-w	errors-w	ops(total)-w	ops/sec(cum)-w	avg(ms)-w	p50(ms)-w	p95(ms)-w	p99(ms)-w	pMax(ms)-w	total-w	elapsed	errors	ops(total)	ops/sec(cum)	avg(ms)	p50(ms)	p95(ms)	p99(ms)	pMax(ms)
56	0.0	0.0	637890.0	21262.4	20.162499999999998	5.1625	17.425	36.949999999999996	3892.2999999999997	0.0	0.0	0.0	637890.0	21262.4	20.162499999999998	5.1625	17.425	36.949999999999996	3892.2999999999997
