concurrency	elapsed-w	errors-w	ops(total)-w	ops/sec(cum)-w	avg(ms)-w	p50(ms)-w	p95(ms)-w	p99(ms)-w	pMax(ms)-w	total-w	elapsed	errors	ops(total)	ops/sec(cum)	avg(ms)	p50(ms)	p95(ms)	p99(ms)	pMax(ms)
46	0.0	0.0	721922.0	24063.3	14.8375	12.1	37.975	52.925000000000004	196.07500000000002	0.0	0.0	0.0	721922.0	24063.3	14.8375	12.1	37.975	52.925000000000004	196.07500000000002
