concurrency	elapsed-r	errors-r	ops(total)-r	ops/sec(cum)-r	avg(ms)-r	p50(ms)-r	p95(ms)-r	p99(ms)-r	pMax(ms)-r	total-r	elapsed	errors	ops(total)	ops/sec(cum)	avg(ms)	p50(ms)	p95(ms)	p99(ms)	pMax(ms)
32	0.0	0.0	1379076.0	45968.399999999994	5.450000000000001	4.925	11.024999999999999	16.724999999999998	44.525000000000006	0.0	0.0	0.0	1379076.0	45968.399999999994	5.450000000000001	4.925	11.024999999999999	16.724999999999998	44.525000000000006
