concurrency	elapsed-r	errors-r	ops(total)-r	ops/sec(cum)-r	avg(ms)-r	p50(ms)-r	p95(ms)-r	p99(ms)-r	pMax(ms)-r	total-r	elapsed	errors	ops(total)	ops/sec(cum)	avg(ms)	p50(ms)	p95(ms)	p99(ms)	pMax(ms)
54	0.0	0.0	1454993.0	48498.0	8.3375	7.5249999999999995	18.4875	27.025000000000002	153.1	0.0	0.0	0.0	1454993.0	48498.0	8.3375	7.5249999999999995	18.4875	27.025000000000002	153.1
