concurrency	elapsed-r	errors-r	ops(total)-r	ops/sec(cum)-r	avg(ms)-r	p50(ms)-r	p95(ms)-r	p99(ms)-r	pMax(ms)-r	total-r	elapsed-w	errors-w	ops(total)-w	ops/sec(cum)-w	avg(ms)-w	p50(ms)-w	p95(ms)-w	p99(ms)-w	pMax(ms)-w	total-w	elapsed	errors	ops(total)	ops/sec(cum)	avg(ms)	p50(ms)	p95(ms)	p99(ms)	pMax(ms)
10	0.0	0.0	674925.0	22497.2	2.8499999999999996	2.4625000000000004	5.6	7.9375	43.737500000000004	0.0	0.0	0.0	35258.0	1175.1999999999998	9.4375	9.075	16.8375	21.75	42.575	0.0	0.0	0.0	710183.0	23672.5	3.1500000000000004	2.6375	7.2375	12.974999999999998	46.362500000000004
