concurrency	elapsed-r	errors-r	ops(total)-r	ops/sec(cum)-r	avg(ms)-r	p50(ms)-r	p95(ms)-r	p99(ms)-r	pMax(ms)-r	total-r	elapsed-w	errors-w	ops(total)-w	ops/sec(cum)-w	avg(ms)-w	p50(ms)-w	p95(ms)-w	p99(ms)-w	pMax(ms)-w	total-w	elapsed	errors	ops(total)	ops/sec(cum)	avg(ms)	p50(ms)	p95(ms)	p99(ms)	pMax(ms)
56	0.0	0.0	2304229.0	51203.899999999994	2.9	1.6	9.4	21.0	73.82000000000001	0.0	0.0	0.0	121399.0	2697.7000000000003	5.5200000000000005	3.3200000000000003	18.9	32.959999999999994	72.98	0.0	0.0	0.0	2425628.0	53901.8	3.04	1.6	10.0	22.0	74.66
