concurrency	elapsed-r	errors-r	ops(total)-r	ops/sec(cum)-r	avg(ms)-r	p50(ms)-r	p95(ms)-r	p99(ms)-r	pMax(ms)-r	total-r	elapsed-w	errors-w	ops(total)-w	ops/sec(cum)-w	avg(ms)-w	p50(ms)-w	p95(ms)-w	p99(ms)-w	pMax(ms)-w	total-w	elapsed	errors	ops(total)	ops/sec(cum)	avg(ms)	p50(ms)	p95(ms)	p99(ms)	pMax(ms)
159	0.0	0.0	4477495.0	149239.1	4.799999999999999	3.56	14.319999999999999	25.679999999999996	203.61999999999998	0.0	0.0	0.0	234998.0	7832.7	20.62	13.86	31.859999999999996	316.15999999999997	944.9800000000001	0.0	0.0	0.0	4712493.0	157071.80000000002	5.6	3.7	16.36	29.459999999999997	945.1800000000001
