concurrency	elapsed-r	errors-r	ops(total)-r	ops/sec(cum)-r	avg(ms)-r	p50(ms)-r	p95(ms)-r	p99(ms)-r	pMax(ms)-r	total-r	elapsed-w	errors-w	ops(total)-w	ops/sec(cum)-w	avg(ms)-w	p50(ms)-w	p95(ms)-w	p99(ms)-w	pMax(ms)-w	total-w	elapsed	errors	ops(total)	ops/sec(cum)	avg(ms)	p50(ms)	p95(ms)	p99(ms)	pMax(ms)
139	0.0	0.0	2596576.0	86546.79999999999	9.12	7.040000000000001	25.34	38.14	397.62	0.0	0.0	0.0	136758.0	4558.3	26.380000000000003	23.919999999999998	56.620000000000005	73.86000000000001	341.42	0.0	0.0	0.0	2733334.0	91105.09999999999	10.02	7.42	29.54	44.86	404.34
