concurrency	elapsed-r	errors-r	ops(total)-r	ops/sec(cum)-r	avg(ms)-r	p50(ms)-r	p95(ms)-r	p99(ms)-r	pMax(ms)-r	total-r	elapsed-w	errors-w	ops(total)-w	ops/sec(cum)-w	avg(ms)-w	p50(ms)-w	p95(ms)-w	p99(ms)-w	pMax(ms)-w	total-w	elapsed	errors	ops(total)	ops/sec(cum)	avg(ms)	p50(ms)	p95(ms)	p99(ms)	pMax(ms)
76	0.0	0.0	412613.0	13753.1	3.2000000000000006	2.1	9.4	14.866666666666665	167.8	0.0	0.0	0.0	21506.0	716.9000000000001	226.53333333333333	4.166666666666667	1275.1	2371.1666666666665	4473.933333333333	0.0	0.0	0.0	434119.0	14470.0	14.266666666666666	2.1333333333333333	10.166666666666666	33.2	4473.933333333333
