concurrency	elapsed-r	errors-r	ops(total)-r	ops/sec(cum)-r	avg(ms)-r	p50(ms)-r	p95(ms)-r	p99(ms)-r	pMax(ms)-r	total-r	elapsed-w	errors-w	ops(total)-w	ops/sec(cum)-w	avg(ms)-w	p50(ms)-w	p95(ms)-w	p99(ms)-w	pMax(ms)-w	total-w	elapsed	errors	ops(total)	ops/sec(cum)	avg(ms)	p50(ms)	p95(ms)	p99(ms)	pMax(ms)
46	0.0	0.0	1433563.0	47783.899999999994	6.6000000000000005	5.637499999999999	15.499999999999998	23.599999999999998	66.8375	0.0	0.0	0.0	75277.0	2509.3	11.1625	9.8	27.525000000000002	38.25	71.5625	0.0	0.0	0.0	1508840.0	50293.00000000001	6.837499999999999	5.7749999999999995	16.9	25.562499999999996	73.925
