concurrency	elapsed-w	errors-w	ops(total)-w	ops/sec(cum)-w	avg(ms)-w	p50(ms)-w	p95(ms)-w	p99(ms)-w	pMax(ms)-w	total-w	elapsed	errors	ops(total)	ops/sec(cum)	avg(ms)	p50(ms)	p95(ms)	p99(ms)	pMax(ms)
15	0.0	0.0	619956.0	20664.899999999998	5.5375000000000005	3.4999999999999996	10.375	40.849999999999994	471.88750000000005	0.0	0.0	0.0	619956.0	20664.899999999998	5.5375000000000005	3.4999999999999996	10.375	40.849999999999994	471.88750000000005
