concurrency	elapsed-w	errors-w	ops(total)-w	ops/sec(cum)-w	avg(ms)-w	p50(ms)-w	p95(ms)-w	p99(ms)-w	pMax(ms)-w	total-w	elapsed	errors	ops(total)	ops/sec(cum)	avg(ms)	p50(ms)	p95(ms)	p99(ms)	pMax(ms)
64	0.0	0.0	3684972.0	122828.40000000001	3.8	3.5999999999999996	6.575	11.549999999999999	29.487500000000004	0.0	0.0	0.0	3684972.0	122828.40000000001	3.8	3.5999999999999996	6.575	11.549999999999999	29.487500000000004
