concurrency	elapsed-r	errors-r	ops(total)-r	ops/sec(cum)-r	avg(ms)-r	p50(ms)-r	p95(ms)-r	p99(ms)-r	pMax(ms)-r	total-r	elapsed-w	errors-w	ops(total)-w	ops/sec(cum)-w	avg(ms)-w	p50(ms)-w	p95(ms)-w	p99(ms)-w	pMax(ms)-w	total-w	elapsed	errors	ops(total)	ops/sec(cum)	avg(ms)	p50(ms)	p95(ms)	p99(ms)	pMax(ms)
26	0.0	0.0	3315587.0	110517.70000000003	1.5875	1.4625	2.7874999999999996	5.5	27.0	0.0	0.0	0.0	174671.0	5822.3	1.7000000000000002	1.5499999999999998	2.95	5.7125	16.9875	0.0	0.0	0.0	3490258.0	116340.1	1.5875	1.4749999999999999	2.7874999999999996	5.5	27.0
