concurrency	elapsed-w	errors-w	ops(total)-w	ops/sec(cum)-w	avg(ms)-w	p50(ms)-w	p95(ms)-w	p99(ms)-w	pMax(ms)-w	total-w	elapsed	errors	ops(total)	ops/sec(cum)	avg(ms)	p50(ms)	p95(ms)	p99(ms)	pMax(ms)
7	0.0	0.0	254837.0	8494.4	3.0749999999999997	2.1750000000000003	11.125	23.1	43.475	0.0	0.0	0.0	254837.0	8494.4	3.0749999999999997	2.1750000000000003	11.125	23.1	43.475
