concurrency	elapsed-r	errors-r	ops(total)-r	ops/sec(cum)-r	avg(ms)-r	p50(ms)-r	p95(ms)-r	p99(ms)-r	pMax(ms)-r	total-r	elapsed	errors	ops(total)	ops/sec(cum)	avg(ms)	p50(ms)	p95(ms)	p99(ms)	pMax(ms)
16	0.0	0.0	1397695.0	46589.4	2.5749999999999997	2.475	4.5	7.0625	21.637500000000003	0.0	0.0	0.0	1397695.0	46589.4	2.5749999999999997	2.475	4.5	7.0625	21.637500000000003
