concurrency	elapsed-w	errors-w	ops(total)-w	ops/sec(cum)-w	avg(ms)-w	p50(ms)-w	p95(ms)-w	p99(ms)-w	pMax(ms)-w	total-w	elapsed	errors	ops(total)	ops/sec(cum)	avg(ms)	p50(ms)	p95(ms)	p99(ms)	pMax(ms)
55	0.0	0.0	686037.0	22867.100000000002	18.099999999999998	9.55	34.375	51.875	5804.912499999999	0.0	0.0	0.0	686037.0	22867.100000000002	18.099999999999998	9.55	34.375	51.875	5804.912499999999
