concurrency	elapsed-r	errors-r	ops(total)-r	ops/sec(cum)-r	avg(ms)-r	p50(ms)-r	p95(ms)-r	p99(ms)-r	pMax(ms)-r	total-r	elapsed-w	errors-w	ops(total)-w	ops/sec(cum)-w	avg(ms)-w	p50(ms)-w	p95(ms)-w	p99(ms)-w	pMax(ms)-w	total-w	elapsed	errors	ops(total)	ops/sec(cum)	avg(ms)	p50(ms)	p95(ms)	p99(ms)	pMax(ms)
47	0.0	0.0	1357027.0	45232.8	1.9000000000000001	1.3	5.9125	10.6875	46.099999999999994	0.0	0.0	0.0	70892.0	2363.1	116.60000000000001	2.2624999999999997	1543.5	1719.6374999999998	1811.8999999999999	0.0	0.0	0.0	1427919.0	47595.799999999996	7.5875	1.3250000000000002	6.174999999999999	12.662499999999998	1811.8999999999999
