concurrency	elapsed-r	errors-r	ops(total)-r	ops/sec(cum)-r	avg(ms)-r	p50(ms)-r	p95(ms)-r	p99(ms)-r	pMax(ms)-r	total-r	elapsed	errors	ops(total)	ops/sec(cum)	avg(ms)	p50(ms)	p95(ms)	p99(ms)	pMax(ms)
38	0.0	0.0	1105558.0	36850.9	8.2125	7.387499999999999	17.275000000000002	25.9125	75.5	0.0	0.0	0.0	1105558.0	36850.9	8.2125	7.387499999999999	17.275000000000002	25.9125	75.5
