concurrency	elapsed-r	errors-r	ops(total)-r	ops/sec(cum)-r	avg(ms)-r	p50(ms)-r	p95(ms)-r	p99(ms)-r	pMax(ms)-r	total-r	elapsed-w	errors-w	ops(total)-w	ops/sec(cum)-w	avg(ms)-w	p50(ms)-w	p95(ms)-w	p99(ms)-w	pMax(ms)-w	total-w	elapsed	errors	ops(total)	ops/sec(cum)	avg(ms)	p50(ms)	p95(ms)	p99(ms)	pMax(ms)
38	0.0	0.0	3102990.0	103430.3	2.55	2.4125	4.5249999999999995	8.0625	27.799999999999997	0.0	0.0	0.0	162789.0	5426.1	2.5375	2.4	4.5249999999999995	7.9624999999999995	20.1875	0.0	0.0	0.0	3265779.0	108856.5	2.55	2.4125	4.5249999999999995	8.0625	27.799999999999997
