concurrency	elapsed-r	errors-r	ops(total)-r	ops/sec(cum)-r	avg(ms)-r	p50(ms)-r	p95(ms)-r	p99(ms)-r	pMax(ms)-r	total-r	elapsed-w	errors-w	ops(total)-w	ops/sec(cum)-w	avg(ms)-w	p50(ms)-w	p95(ms)-w	p99(ms)-w	pMax(ms)-w	total-w	elapsed	errors	ops(total)	ops/sec(cum)	avg(ms)	p50(ms)	p95(ms)	p99(ms)	pMax(ms)
75	0.0	0.0	1853874.0	61792.4	2.1999999999999997	1.5333333333333332	5.833333333333333	9.433333333333334	56.46666666666667	0.0	0.0	0.0	97735.0	3257.6	60.833333333333336	2.6	329.06666666666666	354.7666666666667	393.5333333333333	0.0	0.0	0.0	1951609.0	65050.2	5.133333333333334	1.5666666666666667	6.2	16.8	393.5333333333333
