concurrency	elapsed-r	errors-r	ops(total)-r	ops/sec(cum)-r	avg(ms)-r	p50(ms)-r	p95(ms)-r	p99(ms)-r	pMax(ms)-r	total-r	elapsed-w	errors-w	ops(total)-w	ops/sec(cum)-w	avg(ms)-w	p50(ms)-w	p95(ms)-w	p99(ms)-w	pMax(ms)-w	total-w	elapsed	errors	ops(total)	ops/sec(cum)	avg(ms)	p50(ms)	p95(ms)	p99(ms)	pMax(ms)
10	0.0	0.0	657736.0	21924.300000000003	2.95	2.45	5.875	12.849999999999998	42.425	0.0	0.0	0.0	34820.0	1160.7	9.012500000000001	8.575	15.5375	21.75	44.275	0.0	0.0	0.0	692556.0	23084.899999999998	3.2499999999999996	2.6250000000000004	8.225	14.4875	45.31249999999999
