concurrency	elapsed-w	errors-w	ops(total)-w	ops/sec(cum)-w	avg(ms)-w	p50(ms)-w	p95(ms)-w	p99(ms)-w	pMax(ms)-w	total-w	elapsed	errors	ops(total)	ops/sec(cum)	avg(ms)	p50(ms)	p95(ms)	p99(ms)	pMax(ms)
56	0.0	0.0	3409327.0	113641.09999999999	3.725	3.6500000000000004	8.4	12.349999999999998	44.412499999999994	0.0	0.0	0.0	3409327.0	113641.09999999999	3.725	3.6500000000000004	8.4	12.349999999999998	44.412499999999994
