concurrency	elapsed-r	errors-r	ops(total)-r	ops/sec(cum)-r	avg(ms)-r	p50(ms)-r	p95(ms)-r	p99(ms)-r	pMax(ms)-r	total-r	elapsed-w	errors-w	ops(total)-w	ops/sec(cum)-w	avg(ms)-w	p50(ms)-w	p95(ms)-w	p99(ms)-w	pMax(ms)-w	total-w	elapsed	errors	ops(total)	ops/sec(cum)	avg(ms)	p50(ms)	p95(ms)	p99(ms)	pMax(ms)
55	0.0	0.0	2550393.0	56673.600000000006	3.2400000000000007	2.1	10.5	24.1	66.67999999999999	0.0	0.0	0.0	134131.0	2980.6	6.32	4.5	21.0	36.9	63.739999999999995	0.0	0.0	0.0	2684524.0	59654.299999999996	3.4	2.2	11.0	25.2	66.67999999999999
