concurrency	elapsed-r	errors-r	ops(total)-r	ops/sec(cum)-r	avg(ms)-r	p50(ms)-r	p95(ms)-r	p99(ms)-r	pMax(ms)-r	total-r	elapsed-w	errors-w	ops(total)-w	ops/sec(cum)-w	avg(ms)-w	p50(ms)-w	p95(ms)-w	p99(ms)-w	pMax(ms)-w	total-w	elapsed	errors	ops(total)	ops/sec(cum)	avg(ms)	p50(ms)	p95(ms)	p99(ms)	pMax(ms)
16	0.0	0.0	298077.0	9935.599999999999	3.4375	3.0625	6.825	8.9625	18.75	0.0	0.0	0.0	15599.0	520.0	174.8125	21.624999999999996	402.69999999999993	415.225	436.19999999999993	0.0	0.0	0.0	313676.0	10455.6	11.987499999999999	3.1625	7.725	369.09999999999997	436.19999999999993
