concurrency	elapsed-r	errors-r	ops(total)-r	ops/sec(cum)-r	avg(ms)-r	p50(ms)-r	p95(ms)-r	p99(ms)-r	pMax(ms)-r	total-r	elapsed-w	errors-w	ops(total)-w	ops/sec(cum)-w	avg(ms)-w	p50(ms)-w	p95(ms)-w	p99(ms)-w	pMax(ms)-w	total-w	elapsed	errors	ops(total)	ops/sec(cum)	avg(ms)	p50(ms)	p95(ms)	p99(ms)	pMax(ms)
40	0.0	0.0	1910325.0	63676.399999999994	1.7666666666666668	1.5666666666666664	2.533333333333333	7.7	25.166666666666668	0.0	0.0	0.0	100415.0	3347.1	3.4000000000000004	3.033333333333333	5.833333333333333	13.366666666666667	20.900000000000002	0.0	0.0	0.0	2010740.0	67023.5	1.8333333333333333	1.6333333333333335	3.233333333333333	8.1	25.166666666666668
