concurrency	elapsed-r	errors-r	ops(total)-r	ops/sec(cum)-r	avg(ms)-r	p50(ms)-r	p95(ms)-r	p99(ms)-r	pMax(ms)-r	total-r	elapsed-w	errors-w	ops(total)-w	ops/sec(cum)-w	avg(ms)-w	p50(ms)-w	p95(ms)-w	p99(ms)-w	pMax(ms)-w	total-w	elapsed	errors	ops(total)	ops/sec(cum)	avg(ms)	p50(ms)	p95(ms)	p99(ms)	pMax(ms)
103	0.0	0.0	911773.0	30390.8	7.233333333333333	6.0	18.9	29.399999999999995	335.5	0.0	0.0	0.0	47921.0	1597.1999999999998	25.133333333333336	23.100000000000005	48.9	62.9	285.1666666666667	0.0	0.0	0.0	959694.0	31988.1	8.1	6.2	24.100000000000005	39.8	335.5
