concurrency	elapsed-r	errors-r	ops(total)-r	ops/sec(cum)-r	avg(ms)-r	p50(ms)-r	p95(ms)-r	p99(ms)-r	pMax(ms)-r	total-r	elapsed-w	errors-w	ops(total)-w	ops/sec(cum)-w	avg(ms)-w	p50(ms)-w	p95(ms)-w	p99(ms)-w	pMax(ms)-w	total-w	elapsed	errors	ops(total)	ops/sec(cum)	avg(ms)	p50(ms)	p95(ms)	p99(ms)	pMax(ms)
66	0.0	0.0	1932488.0	64413.600000000006	6.8999999999999995	5.9	17.05	27.0	84.94999999999999	0.0	0.0	0.0	101040.0	3367.8	12.6875	11.4625	28.725	41.9	218.11250000000004	0.0	0.0	0.0	2033528.0	67781.4	7.1875	6.05	18.35	28.35	218.11250000000004
