concurrency	elapsed-r	errors-r	ops(total)-r	ops/sec(cum)-r	avg(ms)-r	p50(ms)-r	p95(ms)-r	p99(ms)-r	pMax(ms)-r	total-r	elapsed-w	errors-w	ops(total)-w	ops/sec(cum)-w	avg(ms)-w	p50(ms)-w	p95(ms)-w	p99(ms)-w	pMax(ms)-w	total-w	elapsed	errors	ops(total)	ops/sec(cum)	avg(ms)	p50(ms)	p95(ms)	p99(ms)	pMax(ms)
151	0.0	0.0	2564252.0	85470.4	5.66	3.8200000000000003	17.82	30.8	508.37999999999994	0.0	0.0	0.0	135266.0	4508.5	104.03999999999999	9.559999999999999	45.28	4227.88	4831.86	0.0	0.0	0.0	2699518.0	89978.8	10.559999999999999	4.0	19.52	34.38	4831.86
