concurrency	elapsed-r	errors-r	ops(total)-r	ops/sec(cum)-r	avg(ms)-r	p50(ms)-r	p95(ms)-r	p99(ms)-r	pMax(ms)-r	total-r	elapsed-w	errors-w	ops(total)-w	ops/sec(cum)-w	avg(ms)-w	p50(ms)-w	p95(ms)-w	p99(ms)-w	pMax(ms)-w	total-w	elapsed	errors	ops(total)	ops/sec(cum)	avg(ms)	p50(ms)	p95(ms)	p99(ms)	pMax(ms)
80	0.0	0.0	2401994.0	80063.70000000001	2.333333333333333	1.5333333333333332	6.466666666666666	10.833333333333334	34.96666666666667	0.0	0.0	0.0	126179.0	4205.799999999999	19.733333333333334	2.9666666666666663	106.26666666666665	126.90000000000002	162.16666666666666	0.0	0.0	0.0	2528173.0	84269.6	3.233333333333333	1.6000000000000003	6.833333333333333	18.366666666666667	162.16666666666666
