concurrency	elapsed-r	errors-r	ops(total)-r	ops/sec(cum)-r	avg(ms)-r	p50(ms)-r	p95(ms)-r	p99(ms)-r	pMax(ms)-r	total-r	elapsed-w	errors-w	ops(total)-w	ops/sec(cum)-w	avg(ms)-w	p50(ms)-w	p95(ms)-w	p99(ms)-w	pMax(ms)-w	total-w	elapsed	errors	ops(total)	ops/sec(cum)	avg(ms)	p50(ms)	p95(ms)	p99(ms)	pMax(ms)
72	0.0	0.0	4348580.0	144946.69999999998	2.28	1.9799999999999998	4.18	11.32	46.36	0.0	0.0	0.0	229491.0	7649.400000000001	4.84	4.279999999999999	10.639999999999999	15.98	41.10000000000001	0.0	0.0	0.0	4578071.0	152596.0	2.4	2.02	5.22	11.84	46.36
