concurrency	elapsed-r	errors-r	ops(total)-r	ops/sec(cum)-r	avg(ms)-r	p50(ms)-r	p95(ms)-r	p99(ms)-r	pMax(ms)-r	total-r	elapsed-w	errors-w	ops(total)-w	ops/sec(cum)-w	avg(ms)-w	p50(ms)-w	p95(ms)-w	p99(ms)-w	pMax(ms)-w	total-w	elapsed	errors	ops(total)	ops/sec(cum)	avg(ms)	p50(ms)	p95(ms)	p99(ms)	pMax(ms)
64	0.0	0.0	4249651.0	141651.3	2.06	1.8	3.5	10.58	31.880000000000006	0.0	0.0	0.0	224003.0	7466.700000000001	4.04	3.6199999999999997	8.059999999999999	14.319999999999999	27.159999999999997	0.0	0.0	0.0	4473654.0	149117.9	2.1799999999999997	1.86	4.3	10.92	31.880000000000006
