concurrency	elapsed-r	errors-r	ops(total)-r	ops/sec(cum)-r	avg(ms)-r	p50(ms)-r	p95(ms)-r	p99(ms)-r	pMax(ms)-r	total-r	elapsed-w	errors-w	ops(total)-w	ops/sec(cum)-w	avg(ms)-w	p50(ms)-w	p95(ms)-w	p99(ms)-w	pMax(ms)-w	total-w	elapsed	errors	ops(total)	ops/sec(cum)	avg(ms)	p50(ms)	p95(ms)	p99(ms)	pMax(ms)
104	0.0	0.0	3312089.0	110397.9	2.433333333333333	2.1	4.6000000000000005	12.933333333333332	33.166666666666664	0.0	0.0	0.0	175463.0	5848.5	4.866666666666666	4.233333333333333	10.0	17.466666666666665	30.066666666666666	0.0	0.0	0.0	3487552.0	116246.50000000001	2.6	2.1333333333333333	5.366666666666667	13.733333333333334	33.166666666666664
