concurrency	elapsed-r	errors-r	ops(total)-r	ops/sec(cum)-r	avg(ms)-r	p50(ms)-r	p95(ms)-r	p99(ms)-r	pMax(ms)-r	total-r	elapsed-w	errors-w	ops(total)-w	ops/sec(cum)-w	avg(ms)-w	p50(ms)-w	p95(ms)-w	p99(ms)-w	pMax(ms)-w	total-w	elapsed	errors	ops(total)	ops/sec(cum)	avg(ms)	p50(ms)	p95(ms)	p99(ms)	pMax(ms)
48	0.0	0.0	1719311.0	57309.100000000006	1.9666666666666668	1.5	5.033333333333334	8.266666666666667	25.366666666666664	0.0	0.0	0.0	90447.0	3014.7999999999997	20.333333333333332	2.466666666666667	107.66666666666667	122.66666666666667	146.4333333333333	0.0	0.0	0.0	1809758.0	60323.9	2.9	1.5	5.333333333333333	14.633333333333333	146.4333333333333
