concurrency	elapsed-r	errors-r	ops(total)-r	ops/sec(cum)-r	avg(ms)-r	p50(ms)-r	p95(ms)-r	p99(ms)-r	pMax(ms)-r	total-r	elapsed	errors	ops(total)	ops/sec(cum)	avg(ms)	p50(ms)	p95(ms)	p99(ms)	pMax(ms)
47	0.0	0.0	1376259.0	45873.8	7.6875	6.824999999999999	17.3	25.3125	197.12499999999997	0.0	0.0	0.0	1376259.0	45873.8	7.6875	6.824999999999999	17.3	25.3125	197.12499999999997
