concurrency	elapsed-r	errors-r	ops(total)-r	ops/sec(cum)-r	avg(ms)-r	p50(ms)-r	p95(ms)-r	p99(ms)-r	pMax(ms)-r	total-r	elapsed-w	errors-w	ops(total)-w	ops/sec(cum)-w	avg(ms)-w	p50(ms)-w	p95(ms)-w	p99(ms)-w	pMax(ms)-w	total-w	elapsed	errors	ops(total)	ops/sec(cum)	avg(ms)	p50(ms)	p95(ms)	p99(ms)	pMax(ms)
87	0.0	0.0	15210.0	253.4	6.35	2.4000000000000004	27.799999999999997	56.075	137.35	0.0	0.0	0.0	454.0	7.6	34.400000000000006	17.025	154.125	213.92499999999998	220.2	0.0	0.0	0.0	15664.0	261.09999999999997	7.175	2.55	30.650000000000002	69.19999999999999	220.2
