concurrency	elapsed-r	errors-r	ops(total)-r	ops/sec(cum)-r	avg(ms)-r	p50(ms)-r	p95(ms)-r	p99(ms)-r	pMax(ms)-r	total-r	elapsed-w	errors-w	ops(total)-w	ops/sec(cum)-w	avg(ms)-w	p50(ms)-w	p95(ms)-w	p99(ms)-w	pMax(ms)-w	total-w	elapsed	errors	ops(total)	ops/sec(cum)	avg(ms)	p50(ms)	p95(ms)	p99(ms)	pMax(ms)
29	0.0	0.0	2875420.0	95845.3	2.125	1.9124999999999999	4.35	6.3625	23.2125	0.0	0.0	0.0	151602.0	5053.299999999999	2.0375	1.8375000000000001	4.075	6.2875	18.0375	0.0	0.0	0.0	3027022.0	100898.4	2.125	1.9124999999999999	4.35	6.3625	23.2125
