concurrency	elapsed-r	errors-r	ops(total)-r	ops/sec(cum)-r	avg(ms)-r	p50(ms)-r	p95(ms)-r	p99(ms)-r	pMax(ms)-r	total-r	elapsed-w	errors-w	ops(total)-w	ops/sec(cum)-w	avg(ms)-w	p50(ms)-w	p95(ms)-w	p99(ms)-w	pMax(ms)-w	total-w	elapsed	errors	ops(total)	ops/sec(cum)	avg(ms)	p50(ms)	p95(ms)	p99(ms)	pMax(ms)
34	0.0	0.0	3298806.0	109957.79999999999	2.1125	1.9249999999999998	3.5999999999999996	6.924999999999999	146.39999999999998	0.0	0.0	0.0	173735.0	5791.000000000001	2.05	1.9	3.5500000000000003	6.9624999999999995	54.9125	0.0	0.0	0.0	3472541.0	115748.70000000001	2.1125	1.9249999999999998	3.5874999999999995	6.924999999999999	169.075
