concurrency	elapsed-r	errors-r	ops(total)-r	ops/sec(cum)-r	avg(ms)-r	p50(ms)-r	p95(ms)-r	p99(ms)-r	pMax(ms)-r	total-r	elapsed-w	errors-w	ops(total)-w	ops/sec(cum)-w	avg(ms)-w	p50(ms)-w	p95(ms)-w	p99(ms)-w	pMax(ms)-w	total-w	elapsed	errors	ops(total)	ops/sec(cum)	avg(ms)	p50(ms)	p95(ms)	p99(ms)	pMax(ms)
34	0.0	0.0	3329891.0	110993.99999999999	2.15	2.0	4.925	7.012499999999999	73.52499999999999	0.0	0.0	0.0	174491.0	5816.400000000001	2.15	2.0125	4.925	7.35	25.450000000000003	0.0	0.0	0.0	3504382.0	116810.29999999999	2.15	2.0	4.925	7.049999999999999	76.1625
