concurrency	elapsed-r	errors-r	ops(total)-r	ops/sec(cum)-r	avg(ms)-r	p50(ms)-r	p95(ms)-r	p99(ms)-r	pMax(ms)-r	total-r	elapsed-w	errors-w	ops(total)-w	ops/sec(cum)-w	avg(ms)-w	p50(ms)-w	p95(ms)-w	p99(ms)-w	pMax(ms)-w	total-w	elapsed	errors	ops(total)	ops/sec(cum)	avg(ms)	p50(ms)	p95(ms)	p99(ms)	pMax(ms)
151	0.0	0.0	4674002.0	155788.5	4.38	3.6799999999999997	10.84	19.2	171.12	0.0	0.0	0.0	245628.0	8187.1	14.76	13.680000000000001	29.24	37.44	164.42	0.0	0.0	0.0	4919630.0	163975.5	4.94	3.7199999999999998	14.74	24.72	189.57999999999998
