concurrency	elapsed-r	errors-r	ops(total)-r	ops/sec(cum)-r	avg(ms)-r	p50(ms)-r	p95(ms)-r	p99(ms)-r	pMax(ms)-r	total-r	elapsed-w	errors-w	ops(total)-w	ops/sec(cum)-w	avg(ms)-w	p50(ms)-w	p95(ms)-w	p99(ms)-w	pMax(ms)-w	total-w	elapsed	errors	ops(total)	ops/sec(cum)	avg(ms)	p50(ms)	p95(ms)	p99(ms)	pMax(ms)
160	0.0	0.0	2702715.0	90085.70000000001	9.22	7.08	25.180000000000003	37.72	573.78	0.0	0.0	0.0	142005.0	4733.2	27.479999999999997	24.580000000000002	59.14	78.02000000000001	476.46000000000004	0.0	0.0	0.0	2844720.0	94818.8	10.12	7.4	28.919999999999995	46.540000000000006	573.78
