concurrency	elapsed-r	errors-r	ops(total)-r	ops/sec(cum)-r	avg(ms)-r	p50(ms)-r	p95(ms)-r	p99(ms)-r	pMax(ms)-r	total-r	elapsed-w	errors-w	ops(total)-w	ops/sec(cum)-w	avg(ms)-w	p50(ms)-w	p95(ms)-w	p99(ms)-w	pMax(ms)-w	total-w	elapsed	errors	ops(total)	ops/sec(cum)	avg(ms)	p50(ms)	p95(ms)	p99(ms)	pMax(ms)
88	0.0	0.0	2853303.0	95106.0	4.4399999999999995	3.72	10.0	19.720000000000002	174.48000000000002	0.0	0.0	0.0	151318.0	5043.700000000001	12.8	11.420000000000002	26.420000000000005	34.78	122.05999999999999	0.0	0.0	0.0	3004621.0	100149.70000000001	4.840000000000001	3.7600000000000002	14.02	22.439999999999998	174.48000000000002
