concurrency	elapsed-r	errors-r	ops(total)-r	ops/sec(cum)-r	avg(ms)-r	p50(ms)-r	p95(ms)-r	p99(ms)-r	pMax(ms)-r	total-r	elapsed-w	errors-w	ops(total)-w	ops/sec(cum)-w	avg(ms)-w	p50(ms)-w	p95(ms)-w	p99(ms)-w	pMax(ms)-w	total-w	elapsed	errors	ops(total)	ops/sec(cum)	avg(ms)	p50(ms)	p95(ms)	p99(ms)	pMax(ms)
36	0.0	0.0	1530258.0	51007.299999999996	1.9666666666666668	1.5	5.033333333333333	8.1	22.03333333333333	0.0	0.0	0.0	79991.0	2666.3	7.366666666666667	2.533333333333333	37.36666666666667	50.6	73.60000000000001	0.0	0.0	0.0	1610249.0	53673.5	2.1999999999999997	1.5	5.2	12.666666666666666	73.60000000000001
