concurrency	elapsed-w	errors-w	ops(total)-w	ops/sec(cum)-w	avg(ms)-w	p50(ms)-w	p95(ms)-w	p99(ms)-w	pMax(ms)-w	total-w	elapsed	errors	ops(total)	ops/sec(cum)	avg(ms)	p50(ms)	p95(ms)	p99(ms)	pMax(ms)
56	0.0	0.0	4867653.0	162250.9	2.3125	2.175	4.3375	7.325	176.16249999999997	0.0	0.0	0.0	4867653.0	162250.9	2.3125	2.175	4.3375	7.325	176.16249999999997
