concurrency	elapsed-r	errors-r	ops(total)-r	ops/sec(cum)-r	avg(ms)-r	p50(ms)-r	p95(ms)-r	p99(ms)-r	pMax(ms)-r	total-r	elapsed-w	errors-w	ops(total)-w	ops/sec(cum)-w	avg(ms)-w	p50(ms)-w	p95(ms)-w	p99(ms)-w	pMax(ms)-w	total-w	elapsed	errors	ops(total)	ops/sec(cum)	avg(ms)	p50(ms)	p95(ms)	p99(ms)	pMax(ms)
52	0.0	0.0	3211714.0	107054.09999999999	3.3125000000000004	3.0000000000000004	6.050000000000001	15.349999999999998	47.675	0.0	0.0	0.0	168922.0	5630.5	3.5375	3.1374999999999997	6.4125	16.25	47.025000000000006	0.0	0.0	0.0	3380636.0	112684.9	3.35	3.0000000000000004	6.050000000000001	15.412499999999998	50.5625
