concurrency	elapsed-r	errors-r	ops(total)-r	ops/sec(cum)-r	avg(ms)-r	p50(ms)-r	p95(ms)-r	p99(ms)-r	pMax(ms)-r	total-r	elapsed-w	errors-w	ops(total)-w	ops/sec(cum)-w	avg(ms)-w	p50(ms)-w	p95(ms)-w	p99(ms)-w	pMax(ms)-w	total-w	elapsed	errors	ops(total)	ops/sec(cum)	avg(ms)	p50(ms)	p95(ms)	p99(ms)	pMax(ms)
135	0.0	0.0	4289619.0	142977.7	4.96	3.88	13.620000000000001	21.94	178.68	0.0	0.0	0.0	225531.0	7517.1	12.820000000000002	11.2	28.619999999999997	39.0	158.57999999999998	0.0	0.0	0.0	4515150.0	150495.0	5.36	4.039999999999999	15.559999999999999	25.46	178.68
