concurrency	elapsed-r	errors-r	ops(total)-r	ops/sec(cum)-r	avg(ms)-r	p50(ms)-r	p95(ms)-r	p99(ms)-r	pMax(ms)-r	total-r	elapsed-w	errors-w	ops(total)-w	ops/sec(cum)-w	avg(ms)-w	p50(ms)-w	p95(ms)-w	p99(ms)-w	pMax(ms)-w	total-w	elapsed	errors	ops(total)	ops/sec(cum)	avg(ms)	p50(ms)	p95(ms)	p99(ms)	pMax(ms)
37	0.0	0.0	1917283.0	63907.7	3.8499999999999996	3.3125000000000004	9.025	14.387500000000001	113.4875	0.0	0.0	0.0	100639.0	3354.6	7.1125	6.424999999999999	15.8625	23.075	48.725	0.0	0.0	0.0	2017922.0	67262.2	3.9875	3.4000000000000004	9.85	15.325000000000001	118.21249999999999
