concurrency	elapsed-r	errors-r	ops(total)-r	ops/sec(cum)-r	avg(ms)-r	p50(ms)-r	p95(ms)-r	p99(ms)-r	pMax(ms)-r	total-r	elapsed-w	errors-w	ops(total)-w	ops/sec(cum)-w	avg(ms)-w	p50(ms)-w	p95(ms)-w	p99(ms)-w	pMax(ms)-w	total-w	elapsed	errors	ops(total)	ops/sec(cum)	avg(ms)	p50(ms)	p95(ms)	p99(ms)	pMax(ms)
23	0.0	0.0	937094.0	20824.0	2.5	1.6600000000000001	7.1	13.6	169.48	0.0	0.0	0.0	49091.0	1090.8999999999999	33.92	3.1	285.2	328.82	758.3399999999999	0.0	0.0	0.0	986185.0	21914.899999999998	4.0600000000000005	1.7599999999999998	7.720000000000001	19.7	758.3399999999999
