concurrency	elapsed-r	errors-r	ops(total)-r	ops/sec(cum)-r	avg(ms)-r	p50(ms)-r	p95(ms)-r	p99(ms)-r	pMax(ms)-r	total-r	elapsed-w	errors-w	ops(total)-w	ops/sec(cum)-w	avg(ms)-w	p50(ms)-w	p95(ms)-w	p99(ms)-w	pMax(ms)-w	total-w	elapsed	errors	ops(total)	ops/sec(cum)	avg(ms)	p50(ms)	p95(ms)	p99(ms)	pMax(ms)
48	0.0	0.0	79147.0	2638.0999999999995	112.6	3.5875	700.4125	1266.7125	2600.4624999999996	0.0	0.0	0.0	4095.0	136.6	602.075	374.0625	2004.8625000000002	3187.687499999999	4664.0625	0.0	0.0	0.0	83242.0	2774.7	136.7125	3.7874999999999996	817.8999999999999	1501.5625	4664.0625
