concurrency	elapsed-w	errors-w	ops(total)-w	ops/sec(cum)-w	avg(ms)-w	p50(ms)-w	p95(ms)-w	p99(ms)-w	pMax(ms)-w	total-w	elapsed	errors	ops(total)	ops/sec(cum)	avg(ms)	p50(ms)	p95(ms)	p99(ms)	pMax(ms)
31	0.0	0.0	681659.0	22721.2	10.55	5.4624999999999995	28.587500000000002	50.5625	1233.1625000000001	0.0	0.0	0.0	681659.0	22721.2	10.55	5.4624999999999995	28.587500000000002	50.5625	1233.1625000000001
