concurrency	elapsed-r	errors-r	ops(total)-r	ops/sec(cum)-r	avg(ms)-r	p50(ms)-r	p95(ms)-r	p99(ms)-r	pMax(ms)-r	total-r	elapsed-w	errors-w	ops(total)-w	ops/sec(cum)-w	avg(ms)-w	p50(ms)-w	p95(ms)-w	p99(ms)-w	pMax(ms)-w	total-w	elapsed	errors	ops(total)	ops/sec(cum)	avg(ms)	p50(ms)	p95(ms)	p99(ms)	pMax(ms)
47	0.0	0.0	1905765.0	63523.5	4.937499999999999	4.125	12.149999999999999	19.775000000000002	79.14999999999999	0.0	0.0	0.0	100529.0	3350.8999999999996	9.649999999999999	8.2	23.2	34.25	64.2125	0.0	0.0	0.0	2006294.0	66874.4	5.1625000000000005	4.2250000000000005	13.099999999999998	21.5	82.825
