concurrency	elapsed-r	errors-r	ops(total)-r	ops/sec(cum)-r	avg(ms)-r	p50(ms)-r	p95(ms)-r	p99(ms)-r	pMax(ms)-r	total-r	elapsed	errors	ops(total)	ops/sec(cum)	avg(ms)	p50(ms)	p95(ms)	p99(ms)	pMax(ms)
16	0.0	0.0	1398648.0	46620.799999999996	2.5749999999999997	2.45	4.5	7.325	20.849999999999998	0.0	0.0	0.0	1398648.0	46620.799999999996	2.5749999999999997	2.45	4.5	7.325	20.849999999999998
