concurrency	elapsed-r	errors-r	ops(total)-r	ops/sec(cum)-r	avg(ms)-r	p50(ms)-r	p95(ms)-r	p99(ms)-r	pMax(ms)-r	total-r	elapsed-w	errors-w	ops(total)-w	ops/sec(cum)-w	avg(ms)-w	p50(ms)-w	p95(ms)-w	p99(ms)-w	pMax(ms)-w	total-w	elapsed	errors	ops(total)	ops/sec(cum)	avg(ms)	p50(ms)	p95(ms)	p99(ms)	pMax(ms)
20	0.0	0.0	661254.0	22041.5	1.9333333333333333	1.6333333333333335	4.3999999999999995	8.733333333333334	45.4	0.0	0.0	0.0	34693.0	1156.5	3.3666666666666667	3.0	7.900000000000001	13.799999999999999	41.9	0.0	0.0	0.0	695947.0	23197.9	2.0	1.7	4.5	8.9	45.4
