concurrency	elapsed-r	errors-r	ops(total)-r	ops/sec(cum)-r	avg(ms)-r	p50(ms)-r	p95(ms)-r	p99(ms)-r	pMax(ms)-r	total-r	elapsed-w	errors-w	ops(total)-w	ops/sec(cum)-w	avg(ms)-w	p50(ms)-w	p95(ms)-w	p99(ms)-w	pMax(ms)-w	total-w	elapsed	errors	ops(total)	ops/sec(cum)	avg(ms)	p50(ms)	p95(ms)	p99(ms)	pMax(ms)
43	0.0	0.0	3331939.0	111061.90000000001	2.7125000000000004	2.5250000000000004	6.0	9.025	74.21249999999999	0.0	0.0	0.0	175724.0	5857.4	2.725	2.65	6.0	9.0	20.987500000000004	0.0	0.0	0.0	3507663.0	116919.2	2.7125000000000004	2.5250000000000004	6.0	9.025	74.21249999999999
