ops/sec(cum)	p50(ms)	p99(ms)	read_tp	read_p50	read_p99	write_tp	write_p50	write_p99
250724.3	0.31933333333333336	2.744666666666667	238202.0	0.31733333333333336	2.744666666666667	12521.300000000001	0.32133333333333336	2.807
