concurrency	elapsed-r	errors-r	ops(total)-r	ops/sec(cum)-r	avg(ms)-r	p50(ms)-r	p95(ms)-r	p99(ms)-r	pMax(ms)-r	total-r	elapsed-w	errors-w	ops(total)-w	ops/sec(cum)-w	avg(ms)-w	p50(ms)-w	p95(ms)-w	p99(ms)-w	pMax(ms)-w	total-w	elapsed	errors	ops(total)	ops/sec(cum)	avg(ms)	p50(ms)	p95(ms)	p99(ms)	pMax(ms)
73	0.0	0.0	2635260.0	87838.7	4.62	3.72	11.160000000000002	21.4	123.74000000000001	0.0	0.0	0.0	138050.0	4601.4	11.34	9.919999999999998	25.180000000000003	34.160000000000004	101.9	0.0	0.0	0.0	2773310.0	92440.29999999999	4.96	3.8600000000000003	13.62	23.060000000000002	127.08000000000001
