concurrency	elapsed-r	errors-r	ops(total)-r	ops/sec(cum)-r	avg(ms)-r	p50(ms)-r	p95(ms)-r	p99(ms)-r	pMax(ms)-r	total-r	elapsed-w	errors-w	ops(total)-w	ops/sec(cum)-w	avg(ms)-w	p50(ms)-w	p95(ms)-w	p99(ms)-w	pMax(ms)-w	total-w	elapsed	errors	ops(total)	ops/sec(cum)	avg(ms)	p50(ms)	p95(ms)	p99(ms)	pMax(ms)
56	0.0	0.0	2258174.0	50180.5	3.4799999999999995	2.04	11.5	25.2	88.1	0.0	0.0	0.0	118128.0	2625.0	9.360000000000001	4.5	32.519999999999996	111.58	295.28000000000003	0.0	0.0	0.0	2376302.0	52805.5	3.7399999999999998	2.16	12.6	27.9	295.28000000000003
