concurrency	elapsed-r	errors-r	ops(total)-r	ops/sec(cum)-r	avg(ms)-r	p50(ms)-r	p95(ms)-r	p99(ms)-r	pMax(ms)-r	total-r	elapsed-w	errors-w	ops(total)-w	ops/sec(cum)-w	avg(ms)-w	p50(ms)-w	p95(ms)-w	p99(ms)-w	pMax(ms)-w	total-w	elapsed	errors	ops(total)	ops/sec(cum)	avg(ms)	p50(ms)	p95(ms)	p99(ms)	pMax(ms)
34	0.0	0.0	2135533.0	71182.8	3.2124999999999995	2.7	6.85	12.075	57.9375	0.0	0.0	0.0	112422.0	3747.5999999999995	4.5125	3.1374999999999997	11.35	17.825	69.46249999999999	0.0	0.0	0.0	2247955.0	74930.0	3.2624999999999997	2.7125	7.35	12.575	74.18749999999999
