concurrency	elapsed-r	errors-r	ops(total)-r	ops/sec(cum)-r	avg(ms)-r	p50(ms)-r	p95(ms)-r	p99(ms)-r	pMax(ms)-r	total-r	elapsed-w	errors-w	ops(total)-w	ops/sec(cum)-w	avg(ms)-w	p50(ms)-w	p95(ms)-w	p99(ms)-w	pMax(ms)-w	total-w	elapsed	errors	ops(total)	ops/sec(cum)	avg(ms)	p50(ms)	p95(ms)	p99(ms)	pMax(ms)
147	0.0	0.0	4527970.0	150923.0	4.880000000000001	3.8600000000000003	12.42	21.1	208.66000000000003	0.0	0.0	0.0	238042.0	7934.2	13.98	12.399999999999999	30.560000000000002	45.1	183.50000000000003	0.0	0.0	0.0	4766012.0	158857.30000000002	5.359999999999999	3.9800000000000004	15.16	24.72	212.0
