concurrency	elapsed-r	errors-r	ops(total)-r	ops/sec(cum)-r	avg(ms)-r	p50(ms)-r	p95(ms)-r	p99(ms)-r	pMax(ms)-r	total-r	elapsed-w	errors-w	ops(total)-w	ops/sec(cum)-w	avg(ms)-w	p50(ms)-w	p95(ms)-w	p99(ms)-w	pMax(ms)-w	total-w	elapsed	errors	ops(total)	ops/sec(cum)	avg(ms)	p50(ms)	p95(ms)	p99(ms)	pMax(ms)
49	0.0	0.0	914923.0	30496.300000000003	3.2999999999999994	2.5	7.599999999999999	18.9	218.1	0.0	0.0	0.0	48259.0	1608.5	1.3333333333333333	1.0	2.8666666666666667	9.066666666666668	55.9	0.0	0.0	0.0	963182.0	32105.000000000004	3.2000000000000006	2.4	7.599999999999999	18.166666666666668	218.1
