concurrency	elapsed-r	errors-r	ops(total)-r	ops/sec(cum)-r	avg(ms)-r	p50(ms)-r	p95(ms)-r	p99(ms)-r	pMax(ms)-r	total-r	elapsed-w	errors-w	ops(total)-w	ops/sec(cum)-w	avg(ms)-w	p50(ms)-w	p95(ms)-w	p99(ms)-w	pMax(ms)-w	total-w	elapsed	errors	ops(total)	ops/sec(cum)	avg(ms)	p50(ms)	p95(ms)	p99(ms)	pMax(ms)
40	0.0	0.0	1362324.0	45410.0	2.566666666666667	1.6333333333333335	7.133333333333333	12.333333333333334	34.4	0.0	0.0	0.0	71457.0	2381.9	23.03333333333333	3.466666666666667	129.76666666666668	152.83333333333334	177.70000000000002	0.0	0.0	0.0	1433781.0	47791.9	3.5666666666666664	1.6333333333333335	7.7	23.233333333333334	177.70000000000002
