concurrency	elapsed-r	errors-r	ops(total)-r	ops/sec(cum)-r	avg(ms)-r	p50(ms)-r	p95(ms)-r	p99(ms)-r	pMax(ms)-r	total-r	elapsed-w	errors-w	ops(total)-w	ops/sec(cum)-w	avg(ms)-w	p50(ms)-w	p95(ms)-w	p99(ms)-w	pMax(ms)-w	total-w	elapsed	errors	ops(total)	ops/sec(cum)	avg(ms)	p50(ms)	p95(ms)	p99(ms)	pMax(ms)
21	0.0	0.0	655257.0	21841.5	2.7	2.125	6.8	13.1	58.175	0.0	0.0	0.0	34543.0	1151.4	6.699999999999999	3.8249999999999997	26.75	46.625	89.15	0.0	0.0	0.0	689800.0	22992.899999999998	2.925	2.1500000000000004	7.1499999999999995	16.3	89.15
