concurrency	elapsed-r	errors-r	ops(total)-r	ops/sec(cum)-r	avg(ms)-r	p50(ms)-r	p95(ms)-r	p99(ms)-r	pMax(ms)-r	total-r	elapsed-w	errors-w	ops(total)-w	ops/sec(cum)-w	avg(ms)-w	p50(ms)-w	p95(ms)-w	p99(ms)-w	pMax(ms)-w	total-w	elapsed	errors	ops(total)	ops/sec(cum)	avg(ms)	p50(ms)	p95(ms)	p99(ms)	pMax(ms)
50	0.0	0.0	1918674.0	63953.8	5.187500000000001	4.475	12.599999999999998	19.650000000000002	178.27499999999998	0.0	0.0	0.0	101406.0	3380.2000000000003	10.087499999999999	9.175	22.812499999999996	32.6625	98.5625	0.0	0.0	0.0	2020080.0	67334.0	5.45	4.6125	13.549999999999997	21.5	178.27499999999998
