concurrency	elapsed-w	errors-w	ops(total)-w	ops/sec(cum)-w	avg(ms)-w	p50(ms)-w	p95(ms)-w	p99(ms)-w	pMax(ms)-w	total-w	elapsed	errors	ops(total)	ops/sec(cum)	avg(ms)	p50(ms)	p95(ms)	p99(ms)	pMax(ms)
55	0.0	0.0	541815.0	18059.699999999997	23.912500000000005	21.225	57.12499999999999	72.0875	160.4375	0.0	0.0	0.0	541815.0	18059.699999999997	23.912500000000005	21.225	57.12499999999999	72.0875	160.4375
