concurrency	elapsed-r	errors-r	ops(total)-r	ops/sec(cum)-r	avg(ms)-r	p50(ms)-r	p95(ms)-r	p99(ms)-r	pMax(ms)-r	total-r	elapsed-w	errors-w	ops(total)-w	ops/sec(cum)-w	avg(ms)-w	p50(ms)-w	p95(ms)-w	p99(ms)-w	pMax(ms)-w	total-w	elapsed	errors	ops(total)	ops/sec(cum)	avg(ms)	p50(ms)	p95(ms)	p99(ms)	pMax(ms)
150	0.0	0.0	4608796.0	153615.2	4.5	3.7600000000000002	11.04	19.419999999999998	196.51999999999998	0.0	0.0	0.0	241894.0	8062.599999999999	13.419999999999998	12.139999999999999	27.3	36.06	182.88	0.0	0.0	0.0	4850690.0	161677.90000000002	4.959999999999999	3.88	14.3	22.779999999999998	213.1
