concurrency	elapsed-r	errors-r	ops(total)-r	ops/sec(cum)-r	avg(ms)-r	p50(ms)-r	p95(ms)-r	p99(ms)-r	pMax(ms)-r	total-r	elapsed-w	errors-w	ops(total)-w	ops/sec(cum)-w	avg(ms)-w	p50(ms)-w	p95(ms)-w	p99(ms)-w	pMax(ms)-w	total-w	elapsed	errors	ops(total)	ops/sec(cum)	avg(ms)	p50(ms)	p95(ms)	p99(ms)	pMax(ms)
11	0.0	0.0	303607.0	10119.900000000001	3.3375000000000004	2.875	6.6499999999999995	8.575	15.55	0.0	0.0	0.0	16031.0	534.4	96.875	49.9375	218.09999999999997	235.95000000000005	257.925	0.0	0.0	0.0	319638.0	10654.3	8.024999999999999	3.0	7.5375	201.29999999999998	257.925
