concurrency	elapsed-r	errors-r	ops(total)-r	ops/sec(cum)-r	avg(ms)-r	p50(ms)-r	p95(ms)-r	p99(ms)-r	pMax(ms)-r	total-r	elapsed-w	errors-w	ops(total)-w	ops/sec(cum)-w	avg(ms)-w	p50(ms)-w	p95(ms)-w	p99(ms)-w	pMax(ms)-w	total-w	elapsed	errors	ops(total)	ops/sec(cum)	avg(ms)	p50(ms)	p95(ms)	p99(ms)	pMax(ms)
16	0.0	0.0	517571.0	17252.199999999997	2.1	1.6333333333333335	5.2	9.4	117.39999999999999	0.0	0.0	0.0	27175.0	905.9000000000001	4.133333333333334	3.033333333333333	11.166666666666666	22.366666666666664	135.6	0.0	0.0	0.0	544746.0	18157.9	2.2	1.6666666666666667	5.5	10.333333333333334	153.76666666666665
