concurrency	elapsed-r	errors-r	ops(total)-r	ops/sec(cum)-r	avg(ms)-r	p50(ms)-r	p95(ms)-r	p99(ms)-r	pMax(ms)-r	total-r	elapsed	errors	ops(total)	ops/sec(cum)	avg(ms)	p50(ms)	p95(ms)	p99(ms)	pMax(ms)
31	0.0	0.0	1537341.0	51243.8	4.4624999999999995	4.0249999999999995	9.700000000000001	14.387500000000001	151.9125	0.0	0.0	0.0	1537341.0	51243.8	4.4624999999999995	4.0249999999999995	9.700000000000001	14.387500000000001	151.9125
