concurrency	elapsed-r	errors-r	ops(total)-r	ops/sec(cum)-r	avg(ms)-r	p50(ms)-r	p95(ms)-r	p99(ms)-r	pMax(ms)-r	total-r	elapsed	errors	ops(total)	ops/sec(cum)	avg(ms)	p50(ms)	p95(ms)	p99(ms)	pMax(ms)
23	0.0	0.0	1272648.0	42420.8	4.175	3.975	8.175	12.099999999999998	31.612500000000004	0.0	0.0	0.0	1272648.0	42420.8	4.175	3.975	8.175	12.099999999999998	31.612500000000004
