concurrency	elapsed-r	errors-r	ops(total)-r	ops/sec(cum)-r	avg(ms)-r	p50(ms)-r	p95(ms)-r	p99(ms)-r	pMax(ms)-r	total-r	elapsed-w	errors-w	ops(total)-w	ops/sec(cum)-w	avg(ms)-w	p50(ms)-w	p95(ms)-w	p99(ms)-w	pMax(ms)-w	total-w	elapsed	errors	ops(total)	ops/sec(cum)	avg(ms)	p50(ms)	p95(ms)	p99(ms)	pMax(ms)
160	0.0	0.0	2714032.0	90462.20000000001	5.0	3.733333333333333	14.366666666666665	24.133333333333336	478.1333333333334	0.0	0.0	0.0	143126.0	4770.6	43.06666666666666	14.199999999999998	225.6	249.9	461.3666666666666	0.0	0.0	0.0	2857158.0	95232.8	6.866666666666667	3.9333333333333336	17.233333333333334	39.46666666666667	556.4333333333334
