concurrency	elapsed-r	errors-r	ops(total)-r	ops/sec(cum)-r	avg(ms)-r	p50(ms)-r	p95(ms)-r	p99(ms)-r	pMax(ms)-r	total-r	elapsed	errors	ops(total)	ops/sec(cum)	avg(ms)	p50(ms)	p95(ms)	p99(ms)	pMax(ms)
13	0.0	0.0	1354153.0	45137.799999999996	2.1625	2.0	3.5250000000000004	6.049999999999999	17.9625	0.0	0.0	0.0	1354153.0	45137.799999999996	2.1625	2.0	3.5250000000000004	6.049999999999999	17.9625
