concurrency	elapsed-r	errors-r	ops(total)-r	ops/sec(cum)-r	avg(ms)-r	p50(ms)-r	p95(ms)-r	p99(ms)-r	pMax(ms)-r	total-r	elapsed-w	errors-w	ops(total)-w	ops/sec(cum)-w	avg(ms)-w	p50(ms)-w	p95(ms)-w	p99(ms)-w	pMax(ms)-w	total-w	elapsed	errors	ops(total)	ops/sec(cum)	avg(ms)	p50(ms)	p95(ms)	p99(ms)	pMax(ms)
46	0.0	0.0	4410315.0	147006.8	2.0124999999999997	1.8125	3.8624999999999994	7.0875	218.09999999999997	0.0	0.0	0.0	231515.0	7716.9	2.0875000000000004	1.8125	4.125	8.049999999999999	147.85	0.0	0.0	0.0	4641830.0	154723.6	2.0124999999999997	1.8125	3.8749999999999996	7.125	218.09999999999997
