concurrency	elapsed-r	errors-r	ops(total)-r	ops/sec(cum)-r	avg(ms)-r	p50(ms)-r	p95(ms)-r	p99(ms)-r	pMax(ms)-r	total-r	elapsed-w	errors-w	ops(total)-w	ops/sec(cum)-w	avg(ms)-w	p50(ms)-w	p95(ms)-w	p99(ms)-w	pMax(ms)-w	total-w	elapsed	errors	ops(total)	ops/sec(cum)	avg(ms)	p50(ms)	p95(ms)	p99(ms)	pMax(ms)
39	0.0	0.0	1845897.0	61527.8	2.775	2.15	7.525	12.474999999999998	113.7625	0.0	0.0	0.0	96985.0	3232.6	37.4625	4.1	21.487499999999997	838.8999999999999	989.8500000000001	0.0	0.0	0.0	1942882.0	64760.6	4.5	2.25	7.887499999999999	13.7625	989.8500000000001
