ops/sec(cum)	p50(ms)	p99(ms)	read_tp	read_p50	read_p99	write_tp	write_p50	write_p99
276403.38333333336	0.18658333333333332	0.7856666666666666	265824.9	0.18616666666666665	0.7856666666666666	10577.483333333334	0.187	0.7846666666666666
