concurrency	elapsed-r	errors-r	ops(total)-r	ops/sec(cum)-r	avg(ms)-r	p50(ms)-r	p95(ms)-r	p99(ms)-r	pMax(ms)-r	total-r	elapsed-w	errors-w	ops(total)-w	ops/sec(cum)-w	avg(ms)-w	p50(ms)-w	p95(ms)-w	p99(ms)-w	pMax(ms)-w	total-w	elapsed	errors	ops(total)	ops/sec(cum)	avg(ms)	p50(ms)	p95(ms)	p99(ms)	pMax(ms)
4	0.0	0.0	369739.0	12324.499999999998	2.1999999999999997	1.7875	4.3999999999999995	5.675000000000001	12.25	0.0	0.0	0.0	19434.0	647.8	3.875	2.8500000000000005	9.3375	14.175	26.0875	0.0	0.0	0.0	389173.0	12972.3	2.2750000000000004	1.8250000000000002	4.625	6.512499999999999	26.0875
