concurrency	elapsed-r	errors-r	ops(total)-r	ops/sec(cum)-r	avg(ms)-r	p50(ms)-r	p95(ms)-r	p99(ms)-r	pMax(ms)-r	total-r	elapsed-w	errors-w	ops(total)-w	ops/sec(cum)-w	avg(ms)-w	p50(ms)-w	p95(ms)-w	p99(ms)-w	pMax(ms)-w	total-w	elapsed	errors	ops(total)	ops/sec(cum)	avg(ms)	p50(ms)	p95(ms)	p99(ms)	pMax(ms)
38	0.0	0.0	3368673.0	112286.69999999998	2.3499999999999996	2.2125	5.725	7.9625	97.1375	0.0	0.0	0.0	177811.0	5926.999999999999	2.3625	2.2875	5.725	8.1	18.425	0.0	0.0	0.0	3546484.0	118213.59999999999	2.3499999999999996	2.2375	5.725	7.9625	97.1375
