concurrency	elapsed-w	errors-w	ops(total)-w	ops/sec(cum)-w	avg(ms)-w	p50(ms)-w	p95(ms)-w	p99(ms)-w	pMax(ms)-w	total-w	elapsed	errors	ops(total)	ops/sec(cum)	avg(ms)	p50(ms)	p95(ms)	p99(ms)	pMax(ms)
64	0.0	0.0	4622279.0	154070.69999999998	2.9499999999999997	2.15	7.7250000000000005	12.6375	198.17499999999998	0.0	0.0	0.0	4622279.0	154070.69999999998	2.9499999999999997	2.15	7.7250000000000005	12.6375	198.17499999999998
