concurrency	elapsed-r	errors-r	ops(total)-r	ops/sec(cum)-r	avg(ms)-r	p50(ms)-r	p95(ms)-r	p99(ms)-r	pMax(ms)-r	total-r	elapsed-w	errors-w	ops(total)-w	ops/sec(cum)-w	avg(ms)-w	p50(ms)-w	p95(ms)-w	p99(ms)-w	pMax(ms)-w	total-w	elapsed	errors	ops(total)	ops/sec(cum)	avg(ms)	p50(ms)	p95(ms)	p99(ms)	pMax(ms)
31	0.0	0.0	3132432.0	104412.4	2.0749999999999997	1.9	3.5999999999999996	6.4624999999999995	50.2125	0.0	0.0	0.0	164619.0	5487.2	2.05	1.9	3.5749999999999997	6.4625	19.337500000000002	0.0	0.0	0.0	3297051.0	109899.8	2.0749999999999997	1.9	3.5999999999999996	6.5	50.349999999999994
