concurrency	elapsed-r	errors-r	ops(total)-r	ops/sec(cum)-r	avg(ms)-r	p50(ms)-r	p95(ms)-r	p99(ms)-r	pMax(ms)-r	total-r	elapsed	errors	ops(total)	ops/sec(cum)	avg(ms)	p50(ms)	p95(ms)	p99(ms)	pMax(ms)
10	0.0	0.0	1261686.0	42055.7	1.7249999999999999	1.6500000000000001	2.6499999999999995	4.7875000000000005	16.3875	0.0	0.0	0.0	1261686.0	42055.7	1.7249999999999999	1.6500000000000001	2.6499999999999995	4.7875000000000005	16.3875
