concurrency	elapsed-r	errors-r	ops(total)-r	ops/sec(cum)-r	avg(ms)-r	p50(ms)-r	p95(ms)-r	p99(ms)-r	pMax(ms)-r	total-r	elapsed-w	errors-w	ops(total)-w	ops/sec(cum)-w	avg(ms)-w	p50(ms)-w	p95(ms)-w	p99(ms)-w	pMax(ms)-w	total-w	elapsed	errors	ops(total)	ops/sec(cum)	avg(ms)	p50(ms)	p95(ms)	p99(ms)	pMax(ms)
95	0.0	0.0	2527250.0	84237.9	2.1666666666666665	1.4666666666666668	5.533333333333334	9.366666666666667	30.03333333333333	0.0	0.0	0.0	132721.0	4423.9	24.5	2.6	133.53333333333333	148.2	174.76666666666665	0.0	0.0	0.0	2659971.0	88661.79999999999	3.233333333333333	1.4666666666666668	6.0	17.3	174.76666666666665
