ops/sec(cum)	p50(ms)	p99(ms)	read_tp	read_p50	read_p99	write_tp	write_p50	write_p99
102118.48333333334	0.7732857142857142	5.747	97353.13333333333	0.8087142857142857	5.747	4764.35	0.7378571428571429	5.359428571428571
