concurrency	elapsed-r	errors-r	ops(total)-r	ops/sec(cum)-r	avg(ms)-r	p50(ms)-r	p95(ms)-r	p99(ms)-r	pMax(ms)-r	total-r	elapsed-w	errors-w	ops(total)-w	ops/sec(cum)-w	avg(ms)-w	p50(ms)-w	p95(ms)-w	p99(ms)-w	pMax(ms)-w	total-w	elapsed	errors	ops(total)	ops/sec(cum)	avg(ms)	p50(ms)	p95(ms)	p99(ms)	pMax(ms)
87	0.0	0.0	2419127.0	80633.8	2.3	1.5	6.3	11.033333333333333	39.16666666666667	0.0	0.0	0.0	127523.0	4250.6	24.96666666666667	2.9	138.39999999999998	159.36666666666667	194.33333333333334	0.0	0.0	0.0	2546650.0	84884.3	3.4333333333333336	1.5333333333333332	6.7	19.233333333333334	194.33333333333334
