concurrency	elapsed-r	errors-r	ops(total)-r	ops/sec(cum)-r	avg(ms)-r	p50(ms)-r	p95(ms)-r	p99(ms)-r	pMax(ms)-r	total-r	elapsed	errors	ops(total)	ops/sec(cum)	avg(ms)	p50(ms)	p95(ms)	p99(ms)	pMax(ms)
61	0.0	0.0	1562573.0	52084.0	8.737499999999999	7.875	19.025000000000002	26.75	95.96249999999999	0.0	0.0	0.0	1562573.0	52084.0	8.737499999999999	7.875	19.025000000000002	26.75	95.96249999999999
