concurrency	elapsed-w	errors-w	ops(total)-w	ops/sec(cum)-w	avg(ms)-w	p50(ms)-w	p95(ms)-w	p99(ms)-w	pMax(ms)-w	total-w	elapsed	errors	ops(total)	ops/sec(cum)	avg(ms)	p50(ms)	p95(ms)	p99(ms)	pMax(ms)
8	0.0	0.0	41021.0	1367.3999999999999	23.075000000000003	3.7	88.1	96.5	109.075	0.0	0.0	0.0	41021.0	1367.3999999999999	23.075000000000003	3.7	88.1	96.5	109.075
