concurrency	elapsed-r	errors-r	ops(total)-r	ops/sec(cum)-r	avg(ms)-r	p50(ms)-r	p95(ms)-r	p99(ms)-r	pMax(ms)-r	total-r	elapsed-w	errors-w	ops(total)-w	ops/sec(cum)-w	avg(ms)-w	p50(ms)-w	p95(ms)-w	p99(ms)-w	pMax(ms)-w	total-w	elapsed	errors	ops(total)	ops/sec(cum)	avg(ms)	p50(ms)	p95(ms)	p99(ms)	pMax(ms)
148	0.0	0.0	2705399.0	90174.5	5.6000000000000005	4.733333333333333	13.566666666666665	22.566666666666663	256.56666666666666	0.0	0.0	0.0	142646.0	4754.5	17.333333333333332	16.366666666666667	34.233333333333334	44.36666666666667	194.36666666666667	0.0	0.0	0.0	2848045.0	94929.09999999999	6.2	4.733333333333333	16.533333333333335	28.26666666666667	256.56666666666666
