concurrency	elapsed-r	errors-r	ops(total)-r	ops/sec(cum)-r	avg(ms)-r	p50(ms)-r	p95(ms)-r	p99(ms)-r	pMax(ms)-r	total-r	elapsed-w	errors-w	ops(total)-w	ops/sec(cum)-w	avg(ms)-w	p50(ms)-w	p95(ms)-w	p99(ms)-w	pMax(ms)-w	total-w	elapsed	errors	ops(total)	ops/sec(cum)	avg(ms)	p50(ms)	p95(ms)	p99(ms)	pMax(ms)
133	0.0	0.0	4645411.0	154838.1	4.0	3.2399999999999998	9.96	18.46	124.16	0.0	0.0	0.0	244324.0	8143.700000000001	11.58	10.400000000000002	23.419999999999998	32.6	117.64000000000001	0.0	0.0	0.0	4889735.0	162981.8	4.4	3.38	12.620000000000001	20.98	124.16
