concurrency	elapsed-r	errors-r	ops(total)-r	ops/sec(cum)-r	avg(ms)-r	p50(ms)-r	p95(ms)-r	p99(ms)-r	pMax(ms)-r	total-r	elapsed-w	errors-w	ops(total)-w	ops/sec(cum)-w	avg(ms)-w	p50(ms)-w	p95(ms)-w	p99(ms)-w	pMax(ms)-w	total-w	elapsed	errors	ops(total)	ops/sec(cum)	avg(ms)	p50(ms)	p95(ms)	p99(ms)	pMax(ms)
45	0.0	0.0	2411582.0	80383.50000000001	3.7625	3.2125	8.125	13.450000000000001	38.775	0.0	0.0	0.0	127065.0	4235.3	4.95	3.5499999999999994	13.15	20.4625	40.0875	0.0	0.0	0.0	2538647.0	84618.90000000001	3.8125000000000004	3.2874999999999996	8.4375	14.05	41.125
