concurrency	elapsed-r	errors-r	ops(total)-r	ops/sec(cum)-r	avg(ms)-r	p50(ms)-r	p95(ms)-r	p99(ms)-r	pMax(ms)-r	total-r	elapsed-w	errors-w	ops(total)-w	ops/sec(cum)-w	avg(ms)-w	p50(ms)-w	p95(ms)-w	p99(ms)-w	pMax(ms)-w	total-w	elapsed	errors	ops(total)	ops/sec(cum)	avg(ms)	p50(ms)	p95(ms)	p99(ms)	pMax(ms)
19	0.0	0.0	1747382.0	58245.200000000004	2.15	1.7625	5.0	9.15	96.9875	0.0	0.0	0.0	92138.0	3071.2000000000003	4.012499999999999	3.3750000000000004	9.2125	14.562500000000002	66.0625	0.0	0.0	0.0	1839520.0	61316.09999999999	2.25	1.8124999999999998	5.425	9.7	111.675
