ops/sec(cum)	p50(ms)	p99(ms)	read_tp	read_p50	read_p99	write_tp	write_p50	write_p99
113006.09999999999	1.5979285714285714	6.155285714285714	107817.73333333334	1.6287142857142856	6.155285714285714	5187.366666666667	1.5671428571428572	5.643428571428571
