concurrency	elapsed-r	errors-r	ops(total)-r	ops/sec(cum)-r	avg(ms)-r	p50(ms)-r	p95(ms)-r	p99(ms)-r	pMax(ms)-r	total-r	elapsed	errors	ops(total)	ops/sec(cum)	avg(ms)	p50(ms)	p95(ms)	p99(ms)	pMax(ms)
47	0.0	0.0	1555023.0	51832.6	6.725	6.174999999999999	14.575000000000001	21.125	66.57500000000002	0.0	0.0	0.0	1555023.0	51832.6	6.725	6.174999999999999	14.575000000000001	21.125	66.57500000000002
