concurrency	elapsed-r	errors-r	ops(total)-r	ops/sec(cum)-r	avg(ms)-r	p50(ms)-r	p95(ms)-r	p99(ms)-r	pMax(ms)-r	total-r	elapsed-w	errors-w	ops(total)-w	ops/sec(cum)-w	avg(ms)-w	p50(ms)-w	p95(ms)-w	p99(ms)-w	pMax(ms)-w	total-w	elapsed	errors	ops(total)	ops/sec(cum)	avg(ms)	p50(ms)	p95(ms)	p99(ms)	pMax(ms)
54	0.0	0.0	3746433.0	124877.20000000001	3.0375	2.1875	8.775	13.374999999999998	170.39999999999998	0.0	0.0	0.0	197789.0	6592.7	3.0749999999999997	2.2125	8.9	13.562499999999998	66.6875	0.0	0.0	0.0	3944222.0	131469.80000000002	3.0375	2.1875	8.775	13.374999999999998	173.0
