concurrency	elapsed-r	errors-r	ops(total)-r	ops/sec(cum)-r	avg(ms)-r	p50(ms)-r	p95(ms)-r	p99(ms)-r	pMax(ms)-r	total-r	elapsed-w	errors-w	ops(total)-w	ops/sec(cum)-w	avg(ms)-w	p50(ms)-w	p95(ms)-w	p99(ms)-w	pMax(ms)-w	total-w	elapsed	errors	ops(total)	ops/sec(cum)	avg(ms)	p50(ms)	p95(ms)	p99(ms)	pMax(ms)
31	0.0	0.0	3341570.0	111383.8	1.8625	1.7000000000000002	3.1999999999999997	6.4875	87.9375	0.0	0.0	0.0	176306.0	5876.9	2.1874999999999996	1.9875	3.7499999999999996	7.049999999999999	31.45	0.0	0.0	0.0	3517876.0	117260.50000000001	1.875	1.7375000000000003	3.2624999999999997	6.4875	87.9375
