concurrency	elapsed-r	errors-r	ops(total)-r	ops/sec(cum)-r	avg(ms)-r	p50(ms)-r	p95(ms)-r	p99(ms)-r	pMax(ms)-r	total-r	elapsed-w	errors-w	ops(total)-w	ops/sec(cum)-w	avg(ms)-w	p50(ms)-w	p95(ms)-w	p99(ms)-w	pMax(ms)-w	total-w	elapsed	errors	ops(total)	ops/sec(cum)	avg(ms)	p50(ms)	p95(ms)	p99(ms)	pMax(ms)
71	0.0	0.0	2793786.0	93122.8	3.6	2.8600000000000003	8.620000000000001	17.619999999999997	115.75999999999999	0.0	0.0	0.0	146560.0	4885.099999999999	10.28	9.22	21.6	29.959999999999997	128.74	0.0	0.0	0.0	2940346.0	98008.20000000001	3.94	2.9400000000000004	11.88	19.48	132.5
