concurrency	elapsed-r	errors-r	ops(total)-r	ops/sec(cum)-r	avg(ms)-r	p50(ms)-r	p95(ms)-r	p99(ms)-r	pMax(ms)-r	total-r	elapsed	errors	ops(total)	ops/sec(cum)	avg(ms)	p50(ms)	p95(ms)	p99(ms)	pMax(ms)
14	0.0	0.0	1125824.0	37526.6	2.8000000000000003	2.625	4.925	7.25	20.700000000000003	0.0	0.0	0.0	1125824.0	37526.6	2.8000000000000003	2.625	4.925	7.25	20.700000000000003
