concurrency	elapsed-r	errors-r	ops(total)-r	ops/sec(cum)-r	avg(ms)-r	p50(ms)-r	p95(ms)-r	p99(ms)-r	pMax(ms)-r	total-r	elapsed	errors	ops(total)	ops/sec(cum)	avg(ms)	p50(ms)	p95(ms)	p99(ms)	pMax(ms)
18	0.0	0.0	1133119.0	37770.1	3.6499999999999995	3.4000000000000004	6.7124999999999995	9.5875	26.875	0.0	0.0	0.0	1133119.0	37770.1	3.6499999999999995	3.4000000000000004	6.7124999999999995	9.5875	26.875
