concurrency	elapsed-r	errors-r	ops(total)-r	ops/sec(cum)-r	avg(ms)-r	p50(ms)-r	p95(ms)-r	p99(ms)-r	pMax(ms)-r	total-r	elapsed-w	errors-w	ops(total)-w	ops/sec(cum)-w	avg(ms)-w	p50(ms)-w	p95(ms)-w	p99(ms)-w	pMax(ms)-w	total-w	elapsed	errors	ops(total)	ops/sec(cum)	avg(ms)	p50(ms)	p95(ms)	p99(ms)	pMax(ms)
55	0.0	0.0	4501278.0	150038.7	2.3625000000000003	2.175	4.3875	8.2	217.04999999999995	0.0	0.0	0.0	236216.0	7873.5	2.4000000000000004	2.1875	4.550000000000001	9.4125	76.68750000000001	0.0	0.0	0.0	4737494.0	157912.2	2.3625000000000003	2.175	4.425	8.3875	217.04999999999995
