concurrency	elapsed-r	errors-r	ops(total)-r	ops/sec(cum)-r	avg(ms)-r	p50(ms)-r	p95(ms)-r	p99(ms)-r	pMax(ms)-r	total-r	elapsed-w	errors-w	ops(total)-w	ops/sec(cum)-w	avg(ms)-w	p50(ms)-w	p95(ms)-w	p99(ms)-w	pMax(ms)-w	total-w	elapsed	errors	ops(total)	ops/sec(cum)	avg(ms)	p50(ms)	p95(ms)	p99(ms)	pMax(ms)
68	0.0	0.0	2676754.0	89222.4	4.039999999999999	3.3800000000000003	8.98	18.68	65.02000000000001	0.0	0.0	0.0	140399.0	4679.8	10.280000000000001	9.1	21.4	29.98	69.44000000000001	0.0	0.0	0.0	2817153.0	93902.09999999999	4.38	3.3800000000000003	11.559999999999999	20.14	70.9
