concurrency	elapsed-r	errors-r	ops(total)-r	ops/sec(cum)-r	avg(ms)-r	p50(ms)-r	p95(ms)-r	p99(ms)-r	pMax(ms)-r	total-r	elapsed-w	errors-w	ops(total)-w	ops/sec(cum)-w	avg(ms)-w	p50(ms)-w	p95(ms)-w	p99(ms)-w	pMax(ms)-w	total-w	elapsed	errors	ops(total)	ops/sec(cum)	avg(ms)	p50(ms)	p95(ms)	p99(ms)	pMax(ms)
48	0.0	0.0	1956268.0	65206.3	4.9	4.375	11.375	17.825	63.94999999999999	0.0	0.0	0.0	103215.0	3440.3	8.7875	8.35	19.525000000000002	26.887500000000003	66.8375	0.0	0.0	0.0	2059483.0	68646.8	5.1	4.475	12.349999999999998	18.875	77.8625
