concurrency	elapsed-r	errors-r	ops(total)-r	ops/sec(cum)-r	avg(ms)-r	p50(ms)-r	p95(ms)-r	p99(ms)-r	pMax(ms)-r	total-r	elapsed-w	errors-w	ops(total)-w	ops/sec(cum)-w	avg(ms)-w	p50(ms)-w	p95(ms)-w	p99(ms)-w	pMax(ms)-w	total-w	elapsed	errors	ops(total)	ops/sec(cum)	avg(ms)	p50(ms)	p95(ms)	p99(ms)	pMax(ms)
39	0.0	0.0	1427718.0	47589.200000000004	5.625	4.8625	13.024999999999999	20.2	47.9375	0.0	0.0	0.0	74839.0	2494.6	9.524999999999999	8.3875	23.612499999999997	31.75	57.64999999999999	0.0	0.0	0.0	1502557.0	50083.7	5.825	4.8875	14.05	21.225	57.64999999999999
