concurrency	elapsed-r	errors-r	ops(total)-r	ops/sec(cum)-r	avg(ms)-r	p50(ms)-r	p95(ms)-r	p99(ms)-r	pMax(ms)-r	total-r	elapsed-w	errors-w	ops(total)-w	ops/sec(cum)-w	avg(ms)-w	p50(ms)-w	p95(ms)-w	p99(ms)-w	pMax(ms)-w	total-w	elapsed	errors	ops(total)	ops/sec(cum)	avg(ms)	p50(ms)	p95(ms)	p99(ms)	pMax(ms)
49	0.0	0.0	1275736.0	42523.0	7.8375	7.0249999999999995	17.8	25.449999999999996	152.575	0.0	0.0	0.0	67442.0	2248.0	14.837500000000002	13.899999999999999	29.762500000000003	39.8	71.5625	0.0	0.0	0.0	1343178.0	44770.8	8.2	7.199999999999999	19.025000000000002	27.412500000000005	152.575
