concurrency	elapsed-r	errors-r	ops(total)-r	ops/sec(cum)-r	avg(ms)-r	p50(ms)-r	p95(ms)-r	p99(ms)-r	pMax(ms)-r	total-r	elapsed-w	errors-w	ops(total)-w	ops/sec(cum)-w	avg(ms)-w	p50(ms)-w	p95(ms)-w	p99(ms)-w	pMax(ms)-w	total-w	elapsed	errors	ops(total)	ops/sec(cum)	avg(ms)	p50(ms)	p95(ms)	p99(ms)	pMax(ms)
2	0.0	0.0	167229.0	5574.299999999999	2.4	2.1	4.775	6.2875	12.85	0.0	0.0	0.0	8683.0	289.4	4.0	3.3749999999999996	8.024999999999999	11.4	20.837500000000002	0.0	0.0	0.0	175912.0	5863.699999999999	2.4875	2.1375	5.0125	6.7375	20.837500000000002
