concurrency	elapsed-w	errors-w	ops(total)-w	ops/sec(cum)-w	avg(ms)-w	p50(ms)-w	p95(ms)-w	p99(ms)-w	pMax(ms)-w	total-w	elapsed	errors	ops(total)	ops/sec(cum)	avg(ms)	p50(ms)	p95(ms)	p99(ms)	pMax(ms)
32	0.0	0.0	3389386.0	112977.49999999999	2.0500000000000003	1.9124999999999999	3.6125	6.05	46.525	0.0	0.0	0.0	3389386.0	112977.49999999999	2.0500000000000003	1.9124999999999999	3.6125	6.05	46.525
