concurrency	elapsed-r	errors-r	ops(total)-r	ops/sec(cum)-r	avg(ms)-r	p50(ms)-r	p95(ms)-r	p99(ms)-r	pMax(ms)-r	total-r	elapsed-w	errors-w	ops(total)-w	ops/sec(cum)-w	avg(ms)-w	p50(ms)-w	p95(ms)-w	p99(ms)-w	pMax(ms)-w	total-w	elapsed	errors	ops(total)	ops/sec(cum)	avg(ms)	p50(ms)	p95(ms)	p99(ms)	pMax(ms)
31	0.0	0.0	1251086.0	41701.6	5.45	4.625	16.3625	20.325	102.76249999999999	0.0	0.0	0.0	66355.0	2211.8	9.05	6.612499999999999	20.987499999999997	95.97500000000001	155.725	0.0	0.0	0.0	1317441.0	43913.4	5.6125	4.75	16.3625	21.112499999999997	159.4
