concurrency	elapsed-r	errors-r	ops(total)-r	ops/sec(cum)-r	avg(ms)-r	p50(ms)-r	p95(ms)-r	p99(ms)-r	pMax(ms)-r	total-r	elapsed-w	errors-w	ops(total)-w	ops/sec(cum)-w	avg(ms)-w	p50(ms)-w	p95(ms)-w	p99(ms)-w	pMax(ms)-w	total-w	elapsed	errors	ops(total)	ops/sec(cum)	avg(ms)	p50(ms)	p95(ms)	p99(ms)	pMax(ms)
104	0.0	0.0	4638417.0	154600.4	3.2	2.68	6.58	14.540000000000001	114.92	0.0	0.0	0.0	243957.0	8131.200000000001	7.9399999999999995	7.24	16.4	23.16	71.08	0.0	0.0	0.0	4882374.0	162731.5	3.44	2.76	8.739999999999998	15.680000000000001	115.12
