concurrency	elapsed-r	errors-r	ops(total)-r	ops/sec(cum)-r	avg(ms)-r	p50(ms)-r	p95(ms)-r	p99(ms)-r	pMax(ms)-r	total-r	elapsed-w	errors-w	ops(total)-w	ops/sec(cum)-w	avg(ms)-w	p50(ms)-w	p95(ms)-w	p99(ms)-w	pMax(ms)-w	total-w	elapsed	errors	ops(total)	ops/sec(cum)	avg(ms)	p50(ms)	p95(ms)	p99(ms)	pMax(ms)
12	0.0	0.0	600322.0	20010.5	1.3333333333333333	1.3	1.7	5.866666666666667	30.766666666666666	0.0	0.0	0.0	31158.0	1038.7	2.2	2.1333333333333333	2.8666666666666667	9.799999999999999	30.066666666666666	0.0	0.0	0.0	631480.0	21049.199999999997	1.3999999999999997	1.3	2.0	6.2	33.233333333333334
