concurrency	elapsed-r	errors-r	ops(total)-r	ops/sec(cum)-r	avg(ms)-r	p50(ms)-r	p95(ms)-r	p99(ms)-r	pMax(ms)-r	total-r	elapsed	errors	ops(total)	ops/sec(cum)	avg(ms)	p50(ms)	p95(ms)	p99(ms)	pMax(ms)
64	0.0	0.0	1294969.0	43164.0	12.0875	10.375	27.7625	43.225	92.82499999999999	0.0	0.0	0.0	1294969.0	43164.0	12.0875	10.375	27.7625	43.225	92.82499999999999
