concurrency	elapsed-r	errors-r	ops(total)-r	ops/sec(cum)-r	avg(ms)-r	p50(ms)-r	p95(ms)-r	p99(ms)-r	pMax(ms)-r	total-r	elapsed-w	errors-w	ops(total)-w	ops/sec(cum)-w	avg(ms)-w	p50(ms)-w	p95(ms)-w	p99(ms)-w	pMax(ms)-w	total-w	elapsed	errors	ops(total)	ops/sec(cum)	avg(ms)	p50(ms)	p95(ms)	p99(ms)	pMax(ms)
33	0.0	0.0	3257931.0	108595.29999999999	2.0875	1.9	3.575	6.887499999999999	26.875000000000004	0.0	0.0	0.0	171545.0	5718.1	2.325	2.2	3.9375	7.2125	23.4625	0.0	0.0	0.0	3429476.0	114313.19999999998	2.0999999999999996	1.9249999999999998	3.6	6.887499999999999	27.137500000000003
