concurrency	elapsed-r	errors-r	ops(total)-r	ops/sec(cum)-r	avg(ms)-r	p50(ms)-r	p95(ms)-r	p99(ms)-r	pMax(ms)-r	total-r	elapsed-w	errors-w	ops(total)-w	ops/sec(cum)-w	avg(ms)-w	p50(ms)-w	p95(ms)-w	p99(ms)-w	pMax(ms)-w	total-w	elapsed	errors	ops(total)	ops/sec(cum)	avg(ms)	p50(ms)	p95(ms)	p99(ms)	pMax(ms)
49	0.0	0.0	1957476.0	65247.2	4.9875	4.449999999999999	11.65	18.35	67.625	0.0	0.0	0.0	102644.0	3421.4	9.075	8.65	19.775000000000002	27.150000000000002	62.900000000000006	0.0	0.0	0.0	2060120.0	68668.8	5.2	4.6	12.474999999999998	19.400000000000002	74.1875
