concurrency	elapsed-r	errors-r	ops(total)-r	ops/sec(cum)-r	avg(ms)-r	p50(ms)-r	p95(ms)-r	p99(ms)-r	pMax(ms)-r	total-r	elapsed-w	errors-w	ops(total)-w	ops/sec(cum)-w	avg(ms)-w	p50(ms)-w	p95(ms)-w	p99(ms)-w	pMax(ms)-w	total-w	elapsed	errors	ops(total)	ops/sec(cum)	avg(ms)	p50(ms)	p95(ms)	p99(ms)	pMax(ms)
30	0.0	0.0	165462.0	5515.3	5.300000000000001	5.25	9.525	12.3875	33.93749999999999	0.0	0.0	0.0	8465.0	282.2	728.5625	939.5	973.1000000000001	1006.6000000000001	1036.0	0.0	0.0	0.0	173927.0	5797.4	40.512499999999996	5.475	12.837499999999999	939.5	1036.0
