concurrency	elapsed-r	errors-r	ops(total)-r	ops/sec(cum)-r	avg(ms)-r	p50(ms)-r	p95(ms)-r	p99(ms)-r	pMax(ms)-r	total-r	elapsed-w	errors-w	ops(total)-w	ops/sec(cum)-w	avg(ms)-w	p50(ms)-w	p95(ms)-w	p99(ms)-w	pMax(ms)-w	total-w	elapsed	errors	ops(total)	ops/sec(cum)	avg(ms)	p50(ms)	p95(ms)	p99(ms)	pMax(ms)
29	0.0	0.0	1097454.0	36580.9	5.7749999999999995	5.95	10.5	12.024999999999999	36.425	0.0	0.0	0.0	57433.0	1914.5000000000002	6.775	6.55	11.675	27.2625	71.03750000000001	0.0	0.0	0.0	1154887.0	38495.4	5.85	5.95	10.5	12.099999999999998	71.03750000000001
