concurrency	elapsed-r	errors-r	ops(total)-r	ops/sec(cum)-r	avg(ms)-r	p50(ms)-r	p95(ms)-r	p99(ms)-r	pMax(ms)-r	total-r	elapsed-w	errors-w	ops(total)-w	ops/sec(cum)-w	avg(ms)-w	p50(ms)-w	p95(ms)-w	p99(ms)-w	pMax(ms)-w	total-w	elapsed	errors	ops(total)	ops/sec(cum)	avg(ms)	p50(ms)	p95(ms)	p99(ms)	pMax(ms)
40	0.0	0.0	1999443.0	44431.3	2.16	1.56	5.680000000000001	14.2	179.5	0.0	0.0	0.0	105015.0	2333.6	27.380000000000003	2.9	216.42	260.0	335.5	0.0	0.0	0.0	2104458.0	46764.9	3.4200000000000004	1.6	6.180000000000001	20.339999999999996	335.5
