concurrency	elapsed-r	errors-r	ops(total)-r	ops/sec(cum)-r	avg(ms)-r	p50(ms)-r	p95(ms)-r	p99(ms)-r	pMax(ms)-r	total-r	elapsed-w	errors-w	ops(total)-w	ops/sec(cum)-w	avg(ms)-w	p50(ms)-w	p95(ms)-w	p99(ms)-w	pMax(ms)-w	total-w	elapsed	errors	ops(total)	ops/sec(cum)	avg(ms)	p50(ms)	p95(ms)	p99(ms)	pMax(ms)
21	0.0	0.0	1374450.0	45814.299999999996	1.525	1.375	2.85	5.3	56.074999999999996	0.0	0.0	0.0	72565.0	2418.8	2.6	2.475	4.975	8.450000000000001	20.975	0.0	0.0	0.0	1447015.0	48233.100000000006	1.575	1.375	3.1250000000000004	5.55	56.074999999999996
