concurrency	elapsed-r	errors-r	ops(total)-r	ops/sec(cum)-r	avg(ms)-r	p50(ms)-r	p95(ms)-r	p99(ms)-r	pMax(ms)-r	total-r	elapsed	errors	ops(total)	ops/sec(cum)	avg(ms)	p50(ms)	p95(ms)	p99(ms)	pMax(ms)
19	0.0	0.0	1368904.0	45629.3	3.1375	2.9250000000000003	5.875	9.0375	22.799999999999997	0.0	0.0	0.0	1368904.0	45629.3	3.1375	2.9250000000000003	5.875	9.0375	22.799999999999997
