concurrency	elapsed-r	errors-r	ops(total)-r	ops/sec(cum)-r	avg(ms)-r	p50(ms)-r	p95(ms)-r	p99(ms)-r	pMax(ms)-r	total-r	elapsed-w	errors-w	ops(total)-w	ops/sec(cum)-w	avg(ms)-w	p50(ms)-w	p95(ms)-w	p99(ms)-w	pMax(ms)-w	total-w	elapsed	errors	ops(total)	ops/sec(cum)	avg(ms)	p50(ms)	p95(ms)	p99(ms)	pMax(ms)
71	0.0	0.0	2849366.0	94975.8	3.4799999999999995	2.88	7.76	16.759999999999998	116.4	0.0	0.0	0.0	149893.0	4996.2	9.88	8.92	20.779999999999998	28.079999999999995	108.24000000000001	0.0	0.0	0.0	2999259.0	99972.0	3.78	2.9400000000000004	10.64	18.880000000000003	121.44000000000001
