concurrency	elapsed-r	errors-r	ops(total)-r	ops/sec(cum)-r	avg(ms)-r	p50(ms)-r	p95(ms)-r	p99(ms)-r	pMax(ms)-r	total-r	elapsed-w	errors-w	ops(total)-w	ops/sec(cum)-w	avg(ms)-w	p50(ms)-w	p95(ms)-w	p99(ms)-w	pMax(ms)-w	total-w	elapsed	errors	ops(total)	ops/sec(cum)	avg(ms)	p50(ms)	p95(ms)	p99(ms)	pMax(ms)
46	0.0	0.0	2420428.0	80678.40000000001	3.8124999999999996	3.3249999999999997	8.325	13.775	40.3375	0.0	0.0	0.0	127683.0	4256.1	4.9125	3.5499999999999994	12.7625	19.7875	39.3	0.0	0.0	0.0	2548111.0	84934.20000000001	3.8874999999999997	3.3374999999999995	8.625	14.3	41.387499999999996
