concurrency	elapsed-r	errors-r	ops(total)-r	ops/sec(cum)-r	avg(ms)-r	p50(ms)-r	p95(ms)-r	p99(ms)-r	pMax(ms)-r	total-r	elapsed-w	errors-w	ops(total)-w	ops/sec(cum)-w	avg(ms)-w	p50(ms)-w	p95(ms)-w	p99(ms)-w	pMax(ms)-w	total-w	elapsed	errors	ops(total)	ops/sec(cum)	avg(ms)	p50(ms)	p95(ms)	p99(ms)	pMax(ms)
39	0.0	0.0	2865210.0	95504.79999999999	2.7125	2.5250000000000004	4.8500000000000005	8.85	28.462500000000002	0.0	0.0	0.0	150232.0	5007.6	3.0875	2.5999999999999996	7.4625	11.5375	26.487500000000004	0.0	0.0	0.0	3015442.0	100512.40000000001	2.7125	2.5250000000000004	5.0875	9.1	28.987500000000004
