concurrency	elapsed-r	errors-r	ops(total)-r	ops/sec(cum)-r	avg(ms)-r	p50(ms)-r	p95(ms)-r	p99(ms)-r	pMax(ms)-r	total-r	elapsed-w	errors-w	ops(total)-w	ops/sec(cum)-w	avg(ms)-w	p50(ms)-w	p95(ms)-w	p99(ms)-w	pMax(ms)-w	total-w	elapsed	errors	ops(total)	ops/sec(cum)	avg(ms)	p50(ms)	p95(ms)	p99(ms)	pMax(ms)
56	0.0	0.0	3295516.0	109847.6	3.45	3.0999999999999996	6.1875	12.9875	105.6375	0.0	0.0	0.0	172990.0	5766.2	3.4625	3.0999999999999996	6.274999999999999	13.087500000000002	51.375	0.0	0.0	0.0	3468506.0	115613.7	3.45	3.0999999999999996	6.1875	12.925	105.6375
