concurrency	elapsed-r	errors-r	ops(total)-r	ops/sec(cum)-r	avg(ms)-r	p50(ms)-r	p95(ms)-r	p99(ms)-r	pMax(ms)-r	total-r	elapsed	errors	ops(total)	ops/sec(cum)	avg(ms)	p50(ms)	p95(ms)	p99(ms)	pMax(ms)
22	0.0	0.0	1399103.0	46636.1	3.625	3.3249999999999997	6.8625	10.5125	27.925000000000004	0.0	0.0	0.0	1399103.0	46636.1	3.625	3.3249999999999997	6.8625	10.5125	27.925000000000004
