concurrency	elapsed-r	errors-r	ops(total)-r	ops/sec(cum)-r	avg(ms)-r	p50(ms)-r	p95(ms)-r	p99(ms)-r	pMax(ms)-r	total-r	elapsed-w	errors-w	ops(total)-w	ops/sec(cum)-w	avg(ms)-w	p50(ms)-w	p95(ms)-w	p99(ms)-w	pMax(ms)-w	total-w	elapsed	errors	ops(total)	ops/sec(cum)	avg(ms)	p50(ms)	p95(ms)	p99(ms)	pMax(ms)
163	0.0	0.0	3299292.0	109968.7	7.075	5.625	17.95	29.325000000000003	304.6	0.0	0.0	0.0	173846.0	5794.500000000001	19.5	18.049999999999997	39.4	51.275000000000006	242.25	0.0	0.0	0.0	3473138.0	115763.09999999999	7.675	5.925000000000001	20.325000000000003	34.325	304.6
