concurrency	elapsed-r	errors-r	ops(total)-r	ops/sec(cum)-r	avg(ms)-r	p50(ms)-r	p95(ms)-r	p99(ms)-r	pMax(ms)-r	total-r	elapsed	errors	ops(total)	ops/sec(cum)	avg(ms)	p50(ms)	p95(ms)	p99(ms)	pMax(ms)
20	0.0	0.0	1375974.0	45865.2	1.6	1.475	2.425	4.6499999999999995	16.674999999999997	0.0	0.0	0.0	1375974.0	45865.2	1.6	1.475	2.425	4.6499999999999995	16.674999999999997
