concurrency	elapsed-r	errors-r	ops(total)-r	ops/sec(cum)-r	avg(ms)-r	p50(ms)-r	p95(ms)-r	p99(ms)-r	pMax(ms)-r	total-r	elapsed-w	errors-w	ops(total)-w	ops/sec(cum)-w	avg(ms)-w	p50(ms)-w	p95(ms)-w	p99(ms)-w	pMax(ms)-w	total-w	elapsed	errors	ops(total)	ops/sec(cum)	avg(ms)	p50(ms)	p95(ms)	p99(ms)	pMax(ms)
104	0.0	0.0	2566544.0	85547.8	4.333333333333333	3.5333333333333337	9.666666666666666	18.166666666666668	111.86666666666667	0.0	0.0	0.0	134192.0	4472.9	9.3	8.333333333333334	19.233333333333334	27.433333333333337	48.06666666666666	0.0	0.0	0.0	2700736.0	90020.6	4.566666666666666	3.733333333333333	11.166666666666666	19.5	111.86666666666667
