concurrency	elapsed-r	errors-r	ops(total)-r	ops/sec(cum)-r	avg(ms)-r	p50(ms)-r	p95(ms)-r	p99(ms)-r	pMax(ms)-r	total-r	elapsed-w	errors-w	ops(total)-w	ops/sec(cum)-w	avg(ms)-w	p50(ms)-w	p95(ms)-w	p99(ms)-w	pMax(ms)-w	total-w	elapsed	errors	ops(total)	ops/sec(cum)	avg(ms)	p50(ms)	p95(ms)	p99(ms)	pMax(ms)
31	0.0	0.0	3172773.0	105757.39999999998	2.025	1.875	3.55	6.6	73.15	0.0	0.0	0.0	167059.0	5568.599999999999	1.9874999999999998	1.875	3.5	6.5125	18.412499999999998	0.0	0.0	0.0	3339832.0	111325.79999999999	2.0124999999999997	1.875	3.55	6.575	73.15
