concurrency	elapsed-r	errors-r	ops(total)-r	ops/sec(cum)-r	avg(ms)-r	p50(ms)-r	p95(ms)-r	p99(ms)-r	pMax(ms)-r	total-r	elapsed-w	errors-w	ops(total)-w	ops/sec(cum)-w	avg(ms)-w	p50(ms)-w	p95(ms)-w	p99(ms)-w	pMax(ms)-w	total-w	elapsed	errors	ops(total)	ops/sec(cum)	avg(ms)	p50(ms)	p95(ms)	p99(ms)	pMax(ms)
160	0.0	0.0	2719637.0	90648.59999999999	8.74	6.44	23.72	36.260000000000005	783.5200000000001	0.0	0.0	0.0	143959.0	4798.3	28.04	25.839999999999996	57.9	76.58	637.54	0.0	0.0	0.0	2863596.0	95446.8	9.74	6.779999999999999	28.5	46.540000000000006	783.5200000000001
