concurrency	elapsed-r	errors-r	ops(total)-r	ops/sec(cum)-r	avg(ms)-r	p50(ms)-r	p95(ms)-r	p99(ms)-r	pMax(ms)-r	total-r	elapsed-w	errors-w	ops(total)-w	ops/sec(cum)-w	avg(ms)-w	p50(ms)-w	p95(ms)-w	p99(ms)-w	pMax(ms)-w	total-w	elapsed	errors	ops(total)	ops/sec(cum)	avg(ms)	p50(ms)	p95(ms)	p99(ms)	pMax(ms)
99	0.0	0.0	2866358.0	95540.6	4.88	3.9200000000000004	12.36	22.04	246.62000000000003	0.0	0.0	0.0	150278.0	5008.999999999999	15.780000000000001	14.339999999999998	33.0	41.92	227.76	0.0	0.0	0.0	3016636.0	100549.6	5.44	4.1	16.380000000000003	27.220000000000006	253.34
