concurrency	elapsed-r	errors-r	ops(total)-r	ops/sec(cum)-r	avg(ms)-r	p50(ms)-r	p95(ms)-r	p99(ms)-r	pMax(ms)-r	total-r	elapsed-w	errors-w	ops(total)-w	ops/sec(cum)-w	avg(ms)-w	p50(ms)-w	p95(ms)-w	p99(ms)-w	pMax(ms)-w	total-w	elapsed	errors	ops(total)	ops/sec(cum)	avg(ms)	p50(ms)	p95(ms)	p99(ms)	pMax(ms)
55	0.0	0.0	1948449.0	64945.8	5.625	4.975	13.224999999999998	21.125	57.12500000000001	0.0	0.0	0.0	102953.0	3431.5	10.237499999999999	9.55	22.687499999999996	30.8125	62.37500000000001	0.0	0.0	0.0	2051402.0	68377.8	5.875	5.05	14.325000000000001	22.1375	64.73750000000001
