concurrency	elapsed-r	errors-r	ops(total)-r	ops/sec(cum)-r	avg(ms)-r	p50(ms)-r	p95(ms)-r	p99(ms)-r	pMax(ms)-r	total-r	elapsed-w	errors-w	ops(total)-w	ops/sec(cum)-w	avg(ms)-w	p50(ms)-w	p95(ms)-w	p99(ms)-w	pMax(ms)-w	total-w	elapsed	errors	ops(total)	ops/sec(cum)	avg(ms)	p50(ms)	p95(ms)	p99(ms)	pMax(ms)
63	0.0	0.0	1965194.0	65503.4	6.425	5.725	15.200000000000001	23.2125	83.625	0.0	0.0	0.0	103369.0	3445.6000000000004	11.562500000000002	11.0	25.199999999999996	35.175	87.025	0.0	0.0	0.0	2068563.0	68948.9	6.675	5.8	16.075	24.375	99.6125
