concurrency	elapsed-r	errors-r	ops(total)-r	ops/sec(cum)-r	avg(ms)-r	p50(ms)-r	p95(ms)-r	p99(ms)-r	pMax(ms)-r	total-r	elapsed-w	errors-w	ops(total)-w	ops/sec(cum)-w	avg(ms)-w	p50(ms)-w	p95(ms)-w	p99(ms)-w	pMax(ms)-w	total-w	elapsed	errors	ops(total)	ops/sec(cum)	avg(ms)	p50(ms)	p95(ms)	p99(ms)	pMax(ms)
64	0.0	0.0	559458.0	18647.6	2.7999999999999994	1.8	7.900000000000001	12.6	54.5	0.0	0.0	0.0	29684.0	989.4000000000001	122.2	3.466666666666667	671.1	704.6	760.6	0.0	0.0	0.0	589142.0	19637.0	8.833333333333334	1.8333333333333333	8.4	29.733333333333334	760.6
