concurrency	elapsed-r	errors-r	ops(total)-r	ops/sec(cum)-r	avg(ms)-r	p50(ms)-r	p95(ms)-r	p99(ms)-r	pMax(ms)-r	total-r	elapsed-w	errors-w	ops(total)-w	ops/sec(cum)-w	avg(ms)-w	p50(ms)-w	p95(ms)-w	p99(ms)-w	pMax(ms)-w	total-w	elapsed	errors	ops(total)	ops/sec(cum)	avg(ms)	p50(ms)	p95(ms)	p99(ms)	pMax(ms)
55	0.0	0.0	799793.0	26658.9	2.7999999999999994	1.8999999999999997	7.3	15.699999999999998	48.199999999999996	0.0	0.0	0.0	42037.0	1401.1	40.5	3.7000000000000006	218.1	251.69999999999996	302.0	0.0	0.0	0.0	841830.0	28060.0	4.666666666666667	2.0	8.1	34.300000000000004	302.0
