concurrency	elapsed-r	errors-r	ops(total)-r	ops/sec(cum)-r	avg(ms)-r	p50(ms)-r	p95(ms)-r	p99(ms)-r	pMax(ms)-r	total-r	elapsed-w	errors-w	ops(total)-w	ops/sec(cum)-w	avg(ms)-w	p50(ms)-w	p95(ms)-w	p99(ms)-w	pMax(ms)-w	total-w	elapsed	errors	ops(total)	ops/sec(cum)	avg(ms)	p50(ms)	p95(ms)	p99(ms)	pMax(ms)
15	0.0	0.0	823962.0	27464.800000000003	1.8250000000000002	1.35	4.262499999999999	5.725	52.662499999999994	0.0	0.0	0.0	43305.0	1443.4999999999998	45.087500000000006	2.45	184.5	202.34999999999997	226.5	0.0	0.0	0.0	867267.0	28908.300000000003	3.9625000000000004	1.35	4.5	159.4	226.5
