concurrency	elapsed-r	errors-r	ops(total)-r	ops/sec(cum)-r	avg(ms)-r	p50(ms)-r	p95(ms)-r	p99(ms)-r	pMax(ms)-r	total-r	elapsed-w	errors-w	ops(total)-w	ops/sec(cum)-w	avg(ms)-w	p50(ms)-w	p95(ms)-w	p99(ms)-w	pMax(ms)-w	total-w	elapsed	errors	ops(total)	ops/sec(cum)	avg(ms)	p50(ms)	p95(ms)	p99(ms)	pMax(ms)
49	0.0	0.0	1264742.0	42156.5	7.9375	6.975	18.1	26.5	73.92499999999998	0.0	0.0	0.0	66083.0	2202.7	15.2875	14.274999999999999	31.087500000000002	42.425	74.71249999999999	0.0	0.0	0.0	1330825.0	44359.3	8.3	7.1499999999999995	19.125	28.987500000000004	77.33749999999999
