concurrency	elapsed-r	errors-r	ops(total)-r	ops/sec(cum)-r	avg(ms)-r	p50(ms)-r	p95(ms)-r	p99(ms)-r	pMax(ms)-r	total-r	elapsed-w	errors-w	ops(total)-w	ops/sec(cum)-w	avg(ms)-w	p50(ms)-w	p95(ms)-w	p99(ms)-w	pMax(ms)-w	total-w	elapsed	errors	ops(total)	ops/sec(cum)	avg(ms)	p50(ms)	p95(ms)	p99(ms)	pMax(ms)
88	0.0	0.0	2691028.0	89697.6	5.279999999999999	4.32	13.479999999999999	22.24	168.2	0.0	0.0	0.0	141044.0	4701.3	12.459999999999999	11.0	27.220000000000006	35.839999999999996	150.57999999999998	0.0	0.0	0.0	2832072.0	94399.0	5.62	4.5	15.4	23.7	171.14
