concurrency	elapsed-r	errors-r	ops(total)-r	ops/sec(cum)-r	avg(ms)-r	p50(ms)-r	p95(ms)-r	p99(ms)-r	pMax(ms)-r	total-r	elapsed-w	errors-w	ops(total)-w	ops/sec(cum)-w	avg(ms)-w	p50(ms)-w	p95(ms)-w	p99(ms)-w	pMax(ms)-w	total-w	elapsed	errors	ops(total)	ops/sec(cum)	avg(ms)	p50(ms)	p95(ms)	p99(ms)	pMax(ms)
22	0.0	0.0	636167.0	21205.1	3.8375	2.45	13.349999999999998	23.599999999999998	91.25	0.0	0.0	0.0	33417.0	1113.9	79.375	9.287500000000001	189.275	1669.3125000000002	2030.0749999999998	0.0	0.0	0.0	669584.0	22319.0	7.5874999999999995	2.625	14.362499999999999	25.949999999999996	2030.0749999999998
