concurrency	elapsed-r	errors-r	ops(total)-r	ops/sec(cum)-r	avg(ms)-r	p50(ms)-r	p95(ms)-r	p99(ms)-r	pMax(ms)-r	total-r	elapsed-w	errors-w	ops(total)-w	ops/sec(cum)-w	avg(ms)-w	p50(ms)-w	p95(ms)-w	p99(ms)-w	pMax(ms)-w	total-w	elapsed	errors	ops(total)	ops/sec(cum)	avg(ms)	p50(ms)	p95(ms)	p99(ms)	pMax(ms)
48	0.0	0.0	425861.0	14195.0	4.0375000000000005	2.425	10.75	19.7875	90.72500000000001	0.0	0.0	0.0	22297.0	743.3000000000001	420.86249999999995	4.675	2281.7000000000003	2415.9	2415.9	0.0	0.0	0.0	448158.0	14938.1	24.7875	2.475	11.825	729.825	2415.9
