concurrency	elapsed-r	errors-r	ops(total)-r	ops/sec(cum)-r	avg(ms)-r	p50(ms)-r	p95(ms)-r	p99(ms)-r	pMax(ms)-r	total-r	elapsed	errors	ops(total)	ops/sec(cum)	avg(ms)	p50(ms)	p95(ms)	p99(ms)	pMax(ms)
32	0.0	0.0	1382247.0	46073.9	5.425000000000001	4.887499999999999	11.024999999999999	16.8	42.1625	0.0	0.0	0.0	1382247.0	46073.9	5.425000000000001	4.887499999999999	11.024999999999999	16.8	42.1625
