concurrency	elapsed-r	errors-r	ops(total)-r	ops/sec(cum)-r	avg(ms)-r	p50(ms)-r	p95(ms)-r	p99(ms)-r	pMax(ms)-r	total-r	elapsed	errors	ops(total)	ops/sec(cum)	avg(ms)	p50(ms)	p95(ms)	p99(ms)	pMax(ms)
48	0.0	0.0	1308285.0	43607.899999999994	8.862499999999999	7.699999999999999	19.4	30.425	79.70000000000002	0.0	0.0	0.0	1308285.0	43607.899999999994	8.862499999999999	7.699999999999999	19.4	30.425	79.70000000000002
