concurrency	elapsed-w	errors-w	ops(total)-w	ops/sec(cum)-w	avg(ms)-w	p50(ms)-w	p95(ms)-w	p99(ms)-w	pMax(ms)-w	total-w	elapsed	errors	ops(total)	ops/sec(cum)	avg(ms)	p50(ms)	p95(ms)	p99(ms)	pMax(ms)
59	0.0	0.0	738633.0	24620.100000000002	18.6875	15.475000000000001	45.575	62.37499999999999	326.1125	0.0	0.0	0.0	738633.0	24620.100000000002	18.6875	15.475000000000001	45.575	62.37499999999999	326.1125
