concurrency	elapsed-r	errors-r	ops(total)-r	ops/sec(cum)-r	avg(ms)-r	p50(ms)-r	p95(ms)-r	p99(ms)-r	pMax(ms)-r	total-r	elapsed-w	errors-w	ops(total)-w	ops/sec(cum)-w	avg(ms)-w	p50(ms)-w	p95(ms)-w	p99(ms)-w	pMax(ms)-w	total-w	elapsed	errors	ops(total)	ops/sec(cum)	avg(ms)	p50(ms)	p95(ms)	p99(ms)	pMax(ms)
22	0.0	0.0	278654.0	9288.199999999999	3.1375	2.875	6.025	7.574999999999999	17.55	0.0	0.0	0.0	14756.0	492.0	291.92499999999995	461.4	499.1	503.30000000000007	526.4	0.0	0.0	0.0	293410.0	9780.099999999999	17.675	2.9750000000000005	6.949999999999999	486.5	526.4
