concurrency	elapsed-r	errors-r	ops(total)-r	ops/sec(cum)-r	avg(ms)-r	p50(ms)-r	p95(ms)-r	p99(ms)-r	pMax(ms)-r	total-r	elapsed	errors	ops(total)	ops/sec(cum)	avg(ms)	p50(ms)	p95(ms)	p99(ms)	pMax(ms)
25	0.0	0.0	1393310.0	46442.799999999996	4.1499999999999995	3.9374999999999996	7.975	12.075	30.687500000000004	0.0	0.0	0.0	1393310.0	46442.799999999996	4.1499999999999995	3.9374999999999996	7.975	12.075	30.687500000000004
