concurrency	elapsed-r	errors-r	ops(total)-r	ops/sec(cum)-r	avg(ms)-r	p50(ms)-r	p95(ms)-r	p99(ms)-r	pMax(ms)-r	total-r	elapsed-w	errors-w	ops(total)-w	ops/sec(cum)-w	avg(ms)-w	p50(ms)-w	p95(ms)-w	p99(ms)-w	pMax(ms)-w	total-w	elapsed	errors	ops(total)	ops/sec(cum)	avg(ms)	p50(ms)	p95(ms)	p99(ms)	pMax(ms)
32	0.0	0.0	3147286.0	104907.00000000001	2.0749999999999997	1.9749999999999999	3.6750000000000003	6.825	97.51249999999999	0.0	0.0	0.0	166469.0	5548.8	2.0749999999999997	1.9749999999999999	3.7	7.0	20.9875	0.0	0.0	0.0	3313755.0	110455.8	2.0749999999999997	1.9749999999999999	3.6750000000000003	6.825	97.51249999999999
