concurrency	elapsed-r	errors-r	ops(total)-r	ops/sec(cum)-r	avg(ms)-r	p50(ms)-r	p95(ms)-r	p99(ms)-r	pMax(ms)-r	total-r	elapsed-w	errors-w	ops(total)-w	ops/sec(cum)-w	avg(ms)-w	p50(ms)-w	p95(ms)-w	p99(ms)-w	pMax(ms)-w	total-w	elapsed	errors	ops(total)	ops/sec(cum)	avg(ms)	p50(ms)	p95(ms)	p99(ms)	pMax(ms)
131	0.0	0.0	3534659.0	117816.9	2.8666666666666667	2.4	5.133333333333333	15.033333333333331	50.666666666666664	0.0	0.0	0.0	185654.0	6188.3	6.033333333333332	5.333333333333333	13.633333333333333	20.3	43.166666666666664	0.0	0.0	0.0	3720313.0	124005.2	3.0	2.533333333333333	6.5	15.9	50.666666666666664
