concurrency	elapsed-r	errors-r	ops(total)-r	ops/sec(cum)-r	avg(ms)-r	p50(ms)-r	p95(ms)-r	p99(ms)-r	pMax(ms)-r	total-r	elapsed-w	errors-w	ops(total)-w	ops/sec(cum)-w	avg(ms)-w	p50(ms)-w	p95(ms)-w	p99(ms)-w	pMax(ms)-w	total-w	elapsed	errors	ops(total)	ops/sec(cum)	avg(ms)	p50(ms)	p95(ms)	p99(ms)	pMax(ms)
37	0.0	0.0	1932603.0	64418.4	3.8125	3.2875	8.65	14.024999999999999	44.4	0.0	0.0	0.0	101995.0	3399.8	6.862500000000001	6.474999999999999	14.637500000000001	21.1125	39.8	0.0	0.0	0.0	2034598.0	67818.3	3.9624999999999995	3.4250000000000003	9.7	14.825000000000001	46.3625
