concurrency	elapsed-r	errors-r	ops(total)-r	ops/sec(cum)-r	avg(ms)-r	p50(ms)-r	p95(ms)-r	p99(ms)-r	pMax(ms)-r	total-r	elapsed-w	errors-w	ops(total)-w	ops/sec(cum)-w	avg(ms)-w	p50(ms)-w	p95(ms)-w	p99(ms)-w	pMax(ms)-w	total-w	elapsed	errors	ops(total)	ops/sec(cum)	avg(ms)	p50(ms)	p95(ms)	p99(ms)	pMax(ms)
136	0.0	0.0	2857985.0	95259.8	6.6	5.3	17.18	27.26	520.1199999999999	0.0	0.0	0.0	150687.0	5022.7	23.060000000000002	21.4	45.7	59.779999999999994	427.84	0.0	0.0	0.0	3008672.0	100282.4	7.44	5.42	21.839999999999996	36.7	520.1199999999999
