concurrency	elapsed-r	errors-r	ops(total)-r	ops/sec(cum)-r	avg(ms)-r	p50(ms)-r	p95(ms)-r	p99(ms)-r	pMax(ms)-r	total-r	elapsed-w	errors-w	ops(total)-w	ops/sec(cum)-w	avg(ms)-w	p50(ms)-w	p95(ms)-w	p99(ms)-w	pMax(ms)-w	total-w	elapsed	errors	ops(total)	ops/sec(cum)	avg(ms)	p50(ms)	p95(ms)	p99(ms)	pMax(ms)
43	0.0	0.0	2414341.0	80476.1	3.5500000000000003	3.0875	7.5249999999999995	12.95	44.275	0.0	0.0	0.0	126870.0	4229.0	4.6	3.3625	11.95	18.8125	38.775	0.0	0.0	0.0	2541211.0	84704.9	3.625	3.1	7.874999999999999	13.375	45.050000000000004
