concurrency	elapsed-w	errors-w	ops(total)-w	ops/sec(cum)-w	avg(ms)-w	p50(ms)-w	p95(ms)-w	p99(ms)-w	pMax(ms)-w	total-w	elapsed	errors	ops(total)	ops/sec(cum)	avg(ms)	p50(ms)	p95(ms)	p99(ms)	pMax(ms)
56	0.0	0.0	4976496.0	165878.99999999997	2.25	2.05	4.25	7.074999999999999	214.95	0.0	0.0	0.0	4976496.0	165878.99999999997	2.25	2.05	4.25	7.074999999999999	214.95
