concurrency	elapsed-r	errors-r	ops(total)-r	ops/sec(cum)-r	avg(ms)-r	p50(ms)-r	p95(ms)-r	p99(ms)-r	pMax(ms)-r	total-r	elapsed	errors	ops(total)	ops/sec(cum)	avg(ms)	p50(ms)	p95(ms)	p99(ms)	pMax(ms)
31	0.0	0.0	1140558.0	38017.7	6.4125000000000005	5.85	12.850000000000001	19.0	49.25	0.0	0.0	0.0	1140558.0	38017.7	6.4125000000000005	5.85	12.850000000000001	19.0	49.25
