ops/sec(cum)	p50(ms)	p99(ms)	read_tp	read_p50	read_p99	write_tp	write_p50	write_p99
119470.8	0.48733333333333334	6.157666666666667	114259.3	0.4936666666666667	6.157666666666667	5210.500000000001	0.48100000000000004	5.6593333333333335
