concurrency	elapsed-r	errors-r	ops(total)-r	ops/sec(cum)-r	avg(ms)-r	p50(ms)-r	p95(ms)-r	p99(ms)-r	pMax(ms)-r	total-r	elapsed-w	errors-w	ops(total)-w	ops/sec(cum)-w	avg(ms)-w	p50(ms)-w	p95(ms)-w	p99(ms)-w	pMax(ms)-w	total-w	elapsed	errors	ops(total)	ops/sec(cum)	avg(ms)	p50(ms)	p95(ms)	p99(ms)	pMax(ms)
18	0.0	0.0	1165036.0	38833.9	1.5	1.275	3.7249999999999996	5.875	29.099999999999998	0.0	0.0	0.0	61162.0	2038.7	2.875	2.175	7.725	15.899999999999999	37.775000000000006	0.0	0.0	0.0	1226198.0	40872.6	1.6	1.275	3.85	6.449999999999999	37.775000000000006
