concurrency	elapsed-r	errors-r	ops(total)-r	ops/sec(cum)-r	avg(ms)-r	p50(ms)-r	p95(ms)-r	p99(ms)-r	pMax(ms)-r	total-r	elapsed-w	errors-w	ops(total)-w	ops/sec(cum)-w	avg(ms)-w	p50(ms)-w	p95(ms)-w	p99(ms)-w	pMax(ms)-w	total-w	elapsed	errors	ops(total)	ops/sec(cum)	avg(ms)	p50(ms)	p95(ms)	p99(ms)	pMax(ms)
51	0.0	0.0	3254743.0	108487.40000000001	3.2750000000000004	3.1499999999999995	5.5249999999999995	10.0375	57.537499999999994	0.0	0.0	0.0	171334.0	5711.0	3.2625	3.1374999999999997	5.5249999999999995	10.0625	52.025	0.0	0.0	0.0	3426077.0	114198.40000000001	3.2750000000000004	3.1499999999999995	5.5249999999999995	10.0375	80.6
