concurrency	elapsed-r	errors-r	ops(total)-r	ops/sec(cum)-r	avg(ms)-r	p50(ms)-r	p95(ms)-r	p99(ms)-r	pMax(ms)-r	total-r	elapsed-w	errors-w	ops(total)-w	ops/sec(cum)-w	avg(ms)-w	p50(ms)-w	p95(ms)-w	p99(ms)-w	pMax(ms)-w	total-w	elapsed	errors	ops(total)	ops/sec(cum)	avg(ms)	p50(ms)	p95(ms)	p99(ms)	pMax(ms)
55	0.0	0.0	4067336.0	135573.7	2.8	1.9000000000000001	7.6875	12.075	218.09999999999997	0.0	0.0	0.0	214942.0	7164.5	2.8750000000000004	1.9125	7.8125	12.5125	125.3	0.0	0.0	0.0	4282278.0	142738.3	2.8	1.9000000000000001	7.6875	12.075	218.09999999999997
