concurrency	elapsed-r	errors-r	ops(total)-r	ops/sec(cum)-r	avg(ms)-r	p50(ms)-r	p95(ms)-r	p99(ms)-r	pMax(ms)-r	total-r	elapsed-w	errors-w	ops(total)-w	ops/sec(cum)-w	avg(ms)-w	p50(ms)-w	p95(ms)-w	p99(ms)-w	pMax(ms)-w	total-w	elapsed	errors	ops(total)	ops/sec(cum)	avg(ms)	p50(ms)	p95(ms)	p99(ms)	pMax(ms)
46	0.0	0.0	1944678.0	64820.700000000004	4.8500000000000005	3.9875	11.299999999999999	17.962500000000002	103.8375	0.0	0.0	0.0	102386.0	3412.9	6.737500000000001	4.4125	18.55	26.7625	100.675	0.0	0.0	0.0	2047064.0	68233.5	4.95	3.9875	11.799999999999999	18.625	108.01249999999999
