concurrency	elapsed-r	errors-r	ops(total)-r	ops/sec(cum)-r	avg(ms)-r	p50(ms)-r	p95(ms)-r	p99(ms)-r	pMax(ms)-r	total-r	elapsed-w	errors-w	ops(total)-w	ops/sec(cum)-w	avg(ms)-w	p50(ms)-w	p95(ms)-w	p99(ms)-w	pMax(ms)-w	total-w	elapsed	errors	ops(total)	ops/sec(cum)	avg(ms)	p50(ms)	p95(ms)	p99(ms)	pMax(ms)
45	0.0	0.0	3509898.0	116993.4	2.6875000000000004	2.3	7.499999999999999	10.5	145.48749999999998	0.0	0.0	0.0	185037.0	6167.699999999999	2.7250000000000005	2.35	7.725	10.6875	21.487499999999997	0.0	0.0	0.0	3694935.0	123161.2	2.6875000000000004	2.3	7.499999999999999	10.5	145.48749999999998
