concurrency	elapsed-r	errors-r	ops(total)-r	ops/sec(cum)-r	avg(ms)-r	p50(ms)-r	p95(ms)-r	p99(ms)-r	pMax(ms)-r	total-r	elapsed-w	errors-w	ops(total)-w	ops/sec(cum)-w	avg(ms)-w	p50(ms)-w	p95(ms)-w	p99(ms)-w	pMax(ms)-w	total-w	elapsed	errors	ops(total)	ops/sec(cum)	avg(ms)	p50(ms)	p95(ms)	p99(ms)	pMax(ms)
15	0.0	0.0	1708161.0	56937.799999999996	1.7249999999999999	1.4500000000000002	3.8999999999999995	6.862499999999999	54.5125	0.0	0.0	0.0	89482.0	2982.7	3.1250000000000004	2.7	7.1000000000000005	11.7375	32.775	0.0	0.0	0.0	1797643.0	59920.50000000001	1.8125	1.475	4.1	7.3	55.6875
