concurrency	elapsed-r	errors-r	ops(total)-r	ops/sec(cum)-r	avg(ms)-r	p50(ms)-r	p95(ms)-r	p99(ms)-r	pMax(ms)-r	total-r	elapsed-w	errors-w	ops(total)-w	ops/sec(cum)-w	avg(ms)-w	p50(ms)-w	p95(ms)-w	p99(ms)-w	pMax(ms)-w	total-w	elapsed	errors	ops(total)	ops/sec(cum)	avg(ms)	p50(ms)	p95(ms)	p99(ms)	pMax(ms)
12	0.0	0.0	671768.0	22391.8	3.1375	2.625	6.325	10.425	66.83749999999999	0.0	0.0	0.0	35278.0	1175.9	17.9125	17.425	29.625	37.199999999999996	81.275	0.0	0.0	0.0	707046.0	23567.6	3.8375	2.7249999999999996	12.0125	25.174999999999997	81.8
