concurrency	elapsed-r	errors-r	ops(total)-r	ops/sec(cum)-r	avg(ms)-r	p50(ms)-r	p95(ms)-r	p99(ms)-r	pMax(ms)-r	total-r	elapsed-w	errors-w	ops(total)-w	ops/sec(cum)-w	avg(ms)-w	p50(ms)-w	p95(ms)-w	p99(ms)-w	pMax(ms)-w	total-w	elapsed	errors	ops(total)	ops/sec(cum)	avg(ms)	p50(ms)	p95(ms)	p99(ms)	pMax(ms)
44	0.0	0.0	3406765.0	113556.29999999999	2.5625	2.45	4.2625	7.9875	33.0375	0.0	0.0	0.0	179124.0	5970.7	2.7	2.5875	4.6125	8.575	24.7875	0.0	0.0	0.0	3585889.0	119526.99999999999	2.5874999999999995	2.45	4.2625	8.049999999999999	33.0375
