concurrency	elapsed-r	errors-r	ops(total)-r	ops/sec(cum)-r	avg(ms)-r	p50(ms)-r	p95(ms)-r	p99(ms)-r	pMax(ms)-r	total-r	elapsed-w	errors-w	ops(total)-w	ops/sec(cum)-w	avg(ms)-w	p50(ms)-w	p95(ms)-w	p99(ms)-w	pMax(ms)-w	total-w	elapsed	errors	ops(total)	ops/sec(cum)	avg(ms)	p50(ms)	p95(ms)	p99(ms)	pMax(ms)
31	0.0	0.0	3242048.0	108066.4	1.95	1.8250000000000002	3.325	6.4624999999999995	27.924999999999997	0.0	0.0	0.0	170481.0	5682.700000000001	2.175	2.05	3.7624999999999997	6.9125000000000005	22.675	0.0	0.0	0.0	3412529.0	113749.1	1.95	1.85	3.3625	6.499999999999999	28.7125
