ops/sec(cum)	p50(ms)	p99(ms)	read_tp	read_p50	read_p99	write_tp	write_p50	write_p99
286452.86666666664	0.32083333333333336	2.5216666666666665	272148.9166666667	0.319	2.5216666666666665	14302.95	0.32266666666666666	2.549
