concurrency	elapsed-r	errors-r	ops(total)-r	ops/sec(cum)-r	avg(ms)-r	p50(ms)-r	p95(ms)-r	p99(ms)-r	pMax(ms)-r	total-r	elapsed-w	errors-w	ops(total)-w	ops/sec(cum)-w	avg(ms)-w	p50(ms)-w	p95(ms)-w	p99(ms)-w	pMax(ms)-w	total-w	elapsed	errors	ops(total)	ops/sec(cum)	avg(ms)	p50(ms)	p95(ms)	p99(ms)	pMax(ms)
38	0.0	0.0	3273984.0	109130.6	2.375	2.2375	4.0125	7.9875	28.324999999999996	0.0	0.0	0.0	173231.0	5774.2	2.5500000000000003	2.3125	4.35	8.5125	24.775	0.0	0.0	0.0	3447215.0	114904.70000000001	2.375	2.2375	4.0125	7.9875	28.462499999999995
