concurrency	elapsed-r	errors-r	ops(total)-r	ops/sec(cum)-r	avg(ms)-r	p50(ms)-r	p95(ms)-r	p99(ms)-r	pMax(ms)-r	total-r	elapsed-w	errors-w	ops(total)-w	ops/sec(cum)-w	avg(ms)-w	p50(ms)-w	p95(ms)-w	p99(ms)-w	pMax(ms)-w	total-w	elapsed	errors	ops(total)	ops/sec(cum)	avg(ms)	p50(ms)	p95(ms)	p99(ms)	pMax(ms)
9	0.0	0.0	662823.0	22093.9	2.6625	2.45	5.025	7.024999999999999	30.287500000000005	0.0	0.0	0.0	34861.0	1162.0	7.0249999999999995	6.587499999999999	12.1375	16.025	25.8375	0.0	0.0	0.0	697684.0	23256.0	2.8875	2.45	6.1	9.725	30.687500000000004
