concurrency	elapsed-r	errors-r	ops(total)-r	ops/sec(cum)-r	avg(ms)-r	p50(ms)-r	p95(ms)-r	p99(ms)-r	pMax(ms)-r	total-r	elapsed	errors	ops(total)	ops/sec(cum)	avg(ms)	p50(ms)	p95(ms)	p99(ms)	pMax(ms)
10	0.0	0.0	1129403.0	37646.4	1.925	1.8250000000000002	3.025	4.675000000000001	19.925	0.0	0.0	0.0	1129403.0	37646.4	1.925	1.8250000000000002	3.025	4.675000000000001	19.925
