concurrency	elapsed-r	errors-r	ops(total)-r	ops/sec(cum)-r	avg(ms)-r	p50(ms)-r	p95(ms)-r	p99(ms)-r	pMax(ms)-r	total-r	elapsed-w	errors-w	ops(total)-w	ops/sec(cum)-w	avg(ms)-w	p50(ms)-w	p95(ms)-w	p99(ms)-w	pMax(ms)-w	total-w	elapsed	errors	ops(total)	ops/sec(cum)	avg(ms)	p50(ms)	p95(ms)	p99(ms)	pMax(ms)
80	0.0	0.0	4375817.0	145854.5	2.5	2.06	5.4799999999999995	12.559999999999999	54.720000000000006	0.0	0.0	0.0	230963.0	7698.400000000001	5.74	4.999999999999999	13.5	18.66	50.94	0.0	0.0	0.0	4606780.0	153552.9	2.66	2.1	6.720000000000001	13.1	55.56
