concurrency	elapsed-r	errors-r	ops(total)-r	ops/sec(cum)-r	avg(ms)-r	p50(ms)-r	p95(ms)-r	p99(ms)-r	pMax(ms)-r	total-r	elapsed-w	errors-w	ops(total)-w	ops/sec(cum)-w	avg(ms)-w	p50(ms)-w	p95(ms)-w	p99(ms)-w	pMax(ms)-w	total-w	elapsed	errors	ops(total)	ops/sec(cum)	avg(ms)	p50(ms)	p95(ms)	p99(ms)	pMax(ms)
72	0.0	0.0	4216170.0	140532.69999999998	2.6399999999999997	2.2399999999999998	5.140000000000001	12.98	50.559999999999995	0.0	0.0	0.0	221694.0	7389.5	5.299999999999999	4.7	11.139999999999999	17.3	47.2	0.0	0.0	0.0	4437864.0	147922.2	2.7600000000000002	2.28	5.86	12.98	50.559999999999995
