concurrency	elapsed-r	errors-r	ops(total)-r	ops/sec(cum)-r	avg(ms)-r	p50(ms)-r	p95(ms)-r	p99(ms)-r	pMax(ms)-r	total-r	elapsed-w	errors-w	ops(total)-w	ops/sec(cum)-w	avg(ms)-w	p50(ms)-w	p95(ms)-w	p99(ms)-w	pMax(ms)-w	total-w	elapsed	errors	ops(total)	ops/sec(cum)	avg(ms)	p50(ms)	p95(ms)	p99(ms)	pMax(ms)
23	0.0	0.0	1208058.0	40267.7	3.8249999999999997	3.0250000000000004	9.7	15.8875	134.725	0.0	0.0	0.0	63657.0	2121.9	8.2375	5.7375	23.075	59.4875	140.5	0.0	0.0	0.0	1271715.0	42389.4	4.025	3.0875000000000004	10.1875	18.625000000000004	146.275
