concurrency	elapsed-r	errors-r	ops(total)-r	ops/sec(cum)-r	avg(ms)-r	p50(ms)-r	p95(ms)-r	p99(ms)-r	pMax(ms)-r	total-r	elapsed-w	errors-w	ops(total)-w	ops/sec(cum)-w	avg(ms)-w	p50(ms)-w	p95(ms)-w	p99(ms)-w	pMax(ms)-w	total-w	elapsed	errors	ops(total)	ops/sec(cum)	avg(ms)	p50(ms)	p95(ms)	p99(ms)	pMax(ms)
96	0.0	0.0	490785.0	16358.6	3.1	1.8666666666666665	8.9	15.033333333333331	113.2	0.0	0.0	0.0	25619.0	854.0	265.03333333333336	3.4	1543.5	1610.5999999999997	1677.7	0.0	0.0	0.0	516404.0	17212.5	16.133333333333336	1.9333333333333333	9.4	36.7	1677.7
