concurrency	elapsed-r	errors-r	ops(total)-r	ops/sec(cum)-r	avg(ms)-r	p50(ms)-r	p95(ms)-r	p99(ms)-r	pMax(ms)-r	total-r	elapsed-w	errors-w	ops(total)-w	ops/sec(cum)-w	avg(ms)-w	p50(ms)-w	p95(ms)-w	p99(ms)-w	pMax(ms)-w	total-w	elapsed	errors	ops(total)	ops/sec(cum)	avg(ms)	p50(ms)	p95(ms)	p99(ms)	pMax(ms)
151	0.0	0.0	2673573.0	89112.9	9.0	6.9399999999999995	24.980000000000004	37.1	342.28	0.0	0.0	0.0	140942.0	4697.7	23.639999999999997	21.099999999999998	52.419999999999995	70.5	333.86	0.0	0.0	0.0	2814515.0	93810.6	9.74	7.279999999999999	28.060000000000002	42.78000000000001	347.3
