concurrency	elapsed-r	errors-r	ops(total)-r	ops/sec(cum)-r	avg(ms)-r	p50(ms)-r	p95(ms)-r	p99(ms)-r	pMax(ms)-r	total-r	elapsed	errors	ops(total)	ops/sec(cum)	avg(ms)	p50(ms)	p95(ms)	p99(ms)	pMax(ms)
19	0.0	0.0	1412961.0	47097.90000000001	3.05	2.7750000000000004	5.6	8.674999999999999	22.025	0.0	0.0	0.0	1412961.0	47097.90000000001	3.05	2.7750000000000004	5.6	8.674999999999999	22.025
