concurrency	elapsed-w	errors-w	ops(total)-w	ops/sec(cum)-w	avg(ms)-w	p50(ms)-w	p95(ms)-w	p99(ms)-w	pMax(ms)-w	total-w	elapsed	errors	ops(total)	ops/sec(cum)	avg(ms)	p50(ms)	p95(ms)	p99(ms)	pMax(ms)
16	0.0	0.0	410226.0	13673.9	9.125	2.1999999999999997	5.575	226.5	255.85000000000002	0.0	0.0	0.0	410226.0	13673.9	9.125	2.1999999999999997	5.575	226.5	255.85000000000002
