concurrency	elapsed-r	errors-r	ops(total)-r	ops/sec(cum)-r	avg(ms)-r	p50(ms)-r	p95(ms)-r	p99(ms)-r	pMax(ms)-r	total-r	elapsed-w	errors-w	ops(total)-w	ops/sec(cum)-w	avg(ms)-w	p50(ms)-w	p95(ms)-w	p99(ms)-w	pMax(ms)-w	total-w	elapsed	errors	ops(total)	ops/sec(cum)	avg(ms)	p50(ms)	p95(ms)	p99(ms)	pMax(ms)
54	0.0	0.0	1936198.0	64537.40000000001	5.5875	4.85	13.349999999999998	20.962500000000002	66.05	0.0	0.0	0.0	102100.0	3403.2000000000003	10.2125	9.425	23.075	32.125	81.5125	0.0	0.0	0.0	2038298.0	67940.59999999999	5.8125	4.975	14.299999999999999	22.55	86.2375
