concurrency	elapsed-r	errors-r	ops(total)-r	ops/sec(cum)-r	avg(ms)-r	p50(ms)-r	p95(ms)-r	p99(ms)-r	pMax(ms)-r	total-r	elapsed	errors	ops(total)	ops/sec(cum)	avg(ms)	p50(ms)	p95(ms)	p99(ms)	pMax(ms)
12	0.0	0.0	1145103.0	38169.600000000006	2.35	2.25	3.8499999999999996	5.925000000000001	15.275	0.0	0.0	0.0	1145103.0	38169.600000000006	2.35	2.25	3.8499999999999996	5.925000000000001	15.275
