concurrency	elapsed-r	errors-r	ops(total)-r	ops/sec(cum)-r	avg(ms)-r	p50(ms)-r	p95(ms)-r	p99(ms)-r	pMax(ms)-r	total-r	elapsed-w	errors-w	ops(total)-w	ops/sec(cum)-w	avg(ms)-w	p50(ms)-w	p95(ms)-w	p99(ms)-w	pMax(ms)-w	total-w	elapsed	errors	ops(total)	ops/sec(cum)	avg(ms)	p50(ms)	p95(ms)	p99(ms)	pMax(ms)
48	0.0	0.0	4401323.0	146707.0	2.1	1.9249999999999998	3.925	7.250000000000001	214.95	0.0	0.0	0.0	232141.0	7737.8	2.2	1.9249999999999998	4.1125	8.3125	176.93750000000003	0.0	0.0	0.0	4633464.0	154444.90000000002	2.1	1.9249999999999998	3.9625	7.2875000000000005	214.95
