concurrency	elapsed-r	errors-r	ops(total)-r	ops/sec(cum)-r	avg(ms)-r	p50(ms)-r	p95(ms)-r	p99(ms)-r	pMax(ms)-r	total-r	elapsed	errors	ops(total)	ops/sec(cum)	avg(ms)	p50(ms)	p95(ms)	p99(ms)	pMax(ms)
10	0.0	0.0	977555.0	32584.8	2.2874999999999996	2.2	3.6249999999999996	4.9875	17.049999999999997	0.0	0.0	0.0	977555.0	32584.8	2.2874999999999996	2.2	3.6249999999999996	4.9875	17.049999999999997
