concurrency	elapsed-r	errors-r	ops(total)-r	ops/sec(cum)-r	avg(ms)-r	p50(ms)-r	p95(ms)-r	p99(ms)-r	pMax(ms)-r	total-r	elapsed-w	errors-w	ops(total)-w	ops/sec(cum)-w	avg(ms)-w	p50(ms)-w	p95(ms)-w	p99(ms)-w	pMax(ms)-w	total-w	elapsed	errors	ops(total)	ops/sec(cum)	avg(ms)	p50(ms)	p95(ms)	p99(ms)	pMax(ms)
37	0.0	0.0	3355420.0	111844.99999999999	2.3249999999999997	2.1	5.425	7.8500000000000005	74.72500000000001	0.0	0.0	0.0	176032.0	5867.7	2.3375	2.1750000000000003	5.4625	8.0875	33.6625	0.0	0.0	0.0	3531452.0	117712.59999999999	2.3249999999999997	2.1	5.425	7.8500000000000005	77.45
