concurrency	elapsed-r	errors-r	ops(total)-r	ops/sec(cum)-r	avg(ms)-r	p50(ms)-r	p95(ms)-r	p99(ms)-r	pMax(ms)-r	total-r	elapsed-w	errors-w	ops(total)-w	ops/sec(cum)-w	avg(ms)-w	p50(ms)-w	p95(ms)-w	p99(ms)-w	pMax(ms)-w	total-w	elapsed	errors	ops(total)	ops/sec(cum)	avg(ms)	p50(ms)	p95(ms)	p99(ms)	pMax(ms)
1	0.0	0.0	88640.0	2954.7999999999997	2.2375	2.15	4.0625	5.4125	9.200000000000001	0.0	0.0	0.0	4731.0	157.9	3.5999999999999996	3.3625	6.0249999999999995	8.3875	10.875	0.0	0.0	0.0	93371.0	3112.2	2.2874999999999996	2.15	4.1875	5.6	10.875
