concurrency	elapsed-r	errors-r	ops(total)-r	ops/sec(cum)-r	avg(ms)-r	p50(ms)-r	p95(ms)-r	p99(ms)-r	pMax(ms)-r	total-r	elapsed-w	errors-w	ops(total)-w	ops/sec(cum)-w	avg(ms)-w	p50(ms)-w	p95(ms)-w	p99(ms)-w	pMax(ms)-w	total-w	elapsed	errors	ops(total)	ops/sec(cum)	avg(ms)	p50(ms)	p95(ms)	p99(ms)	pMax(ms)
131	0.0	0.0	2830965.0	94358.2	6.359999999999999	4.9	17.82	29.439999999999998	437.88	0.0	0.0	0.0	148852.0	4961.4	23.880000000000003	20.779999999999998	54.54	76.38	382.52	0.0	0.0	0.0	2979817.0	99319.5	7.220000000000001	5.08	22.04	40.68	444.58000000000004
