concurrency	elapsed-r	errors-r	ops(total)-r	ops/sec(cum)-r	avg(ms)-r	p50(ms)-r	p95(ms)-r	p99(ms)-r	pMax(ms)-r	total-r	elapsed-w	errors-w	ops(total)-w	ops/sec(cum)-w	avg(ms)-w	p50(ms)-w	p95(ms)-w	p99(ms)-w	pMax(ms)-w	total-w	elapsed	errors	ops(total)	ops/sec(cum)	avg(ms)	p50(ms)	p95(ms)	p99(ms)	pMax(ms)
55	0.0	0.0	1073534.0	35783.3	2.9	2.3333333333333335	8.4	17.8	58.699999999999996	0.0	0.0	0.0	56588.0	1886.2	1.6000000000000003	1.0	2.6666666666666665	11.200000000000001	42.6	0.0	0.0	0.0	1130122.0	37669.5	2.7999999999999994	2.1	8.1	17.8	58.699999999999996
