concurrency	elapsed-r	errors-r	ops(total)-r	ops/sec(cum)-r	avg(ms)-r	p50(ms)-r	p95(ms)-r	p99(ms)-r	pMax(ms)-r	total-r	elapsed-w	errors-w	ops(total)-w	ops/sec(cum)-w	avg(ms)-w	p50(ms)-w	p95(ms)-w	p99(ms)-w	pMax(ms)-w	total-w	elapsed	errors	ops(total)	ops/sec(cum)	avg(ms)	p50(ms)	p95(ms)	p99(ms)	pMax(ms)
49	0.0	0.0	1258593.0	41951.6	7.875	6.424999999999999	18.075	29.375000000000004	375.40000000000003	0.0	0.0	0.0	66071.0	2202.2999999999997	17.7625	12.537499999999998	33.1875	192.9	415.2374999999999	0.0	0.0	0.0	1324664.0	44153.899999999994	8.362499999999999	6.675	19.150000000000002	31.725	415.2374999999999
