concurrency	elapsed-w	errors-w	ops(total)-w	ops/sec(cum)-w	avg(ms)-w	p50(ms)-w	p95(ms)-w	p99(ms)-w	pMax(ms)-w	total-w	elapsed	errors	ops(total)	ops/sec(cum)	avg(ms)	p50(ms)	p95(ms)	p99(ms)	pMax(ms)
24	0.0	0.0	729216.0	24306.7	7.550000000000001	6.574999999999999	17.425	23.724999999999998	56.3375	0.0	0.0	0.0	729216.0	24306.7	7.550000000000001	6.574999999999999	17.425	23.724999999999998	56.3375
