concurrency	elapsed-r	errors-r	ops(total)-r	ops/sec(cum)-r	avg(ms)-r	p50(ms)-r	p95(ms)-r	p99(ms)-r	pMax(ms)-r	total-r	elapsed-w	errors-w	ops(total)-w	ops/sec(cum)-w	avg(ms)-w	p50(ms)-w	p95(ms)-w	p99(ms)-w	pMax(ms)-w	total-w	elapsed	errors	ops(total)	ops/sec(cum)	avg(ms)	p50(ms)	p95(ms)	p99(ms)	pMax(ms)
63	0.0	0.0	3457211.0	115236.0	3.9000000000000004	3.4875	10.5	15.850000000000001	130.29999999999998	0.0	0.0	0.0	181692.0	6056.3	3.9625000000000004	3.5249999999999995	10.5	16.0375	64.46249999999999	0.0	0.0	0.0	3638903.0	121292.09999999999	3.9000000000000004	3.4875	10.5	15.850000000000001	134.2
