concurrency	elapsed-r	errors-r	ops(total)-r	ops/sec(cum)-r	avg(ms)-r	p50(ms)-r	p95(ms)-r	p99(ms)-r	pMax(ms)-r	total-r	elapsed-w	errors-w	ops(total)-w	ops/sec(cum)-w	avg(ms)-w	p50(ms)-w	p95(ms)-w	p99(ms)-w	pMax(ms)-w	total-w	elapsed	errors	ops(total)	ops/sec(cum)	avg(ms)	p50(ms)	p95(ms)	p99(ms)	pMax(ms)
83	0.0	0.0	16186.0	269.8	5.800000000000001	2.05	27.25	58.175	100.675	0.0	0.0	0.0	589.0	9.8	26.925000000000004	13.524999999999999	111.14999999999999	220.22500000000002	253.725	0.0	0.0	0.0	16775.0	279.6	6.525	2.125	30.175	62.900000000000006	253.725
