ops/sec(cum)	p50(ms)	p99(ms)	read_tp	read_p50	read_p99	write_tp	write_p50	write_p99
285234.36666666664	0.22175	1.0698333333333334	274552.7833333333	0.22133333333333333	1.0698333333333334	10680.583333333334	0.22216666666666668	1.0806666666666667
