concurrency	elapsed-r	errors-r	ops(total)-r	ops/sec(cum)-r	avg(ms)-r	p50(ms)-r	p95(ms)-r	p99(ms)-r	pMax(ms)-r	total-r	elapsed-w	errors-w	ops(total)-w	ops/sec(cum)-w	avg(ms)-w	p50(ms)-w	p95(ms)-w	p99(ms)-w	pMax(ms)-w	total-w	elapsed	errors	ops(total)	ops/sec(cum)	avg(ms)	p50(ms)	p95(ms)	p99(ms)	pMax(ms)
72	0.0	0.0	1834639.0	61152.6	2.2333333333333334	1.5333333333333332	5.8999999999999995	9.6	41.9	0.0	0.0	0.0	96357.0	3211.7000000000003	58.6	2.733333333333333	328.0	342.1666666666667	392.8333333333333	0.0	0.0	0.0	1930996.0	64364.4	5.0	1.5666666666666667	6.366666666666667	16.533333333333335	394.93333333333334
