concurrency	elapsed-r	errors-r	ops(total)-r	ops/sec(cum)-r	avg(ms)-r	p50(ms)-r	p95(ms)-r	p99(ms)-r	pMax(ms)-r	total-r	elapsed-w	errors-w	ops(total)-w	ops/sec(cum)-w	avg(ms)-w	p50(ms)-w	p95(ms)-w	p99(ms)-w	pMax(ms)-w	total-w	elapsed	errors	ops(total)	ops/sec(cum)	avg(ms)	p50(ms)	p95(ms)	p99(ms)	pMax(ms)
9	0.0	0.0	664425.0	22147.2	2.6625	2.45	5.025	6.974999999999999	29.2375	0.0	0.0	0.0	34913.0	1163.8	6.862500000000001	6.549999999999999	11.625	14.674999999999999	27.55	0.0	0.0	0.0	699338.0	23311.0	2.8499999999999996	2.45	6.0249999999999995	9.3	31.224999999999998
