concurrency	elapsed-r	errors-r	ops(total)-r	ops/sec(cum)-r	avg(ms)-r	p50(ms)-r	p95(ms)-r	p99(ms)-r	pMax(ms)-r	total-r	elapsed-w	errors-w	ops(total)-w	ops/sec(cum)-w	avg(ms)-w	p50(ms)-w	p95(ms)-w	p99(ms)-w	pMax(ms)-w	total-w	elapsed	errors	ops(total)	ops/sec(cum)	avg(ms)	p50(ms)	p95(ms)	p99(ms)	pMax(ms)
32	0.0	0.0	3475569.0	115850.4	1.8250000000000002	1.7375000000000003	2.8	6.1	119.80000000000001	0.0	0.0	0.0	182734.0	6091.1	1.8250000000000002	1.7375000000000003	2.8	6.199999999999999	18.875	0.0	0.0	0.0	3658303.0	121941.40000000002	1.8250000000000002	1.7375000000000003	2.8	6.1	119.80000000000001
