concurrency	elapsed-r	errors-r	ops(total)-r	ops/sec(cum)-r	avg(ms)-r	p50(ms)-r	p95(ms)-r	p99(ms)-r	pMax(ms)-r	total-r	elapsed-w	errors-w	ops(total)-w	ops/sec(cum)-w	avg(ms)-w	p50(ms)-w	p95(ms)-w	p99(ms)-w	pMax(ms)-w	total-w	elapsed	errors	ops(total)	ops/sec(cum)	avg(ms)	p50(ms)	p95(ms)	p99(ms)	pMax(ms)
96	0.0	0.0	2579973.0	85995.5	3.5	3.0	6.866666666666667	15.933333333333332	93.66666666666667	0.0	0.0	0.0	135557.0	4518.3	9.200000000000001	8.299999999999999	18.433333333333334	24.633333333333336	51.03333333333334	0.0	0.0	0.0	2715530.0	90513.9	3.8000000000000003	3.0666666666666664	9.4	16.666666666666668	93.66666666666667
