concurrency	elapsed-r	errors-r	ops(total)-r	ops/sec(cum)-r	avg(ms)-r	p50(ms)-r	p95(ms)-r	p99(ms)-r	pMax(ms)-r	total-r	elapsed	errors	ops(total)	ops/sec(cum)	avg(ms)	p50(ms)	p95(ms)	p99(ms)	pMax(ms)
30	0.0	0.0	1542679.0	51421.3	4.275	3.8750000000000004	9.55	14.175	104.8625	0.0	0.0	0.0	1542679.0	51421.3	4.275	3.8750000000000004	9.55	14.175	104.8625
