concurrency	elapsed-r	errors-r	ops(total)-r	ops/sec(cum)-r	avg(ms)-r	p50(ms)-r	p95(ms)-r	p99(ms)-r	pMax(ms)-r	total-r	elapsed-w	errors-w	ops(total)-w	ops/sec(cum)-w	avg(ms)-w	p50(ms)-w	p95(ms)-w	p99(ms)-w	pMax(ms)-w	total-w	elapsed	errors	ops(total)	ops/sec(cum)	avg(ms)	p50(ms)	p95(ms)	p99(ms)	pMax(ms)
48	0.0	0.0	4317501.0	143913.4	2.2	1.7999999999999998	4.8500000000000005	8.25	215.99999999999997	0.0	0.0	0.0	227583.0	7585.9	2.275	1.825	4.9875	8.9	56.6125	0.0	0.0	0.0	4545084.0	151499.2	2.2	1.7999999999999998	4.8500000000000005	8.25	215.99999999999997
