concurrency	elapsed-r	errors-r	ops(total)-r	ops/sec(cum)-r	avg(ms)-r	p50(ms)-r	p95(ms)-r	p99(ms)-r	pMax(ms)-r	total-r	elapsed-w	errors-w	ops(total)-w	ops/sec(cum)-w	avg(ms)-w	p50(ms)-w	p95(ms)-w	p99(ms)-w	pMax(ms)-w	total-w	elapsed	errors	ops(total)	ops/sec(cum)	avg(ms)	p50(ms)	p95(ms)	p99(ms)	pMax(ms)
44	0.0	0.0	3181863.0	106059.60000000002	2.9000000000000004	2.7249999999999996	5.025	9.05	72.87499999999999	0.0	0.0	0.0	167799.0	5593.299999999999	2.9000000000000004	2.7125	5.025	9.087499999999999	19.9875	0.0	0.0	0.0	3349662.0	111652.9	2.9000000000000004	2.7249999999999996	5.025	9.05	73.13749999999999
