concurrency	elapsed-r	errors-r	ops(total)-r	ops/sec(cum)-r	avg(ms)-r	p50(ms)-r	p95(ms)-r	p99(ms)-r	pMax(ms)-r	total-r	elapsed-w	errors-w	ops(total)-w	ops/sec(cum)-w	avg(ms)-w	p50(ms)-w	p95(ms)-w	p99(ms)-w	pMax(ms)-w	total-w	elapsed	errors	ops(total)	ops/sec(cum)	avg(ms)	p50(ms)	p95(ms)	p99(ms)	pMax(ms)
153	0.0	0.0	4675070.0	155824.5	4.5	3.7600000000000002	10.56	18.98	230.29999999999995	0.0	0.0	0.0	247471.0	8248.4	14.219999999999999	12.919999999999998	28.560000000000002	37.220000000000006	191.45999999999998	0.0	0.0	0.0	4922541.0	164072.90000000002	4.999999999999999	3.8999999999999995	14.319999999999999	23.68	230.29999999999995
