concurrency	elapsed-w	errors-w	ops(total)-w	ops/sec(cum)-w	avg(ms)-w	p50(ms)-w	p95(ms)-w	p99(ms)-w	pMax(ms)-w	total-w	elapsed	errors	ops(total)	ops/sec(cum)	avg(ms)	p50(ms)	p95(ms)	p99(ms)	pMax(ms)
24	0.0	0.0	710922.0	23696.799999999996	7.775	6.4	18.25	25.299999999999997	104.35	0.0	0.0	0.0	710922.0	23696.799999999996	7.775	6.4	18.25	25.299999999999997	104.35
