concurrency	elapsed-r	errors-r	ops(total)-r	ops/sec(cum)-r	avg(ms)-r	p50(ms)-r	p95(ms)-r	p99(ms)-r	pMax(ms)-r	total-r	elapsed-w	errors-w	ops(total)-w	ops/sec(cum)-w	avg(ms)-w	p50(ms)-w	p95(ms)-w	p99(ms)-w	pMax(ms)-w	total-w	elapsed	errors	ops(total)	ops/sec(cum)	avg(ms)	p50(ms)	p95(ms)	p99(ms)	pMax(ms)
19	0.0	0.0	146470.0	4882.0	5.087499999999999	4.95	8.875	10.912500000000001	26.125000000000004	0.0	0.0	0.0	7701.0	256.59999999999997	487.1125	532.6999999999999	604.0	624.9375	637.5	0.0	0.0	0.0	154171.0	5138.8	29.175	5.1375	13.112499999999999	570.4	637.5
