concurrency	elapsed-r	errors-r	ops(total)-r	ops/sec(cum)-r	avg(ms)-r	p50(ms)-r	p95(ms)-r	p99(ms)-r	pMax(ms)-r	total-r	elapsed-w	errors-w	ops(total)-w	ops/sec(cum)-w	avg(ms)-w	p50(ms)-w	p95(ms)-w	p99(ms)-w	pMax(ms)-w	total-w	elapsed	errors	ops(total)	ops/sec(cum)	avg(ms)	p50(ms)	p95(ms)	p99(ms)	pMax(ms)
10	0.0	0.0	676070.0	22535.4	2.8499999999999996	2.45	5.5625	7.875	44.7875	0.0	0.0	0.0	35615.0	1187.1000000000001	9.6	9.075	17.15	21.35	40.0625	0.0	0.0	0.0	711685.0	23722.600000000002	3.1500000000000004	2.6250000000000004	7.3125	13.224999999999998	45.3125
