concurrency	elapsed-r	errors-r	ops(total)-r	ops/sec(cum)-r	avg(ms)-r	p50(ms)-r	p95(ms)-r	p99(ms)-r	pMax(ms)-r	total-r	elapsed-w	errors-w	ops(total)-w	ops/sec(cum)-w	avg(ms)-w	p50(ms)-w	p95(ms)-w	p99(ms)-w	pMax(ms)-w	total-w	elapsed	errors	ops(total)	ops/sec(cum)	avg(ms)	p50(ms)	p95(ms)	p99(ms)	pMax(ms)
63	0.0	0.0	2924562.0	97482.4	1.9	1.3399999999999999	5.0	7.94	22.680000000000003	0.0	0.0	0.0	153490.0	5116.099999999999	41.14	2.34	226.2	240.54000000000002	259.4	0.0	0.0	0.0	3078052.0	102598.5	3.8599999999999994	1.3800000000000001	5.340000000000001	14.36	259.4
