ops/sec(cum)	p50(ms)	p99(ms)	read_tp	read_p50	read_p99	write_tp	write_p50	write_p99
235853.11666666667	0.2657857142857143	1.2882857142857143	225668.93333333335	0.26542857142857146	1.2882857142857143	10183.183333333332	0.2661428571428572	1.2637142857142858
