concurrency	elapsed-r	errors-r	ops(total)-r	ops/sec(cum)-r	avg(ms)-r	p50(ms)-r	p95(ms)-r	p99(ms)-r	pMax(ms)-r	total-r	elapsed-w	errors-w	ops(total)-w	ops/sec(cum)-w	avg(ms)-w	p50(ms)-w	p95(ms)-w	p99(ms)-w	pMax(ms)-w	total-w	elapsed	errors	ops(total)	ops/sec(cum)	avg(ms)	p50(ms)	p95(ms)	p99(ms)	pMax(ms)
52	0.0	0.0	1947599.0	64917.700000000004	5.325	4.75	12.599999999999998	19.150000000000002	90.18750000000001	0.0	0.0	0.0	103106.0	3436.8	9.7125	9.3375	21.25	28.987500000000004	88.07499999999999	0.0	0.0	0.0	2050705.0	68354.4	5.525	4.775	13.224999999999998	20.3125	104.3375
