concurrency	elapsed-r	errors-r	ops(total)-r	ops/sec(cum)-r	avg(ms)-r	p50(ms)-r	p95(ms)-r	p99(ms)-r	pMax(ms)-r	total-r	elapsed-w	errors-w	ops(total)-w	ops/sec(cum)-w	avg(ms)-w	p50(ms)-w	p95(ms)-w	p99(ms)-w	pMax(ms)-w	total-w	elapsed	errors	ops(total)	ops/sec(cum)	avg(ms)	p50(ms)	p95(ms)	p99(ms)	pMax(ms)
29	0.0	0.0	1274851.0	42494.2	1.3999999999999997	1.0	3.5	6.0	13.266666666666666	0.0	0.0	0.0	66423.0	2214.1	8.6	1.6000000000000003	46.1	55.199999999999996	74.10000000000001	0.0	0.0	0.0	1341274.0	44708.2	1.7666666666666666	1.0	3.766666666666667	10.5	74.10000000000001
