concurrency	elapsed-r	errors-r	ops(total)-r	ops/sec(cum)-r	avg(ms)-r	p50(ms)-r	p95(ms)-r	p99(ms)-r	pMax(ms)-r	total-r	elapsed-w	errors-w	ops(total)-w	ops/sec(cum)-w	avg(ms)-w	p50(ms)-w	p95(ms)-w	p99(ms)-w	pMax(ms)-w	total-w	elapsed	errors	ops(total)	ops/sec(cum)	avg(ms)	p50(ms)	p95(ms)	p99(ms)	pMax(ms)
72	0.0	0.0	950673.0	31687.6	4.3	3.2999999999999994	9.799999999999999	24.100000000000005	110.46666666666665	0.0	0.0	0.0	50286.0	1676.1	9.7	8.4	24.100000000000005	45.4	88.10000000000001	0.0	0.0	0.0	1000959.0	33363.8	4.6	3.4	11.5	26.2	113.26666666666667
