concurrency	elapsed-r	errors-r	ops(total)-r	ops/sec(cum)-r	avg(ms)-r	p50(ms)-r	p95(ms)-r	p99(ms)-r	pMax(ms)-r	total-r	elapsed-w	errors-w	ops(total)-w	ops/sec(cum)-w	avg(ms)-w	p50(ms)-w	p95(ms)-w	p99(ms)-w	pMax(ms)-w	total-w	elapsed	errors	ops(total)	ops/sec(cum)	avg(ms)	p50(ms)	p95(ms)	p99(ms)	pMax(ms)
57	0.0	0.0	1929017.0	64298.200000000004	5.949999999999999	5.1	14.3	22.025	68.14999999999999	0.0	0.0	0.0	101814.0	3393.7	11.225	10.4875	25.287499999999998	35.275	87.05	0.0	0.0	0.0	2030831.0	67691.90000000001	6.1875	5.3374999999999995	15.325000000000001	23.575	87.05
