concurrency	elapsed-w	errors-w	ops(total)-w	ops/sec(cum)-w	avg(ms)-w	p50(ms)-w	p95(ms)-w	p99(ms)-w	pMax(ms)-w	total-w	elapsed	errors	ops(total)	ops/sec(cum)	avg(ms)	p50(ms)	p95(ms)	p99(ms)	pMax(ms)
47	0.0	0.0	471241.0	15707.7	23.4875	22.162499999999998	53.975	69.9875	518.0	0.0	0.0	0.0	471241.0	15707.7	23.4875	22.162499999999998	53.975	69.9875	518.0
