concurrency	elapsed-w	errors-w	ops(total)-w	ops/sec(cum)-w	avg(ms)-w	p50(ms)-w	p95(ms)-w	p99(ms)-w	pMax(ms)-w	total-w	elapsed	errors	ops(total)	ops/sec(cum)	avg(ms)	p50(ms)	p95(ms)	p99(ms)	pMax(ms)
58	0.0	0.0	4227033.0	140897.7	3.0	1.725	8.9	13.874999999999998	194.23749999999998	0.0	0.0	0.0	4227033.0	140897.7	3.0	1.725	8.9	13.874999999999998	194.23749999999998
