concurrency	elapsed-r	errors-r	ops(total)-r	ops/sec(cum)-r	avg(ms)-r	p50(ms)-r	p95(ms)-r	p99(ms)-r	pMax(ms)-r	total-r	elapsed	errors	ops(total)	ops/sec(cum)	avg(ms)	p50(ms)	p95(ms)	p99(ms)	pMax(ms)
65	0.0	0.0	1556057.0	51866.399999999994	9.375	8.575	20.175	28.437500000000004	77.8625	0.0	0.0	0.0	1556057.0	51866.399999999994	9.375	8.575	20.175	28.437500000000004	77.8625
