concurrency	elapsed-r	errors-r	ops(total)-r	ops/sec(cum)-r	avg(ms)-r	p50(ms)-r	p95(ms)-r	p99(ms)-r	pMax(ms)-r	total-r	elapsed-w	errors-w	ops(total)-w	ops/sec(cum)-w	avg(ms)-w	p50(ms)-w	p95(ms)-w	p99(ms)-w	pMax(ms)-w	total-w	elapsed	errors	ops(total)	ops/sec(cum)	avg(ms)	p50(ms)	p95(ms)	p99(ms)	pMax(ms)
27	0.0	0.0	839330.0	27977.199999999997	2.04	1.4	5.4399999999999995	11.5	166.11999999999998	0.0	0.0	0.0	44438.0	1481.1999999999998	32.18	2.8199999999999994	218.1	251.7	684.52	0.0	0.0	0.0	883768.0	29458.4	3.5799999999999996	1.44	5.96	22.24	684.52
