concurrency	elapsed-r	errors-r	ops(total)-r	ops/sec(cum)-r	avg(ms)-r	p50(ms)-r	p95(ms)-r	p99(ms)-r	pMax(ms)-r	total-r	elapsed-w	errors-w	ops(total)-w	ops/sec(cum)-w	avg(ms)-w	p50(ms)-w	p95(ms)-w	p99(ms)-w	pMax(ms)-w	total-w	elapsed	errors	ops(total)	ops/sec(cum)	avg(ms)	p50(ms)	p95(ms)	p99(ms)	pMax(ms)
29	0.0	0.0	1120430.0	37346.399999999994	5.075	3.05	12.349999999999998	58.175000000000004	237.0	0.0	0.0	0.0	59389.0	1979.6000000000004	15.374999999999998	5.887499999999999	101.75000000000001	157.3	303.05	0.0	0.0	0.0	1179819.0	39326.100000000006	5.6125	3.15	13.037499999999998	77.60000000000001	304.1
