concurrency	elapsed-r	errors-r	ops(total)-r	ops/sec(cum)-r	avg(ms)-r	p50(ms)-r	p95(ms)-r	p99(ms)-r	pMax(ms)-r	total-r	elapsed-w	errors-w	ops(total)-w	ops/sec(cum)-w	avg(ms)-w	p50(ms)-w	p95(ms)-w	p99(ms)-w	pMax(ms)-w	total-w	elapsed	errors	ops(total)	ops/sec(cum)	avg(ms)	p50(ms)	p95(ms)	p99(ms)	pMax(ms)
123	0.0	0.0	4459196.0	148628.9	3.0999999999999996	2.32	9.239999999999998	17.1	105.7	0.0	0.0	0.0	233623.0	7786.9	27.54	5.9799999999999995	19.979999999999997	747.0	944.14	0.0	0.0	0.0	4692819.0	156415.80000000002	4.319999999999999	2.38	10.080000000000002	18.44	981.46
