concurrency	elapsed-w	errors-w	ops(total)-w	ops/sec(cum)-w	avg(ms)-w	p50(ms)-w	p95(ms)-w	p99(ms)-w	pMax(ms)-w	total-w	elapsed	errors	ops(total)	ops/sec(cum)	avg(ms)	p50(ms)	p95(ms)	p99(ms)	pMax(ms)
49	0.0	0.0	747273.0	24908.199999999997	15.274999999999999	12.425	37.45	51.35	124.23750000000001	0.0	0.0	0.0	747273.0	24908.199999999997	15.274999999999999	12.425	37.45	51.35	124.23750000000001
