concurrency	elapsed-w	errors-w	ops(total)-w	ops/sec(cum)-w	avg(ms)-w	p50(ms)-w	p95(ms)-w	p99(ms)-w	pMax(ms)-w	total-w	elapsed	errors	ops(total)	ops/sec(cum)	avg(ms)	p50(ms)	p95(ms)	p99(ms)	pMax(ms)
16	0.0	0.0	3428429.0	114279.8	0.95	0.925	1.5374999999999999	2.9000000000000004	25.575	0.0	0.0	0.0	3428429.0	114279.8	0.95	0.925	1.5374999999999999	2.9000000000000004	25.575
