concurrency	elapsed-w	errors-w	ops(total)-w	ops/sec(cum)-w	avg(ms)-w	p50(ms)-w	p95(ms)-w	p99(ms)-w	pMax(ms)-w	total-w	elapsed	errors	ops(total)	ops/sec(cum)	avg(ms)	p50(ms)	p95(ms)	p99(ms)	pMax(ms)
40	0.0	0.0	3448822.0	114958.40000000001	2.5750000000000006	2.4625000000000004	5.2	7.65	21.8875	0.0	0.0	0.0	3448822.0	114958.40000000001	2.5750000000000006	2.4625000000000004	5.2	7.65	21.8875
