concurrency	elapsed-r	errors-r	ops(total)-r	ops/sec(cum)-r	avg(ms)-r	p50(ms)-r	p95(ms)-r	p99(ms)-r	pMax(ms)-r	total-r	elapsed-w	errors-w	ops(total)-w	ops/sec(cum)-w	avg(ms)-w	p50(ms)-w	p95(ms)-w	p99(ms)-w	pMax(ms)-w	total-w	elapsed	errors	ops(total)	ops/sec(cum)	avg(ms)	p50(ms)	p95(ms)	p99(ms)	pMax(ms)
32	0.0	0.0	788862.0	26294.8	2.7999999999999994	2.4	5.2	14.866666666666665	33.6	0.0	0.0	0.0	41523.0	1384.1	5.866666666666667	5.2	11.9	22.0	32.166666666666664	0.0	0.0	0.0	830385.0	27678.800000000003	3.0	2.5	6.3	15.699999999999998	34.300000000000004
