concurrency	elapsed-r	errors-r	ops(total)-r	ops/sec(cum)-r	avg(ms)-r	p50(ms)-r	p95(ms)-r	p99(ms)-r	pMax(ms)-r	total-r	elapsed-w	errors-w	ops(total)-w	ops/sec(cum)-w	avg(ms)-w	p50(ms)-w	p95(ms)-w	p99(ms)-w	pMax(ms)-w	total-w	elapsed	errors	ops(total)	ops/sec(cum)	avg(ms)	p50(ms)	p95(ms)	p99(ms)	pMax(ms)
38	0.0	0.0	3382237.0	112738.8	2.2874999999999996	2.1875	3.7750000000000004	7.675	28.8375	0.0	0.0	0.0	178603.0	5953.499999999999	2.3	2.1875	3.8624999999999994	7.8999999999999995	23.599999999999998	0.0	0.0	0.0	3560840.0	118691.99999999999	2.2874999999999996	2.1875	3.7750000000000004	7.7124999999999995	28.8375
