concurrency	elapsed-r	errors-r	ops(total)-r	ops/sec(cum)-r	avg(ms)-r	p50(ms)-r	p95(ms)-r	p99(ms)-r	pMax(ms)-r	total-r	elapsed-w	errors-w	ops(total)-w	ops/sec(cum)-w	avg(ms)-w	p50(ms)-w	p95(ms)-w	p99(ms)-w	pMax(ms)-w	total-w	elapsed	errors	ops(total)	ops/sec(cum)	avg(ms)	p50(ms)	p95(ms)	p99(ms)	pMax(ms)
80	0.0	0.0	331828.0	11060.5	4.4	2.8333333333333335	13.6	21.333333333333332	50.29999999999999	0.0	0.0	0.0	17232.0	574.4	313.6666666666667	5.5	1879.0	1946.2	2080.4	0.0	0.0	0.0	349060.0	11634.9	19.633333333333333	2.966666666666667	14.366666666666665	37.06666666666667	2080.4
