concurrency	elapsed-r	errors-r	ops(total)-r	ops/sec(cum)-r	avg(ms)-r	p50(ms)-r	p95(ms)-r	p99(ms)-r	pMax(ms)-r	total-r	elapsed	errors	ops(total)	ops/sec(cum)	avg(ms)	p50(ms)	p95(ms)	p99(ms)	pMax(ms)
25	0.0	0.0	1356134.0	45203.6	4.2875000000000005	3.975	8.3	12.524999999999999	31.7375	0.0	0.0	0.0	1356134.0	45203.6	4.2875000000000005	3.975	8.3	12.524999999999999	31.7375
