concurrency	elapsed-r	errors-r	ops(total)-r	ops/sec(cum)-r	avg(ms)-r	p50(ms)-r	p95(ms)-r	p99(ms)-r	pMax(ms)-r	total-r	elapsed	errors	ops(total)	ops/sec(cum)	avg(ms)	p50(ms)	p95(ms)	p99(ms)	pMax(ms)
40	0.0	0.0	1313868.0	43794.49999999999	7.262499999999999	6.35	15.575	23.849999999999998	56.075	0.0	0.0	0.0	1313868.0	43794.49999999999	7.262499999999999	6.35	15.575	23.849999999999998	56.075
