ops/sec(cum)	p50(ms)	p99(ms)	read_tp	read_p50	read_p99	write_tp	write_p50	write_p99
70490.56666666667	1.94375	12.355	67347.2	2.0131666666666668	12.355	3142.366666666667	1.8743333333333334	10.955
