concurrency	elapsed-r	errors-r	ops(total)-r	ops/sec(cum)-r	avg(ms)-r	p50(ms)-r	p95(ms)-r	p99(ms)-r	pMax(ms)-r	total-r	elapsed-w	errors-w	ops(total)-w	ops/sec(cum)-w	avg(ms)-w	p50(ms)-w	p95(ms)-w	p99(ms)-w	pMax(ms)-w	total-w	elapsed	errors	ops(total)	ops/sec(cum)	avg(ms)	p50(ms)	p95(ms)	p99(ms)	pMax(ms)
71	0.0	0.0	3031880.0	101058.2	1.86	1.28	4.799999999999999	7.7	27.48	0.0	0.0	0.0	158521.0	5283.7	46.199999999999996	2.1599999999999997	246.84	261.91999999999996	289.42	0.0	0.0	0.0	3190401.0	106342.09999999999	4.06	1.28	5.16	14.02	289.42
