concurrency	elapsed-r	errors-r	ops(total)-r	ops/sec(cum)-r	avg(ms)-r	p50(ms)-r	p95(ms)-r	p99(ms)-r	pMax(ms)-r	total-r	elapsed-w	errors-w	ops(total)-w	ops/sec(cum)-w	avg(ms)-w	p50(ms)-w	p95(ms)-w	p99(ms)-w	pMax(ms)-w	total-w	elapsed	errors	ops(total)	ops/sec(cum)	avg(ms)	p50(ms)	p95(ms)	p99(ms)	pMax(ms)
38	0.0	0.0	3314490.0	110480.70000000001	2.3499999999999996	2.3	4.925	7.862500000000001	118.5	0.0	0.0	0.0	174119.0	5803.799999999999	2.425	2.3124999999999996	5.050000000000001	7.8999999999999995	43.7625	0.0	0.0	0.0	3488609.0	116284.69999999998	2.3499999999999996	2.3	4.925	7.8875	118.5
