concurrency	elapsed-r	errors-r	ops(total)-r	ops/sec(cum)-r	avg(ms)-r	p50(ms)-r	p95(ms)-r	p99(ms)-r	pMax(ms)-r	total-r	elapsed-w	errors-w	ops(total)-w	ops/sec(cum)-w	avg(ms)-w	p50(ms)-w	p95(ms)-w	p99(ms)-w	pMax(ms)-w	total-w	elapsed	errors	ops(total)	ops/sec(cum)	avg(ms)	p50(ms)	p95(ms)	p99(ms)	pMax(ms)
99	0.0	0.0	2895030.0	96496.79999999999	4.76	3.9200000000000004	11.580000000000002	20.779999999999998	260.9	0.0	0.0	0.0	152296.0	5076.3	15.36	14.259999999999996	30.8	40.260000000000005	216.42	0.0	0.0	0.0	3047326.0	101573.0	5.319999999999999	4.1	15.52	26.020000000000003	264.26
