concurrency	elapsed-r	errors-r	ops(total)-r	ops/sec(cum)-r	avg(ms)-r	p50(ms)-r	p95(ms)-r	p99(ms)-r	pMax(ms)-r	total-r	elapsed-w	errors-w	ops(total)-w	ops/sec(cum)-w	avg(ms)-w	p50(ms)-w	p95(ms)-w	p99(ms)-w	pMax(ms)-w	total-w	elapsed	errors	ops(total)	ops/sec(cum)	avg(ms)	p50(ms)	p95(ms)	p99(ms)	pMax(ms)
72	0.0	0.0	2652022.0	88397.7	4.3	3.6	10.219999999999999	19.700000000000003	91.43999999999998	0.0	0.0	0.0	139504.0	4650.0	11.36	10.179999999999998	24.560000000000002	32.28	97.08	0.0	0.0	0.0	2791526.0	93047.6	4.68	3.62	12.9	21.4	103.6
