concurrency	elapsed-w	errors-w	ops(total)-w	ops/sec(cum)-w	avg(ms)-w	p50(ms)-w	p95(ms)-w	p99(ms)-w	pMax(ms)-w	total-w	elapsed	errors	ops(total)	ops/sec(cum)	avg(ms)	p50(ms)	p95(ms)	p99(ms)	pMax(ms)
52	0.0	0.0	746742.0	24890.5	16.250000000000004	12.3875	41.925	56.074999999999996	161.9875	0.0	0.0	0.0	746742.0	24890.5	16.250000000000004	12.3875	41.925	56.074999999999996	161.9875
