concurrency	elapsed-r	errors-r	ops(total)-r	ops/sec(cum)-r	avg(ms)-r	p50(ms)-r	p95(ms)-r	p99(ms)-r	pMax(ms)-r	total-r	elapsed-w	errors-w	ops(total)-w	ops/sec(cum)-w	avg(ms)-w	p50(ms)-w	p95(ms)-w	p99(ms)-w	pMax(ms)-w	total-w	elapsed	errors	ops(total)	ops/sec(cum)	avg(ms)	p50(ms)	p95(ms)	p99(ms)	pMax(ms)
41	0.0	0.0	4412667.0	147085.7	1.8	1.6375000000000002	3.3	5.999999999999999	217.04999999999995	0.0	0.0	0.0	231978.0	7732.4	1.8625	1.6375000000000002	3.475	7.0874999999999995	170.375	0.0	0.0	0.0	4644645.0	154818.0	1.8125	1.6375000000000002	3.3	6.049999999999999	217.04999999999995
