concurrency	elapsed-r	errors-r	ops(total)-r	ops/sec(cum)-r	avg(ms)-r	p50(ms)-r	p95(ms)-r	p99(ms)-r	pMax(ms)-r	total-r	elapsed-w	errors-w	ops(total)-w	ops/sec(cum)-w	avg(ms)-w	p50(ms)-w	p95(ms)-w	p99(ms)-w	pMax(ms)-w	total-w	elapsed	errors	ops(total)	ops/sec(cum)	avg(ms)	p50(ms)	p95(ms)	p99(ms)	pMax(ms)
31	0.0	0.0	165854.0	5528.299999999999	5.25	5.25	9.350000000000001	12.2625	29.35	0.0	0.0	0.0	8534.0	284.5	750.9500000000002	973.1000000000001	1006.6000000000001	1040.2	1040.2	0.0	0.0	0.0	174388.0	5812.8	41.74999999999999	5.475	12.587499999999999	1006.6000000000001	1040.2
