ops/sec(cum)	p50(ms)	p99(ms)	read_tp	read_p50	read_p99	write_tp	write_p50	write_p99
148826.1	0.6636666666666666	4.415	141390.55	0.6606666666666666	4.415	7434.549999999999	0.6666666666666666	4.405333333333333
