concurrency	elapsed-r	errors-r	ops(total)-r	ops/sec(cum)-r	avg(ms)-r	p50(ms)-r	p95(ms)-r	p99(ms)-r	pMax(ms)-r	total-r	elapsed-w	errors-w	ops(total)-w	ops/sec(cum)-w	avg(ms)-w	p50(ms)-w	p95(ms)-w	p99(ms)-w	pMax(ms)-w	total-w	elapsed	errors	ops(total)	ops/sec(cum)	avg(ms)	p50(ms)	p95(ms)	p99(ms)	pMax(ms)
80	0.0	0.0	792641.0	26420.0	7.099999999999999	5.8	18.9	31.5	212.5	0.0	0.0	0.0	41721.0	1390.6000000000001	14.266666666666666	12.1	34.300000000000004	46.1	148.20000000000002	0.0	0.0	0.0	834362.0	27810.600000000002	7.433333333333334	5.8	21.0	33.233333333333334	212.5
