concurrency	elapsed-r	errors-r	ops(total)-r	ops/sec(cum)-r	avg(ms)-r	p50(ms)-r	p95(ms)-r	p99(ms)-r	pMax(ms)-r	total-r	elapsed-w	errors-w	ops(total)-w	ops/sec(cum)-w	avg(ms)-w	p50(ms)-w	p95(ms)-w	p99(ms)-w	pMax(ms)-w	total-w	elapsed	errors	ops(total)	ops/sec(cum)	avg(ms)	p50(ms)	p95(ms)	p99(ms)	pMax(ms)
72	0.0	0.0	4380066.0	145997.2	2.3	1.94	4.44	11.68	53.480000000000004	0.0	0.0	0.0	229869.0	7662.099999999999	4.9799999999999995	4.34	10.919999999999998	16.72	46.96	0.0	0.0	0.0	4609935.0	153659.2	2.4	2.0	5.319999999999999	11.68	53.9
