concurrency	elapsed-r	errors-r	ops(total)-r	ops/sec(cum)-r	avg(ms)-r	p50(ms)-r	p95(ms)-r	p99(ms)-r	pMax(ms)-r	total-r	elapsed	errors	ops(total)	ops/sec(cum)	avg(ms)	p50(ms)	p95(ms)	p99(ms)	pMax(ms)
24	0.0	0.0	1394408.0	46479.5	3.9749999999999996	3.6374999999999993	7.7875	11.349999999999998	27.8125	0.0	0.0	0.0	1394408.0	46479.5	3.9749999999999996	3.6374999999999993	7.7875	11.349999999999998	27.8125
