concurrency	elapsed-w	errors-w	ops(total)-w	ops/sec(cum)-w	avg(ms)-w	p50(ms)-w	p95(ms)-w	p99(ms)-w	pMax(ms)-w	total-w	elapsed	errors	ops(total)	ops/sec(cum)	avg(ms)	p50(ms)	p95(ms)	p99(ms)	pMax(ms)
64	0.0	0.0	679257.0	22641.2	21.312499999999996	5.4750000000000005	21.25	47.15	4026.5	0.0	0.0	0.0	679257.0	22641.2	21.312499999999996	5.4750000000000005	21.25	47.15	4026.5
