concurrency	elapsed-w	errors-w	ops(total)-w	ops/sec(cum)-w	avg(ms)-w	p50(ms)-w	p95(ms)-w	p99(ms)-w	pMax(ms)-w	total-w	elapsed	errors	ops(total)	ops/sec(cum)	avg(ms)	p50(ms)	p95(ms)	p99(ms)	pMax(ms)
38	0.0	0.0	3866281.0	128873.59999999999	2.175	1.4375	6.299999999999999	8.275	47.449999999999996	0.0	0.0	0.0	3866281.0	128873.59999999999	2.175	1.4375	6.299999999999999	8.275	47.449999999999996
