concurrency	elapsed-r	errors-r	ops(total)-r	ops/sec(cum)-r	avg(ms)-r	p50(ms)-r	p95(ms)-r	p99(ms)-r	pMax(ms)-r	total-r	elapsed	errors	ops(total)	ops/sec(cum)	avg(ms)	p50(ms)	p95(ms)	p99(ms)	pMax(ms)
47	0.0	0.0	1078613.0	35952.7	10.55	9.4375	22.674999999999997	35.099999999999994	100.15	0.0	0.0	0.0	1078613.0	35952.7	10.55	9.4375	22.674999999999997	35.099999999999994	100.15
