concurrency	elapsed-r	errors-r	ops(total)-r	ops/sec(cum)-r	avg(ms)-r	p50(ms)-r	p95(ms)-r	p99(ms)-r	pMax(ms)-r	total-r	elapsed-w	errors-w	ops(total)-w	ops/sec(cum)-w	avg(ms)-w	p50(ms)-w	p95(ms)-w	p99(ms)-w	pMax(ms)-w	total-w	elapsed	errors	ops(total)	ops/sec(cum)	avg(ms)	p50(ms)	p95(ms)	p99(ms)	pMax(ms)
32	0.0	0.0	3251816.0	108391.40000000001	2.025	1.8250000000000002	3.4	6.4624999999999995	41.675000000000004	0.0	0.0	0.0	170907.0	5696.799999999999	2.15	2.0	3.7875	6.8999999999999995	31.325000000000003	0.0	0.0	0.0	3422723.0	114088.30000000002	2.025	1.8375000000000001	3.4	6.5125	41.675000000000004
