concurrency	elapsed-r	errors-r	ops(total)-r	ops/sec(cum)-r	avg(ms)-r	p50(ms)-r	p95(ms)-r	p99(ms)-r	pMax(ms)-r	total-r	elapsed-w	errors-w	ops(total)-w	ops/sec(cum)-w	avg(ms)-w	p50(ms)-w	p95(ms)-w	p99(ms)-w	pMax(ms)-w	total-w	elapsed	errors	ops(total)	ops/sec(cum)	avg(ms)	p50(ms)	p95(ms)	p99(ms)	pMax(ms)
159	0.0	0.0	4689627.0	156303.6	4.82	3.9799999999999995	12.22	20.04	233.6	0.0	0.0	0.0	247431.0	8246.800000000001	14.319999999999999	12.8	29.139999999999997	38.78	224.0	0.0	0.0	0.0	4937058.0	164550.4	5.279999999999999	4.04	14.459999999999999	24.839999999999996	236.95999999999998
