concurrency	elapsed-r	errors-r	ops(total)-r	ops/sec(cum)-r	avg(ms)-r	p50(ms)-r	p95(ms)-r	p99(ms)-r	pMax(ms)-r	total-r	elapsed-w	errors-w	ops(total)-w	ops/sec(cum)-w	avg(ms)-w	p50(ms)-w	p95(ms)-w	p99(ms)-w	pMax(ms)-w	total-w	elapsed	errors	ops(total)	ops/sec(cum)	avg(ms)	p50(ms)	p95(ms)	p99(ms)	pMax(ms)
47	0.0	0.0	1923945.0	64129.30000000001	4.85	4.25	11.525	18.075	105.6375	0.0	0.0	0.0	101240.0	3374.5	9.4	8.825	20.725	29.250000000000004	74.7125	0.0	0.0	0.0	2025185.0	67503.7	5.0874999999999995	4.35	12.599999999999998	19.7875	113.24999999999999
