concurrency	elapsed-r	errors-r	ops(total)-r	ops/sec(cum)-r	avg(ms)-r	p50(ms)-r	p95(ms)-r	p99(ms)-r	pMax(ms)-r	total-r	elapsed-w	errors-w	ops(total)-w	ops/sec(cum)-w	avg(ms)-w	p50(ms)-w	p95(ms)-w	p99(ms)-w	pMax(ms)-w	total-w	elapsed	errors	ops(total)	ops/sec(cum)	avg(ms)	p50(ms)	p95(ms)	p99(ms)	pMax(ms)
136	0.0	0.0	2850163.0	94998.90000000001	6.44	5.0200000000000005	17.18	29.560000000000002	518.4399999999999	0.0	0.0	0.0	149665.0	4988.6	24.0	22.240000000000002	49.9	63.98	399.3	0.0	0.0	0.0	2999828.0	99987.3	7.3	5.279999999999999	22.24	40.260000000000005	518.4399999999999
