concurrency	elapsed-r	errors-r	ops(total)-r	ops/sec(cum)-r	avg(ms)-r	p50(ms)-r	p95(ms)-r	p99(ms)-r	pMax(ms)-r	total-r	elapsed-w	errors-w	ops(total)-w	ops/sec(cum)-w	avg(ms)-w	p50(ms)-w	p95(ms)-w	p99(ms)-w	pMax(ms)-w	total-w	elapsed	errors	ops(total)	ops/sec(cum)	avg(ms)	p50(ms)	p95(ms)	p99(ms)	pMax(ms)
120	0.0	0.0	3285479.0	109511.3	2.9	2.433333333333333	5.433333333333333	15.933333333333332	51.03333333333333	0.0	0.0	0.0	173237.0	5774.3	5.8999999999999995	5.2	13.133333333333333	20.46666666666667	48.56666666666666	0.0	0.0	0.0	3458716.0	115285.6	3.0333333333333337	2.466666666666667	6.633333333333333	16.333333333333332	52.43333333333334
