concurrency	elapsed-r	errors-r	ops(total)-r	ops/sec(cum)-r	avg(ms)-r	p50(ms)-r	p95(ms)-r	p99(ms)-r	pMax(ms)-r	total-r	elapsed-w	errors-w	ops(total)-w	ops/sec(cum)-w	avg(ms)-w	p50(ms)-w	p95(ms)-w	p99(ms)-w	pMax(ms)-w	total-w	elapsed	errors	ops(total)	ops/sec(cum)	avg(ms)	p50(ms)	p95(ms)	p99(ms)	pMax(ms)
39	0.0	0.0	989586.0	32985.5	2.433333333333333	2.0	5.2	14.699999999999998	181.76666666666665	0.0	0.0	0.0	51859.0	1728.6999999999998	1.3	0.9	2.5	6.599999999999999	37.36666666666667	0.0	0.0	0.0	1041445.0	34714.0	2.4	2.0	4.8	14.699999999999998	181.76666666666665
