concurrency	elapsed-r	errors-r	ops(total)-r	ops/sec(cum)-r	avg(ms)-r	p50(ms)-r	p95(ms)-r	p99(ms)-r	pMax(ms)-r	total-r	elapsed-w	errors-w	ops(total)-w	ops/sec(cum)-w	avg(ms)-w	p50(ms)-w	p95(ms)-w	p99(ms)-w	pMax(ms)-w	total-w	elapsed	errors	ops(total)	ops/sec(cum)	avg(ms)	p50(ms)	p95(ms)	p99(ms)	pMax(ms)
50	0.0	0.0	839987.0	27998.7	3.533333333333333	2.7999999999999994	8.566666666666668	18.9	68.49999999999999	0.0	0.0	0.0	44389.0	1479.6000000000001	1.4333333333333333	0.9666666666666667	2.8333333333333335	8.566666666666668	51.0	0.0	0.0	0.0	884376.0	29478.300000000003	3.4	2.6	8.299999999999999	18.9	68.49999999999999
