concurrency	elapsed-r	errors-r	ops(total)-r	ops/sec(cum)-r	avg(ms)-r	p50(ms)-r	p95(ms)-r	p99(ms)-r	pMax(ms)-r	total-r	elapsed	errors	ops(total)	ops/sec(cum)	avg(ms)	p50(ms)	p95(ms)	p99(ms)	pMax(ms)
15	0.0	0.0	976753.0	32557.600000000002	3.4999999999999996	3.3249999999999997	6.375	8.55	24.3875	0.0	0.0	0.0	976753.0	32557.600000000002	3.4999999999999996	3.3249999999999997	6.375	8.55	24.3875
