concurrency	elapsed-w	errors-w	ops(total)-w	ops/sec(cum)-w	avg(ms)-w	p50(ms)-w	p95(ms)-w	p99(ms)-w	pMax(ms)-w	total-w	elapsed	errors	ops(total)	ops/sec(cum)	avg(ms)	p50(ms)	p95(ms)	p99(ms)	pMax(ms)
24	0.0	0.0	275988.0	9199.2	20.449999999999996	2.2249999999999996	5.375	570.4	1593.825	0.0	0.0	0.0	275988.0	9199.2	20.449999999999996	2.2249999999999996	5.375	570.4	1593.825
