concurrency	elapsed-w	errors-w	ops(total)-w	ops/sec(cum)-w	avg(ms)-w	p50(ms)-w	p95(ms)-w	p99(ms)-w	pMax(ms)-w	total-w	elapsed	errors	ops(total)	ops/sec(cum)	avg(ms)	p50(ms)	p95(ms)	p99(ms)	pMax(ms)
54	0.0	0.0	3628786.0	120956.9	3.2625	3.1499999999999995	5.5249999999999995	9.775	30.037499999999998	0.0	0.0	0.0	3628786.0	120956.9	3.2625	3.1499999999999995	5.5249999999999995	9.775	30.037499999999998
