concurrency	elapsed-r	errors-r	ops(total)-r	ops/sec(cum)-r	avg(ms)-r	p50(ms)-r	p95(ms)-r	p99(ms)-r	pMax(ms)-r	total-r	elapsed-w	errors-w	ops(total)-w	ops/sec(cum)-w	avg(ms)-w	p50(ms)-w	p95(ms)-w	p99(ms)-w	pMax(ms)-w	total-w	elapsed	errors	ops(total)	ops/sec(cum)	avg(ms)	p50(ms)	p95(ms)	p99(ms)	pMax(ms)
47	0.0	0.0	3441295.0	114707.1	2.8375000000000004	2.7375	4.675	9.012500000000001	95.95000000000002	0.0	0.0	0.0	180736.0	6024.3	2.8375000000000004	2.7375	4.675	9.125	19.137500000000003	0.0	0.0	0.0	3622031.0	120731.6	2.8375000000000004	2.7375	4.675	9.012500000000001	95.95000000000002
