concurrency	elapsed-r	errors-r	ops(total)-r	ops/sec(cum)-r	avg(ms)-r	p50(ms)-r	p95(ms)-r	p99(ms)-r	pMax(ms)-r	total-r	elapsed-w	errors-w	ops(total)-w	ops/sec(cum)-w	avg(ms)-w	p50(ms)-w	p95(ms)-w	p99(ms)-w	pMax(ms)-w	total-w	elapsed	errors	ops(total)	ops/sec(cum)	avg(ms)	p50(ms)	p95(ms)	p99(ms)	pMax(ms)
13	0.0	0.0	664919.0	22163.5	3.2249999999999996	2.5625	6.3875	13.249999999999998	87.05000000000001	0.0	0.0	0.0	35031.0	1167.7	23.724999999999998	23.7125	37.199999999999996	45.05	95.9625	0.0	0.0	0.0	699950.0	23331.0	4.237500000000001	2.65	16.9	33.199999999999996	98.5875
