concurrency	elapsed-r	errors-r	ops(total)-r	ops/sec(cum)-r	avg(ms)-r	p50(ms)-r	p95(ms)-r	p99(ms)-r	pMax(ms)-r	total-r	elapsed-w	errors-w	ops(total)-w	ops/sec(cum)-w	avg(ms)-w	p50(ms)-w	p95(ms)-w	p99(ms)-w	pMax(ms)-w	total-w	elapsed	errors	ops(total)	ops/sec(cum)	avg(ms)	p50(ms)	p95(ms)	p99(ms)	pMax(ms)
3	0.0	0.0	273491.0	9116.300000000001	2.1874999999999996	1.775	4.4	5.6	10.5375	0.0	0.0	0.0	14291.0	476.5	4.0125	2.9375	9.3625	13.424999999999999	20.187500000000004	0.0	0.0	0.0	287782.0	9592.6	2.2875	1.825	4.625	6.5249999999999995	20.187500000000004
