concurrency	elapsed-r	errors-r	ops(total)-r	ops/sec(cum)-r	avg(ms)-r	p50(ms)-r	p95(ms)-r	p99(ms)-r	pMax(ms)-r	total-r	elapsed-w	errors-w	ops(total)-w	ops/sec(cum)-w	avg(ms)-w	p50(ms)-w	p95(ms)-w	p99(ms)-w	pMax(ms)-w	total-w	elapsed	errors	ops(total)	ops/sec(cum)	avg(ms)	p50(ms)	p95(ms)	p99(ms)	pMax(ms)
48	0.0	0.0	3187669.0	106252.90000000001	3.15	2.9250000000000003	5.3374999999999995	9.6625	28.587500000000002	0.0	0.0	0.0	167882.0	5596.0	3.125	2.9250000000000003	5.3	9.6875	19.2625	0.0	0.0	0.0	3355551.0	111848.59999999999	3.15	2.9250000000000003	5.3374999999999995	9.6625	28.587500000000002
