concurrency	elapsed-r	errors-r	ops(total)-r	ops/sec(cum)-r	avg(ms)-r	p50(ms)-r	p95(ms)-r	p99(ms)-r	pMax(ms)-r	total-r	elapsed-w	errors-w	ops(total)-w	ops/sec(cum)-w	avg(ms)-w	p50(ms)-w	p95(ms)-w	p99(ms)-w	pMax(ms)-w	total-w	elapsed	errors	ops(total)	ops/sec(cum)	avg(ms)	p50(ms)	p95(ms)	p99(ms)	pMax(ms)
24	0.0	0.0	1373938.0	45797.0	3.6125000000000003	3.6249999999999996	7.562500000000001	9.15	52.68750000000001	0.0	0.0	0.0	72523.0	2417.5	7.55	5.4625	24.775	61.0625	122.12499999999999	0.0	0.0	0.0	1446461.0	48214.4	3.8125	3.7249999999999996	7.824999999999999	9.925	122.12499999999999
