concurrency	elapsed-r	errors-r	ops(total)-r	ops/sec(cum)-r	avg(ms)-r	p50(ms)-r	p95(ms)-r	p99(ms)-r	pMax(ms)-r	total-r	elapsed	errors	ops(total)	ops/sec(cum)	avg(ms)	p50(ms)	p95(ms)	p99(ms)	pMax(ms)
6	0.0	0.0	923175.0	30772.2	1.375	1.3375000000000001	1.8875	3.075	12.649999999999999	0.0	0.0	0.0	923175.0	30772.2	1.375	1.3375000000000001	1.8875	3.075	12.649999999999999
