concurrency	elapsed-r	errors-r	ops(total)-r	ops/sec(cum)-r	avg(ms)-r	p50(ms)-r	p95(ms)-r	p99(ms)-r	pMax(ms)-r	total-r	elapsed-w	errors-w	ops(total)-w	ops/sec(cum)-w	avg(ms)-w	p50(ms)-w	p95(ms)-w	p99(ms)-w	pMax(ms)-w	total-w	elapsed	errors	ops(total)	ops/sec(cum)	avg(ms)	p50(ms)	p95(ms)	p99(ms)	pMax(ms)
48	0.0	0.0	3694435.0	123142.20000000001	1.86	1.6199999999999999	3.02	9.379999999999999	22.139999999999997	0.0	0.0	0.0	194335.0	6477.599999999999	3.4199999999999995	3.02	6.18	13.459999999999999	20.98	0.0	0.0	0.0	3888770.0	129619.70000000001	1.9	1.6199999999999999	3.56	9.78	22.339999999999996
