concurrency	elapsed-r	errors-r	ops(total)-r	ops/sec(cum)-r	avg(ms)-r	p50(ms)-r	p95(ms)-r	p99(ms)-r	pMax(ms)-r	total-r	elapsed-w	errors-w	ops(total)-w	ops/sec(cum)-w	avg(ms)-w	p50(ms)-w	p95(ms)-w	p99(ms)-w	pMax(ms)-w	total-w	elapsed	errors	ops(total)	ops/sec(cum)	avg(ms)	p50(ms)	p95(ms)	p99(ms)	pMax(ms)
31	0.0	0.0	143193.0	4772.8	37.85	2.8125	248.5375	662.7	1392.525	0.0	0.0	0.0	7567.0	252.3	257.42499999999995	51.4875	1035.9750000000001	1434.4624999999996	2382.3750000000005	0.0	0.0	0.0	150760.0	5025.1	48.875	2.9124999999999996	318.78749999999997	796.9250000000001	2382.3750000000005
