concurrency	elapsed-r	errors-r	ops(total)-r	ops/sec(cum)-r	avg(ms)-r	p50(ms)-r	p95(ms)-r	p99(ms)-r	pMax(ms)-r	total-r	elapsed-w	errors-w	ops(total)-w	ops/sec(cum)-w	avg(ms)-w	p50(ms)-w	p95(ms)-w	p99(ms)-w	pMax(ms)-w	total-w	elapsed	errors	ops(total)	ops/sec(cum)	avg(ms)	p50(ms)	p95(ms)	p99(ms)	pMax(ms)
63	0.0	0.0	1948673.0	64953.0	6.4750000000000005	5.5874999999999995	15.575000000000001	24.124999999999996	103.825	0.0	0.0	0.0	102231.0	3407.5	11.862499999999999	11.0	26.6125	38.25	74.18749999999999	0.0	0.0	0.0	2050904.0	68360.6	6.7375	5.775	16.675	25.824999999999996	104.35
