concurrency	elapsed-r	errors-r	ops(total)-r	ops/sec(cum)-r	avg(ms)-r	p50(ms)-r	p95(ms)-r	p99(ms)-r	pMax(ms)-r	total-r	elapsed-w	errors-w	ops(total)-w	ops/sec(cum)-w	avg(ms)-w	p50(ms)-w	p95(ms)-w	p99(ms)-w	pMax(ms)-w	total-w	elapsed	errors	ops(total)	ops/sec(cum)	avg(ms)	p50(ms)	p95(ms)	p99(ms)	pMax(ms)
98	0.0	0.0	2875399.0	95842.8	4.76	3.9200000000000004	11.219999999999999	20.58	241.58	0.0	0.0	0.0	150855.0	5028.400000000001	15.819999999999999	14.8	31.439999999999998	41.08	186.22	0.0	0.0	0.0	3026254.0	100871.09999999999	5.319999999999999	4.1	15.6	26.020000000000003	248.3
