concurrency	elapsed-r	errors-r	ops(total)-r	ops/sec(cum)-r	avg(ms)-r	p50(ms)-r	p95(ms)-r	p99(ms)-r	pMax(ms)-r	total-r	elapsed-w	errors-w	ops(total)-w	ops/sec(cum)-w	avg(ms)-w	p50(ms)-w	p95(ms)-w	p99(ms)-w	pMax(ms)-w	total-w	elapsed	errors	ops(total)	ops/sec(cum)	avg(ms)	p50(ms)	p95(ms)	p99(ms)	pMax(ms)
16	0.0	0.0	1033380.0	34445.5	1.1	0.9333333333333332	2.2666666666666666	3.7999999999999994	11.333333333333334	0.0	0.0	0.0	54560.0	1818.6999999999998	1.8	1.4333333333333333	4.133333333333334	7.099999999999999	16.066666666666666	0.0	0.0	0.0	1087940.0	36264.100000000006	1.1333333333333333	1.0	2.4	3.966666666666667	16.066666666666666
