concurrency	elapsed-r	errors-r	ops(total)-r	ops/sec(cum)-r	avg(ms)-r	p50(ms)-r	p95(ms)-r	p99(ms)-r	pMax(ms)-r	total-r	elapsed-w	errors-w	ops(total)-w	ops/sec(cum)-w	avg(ms)-w	p50(ms)-w	p95(ms)-w	p99(ms)-w	pMax(ms)-w	total-w	elapsed	errors	ops(total)	ops/sec(cum)	avg(ms)	p50(ms)	p95(ms)	p99(ms)	pMax(ms)
4	0.0	0.0	141012.0	4700.400000000001	4.7875	4.575	8.4125	10.0375	15.95	0.0	0.0	0.0	7580.0	252.89999999999998	32.0625	31.8625	59.225	73.4	88.62499999999999	0.0	0.0	0.0	148592.0	4953.0	6.199999999999999	4.6125	11.549999999999999	45.3125	88.62499999999999
