concurrency	elapsed-r	errors-r	ops(total)-r	ops/sec(cum)-r	avg(ms)-r	p50(ms)-r	p95(ms)-r	p99(ms)-r	pMax(ms)-r	total-r	elapsed-w	errors-w	ops(total)-w	ops/sec(cum)-w	avg(ms)-w	p50(ms)-w	p95(ms)-w	p99(ms)-w	pMax(ms)-w	total-w	elapsed	errors	ops(total)	ops/sec(cum)	avg(ms)	p50(ms)	p95(ms)	p99(ms)	pMax(ms)
88	0.0	0.0	4491190.0	149700.5	2.66	2.3	5.0	12.86	72.86	0.0	0.0	0.0	236427.0	7880.599999999999	6.4799999999999995	5.700000000000001	13.780000000000001	20.04	66.88000000000001	0.0	0.0	0.0	4727617.0	157581.1	2.88	2.34	6.659999999999999	13.64	73.16
