concurrency	elapsed-r	errors-r	ops(total)-r	ops/sec(cum)-r	avg(ms)-r	p50(ms)-r	p95(ms)-r	p99(ms)-r	pMax(ms)-r	total-r	elapsed-w	errors-w	ops(total)-w	ops/sec(cum)-w	avg(ms)-w	p50(ms)-w	p95(ms)-w	p99(ms)-w	pMax(ms)-w	total-w	elapsed	errors	ops(total)	ops/sec(cum)	avg(ms)	p50(ms)	p95(ms)	p99(ms)	pMax(ms)
54	0.0	0.0	4328681.0	144285.8	2.475	2.15	5.387499999999999	9.2	217.04999999999995	0.0	0.0	0.0	228049.0	7601.4	2.5500000000000003	2.15	5.5625	9.675	113.22500000000001	0.0	0.0	0.0	4556730.0	151887.09999999998	2.475	2.15	5.387499999999999	9.2375	217.04999999999995
