concurrency	elapsed-w	errors-w	ops(total)-w	ops/sec(cum)-w	avg(ms)-w	p50(ms)-w	p95(ms)-w	p99(ms)-w	pMax(ms)-w	total-w	elapsed	errors	ops(total)	ops/sec(cum)	avg(ms)	p50(ms)	p95(ms)	p99(ms)	pMax(ms)
53	0.0	0.0	736828.0	24560.0	16.724999999999998	14.3125	40.0625	57.65	185.5625	0.0	0.0	0.0	736828.0	24560.0	16.724999999999998	14.3125	40.0625	57.65	185.5625
