concurrency	elapsed-r	errors-r	ops(total)-r	ops/sec(cum)-r	avg(ms)-r	p50(ms)-r	p95(ms)-r	p99(ms)-r	pMax(ms)-r	total-r	elapsed-w	errors-w	ops(total)-w	ops/sec(cum)-w	avg(ms)-w	p50(ms)-w	p95(ms)-w	p99(ms)-w	pMax(ms)-w	total-w	elapsed	errors	ops(total)	ops/sec(cum)	avg(ms)	p50(ms)	p95(ms)	p99(ms)	pMax(ms)
41	0.0	0.0	4525238.0	150837.09999999998	1.725	1.5875	3.0999999999999996	5.612499999999999	213.89999999999998	0.0	0.0	0.0	237944.0	7931.2	1.825	1.625	3.3249999999999997	6.85	117.45	0.0	0.0	0.0	4763182.0	158768.3	1.725	1.6	3.0999999999999996	5.662499999999999	213.89999999999998
