concurrency	elapsed-r	errors-r	ops(total)-r	ops/sec(cum)-r	avg(ms)-r	p50(ms)-r	p95(ms)-r	p99(ms)-r	pMax(ms)-r	total-r	elapsed-w	errors-w	ops(total)-w	ops/sec(cum)-w	avg(ms)-w	p50(ms)-w	p95(ms)-w	p99(ms)-w	pMax(ms)-w	total-w	elapsed	errors	ops(total)	ops/sec(cum)	avg(ms)	p50(ms)	p95(ms)	p99(ms)	pMax(ms)
55	0.0	0.0	3486389.0	116210.09999999999	3.2249999999999996	3.0875	5.449999999999999	10.225	120.44999999999999	0.0	0.0	0.0	183377.0	6112.3	3.2249999999999996	3.0875	5.425	10.3375	26.0875	0.0	0.0	0.0	3669766.0	122322.60000000002	3.2375	3.0875	5.449999999999999	10.225	121.23750000000001
