concurrency	elapsed-r	errors-r	ops(total)-r	ops/sec(cum)-r	avg(ms)-r	p50(ms)-r	p95(ms)-r	p99(ms)-r	pMax(ms)-r	total-r	elapsed	errors	ops(total)	ops/sec(cum)	avg(ms)	p50(ms)	p95(ms)	p99(ms)	pMax(ms)
13	0.0	0.0	1385162.0	46171.59999999999	2.075	1.975	3.4375	5.8875	15.725000000000001	0.0	0.0	0.0	1385162.0	46171.59999999999	2.075	1.975	3.4375	5.8875	15.725000000000001
