concurrency	elapsed-r	errors-r	ops(total)-r	ops/sec(cum)-r	avg(ms)-r	p50(ms)-r	p95(ms)-r	p99(ms)-r	pMax(ms)-r	total-r	elapsed-w	errors-w	ops(total)-w	ops/sec(cum)-w	avg(ms)-w	p50(ms)-w	p95(ms)-w	p99(ms)-w	pMax(ms)-w	total-w	elapsed	errors	ops(total)	ops/sec(cum)	avg(ms)	p50(ms)	p95(ms)	p99(ms)	pMax(ms)
63	0.0	0.0	33343.0	555.7	4.375	2.15	12.725000000000001	51.875	178.27499999999998	0.0	0.0	0.0	1552.0	25.8	23.200000000000003	14.549999999999999	62.375	190.85	306.2	0.0	0.0	0.0	34895.0	581.5	5.225	2.25	19.799999999999997	59.75	306.2
