concurrency	elapsed-r	errors-r	ops(total)-r	ops/sec(cum)-r	avg(ms)-r	p50(ms)-r	p95(ms)-r	p99(ms)-r	pMax(ms)-r	total-r	elapsed-w	errors-w	ops(total)-w	ops/sec(cum)-w	avg(ms)-w	p50(ms)-w	p95(ms)-w	p99(ms)-w	pMax(ms)-w	total-w	elapsed	errors	ops(total)	ops/sec(cum)	avg(ms)	p50(ms)	p95(ms)	p99(ms)	pMax(ms)
23	0.0	0.0	861212.0	28706.199999999997	5.2125	2.425	13.575	65.78750000000001	448.7875000000001	0.0	0.0	0.0	45173.0	1505.7	17.7375	4.6	87.05	162.525	486.52500000000003	0.0	0.0	0.0	906385.0	30211.899999999998	5.8375	2.475	15.875	79.17500000000001	503.3
