concurrency	elapsed-r	errors-r	ops(total)-r	ops/sec(cum)-r	avg(ms)-r	p50(ms)-r	p95(ms)-r	p99(ms)-r	pMax(ms)-r	total-r	elapsed-w	errors-w	ops(total)-w	ops/sec(cum)-w	avg(ms)-w	p50(ms)-w	p95(ms)-w	p99(ms)-w	pMax(ms)-w	total-w	elapsed	errors	ops(total)	ops/sec(cum)	avg(ms)	p50(ms)	p95(ms)	p99(ms)	pMax(ms)
46	0.0	0.0	1221170.0	40704.299999999996	7.725	6.8625	17.3	25.199999999999996	119.575	0.0	0.0	0.0	64233.0	2141.2	14.75	13.749999999999998	30.025000000000002	42.162499999999994	119.525	0.0	0.0	0.0	1285403.0	42845.4	8.05	7.0249999999999995	18.625000000000004	27.425000000000004	133.17499999999998
