concurrency	elapsed-r	errors-r	ops(total)-r	ops/sec(cum)-r	avg(ms)-r	p50(ms)-r	p95(ms)-r	p99(ms)-r	pMax(ms)-r	total-r	elapsed-w	errors-w	ops(total)-w	ops/sec(cum)-w	avg(ms)-w	p50(ms)-w	p95(ms)-w	p99(ms)-w	pMax(ms)-w	total-w	elapsed	errors	ops(total)	ops/sec(cum)	avg(ms)	p50(ms)	p95(ms)	p99(ms)	pMax(ms)
6	0.0	0.0	610151.0	20338.0	1.9749999999999999	1.8625	3.0500000000000003	4.2125	13.574999999999998	0.0	0.0	0.0	32194.0	1073.1	3.5625	3.475	5.175000000000001	7.3999999999999995	13.124999999999998	0.0	0.0	0.0	642345.0	21411.1	2.0500000000000003	1.875	3.475	4.824999999999999	14.0375
