concurrency	elapsed-r	errors-r	ops(total)-r	ops/sec(cum)-r	avg(ms)-r	p50(ms)-r	p95(ms)-r	p99(ms)-r	pMax(ms)-r	total-r	elapsed-w	errors-w	ops(total)-w	ops/sec(cum)-w	avg(ms)-w	p50(ms)-w	p95(ms)-w	p99(ms)-w	pMax(ms)-w	total-w	elapsed	errors	ops(total)	ops/sec(cum)	avg(ms)	p50(ms)	p95(ms)	p99(ms)	pMax(ms)
47	0.0	0.0	1238135.0	41269.799999999996	7.75	6.7124999999999995	18.099999999999998	28.987500000000004	220.2	0.0	0.0	0.0	65188.0	2172.8999999999996	15.262500000000001	13.587499999999999	31.35	50.56250000000001	342.90000000000003	0.0	0.0	0.0	1303323.0	43442.399999999994	8.137500000000001	6.824999999999999	19.400000000000002	31.087500000000002	342.90000000000003
