concurrency	elapsed-r	errors-r	ops(total)-r	ops/sec(cum)-r	avg(ms)-r	p50(ms)-r	p95(ms)-r	p99(ms)-r	pMax(ms)-r	total-r	elapsed-w	errors-w	ops(total)-w	ops/sec(cum)-w	avg(ms)-w	p50(ms)-w	p95(ms)-w	p99(ms)-w	pMax(ms)-w	total-w	elapsed	errors	ops(total)	ops/sec(cum)	avg(ms)	p50(ms)	p95(ms)	p99(ms)	pMax(ms)
47	0.0	0.0	1162196.0	38738.5	8.3625	7.45	19.675	28.212500000000002	74.1875	0.0	0.0	0.0	61162.0	2038.8000000000002	16.3875	15.1875	36.9375	48.46249999999999	82.32499999999999	0.0	0.0	0.0	1223358.0	40777.2	8.7625	7.6375	20.95	31.6125	82.85
