concurrency	elapsed-r	errors-r	ops(total)-r	ops/sec(cum)-r	avg(ms)-r	p50(ms)-r	p95(ms)-r	p99(ms)-r	pMax(ms)-r	total-r	elapsed-w	errors-w	ops(total)-w	ops/sec(cum)-w	avg(ms)-w	p50(ms)-w	p95(ms)-w	p99(ms)-w	pMax(ms)-w	total-w	elapsed	errors	ops(total)	ops/sec(cum)	avg(ms)	p50(ms)	p95(ms)	p99(ms)	pMax(ms)
151	0.0	0.0	3368858.0	112287.40000000001	6.375	5.074999999999999	16.5	26.974999999999998	205.77499999999998	0.0	0.0	0.0	177098.0	5902.9	16.6	15.149999999999999	33.875	45.075	143.9	0.0	0.0	0.0	3545956.0	118190.3	6.8999999999999995	5.225	18.525	30.375	206.3
