concurrency	elapsed-r	errors-r	ops(total)-r	ops/sec(cum)-r	avg(ms)-r	p50(ms)-r	p95(ms)-r	p99(ms)-r	pMax(ms)-r	total-r	elapsed-w	errors-w	ops(total)-w	ops/sec(cum)-w	avg(ms)-w	p50(ms)-w	p95(ms)-w	p99(ms)-w	pMax(ms)-w	total-w	elapsed	errors	ops(total)	ops/sec(cum)	avg(ms)	p50(ms)	p95(ms)	p99(ms)	pMax(ms)
112	0.0	0.0	4618494.0	153941.4	3.3	2.82	6.82	14.979999999999999	104.04	0.0	0.0	0.0	243301.0	8109.6	9.040000000000001	8.22	18.32	25.559999999999995	79.48	0.0	0.0	0.0	4861795.0	162051.0	3.6	2.8600000000000003	9.599999999999998	16.639999999999997	104.04
