concurrency	elapsed-r	errors-r	ops(total)-r	ops/sec(cum)-r	avg(ms)-r	p50(ms)-r	p95(ms)-r	p99(ms)-r	pMax(ms)-r	total-r	elapsed	errors	ops(total)	ops/sec(cum)	avg(ms)	p50(ms)	p95(ms)	p99(ms)	pMax(ms)
18	0.0	0.0	1365991.0	45532.3	2.9875000000000003	2.7750000000000004	5.3625	8.5	21.4875	0.0	0.0	0.0	1365991.0	45532.3	2.9875000000000003	2.7750000000000004	5.3625	8.5	21.4875
