concurrency	elapsed-r	errors-r	ops(total)-r	ops/sec(cum)-r	avg(ms)-r	p50(ms)-r	p95(ms)-r	p99(ms)-r	pMax(ms)-r	total-r	elapsed-w	errors-w	ops(total)-w	ops/sec(cum)-w	avg(ms)-w	p50(ms)-w	p95(ms)-w	p99(ms)-w	pMax(ms)-w	total-w	elapsed	errors	ops(total)	ops/sec(cum)	avg(ms)	p50(ms)	p95(ms)	p99(ms)	pMax(ms)
10	0.0	0.0	608938.0	20297.7	3.2624999999999993	2.3625	9.275	13.349999999999998	29.0	0.0	0.0	0.0	32046.0	1068.2	8.887500000000001	5.25	33.449999999999996	73.4	127.89999999999999	0.0	0.0	0.0	640984.0	21365.899999999998	3.5375	2.45	9.85	14.700000000000001	127.89999999999999
