concurrency	elapsed-r	errors-r	ops(total)-r	ops/sec(cum)-r	avg(ms)-r	p50(ms)-r	p95(ms)-r	p99(ms)-r	pMax(ms)-r	total-r	elapsed-w	errors-w	ops(total)-w	ops/sec(cum)-w	avg(ms)-w	p50(ms)-w	p95(ms)-w	p99(ms)-w	pMax(ms)-w	total-w	elapsed	errors	ops(total)	ops/sec(cum)	avg(ms)	p50(ms)	p95(ms)	p99(ms)	pMax(ms)
11	0.0	0.0	666824.0	22227.0	3.05	2.5625	6.1	13.099999999999998	60.8	0.0	0.0	0.0	34953.0	1165.1	12.875	12.2625	21.8875	29.500000000000004	75.2375	0.0	0.0	0.0	701777.0	23392.399999999998	3.55	2.6375	10.225	19.375000000000004	75.76249999999999
