concurrency	elapsed-r	errors-r	ops(total)-r	ops/sec(cum)-r	avg(ms)-r	p50(ms)-r	p95(ms)-r	p99(ms)-r	pMax(ms)-r	total-r	elapsed-w	errors-w	ops(total)-w	ops/sec(cum)-w	avg(ms)-w	p50(ms)-w	p95(ms)-w	p99(ms)-w	pMax(ms)-w	total-w	elapsed	errors	ops(total)	ops/sec(cum)	avg(ms)	p50(ms)	p95(ms)	p99(ms)	pMax(ms)
112	0.0	0.0	2482557.0	82747.8	4.933333333333333	3.9333333333333336	11.9	23.166666666666668	111.16666666666667	0.0	0.0	0.0	131196.0	4373.0	11.866666666666667	10.466666666666667	25.566666666666666	35.26666666666667	60.46666666666667	0.0	0.0	0.0	2613753.0	87120.8	5.266666666666667	4.133333333333334	14.799999999999999	24.566666666666666	111.16666666666667
