concurrency	elapsed-r	errors-r	ops(total)-r	ops/sec(cum)-r	avg(ms)-r	p50(ms)-r	p95(ms)-r	p99(ms)-r	pMax(ms)-r	total-r	elapsed-w	errors-w	ops(total)-w	ops/sec(cum)-w	avg(ms)-w	p50(ms)-w	p95(ms)-w	p99(ms)-w	pMax(ms)-w	total-w	elapsed	errors	ops(total)	ops/sec(cum)	avg(ms)	p50(ms)	p95(ms)	p99(ms)	pMax(ms)
46	0.0	0.0	1242350.0	41409.9	7.6	6.675	17.3	25.449999999999996	83.625	0.0	0.0	0.0	65586.0	2185.9	14.175	13.187499999999998	28.712500000000002	38.75	66.83749999999999	0.0	0.0	0.0	1307936.0	43596.00000000001	7.95	6.9	18.35	27.025000000000002	85.725
