concurrency	elapsed-w	errors-w	ops(total)-w	ops/sec(cum)-w	avg(ms)-w	p50(ms)-w	p95(ms)-w	p99(ms)-w	pMax(ms)-w	total-w	elapsed	errors	ops(total)	ops/sec(cum)	avg(ms)	p50(ms)	p95(ms)	p99(ms)	pMax(ms)
31	0.0	0.0	527410.0	17579.899999999998	13.737499999999999	12.5125	31.875	42.6875	183.48749999999998	0.0	0.0	0.0	527410.0	17579.899999999998	13.737499999999999	12.5125	31.875	42.6875	183.48749999999998
