concurrency	elapsed-r	errors-r	ops(total)-r	ops/sec(cum)-r	avg(ms)-r	p50(ms)-r	p95(ms)-r	p99(ms)-r	pMax(ms)-r	total-r	elapsed-w	errors-w	ops(total)-w	ops/sec(cum)-w	avg(ms)-w	p50(ms)-w	p95(ms)-w	p99(ms)-w	pMax(ms)-w	total-w	elapsed	errors	ops(total)	ops/sec(cum)	avg(ms)	p50(ms)	p95(ms)	p99(ms)	pMax(ms)
60	0.0	0.0	4059235.0	135302.69999999998	3.075	2.1	8.575	13.574999999999998	218.09999999999997	0.0	0.0	0.0	214103.0	7136.5999999999985	3.15	2.1125	8.737499999999999	14.175	137.375	0.0	0.0	0.0	4273338.0	142439.40000000002	3.075	2.1	8.575	13.574999999999998	218.09999999999997
