concurrency	elapsed-r	errors-r	ops(total)-r	ops/sec(cum)-r	avg(ms)-r	p50(ms)-r	p95(ms)-r	p99(ms)-r	pMax(ms)-r	total-r	elapsed-w	errors-w	ops(total)-w	ops/sec(cum)-w	avg(ms)-w	p50(ms)-w	p95(ms)-w	p99(ms)-w	pMax(ms)-w	total-w	elapsed	errors	ops(total)	ops/sec(cum)	avg(ms)	p50(ms)	p95(ms)	p99(ms)	pMax(ms)
163	0.0	0.0	3474627.0	115814.09999999999	7.0249999999999995	5.675000000000001	17.799999999999997	29.075	271.6	0.0	0.0	0.0	182566.0	6085.200000000001	17.275	15.675	36.175	47.599999999999994	272.125	0.0	0.0	0.0	3657193.0	121899.40000000001	7.525	5.725	19.950000000000003	32.375	278.425
