concurrency	elapsed-r	errors-r	ops(total)-r	ops/sec(cum)-r	avg(ms)-r	p50(ms)-r	p95(ms)-r	p99(ms)-r	pMax(ms)-r	total-r	elapsed	errors	ops(total)	ops/sec(cum)	avg(ms)	p50(ms)	p95(ms)	p99(ms)	pMax(ms)
31	0.0	0.0	1080341.0	36010.49999999999	6.8	6.124999999999999	13.9	20.45	57.9125	0.0	0.0	0.0	1080341.0	36010.49999999999	6.8	6.124999999999999	13.9	20.45	57.9125
