concurrency	elapsed-r	errors-r	ops(total)-r	ops/sec(cum)-r	avg(ms)-r	p50(ms)-r	p95(ms)-r	p99(ms)-r	pMax(ms)-r	total-r	elapsed-w	errors-w	ops(total)-w	ops/sec(cum)-w	avg(ms)-w	p50(ms)-w	p95(ms)-w	p99(ms)-w	pMax(ms)-w	total-w	elapsed	errors	ops(total)	ops/sec(cum)	avg(ms)	p50(ms)	p95(ms)	p99(ms)	pMax(ms)
40	0.0	0.0	2851711.0	95054.8	2.825	2.5875	5.2875	9.325	33.3125	0.0	0.0	0.0	150175.0	5005.8	3.2375	2.6875	7.8500000000000005	12.2625	31.862500000000004	0.0	0.0	0.0	3001886.0	100060.59999999999	2.8375000000000004	2.5999999999999996	5.374999999999999	9.6625	35.275000000000006
