concurrency	elapsed-r	errors-r	ops(total)-r	ops/sec(cum)-r	avg(ms)-r	p50(ms)-r	p95(ms)-r	p99(ms)-r	pMax(ms)-r	total-r	elapsed-w	errors-w	ops(total)-w	ops/sec(cum)-w	avg(ms)-w	p50(ms)-w	p95(ms)-w	p99(ms)-w	pMax(ms)-w	total-w	elapsed	errors	ops(total)	ops/sec(cum)	avg(ms)	p50(ms)	p95(ms)	p99(ms)	pMax(ms)
24	0.0	0.0	873049.0	29100.899999999998	1.925	1.4000000000000001	5.075	7.4125	101.75000000000001	0.0	0.0	0.0	46168.0	1538.9	83.86250000000001	2.475	469.80000000000007	503.30000000000007	604.0	0.0	0.0	0.0	919217.0	30639.6	6.062500000000001	1.4000000000000001	5.3375	14.087499999999999	604.0
