concurrency	elapsed-r	errors-r	ops(total)-r	ops/sec(cum)-r	avg(ms)-r	p50(ms)-r	p95(ms)-r	p99(ms)-r	pMax(ms)-r	total-r	elapsed	errors	ops(total)	ops/sec(cum)	avg(ms)	p50(ms)	p95(ms)	p99(ms)	pMax(ms)
61	0.0	0.0	1550794.0	51691.3	8.8	8.0	19.400000000000002	27.675000000000004	68.9375	0.0	0.0	0.0	1550794.0	51691.3	8.8	8.0	19.400000000000002	27.675000000000004	68.9375
