concurrency	elapsed-r	errors-r	ops(total)-r	ops/sec(cum)-r	avg(ms)-r	p50(ms)-r	p95(ms)-r	p99(ms)-r	pMax(ms)-r	total-r	elapsed	errors	ops(total)	ops/sec(cum)	avg(ms)	p50(ms)	p95(ms)	p99(ms)	pMax(ms)
65	0.0	0.0	1482379.0	49410.600000000006	9.875000000000002	8.9625	21.5	30.962500000000002	159.9	0.0	0.0	0.0	1482379.0	49410.600000000006	9.875000000000002	8.9625	21.5	30.962500000000002	159.9
