concurrency	elapsed-r	errors-r	ops(total)-r	ops/sec(cum)-r	avg(ms)-r	p50(ms)-r	p95(ms)-r	p99(ms)-r	pMax(ms)-r	total-r	elapsed	errors	ops(total)	ops/sec(cum)	avg(ms)	p50(ms)	p95(ms)	p99(ms)	pMax(ms)
48	0.0	0.0	1310742.0	43690.1	8.8	7.699999999999999	19.2625	29.4875	63.68749999999999	0.0	0.0	0.0	1310742.0	43690.1	8.8	7.699999999999999	19.2625	29.4875	63.68749999999999
