concurrency	elapsed-r	errors-r	ops(total)-r	ops/sec(cum)-r	avg(ms)-r	p50(ms)-r	p95(ms)-r	p99(ms)-r	pMax(ms)-r	total-r	elapsed	errors	ops(total)	ops/sec(cum)	avg(ms)	p50(ms)	p95(ms)	p99(ms)	pMax(ms)
11	0.0	0.0	1368944.0	45630.899999999994	1.75	1.6500000000000001	2.75	4.975	15.675	0.0	0.0	0.0	1368944.0	45630.899999999994	1.75	1.6500000000000001	2.75	4.975	15.675
