concurrency	elapsed-r	errors-r	ops(total)-r	ops/sec(cum)-r	avg(ms)-r	p50(ms)-r	p95(ms)-r	p99(ms)-r	pMax(ms)-r	total-r	elapsed-w	errors-w	ops(total)-w	ops/sec(cum)-w	avg(ms)-w	p50(ms)-w	p95(ms)-w	p99(ms)-w	pMax(ms)-w	total-w	elapsed	errors	ops(total)	ops/sec(cum)	avg(ms)	p50(ms)	p95(ms)	p99(ms)	pMax(ms)
46	0.0	0.0	4568844.0	152291.5	1.9249999999999998	1.725	3.4625000000000004	6.3999999999999995	218.09999999999997	0.0	0.0	0.0	239996.0	7999.5	2.0500000000000003	1.725	3.675	8.012500000000001	150.4625	0.0	0.0	0.0	4808840.0	160290.9	1.9249999999999998	1.725	3.475	6.449999999999999	218.09999999999997
