concurrency	elapsed-r	errors-r	ops(total)-r	ops/sec(cum)-r	avg(ms)-r	p50(ms)-r	p95(ms)-r	p99(ms)-r	pMax(ms)-r	total-r	elapsed	errors	ops(total)	ops/sec(cum)	avg(ms)	p50(ms)	p95(ms)	p99(ms)	pMax(ms)
22	0.0	0.0	986181.0	32872.200000000004	5.2125	4.8625	10.2	13.625000000000002	33.5625	0.0	0.0	0.0	986181.0	32872.200000000004	5.2125	4.8625	10.2	13.625000000000002	33.5625
