concurrency	elapsed-r	errors-r	ops(total)-r	ops/sec(cum)-r	avg(ms)-r	p50(ms)-r	p95(ms)-r	p99(ms)-r	pMax(ms)-r	total-r	elapsed-w	errors-w	ops(total)-w	ops/sec(cum)-w	avg(ms)-w	p50(ms)-w	p95(ms)-w	p99(ms)-w	pMax(ms)-w	total-w	elapsed	errors	ops(total)	ops/sec(cum)	avg(ms)	p50(ms)	p95(ms)	p99(ms)	pMax(ms)
13	0.0	0.0	653702.0	21789.5	3.6750000000000003	2.6125	9.15	28.712500000000002	72.875	0.0	0.0	0.0	34452.0	1148.5	16.099999999999998	14.7375	26.900000000000002	55.025	163.05	0.0	0.0	0.0	688154.0	22938.0	4.325	2.65	15.525	30.150000000000002	163.05
