concurrency	elapsed-r	errors-r	ops(total)-r	ops/sec(cum)-r	avg(ms)-r	p50(ms)-r	p95(ms)-r	p99(ms)-r	pMax(ms)-r	total-r	elapsed-w	errors-w	ops(total)-w	ops/sec(cum)-w	avg(ms)-w	p50(ms)-w	p95(ms)-w	p99(ms)-w	pMax(ms)-w	total-w	elapsed	errors	ops(total)	ops/sec(cum)	avg(ms)	p50(ms)	p95(ms)	p99(ms)	pMax(ms)
33	0.0	0.0	3311283.0	110373.3	2.0375	1.85	3.5124999999999997	6.887499999999999	29.375	0.0	0.0	0.0	174627.0	5820.700000000001	2.1750000000000003	2.0125	3.7125000000000004	7.074999999999999	23.325000000000003	0.0	0.0	0.0	3485910.0	116193.8	2.0375	1.85	3.5124999999999997	6.887499999999999	29.375
