concurrency	elapsed-r	errors-r	ops(total)-r	ops/sec(cum)-r	avg(ms)-r	p50(ms)-r	p95(ms)-r	p99(ms)-r	pMax(ms)-r	total-r	elapsed-w	errors-w	ops(total)-w	ops/sec(cum)-w	avg(ms)-w	p50(ms)-w	p95(ms)-w	p99(ms)-w	pMax(ms)-w	total-w	elapsed	errors	ops(total)	ops/sec(cum)	avg(ms)	p50(ms)	p95(ms)	p99(ms)	pMax(ms)
46	0.0	0.0	1420591.0	47351.2	6.7	5.625	15.874999999999998	24.275	82.32499999999999	0.0	0.0	0.0	74813.0	2493.8	11.525	9.775	29.2625	40.324999999999996	85.47500000000001	0.0	0.0	0.0	1495404.0	49845.1	6.937500000000001	5.825	17.312500000000004	26.625000000000004	91.25
