concurrency	elapsed-r	errors-r	ops(total)-r	ops/sec(cum)-r	avg(ms)-r	p50(ms)-r	p95(ms)-r	p99(ms)-r	pMax(ms)-r	total-r	elapsed	errors	ops(total)	ops/sec(cum)	avg(ms)	p50(ms)	p95(ms)	p99(ms)	pMax(ms)
13	0.0	0.0	1372710.0	45756.30000000001	2.075	2.0	3.4625	6.0375	17.587500000000002	0.0	0.0	0.0	1372710.0	45756.30000000001	2.075	2.0	3.4625	6.0375	17.587500000000002
