concurrency	elapsed-r	errors-r	ops(total)-r	ops/sec(cum)-r	avg(ms)-r	p50(ms)-r	p95(ms)-r	p99(ms)-r	pMax(ms)-r	total-r	elapsed-w	errors-w	ops(total)-w	ops/sec(cum)-w	avg(ms)-w	p50(ms)-w	p95(ms)-w	p99(ms)-w	pMax(ms)-w	total-w	elapsed	errors	ops(total)	ops/sec(cum)	avg(ms)	p50(ms)	p95(ms)	p99(ms)	pMax(ms)
37	0.0	0.0	3474829.0	115825.2	2.1125000000000003	2.0	3.3874999999999997	7.000000000000001	27.8125	0.0	0.0	0.0	183243.0	6107.8	2.125	2.0	3.4375	7.2125	20.837500000000002	0.0	0.0	0.0	3658072.0	121933.09999999999	2.1125000000000003	2.0	3.3874999999999997	7.000000000000001	28.200000000000003
