concurrency	elapsed-r	errors-r	ops(total)-r	ops/sec(cum)-r	avg(ms)-r	p50(ms)-r	p95(ms)-r	p99(ms)-r	pMax(ms)-r	total-r	elapsed	errors	ops(total)	ops/sec(cum)	avg(ms)	p50(ms)	p95(ms)	p99(ms)	pMax(ms)
16	0.0	0.0	1133084.0	37768.899999999994	3.2125000000000004	3.025	5.862500000000001	8.4375	21.5	0.0	0.0	0.0	1133084.0	37768.899999999994	3.2125000000000004	3.025	5.862500000000001	8.4375	21.5
