concurrency	elapsed-r	errors-r	ops(total)-r	ops/sec(cum)-r	avg(ms)-r	p50(ms)-r	p95(ms)-r	p99(ms)-r	pMax(ms)-r	total-r	elapsed-w	errors-w	ops(total)-w	ops/sec(cum)-w	avg(ms)-w	p50(ms)-w	p95(ms)-w	p99(ms)-w	pMax(ms)-w	total-w	elapsed	errors	ops(total)	ops/sec(cum)	avg(ms)	p50(ms)	p95(ms)	p99(ms)	pMax(ms)
30	0.0	0.0	1838472.0	61280.8	2.5	1.9750000000000003	6.787499999999999	11.45	58.699999999999996	0.0	0.0	0.0	97118.0	3237.3	21.225	3.6625	17.575	453.0	549.4625	0.0	0.0	0.0	1935590.0	64517.9	3.4375	2.0375	7.075	12.399999999999999	549.4625
