concurrency	elapsed-r	errors-r	ops(total)-r	ops/sec(cum)-r	avg(ms)-r	p50(ms)-r	p95(ms)-r	p99(ms)-r	pMax(ms)-r	total-r	elapsed-w	errors-w	ops(total)-w	ops/sec(cum)-w	avg(ms)-w	p50(ms)-w	p95(ms)-w	p99(ms)-w	pMax(ms)-w	total-w	elapsed	errors	ops(total)	ops/sec(cum)	avg(ms)	p50(ms)	p95(ms)	p99(ms)	pMax(ms)
21	0.0	0.0	597513.0	19916.7	3.45	2.35	10.5625	15.725000000000001	48.725	0.0	0.0	0.0	31488.0	1049.5	89.55	5.3	838.8999999999999	906.0	985.6625000000001	0.0	0.0	0.0	629001.0	20966.199999999997	7.749999999999999	2.3875	10.875	19.275000000000002	985.6625000000001
