concurrency	elapsed-r	errors-r	ops(total)-r	ops/sec(cum)-r	avg(ms)-r	p50(ms)-r	p95(ms)-r	p99(ms)-r	pMax(ms)-r	total-r	elapsed-w	errors-w	ops(total)-w	ops/sec(cum)-w	avg(ms)-w	p50(ms)-w	p95(ms)-w	p99(ms)-w	pMax(ms)-w	total-w	elapsed	errors	ops(total)	ops/sec(cum)	avg(ms)	p50(ms)	p95(ms)	p99(ms)	pMax(ms)
40	0.0	0.0	3359907.0	111994.50000000001	2.375	2.275	3.9625	7.5	74.325	0.0	0.0	0.0	177047.0	5901.400000000001	2.4000000000000004	2.275	4.0625	7.8374999999999995	44.05	0.0	0.0	0.0	3536954.0	117895.90000000001	2.375	2.275	3.9625	7.5625	74.325
