concurrency	elapsed-r	errors-r	ops(total)-r	ops/sec(cum)-r	avg(ms)-r	p50(ms)-r	p95(ms)-r	p99(ms)-r	pMax(ms)-r	total-r	elapsed-w	errors-w	ops(total)-w	ops/sec(cum)-w	avg(ms)-w	p50(ms)-w	p95(ms)-w	p99(ms)-w	pMax(ms)-w	total-w	elapsed	errors	ops(total)	ops/sec(cum)	avg(ms)	p50(ms)	p95(ms)	p99(ms)	pMax(ms)
50	0.0	0.0	3378602.0	112616.9	2.975	2.7875	5.0125	9.575000000000001	57.12499999999999	0.0	0.0	0.0	177487.0	5916.0	3.0375	2.7875	5.300000000000001	9.6125	39.074999999999996	0.0	0.0	0.0	3556089.0	118532.90000000001	2.975	2.7875	5.025	9.575000000000001	57.12499999999999
