concurrency	elapsed-r	errors-r	ops(total)-r	ops/sec(cum)-r	avg(ms)-r	p50(ms)-r	p95(ms)-r	p99(ms)-r	pMax(ms)-r	total-r	elapsed-w	errors-w	ops(total)-w	ops/sec(cum)-w	avg(ms)-w	p50(ms)-w	p95(ms)-w	p99(ms)-w	pMax(ms)-w	total-w	elapsed	errors	ops(total)	ops/sec(cum)	avg(ms)	p50(ms)	p95(ms)	p99(ms)	pMax(ms)
96	0.0	0.0	4341359.0	144705.19999999998	3.3600000000000003	2.8	7.44	15.14	87.44000000000001	0.0	0.0	0.0	227700.0	7589.700000000001	7.040000000000001	6.1	15.62	22.759999999999998	78.84	0.0	0.0	0.0	4569059.0	152294.8	3.54	2.9	8.66	15.9	87.66
