concurrency	elapsed-r	errors-r	ops(total)-r	ops/sec(cum)-r	avg(ms)-r	p50(ms)-r	p95(ms)-r	p99(ms)-r	pMax(ms)-r	total-r	elapsed-w	errors-w	ops(total)-w	ops/sec(cum)-w	avg(ms)-w	p50(ms)-w	p95(ms)-w	p99(ms)-w	pMax(ms)-w	total-w	elapsed	errors	ops(total)	ops/sec(cum)	avg(ms)	p50(ms)	p95(ms)	p99(ms)	pMax(ms)
15	0.0	0.0	1358008.0	45266.200000000004	1.6624999999999996	1.2499999999999998	4.475	6.862500000000001	130.5625	0.0	0.0	0.0	71297.0	2376.6	15.2125	2.275	111.15	133.675	177.2375	0.0	0.0	0.0	1429305.0	47642.600000000006	2.3375	1.2625	4.65	8.8625	177.2375
