concurrency	elapsed-r	errors-r	ops(total)-r	ops/sec(cum)-r	avg(ms)-r	p50(ms)-r	p95(ms)-r	p99(ms)-r	pMax(ms)-r	total-r	elapsed-w	errors-w	ops(total)-w	ops/sec(cum)-w	avg(ms)-w	p50(ms)-w	p95(ms)-w	p99(ms)-w	pMax(ms)-w	total-w	elapsed	errors	ops(total)	ops/sec(cum)	avg(ms)	p50(ms)	p95(ms)	p99(ms)	pMax(ms)
39	0.0	0.0	745714.0	24856.5	2.9	2.0	6.8	14.0	201.33333333333334	0.0	0.0	0.0	39243.0	1308.1	1.3	0.9333333333333332	3.1666666666666665	7.233333333333333	51.0	0.0	0.0	0.0	784957.0	26164.5	2.7999999999999994	1.8333333333333333	6.733333333333333	13.6	201.33333333333334
