concurrency	elapsed-r	errors-r	ops(total)-r	ops/sec(cum)-r	avg(ms)-r	p50(ms)-r	p95(ms)-r	p99(ms)-r	pMax(ms)-r	total-r	elapsed	errors	ops(total)	ops/sec(cum)	avg(ms)	p50(ms)	p95(ms)	p99(ms)	pMax(ms)
19	0.0	0.0	1338710.0	44623.09999999999	1.55	1.4500000000000002	2.325	4.45	13.774999999999999	0.0	0.0	0.0	1338710.0	44623.09999999999	1.55	1.4500000000000002	2.325	4.45	13.774999999999999
