concurrency	elapsed-r	errors-r	ops(total)-r	ops/sec(cum)-r	avg(ms)-r	p50(ms)-r	p95(ms)-r	p99(ms)-r	pMax(ms)-r	total-r	elapsed-w	errors-w	ops(total)-w	ops/sec(cum)-w	avg(ms)-w	p50(ms)-w	p95(ms)-w	p99(ms)-w	pMax(ms)-w	total-w	elapsed	errors	ops(total)	ops/sec(cum)	avg(ms)	p50(ms)	p95(ms)	p99(ms)	pMax(ms)
38	0.0	0.0	3291661.0	109718.7	2.4	2.3124999999999996	5.0	7.8875	144.17499999999998	0.0	0.0	0.0	172734.0	5757.599999999999	2.4375	2.3499999999999996	5.125	7.9625	20.2375	0.0	0.0	0.0	3464395.0	115476.40000000001	2.4	2.3124999999999996	5.0	7.8875	144.17499999999998
