concurrency	elapsed-r	errors-r	ops(total)-r	ops/sec(cum)-r	avg(ms)-r	p50(ms)-r	p95(ms)-r	p99(ms)-r	pMax(ms)-r	total-r	elapsed	errors	ops(total)	ops/sec(cum)	avg(ms)	p50(ms)	p95(ms)	p99(ms)	pMax(ms)
18	0.0	0.0	1420440.0	47346.90000000001	2.875	2.675	5.199999999999999	8.05	21.3625	0.0	0.0	0.0	1420440.0	47346.90000000001	2.875	2.675	5.199999999999999	8.05	21.3625
