concurrency	elapsed-r	errors-r	ops(total)-r	ops/sec(cum)-r	avg(ms)-r	p50(ms)-r	p95(ms)-r	p99(ms)-r	pMax(ms)-r	total-r	elapsed-w	errors-w	ops(total)-w	ops/sec(cum)-w	avg(ms)-w	p50(ms)-w	p95(ms)-w	p99(ms)-w	pMax(ms)-w	total-w	elapsed	errors	ops(total)	ops/sec(cum)	avg(ms)	p50(ms)	p95(ms)	p99(ms)	pMax(ms)
47	0.0	0.0	1947219.0	64905.100000000006	4.8125	4.1625	11.65	18.487500000000004	54.2375	0.0	0.0	0.0	102850.0	3428.2	8.8875	8.075000000000001	19.900000000000002	30.812500000000004	113.75	0.0	0.0	0.0	2050069.0	68333.09999999999	5.0125	4.2749999999999995	12.474999999999998	19.650000000000002	113.75
