concurrency	elapsed-w	errors-w	ops(total)-w	ops/sec(cum)-w	avg(ms)-w	p50(ms)-w	p95(ms)-w	p99(ms)-w	pMax(ms)-w	total-w	elapsed	errors	ops(total)	ops/sec(cum)	avg(ms)	p50(ms)	p95(ms)	p99(ms)	pMax(ms)
24	0.0	0.0	704517.0	23483.3	7.85	6.174999999999999	19.125	26.500000000000004	66.8375	0.0	0.0	0.0	704517.0	23483.3	7.85	6.174999999999999	19.125	26.500000000000004	66.8375
