concurrency	elapsed-r	errors-r	ops(total)-r	ops/sec(cum)-r	avg(ms)-r	p50(ms)-r	p95(ms)-r	p99(ms)-r	pMax(ms)-r	total-r	elapsed-w	errors-w	ops(total)-w	ops/sec(cum)-w	avg(ms)-w	p50(ms)-w	p95(ms)-w	p99(ms)-w	pMax(ms)-w	total-w	elapsed	errors	ops(total)	ops/sec(cum)	avg(ms)	p50(ms)	p95(ms)	p99(ms)	pMax(ms)
39	0.0	0.0	3393139.0	113102.5	2.3375	2.2	3.8499999999999996	7.6375	28.3125	0.0	0.0	0.0	178022.0	5934.1	2.475	2.375	4.1125	7.887499999999999	23.025	0.0	0.0	0.0	3571161.0	119036.2	2.3625000000000003	2.2	3.8499999999999996	7.6375	28.45
