concurrency	elapsed-r	errors-r	ops(total)-r	ops/sec(cum)-r	avg(ms)-r	p50(ms)-r	p95(ms)-r	p99(ms)-r	pMax(ms)-r	total-r	elapsed-w	errors-w	ops(total)-w	ops/sec(cum)-w	avg(ms)-w	p50(ms)-w	p95(ms)-w	p99(ms)-w	pMax(ms)-w	total-w	elapsed	errors	ops(total)	ops/sec(cum)	avg(ms)	p50(ms)	p95(ms)	p99(ms)	pMax(ms)
16	0.0	0.0	639397.0	21313.0	1.7	1.4333333333333333	2.6	10.333333333333334	34.300000000000004	0.0	0.0	0.0	33674.0	1122.5	1.0	0.8333333333333334	2.1	3.6666666666666665	26.2	0.0	0.0	0.0	673071.0	22435.5	1.7	1.3999999999999997	2.533333333333333	10.0	34.300000000000004
