concurrency	elapsed-r	errors-r	ops(total)-r	ops/sec(cum)-r	avg(ms)-r	p50(ms)-r	p95(ms)-r	p99(ms)-r	pMax(ms)-r	total-r	elapsed-w	errors-w	ops(total)-w	ops/sec(cum)-w	avg(ms)-w	p50(ms)-w	p95(ms)-w	p99(ms)-w	pMax(ms)-w	total-w	elapsed	errors	ops(total)	ops/sec(cum)	avg(ms)	p50(ms)	p95(ms)	p99(ms)	pMax(ms)
32	0.0	0.0	2880014.0	95998.6	2.3249999999999997	2.1125000000000003	4.5375	7.0874999999999995	141.8125	0.0	0.0	0.0	151738.0	5058.1	2.2375000000000003	2.025	4.4	6.9750000000000005	46.525	0.0	0.0	0.0	3031752.0	101056.40000000001	2.3249999999999997	2.1125000000000003	4.5375	7.0874999999999995	141.8125
