concurrency	elapsed-r	errors-r	ops(total)-r	ops/sec(cum)-r	avg(ms)-r	p50(ms)-r	p95(ms)-r	p99(ms)-r	pMax(ms)-r	total-r	elapsed	errors	ops(total)	ops/sec(cum)	avg(ms)	p50(ms)	p95(ms)	p99(ms)	pMax(ms)
58	0.0	0.0	1554164.0	51803.399999999994	8.350000000000001	7.525	18.35	26.3625	128.98749999999998	0.0	0.0	0.0	1554164.0	51803.399999999994	8.350000000000001	7.525	18.35	26.3625	128.98749999999998
