concurrency	elapsed-r	errors-r	ops(total)-r	ops/sec(cum)-r	avg(ms)-r	p50(ms)-r	p95(ms)-r	p99(ms)-r	pMax(ms)-r	total-r	elapsed-w	errors-w	ops(total)-w	ops/sec(cum)-w	avg(ms)-w	p50(ms)-w	p95(ms)-w	p99(ms)-w	pMax(ms)-w	total-w	elapsed	errors	ops(total)	ops/sec(cum)	avg(ms)	p50(ms)	p95(ms)	p99(ms)	pMax(ms)
39	0.0	0.0	123388.0	4112.599999999999	55.2625	3.1500000000000004	367.0	843.0749999999999	2139.1125	0.0	0.0	0.0	6340.0	211.4	387.05000000000007	161.4875	1308.65	2021.675	3372.2249999999995	0.0	0.0	0.0	129728.0	4323.9	71.5125	3.2874999999999996	484.42500000000007	1040.1875	3372.2249999999995
