concurrency	elapsed-r	errors-r	ops(total)-r	ops/sec(cum)-r	avg(ms)-r	p50(ms)-r	p95(ms)-r	p99(ms)-r	pMax(ms)-r	total-r	elapsed	errors	ops(total)	ops/sec(cum)	avg(ms)	p50(ms)	p95(ms)	p99(ms)	pMax(ms)
13	0.0	0.0	977853.0	32594.800000000003	2.9875	2.8125000000000004	5.2375	7.1	20.45	0.0	0.0	0.0	977853.0	32594.800000000003	2.9875	2.8125000000000004	5.2375	7.1	20.45
