concurrency	elapsed-r	errors-r	ops(total)-r	ops/sec(cum)-r	avg(ms)-r	p50(ms)-r	p95(ms)-r	p99(ms)-r	pMax(ms)-r	total-r	elapsed-w	errors-w	ops(total)-w	ops/sec(cum)-w	avg(ms)-w	p50(ms)-w	p95(ms)-w	p99(ms)-w	pMax(ms)-w	total-w	elapsed	errors	ops(total)	ops/sec(cum)	avg(ms)	p50(ms)	p95(ms)	p99(ms)	pMax(ms)
41	0.0	0.0	1894992.0	63164.6	1.5	1.3	2.4	8.1	32.833333333333336	0.0	0.0	0.0	99525.0	3317.3999999999996	3.033333333333333	2.7999999999999994	5.6000000000000005	10.833333333333334	26.566666666666663	0.0	0.0	0.0	1994517.0	66482.1	1.6000000000000003	1.3	2.9	8.4	32.833333333333336
