concurrency	elapsed-r	errors-r	ops(total)-r	ops/sec(cum)-r	avg(ms)-r	p50(ms)-r	p95(ms)-r	p99(ms)-r	pMax(ms)-r	total-r	elapsed-w	errors-w	ops(total)-w	ops/sec(cum)-w	avg(ms)-w	p50(ms)-w	p95(ms)-w	p99(ms)-w	pMax(ms)-w	total-w	elapsed	errors	ops(total)	ops/sec(cum)	avg(ms)	p50(ms)	p95(ms)	p99(ms)	pMax(ms)
104	0.0	0.0	2842332.0	94739.1	5.02	4.1	13.219999999999999	22.04	267.6	0.0	0.0	0.0	149436.0	4980.9	17.240000000000002	15.84	34.7	44.04	247.45999999999998	0.0	0.0	0.0	2991768.0	99720.09999999999	5.68	4.2	17.1	27.979999999999997	274.32
