ops/sec(cum)	p50(ms)	p99(ms)	read_tp	read_p50	read_p99	write_tp	write_p50	write_p99
112892.61666666667	2.6540714285714286	7.462428571428571	107768.91666666667	2.689714285714286	7.462428571428571	5122.7	2.6184285714285713	6.964857142857142
