concurrency	elapsed-r	errors-r	ops(total)-r	ops/sec(cum)-r	avg(ms)-r	p50(ms)-r	p95(ms)-r	p99(ms)-r	pMax(ms)-r	total-r	elapsed-w	errors-w	ops(total)-w	ops/sec(cum)-w	avg(ms)-w	p50(ms)-w	p95(ms)-w	p99(ms)-w	pMax(ms)-w	total-w	elapsed	errors	ops(total)	ops/sec(cum)	avg(ms)	p50(ms)	p95(ms)	p99(ms)	pMax(ms)
39	0.0	0.0	267802.0	8926.4	3.5124999999999997	3.2749999999999995	6.7625	9.575	37.6	0.0	0.0	0.0	13960.0	465.40000000000003	588.9125	973.1000000000001	1006.6000000000001	1010.8000000000002	1044.3875	0.0	0.0	0.0	281762.0	9391.699999999999	32.525	3.2749999999999995	8.15	998.2250000000001	1044.3875
