concurrency	elapsed-r	errors-r	ops(total)-r	ops/sec(cum)-r	avg(ms)-r	p50(ms)-r	p95(ms)-r	p99(ms)-r	pMax(ms)-r	total-r	elapsed-w	errors-w	ops(total)-w	ops/sec(cum)-w	avg(ms)-w	p50(ms)-w	p95(ms)-w	p99(ms)-w	pMax(ms)-w	total-w	elapsed	errors	ops(total)	ops/sec(cum)	avg(ms)	p50(ms)	p95(ms)	p99(ms)	pMax(ms)
21	0.0	0.0	543310.0	18109.899999999998	2.875	2.0	7.6	11.5	28.874999999999996	0.0	0.0	0.0	28891.0	963.0	25.95	3.5999999999999996	142.6	163.60000000000002	197.1	0.0	0.0	0.0	572201.0	19072.899999999998	4.025	2.05	7.949999999999999	22.275	197.1
