concurrency	elapsed-r	errors-r	ops(total)-r	ops/sec(cum)-r	avg(ms)-r	p50(ms)-r	p95(ms)-r	p99(ms)-r	pMax(ms)-r	total-r	elapsed-w	errors-w	ops(total)-w	ops/sec(cum)-w	avg(ms)-w	p50(ms)-w	p95(ms)-w	p99(ms)-w	pMax(ms)-w	total-w	elapsed	errors	ops(total)	ops/sec(cum)	avg(ms)	p50(ms)	p95(ms)	p99(ms)	pMax(ms)
32	0.0	0.0	1139007.0	37965.9	7.237500000000001	4.8875	18.025	31.674999999999997	52.8125	0.0	0.0	0.0	60066.0	2002.1999999999998	10.287500000000001	7.2875	28.9	42.125	131.04999999999998	0.0	0.0	0.0	1199073.0	39968.1	7.375	4.9625	18.4	32.2	131.04999999999998
