concurrency	elapsed-r	errors-r	ops(total)-r	ops/sec(cum)-r	avg(ms)-r	p50(ms)-r	p95(ms)-r	p99(ms)-r	pMax(ms)-r	total-r	elapsed-w	errors-w	ops(total)-w	ops/sec(cum)-w	avg(ms)-w	p50(ms)-w	p95(ms)-w	p99(ms)-w	pMax(ms)-w	total-w	elapsed	errors	ops(total)	ops/sec(cum)	avg(ms)	p50(ms)	p95(ms)	p99(ms)	pMax(ms)
148	0.0	0.0	2449328.0	81639.69999999998	5.6800000000000015	3.7600000000000002	17.54	32.9	498.3199999999999	0.0	0.0	0.0	128540.0	4284.4	121.66	9.540000000000001	42.88	4375.54	4617.1	0.0	0.0	0.0	2577868.0	85924.2	11.44	3.9799999999999995	19.259999999999998	36.06	4617.1
