concurrency	elapsed-r	errors-r	ops(total)-r	ops/sec(cum)-r	avg(ms)-r	p50(ms)-r	p95(ms)-r	p99(ms)-r	pMax(ms)-r	total-r	elapsed	errors	ops(total)	ops/sec(cum)	avg(ms)	p50(ms)	p95(ms)	p99(ms)	pMax(ms)
51	0.0	0.0	1552140.0	51736.299999999996	7.3375	6.750000000000001	15.450000000000001	22.55	96.475	0.0	0.0	0.0	1552140.0	51736.299999999996	7.3375	6.750000000000001	15.450000000000001	22.55	96.475
