concurrency	elapsed-r	errors-r	ops(total)-r	ops/sec(cum)-r	avg(ms)-r	p50(ms)-r	p95(ms)-r	p99(ms)-r	pMax(ms)-r	total-r	elapsed-w	errors-w	ops(total)-w	ops/sec(cum)-w	avg(ms)-w	p50(ms)-w	p95(ms)-w	p99(ms)-w	pMax(ms)-w	total-w	elapsed	errors	ops(total)	ops/sec(cum)	avg(ms)	p50(ms)	p95(ms)	p99(ms)	pMax(ms)
38	0.0	0.0	2246985.0	74897.29999999999	3.4000000000000004	2.925	7.374999999999999	12.325	69.19999999999999	0.0	0.0	0.0	118474.0	3949.1000000000004	4.425	3.1125	12.0125	18.25	43.2375	0.0	0.0	0.0	2365459.0	78846.3	3.4749999999999996	2.9375	7.575	12.825	69.19999999999999
