concurrency	elapsed-r	errors-r	ops(total)-r	ops/sec(cum)-r	avg(ms)-r	p50(ms)-r	p95(ms)-r	p99(ms)-r	pMax(ms)-r	total-r	elapsed-w	errors-w	ops(total)-w	ops/sec(cum)-w	avg(ms)-w	p50(ms)-w	p95(ms)-w	p99(ms)-w	pMax(ms)-w	total-w	elapsed	errors	ops(total)	ops/sec(cum)	avg(ms)	p50(ms)	p95(ms)	p99(ms)	pMax(ms)
39	0.0	0.0	1065937.0	35530.4	2.3	1.8999999999999997	4.7	14.199999999999998	92.96666666666665	0.0	0.0	0.0	55975.0	1865.7999999999997	1.2	0.9	3.4666666666666663	6.033333333333334	50.300000000000004	0.0	0.0	0.0	1121912.0	37396.3	2.2	1.8	4.5	14.0	92.96666666666665
