concurrency	elapsed-r	errors-r	ops(total)-r	ops/sec(cum)-r	avg(ms)-r	p50(ms)-r	p95(ms)-r	p99(ms)-r	pMax(ms)-r	total-r	elapsed-w	errors-w	ops(total)-w	ops/sec(cum)-w	avg(ms)-w	p50(ms)-w	p95(ms)-w	p99(ms)-w	pMax(ms)-w	total-w	elapsed	errors	ops(total)	ops/sec(cum)	avg(ms)	p50(ms)	p95(ms)	p99(ms)	pMax(ms)
44	0.0	0.0	782538.0	26083.300000000003	3.6	2.7999999999999994	8.9	26.2	107.66666666666667	0.0	0.0	0.0	40971.0	1365.6999999999998	7.133333333333333	5.6000000000000005	20.966666666666665	42.6	102.06666666666666	0.0	0.0	0.0	823509.0	27448.8	3.7999999999999994	2.7999999999999994	10.0	26.933333333333334	107.66666666666667
