concurrency	elapsed-r	errors-r	ops(total)-r	ops/sec(cum)-r	avg(ms)-r	p50(ms)-r	p95(ms)-r	p99(ms)-r	pMax(ms)-r	total-r	elapsed	errors	ops(total)	ops/sec(cum)	avg(ms)	p50(ms)	p95(ms)	p99(ms)	pMax(ms)
63	0.0	0.0	5470785.0	182354.4	2.2625	2.0124999999999997	4.2375	8.2375	220.2	0.0	0.0	0.0	5470785.0	182354.4	2.2625	2.0124999999999997	4.2375	8.2375	220.2
