concurrency	elapsed-r	errors-r	ops(total)-r	ops/sec(cum)-r	avg(ms)-r	p50(ms)-r	p95(ms)-r	p99(ms)-r	pMax(ms)-r	total-r	elapsed	errors	ops(total)	ops/sec(cum)	avg(ms)	p50(ms)	p95(ms)	p99(ms)	pMax(ms)
19	0.0	0.0	1394178.0	46472.0	3.0749999999999997	2.9000000000000004	5.699999999999999	8.775	25.025000000000002	0.0	0.0	0.0	1394178.0	46472.0	3.0749999999999997	2.9000000000000004	5.699999999999999	8.775	25.025000000000002
