concurrency	elapsed-r	errors-r	ops(total)-r	ops/sec(cum)-r	avg(ms)-r	p50(ms)-r	p95(ms)-r	p99(ms)-r	pMax(ms)-r	total-r	elapsed	errors	ops(total)	ops/sec(cum)	avg(ms)	p50(ms)	p95(ms)	p99(ms)	pMax(ms)
23	0.0	0.0	1058066.0	35268.200000000004	5.062500000000001	4.625	9.875	14.025	40.075	0.0	0.0	0.0	1058066.0	35268.200000000004	5.062500000000001	4.625	9.875	14.025	40.075
