concurrency	elapsed-r	errors-r	ops(total)-r	ops/sec(cum)-r	avg(ms)-r	p50(ms)-r	p95(ms)-r	p99(ms)-r	pMax(ms)-r	total-r	elapsed	errors	ops(total)	ops/sec(cum)	avg(ms)	p50(ms)	p95(ms)	p99(ms)	pMax(ms)
48	0.0	0.0	5511283.0	183705.3	1.7125000000000001	1.5624999999999998	2.975	6.0625	219.14999999999998	0.0	0.0	0.0	5511283.0	183705.3	1.7125000000000001	1.5624999999999998	2.975	6.0625	219.14999999999998
