concurrency	elapsed-r	errors-r	ops(total)-r	ops/sec(cum)-r	avg(ms)-r	p50(ms)-r	p95(ms)-r	p99(ms)-r	pMax(ms)-r	total-r	elapsed-w	errors-w	ops(total)-w	ops/sec(cum)-w	avg(ms)-w	p50(ms)-w	p95(ms)-w	p99(ms)-w	pMax(ms)-w	total-w	elapsed	errors	ops(total)	ops/sec(cum)	avg(ms)	p50(ms)	p95(ms)	p99(ms)	pMax(ms)
45	0.0	0.0	841388.0	28045.4	3.2000000000000006	2.3333333333333335	7.5	20.633333333333333	148.20000000000002	0.0	0.0	0.0	43819.0	1460.6	1.4333333333333333	0.9666666666666667	2.966666666666667	7.933333333333333	190.13333333333335	0.0	0.0	0.0	885207.0	29506.1	3.1	2.1666666666666665	7.3	19.9	190.13333333333335
