concurrency	elapsed-r	errors-r	ops(total)-r	ops/sec(cum)-r	avg(ms)-r	p50(ms)-r	p95(ms)-r	p99(ms)-r	pMax(ms)-r	total-r	elapsed-w	errors-w	ops(total)-w	ops/sec(cum)-w	avg(ms)-w	p50(ms)-w	p95(ms)-w	p99(ms)-w	pMax(ms)-w	total-w	elapsed	errors	ops(total)	ops/sec(cum)	avg(ms)	p50(ms)	p95(ms)	p99(ms)	pMax(ms)
80	0.0	0.0	4369230.0	145634.90000000002	2.6	2.2199999999999998	4.96	12.78	59.6	0.0	0.0	0.0	229816.0	7660.2	5.6	4.96	12.0	18.04	50.14	0.0	0.0	0.0	4599046.0	153295.0	2.7600000000000002	2.2199999999999998	6.180000000000001	12.939999999999998	60.44
