concurrency	elapsed-r	errors-r	ops(total)-r	ops/sec(cum)-r	avg(ms)-r	p50(ms)-r	p95(ms)-r	p99(ms)-r	pMax(ms)-r	total-r	elapsed-w	errors-w	ops(total)-w	ops/sec(cum)-w	avg(ms)-w	p50(ms)-w	p95(ms)-w	p99(ms)-w	pMax(ms)-w	total-w	elapsed	errors	ops(total)	ops/sec(cum)	avg(ms)	p50(ms)	p95(ms)	p99(ms)	pMax(ms)
48	0.0	0.0	3307760.0	110255.6	2.975	2.7	5.05	11.087499999999999	73.375	0.0	0.0	0.0	173914.0	5797.0	3.0000000000000004	2.725	5.35	11.299999999999999	48.7375	0.0	0.0	0.0	3481674.0	116052.90000000001	2.9875000000000003	2.7	5.05	11.125	73.63749999999999
