concurrency	elapsed-r	errors-r	ops(total)-r	ops/sec(cum)-r	avg(ms)-r	p50(ms)-r	p95(ms)-r	p99(ms)-r	pMax(ms)-r	total-r	elapsed-w	errors-w	ops(total)-w	ops/sec(cum)-w	avg(ms)-w	p50(ms)-w	p95(ms)-w	p99(ms)-w	pMax(ms)-w	total-w	elapsed	errors	ops(total)	ops/sec(cum)	avg(ms)	p50(ms)	p95(ms)	p99(ms)	pMax(ms)
123	0.0	0.0	3530651.0	117681.90000000001	2.733333333333333	2.3333333333333335	4.766666666666667	14.433333333333332	58.03333333333333	0.0	0.0	0.0	185955.0	6198.2	5.7	5.1000000000000005	12.933333333333332	19.400000000000002	48.56666666666667	0.0	0.0	0.0	3716606.0	123879.9	2.866666666666667	2.3666666666666667	6.1000000000000005	15.033333333333331	58.03333333333333
