concurrency	elapsed-w	errors-w	ops(total)-w	ops/sec(cum)-w	avg(ms)-w	p50(ms)-w	p95(ms)-w	p99(ms)-w	pMax(ms)-w	total-w	elapsed	errors	ops(total)	ops/sec(cum)	avg(ms)	p50(ms)	p95(ms)	p99(ms)	pMax(ms)
62	0.0	0.0	4196747.0	139887.0	3.2499999999999996	1.7999999999999998	9.775	15.100000000000001	125.03750000000001	0.0	0.0	0.0	4196747.0	139887.0	3.2499999999999996	1.7999999999999998	9.775	15.100000000000001	125.03750000000001
