concurrency	elapsed-r	errors-r	ops(total)-r	ops/sec(cum)-r	avg(ms)-r	p50(ms)-r	p95(ms)-r	p99(ms)-r	pMax(ms)-r	total-r	elapsed-w	errors-w	ops(total)-w	ops/sec(cum)-w	avg(ms)-w	p50(ms)-w	p95(ms)-w	p99(ms)-w	pMax(ms)-w	total-w	elapsed	errors	ops(total)	ops/sec(cum)	avg(ms)	p50(ms)	p95(ms)	p99(ms)	pMax(ms)
39	0.0	0.0	2248293.0	74941.2	3.5124999999999997	3.0124999999999997	7.575	12.45	33.3125	0.0	0.0	0.0	118558.0	3952.0000000000005	4.45	3.1500000000000004	12.075	18.2875	34.462500000000006	0.0	0.0	0.0	2366851.0	78893.1	3.5749999999999997	3.0124999999999997	7.874999999999999	12.95	35.112500000000004
