concurrency	elapsed-r	errors-r	ops(total)-r	ops/sec(cum)-r	avg(ms)-r	p50(ms)-r	p95(ms)-r	p99(ms)-r	pMax(ms)-r	total-r	elapsed-w	errors-w	ops(total)-w	ops/sec(cum)-w	avg(ms)-w	p50(ms)-w	p95(ms)-w	p99(ms)-w	pMax(ms)-w	total-w	elapsed	errors	ops(total)	ops/sec(cum)	avg(ms)	p50(ms)	p95(ms)	p99(ms)	pMax(ms)
16	0.0	0.0	1697750.0	56590.799999999996	1.8500000000000003	1.45	5.075	8.45	23.8625	0.0	0.0	0.0	89102.0	2970.1000000000004	3.9124999999999996	2.6625	10.6875	32.137499999999996	79.7	0.0	0.0	0.0	1786852.0	59560.799999999996	1.95	1.45	5.300000000000001	9.075	79.7
