concurrency	elapsed-r	errors-r	ops(total)-r	ops/sec(cum)-r	avg(ms)-r	p50(ms)-r	p95(ms)-r	p99(ms)-r	pMax(ms)-r	total-r	elapsed-w	errors-w	ops(total)-w	ops/sec(cum)-w	avg(ms)-w	p50(ms)-w	p95(ms)-w	p99(ms)-w	pMax(ms)-w	total-w	elapsed	errors	ops(total)	ops/sec(cum)	avg(ms)	p50(ms)	p95(ms)	p99(ms)	pMax(ms)
19	0.0	0.0	1319380.0	43978.4	1.6749999999999998	1.3	4.55	7.024999999999999	20.0625	0.0	0.0	0.0	69666.0	2322.2000000000003	29.662499999999998	2.1999999999999997	233.85000000000002	257.925	318.8	0.0	0.0	0.0	1389046.0	46300.49999999999	3.1000000000000005	1.3	4.8	9.2125	318.8
