concurrency	elapsed-r	errors-r	ops(total)-r	ops/sec(cum)-r	avg(ms)-r	p50(ms)-r	p95(ms)-r	p99(ms)-r	pMax(ms)-r	total-r	elapsed-w	errors-w	ops(total)-w	ops/sec(cum)-w	avg(ms)-w	p50(ms)-w	p95(ms)-w	p99(ms)-w	pMax(ms)-w	total-w	elapsed	errors	ops(total)	ops/sec(cum)	avg(ms)	p50(ms)	p95(ms)	p99(ms)	pMax(ms)
49	0.0	0.0	3311369.0	110375.29999999999	3.1125	2.95	7.35	10.5625	97.6625	0.0	0.0	0.0	174414.0	5813.5	3.1374999999999997	2.95	7.299999999999999	10.5625	23.200000000000003	0.0	0.0	0.0	3485783.0	116188.90000000001	3.1125	2.95	7.35	10.5625	97.79999999999998
