concurrency	elapsed-w	errors-w	ops(total)-w	ops/sec(cum)-w	avg(ms)-w	p50(ms)-w	p95(ms)-w	p99(ms)-w	pMax(ms)-w	total-w	elapsed	errors	ops(total)	ops/sec(cum)	avg(ms)	p50(ms)	p95(ms)	p99(ms)	pMax(ms)
60	0.0	0.0	4611769.0	153720.9	2.7875	1.9499999999999997	7.4625	12.2	175.63750000000002	0.0	0.0	0.0	4611769.0	153720.9	2.7875	1.9499999999999997	7.4625	12.2	175.63750000000002
