concurrency	elapsed-r	errors-r	ops(total)-r	ops/sec(cum)-r	avg(ms)-r	p50(ms)-r	p95(ms)-r	p99(ms)-r	pMax(ms)-r	total-r	elapsed-w	errors-w	ops(total)-w	ops/sec(cum)-w	avg(ms)-w	p50(ms)-w	p95(ms)-w	p99(ms)-w	pMax(ms)-w	total-w	elapsed	errors	ops(total)	ops/sec(cum)	avg(ms)	p50(ms)	p95(ms)	p99(ms)	pMax(ms)
3	0.0	0.0	283811.0	9460.5	2.1125000000000003	1.8250000000000002	4.2625	5.699999999999999	13.375	0.0	0.0	0.0	15084.0	502.9	3.4750000000000005	2.9375	6.862499999999999	10.2375	17.7625	0.0	0.0	0.0	298895.0	9963.2	2.175	1.8250000000000002	4.3999999999999995	6.1	17.7625
