concurrency	elapsed-r	errors-r	ops(total)-r	ops/sec(cum)-r	avg(ms)-r	p50(ms)-r	p95(ms)-r	p99(ms)-r	pMax(ms)-r	total-r	elapsed-w	errors-w	ops(total)-w	ops/sec(cum)-w	avg(ms)-w	p50(ms)-w	p95(ms)-w	p99(ms)-w	pMax(ms)-w	total-w	elapsed	errors	ops(total)	ops/sec(cum)	avg(ms)	p50(ms)	p95(ms)	p99(ms)	pMax(ms)
47	0.0	0.0	3397718.0	113253.09999999999	2.9125	2.775	5.6499999999999995	9.475	122.4125	0.0	0.0	0.0	178707.0	5956.600000000001	2.9250000000000003	2.8	5.775	9.5	45.87499999999999	0.0	0.0	0.0	3576425.0	119209.5	2.9125	2.775	5.6499999999999995	9.475	123.4625
