concurrency	elapsed-r	errors-r	ops(total)-r	ops/sec(cum)-r	avg(ms)-r	p50(ms)-r	p95(ms)-r	p99(ms)-r	pMax(ms)-r	total-r	elapsed-w	errors-w	ops(total)-w	ops/sec(cum)-w	avg(ms)-w	p50(ms)-w	p95(ms)-w	p99(ms)-w	pMax(ms)-w	total-w	elapsed	errors	ops(total)	ops/sec(cum)	avg(ms)	p50(ms)	p95(ms)	p99(ms)	pMax(ms)
39	0.0	0.0	633510.0	21116.500000000004	4.2625	2.45	15.525	31.35	164.6375	0.0	0.0	0.0	33083.0	1102.6999999999998	182.5875	9.725	903.8625000000001	4160.7	4563.400000000001	0.0	0.0	0.0	666593.0	22219.3	13.137500000000001	2.5125	16.974999999999998	38.4875	4563.400000000001
