concurrency	elapsed-r	errors-r	ops(total)-r	ops/sec(cum)-r	avg(ms)-r	p50(ms)-r	p95(ms)-r	p99(ms)-r	pMax(ms)-r	total-r	elapsed-w	errors-w	ops(total)-w	ops/sec(cum)-w	avg(ms)-w	p50(ms)-w	p95(ms)-w	p99(ms)-w	pMax(ms)-w	total-w	elapsed	errors	ops(total)	ops/sec(cum)	avg(ms)	p50(ms)	p95(ms)	p99(ms)	pMax(ms)
38	0.0	0.0	3075589.0	102517.4	2.45	2.2874999999999996	4.175	7.7	23.999999999999996	0.0	0.0	0.0	161246.0	5374.8	2.675	2.35	5.9375	9.325	22.9375	0.0	0.0	0.0	3236835.0	107892.2	2.4625000000000004	2.2874999999999996	4.3	7.9125000000000005	25.187499999999996
