concurrency	elapsed-r	errors-r	ops(total)-r	ops/sec(cum)-r	avg(ms)-r	p50(ms)-r	p95(ms)-r	p99(ms)-r	pMax(ms)-r	total-r	elapsed-w	errors-w	ops(total)-w	ops/sec(cum)-w	avg(ms)-w	p50(ms)-w	p95(ms)-w	p99(ms)-w	pMax(ms)-w	total-w	elapsed	errors	ops(total)	ops/sec(cum)	avg(ms)	p50(ms)	p95(ms)	p99(ms)	pMax(ms)
54	0.0	0.0	1934048.0	64466.1	5.7375	4.65	13.5875	21.3625	60.27499999999999	0.0	0.0	0.0	101995.0	3399.9	7.924999999999999	5.1125	22.299999999999997	31.8625	62.37500000000001	0.0	0.0	0.0	2036043.0	67865.7	5.85	4.65	14.15	22.674999999999997	63.6875
