concurrency	elapsed-r	errors-r	ops(total)-r	ops/sec(cum)-r	avg(ms)-r	p50(ms)-r	p95(ms)-r	p99(ms)-r	pMax(ms)-r	total-r	elapsed-w	errors-w	ops(total)-w	ops/sec(cum)-w	avg(ms)-w	p50(ms)-w	p95(ms)-w	p99(ms)-w	pMax(ms)-w	total-w	elapsed	errors	ops(total)	ops/sec(cum)	avg(ms)	p50(ms)	p95(ms)	p99(ms)	pMax(ms)
47	0.0	0.0	1054551.0	35150.7	2.9	2.2	7.233333333333333	18.9	83.89999999999999	0.0	0.0	0.0	55527.0	1850.9	1.2666666666666666	0.9	2.8666666666666667	7.266666666666666	51.0	0.0	0.0	0.0	1110078.0	37001.5	2.7999999999999994	2.1	7.0	18.53333333333333	83.89999999999999
