concurrency	elapsed-w	errors-w	ops(total)-w	ops/sec(cum)-w	avg(ms)-w	p50(ms)-w	p95(ms)-w	p99(ms)-w	pMax(ms)-w	total-w	elapsed	errors	ops(total)	ops/sec(cum)	avg(ms)	p50(ms)	p95(ms)	p99(ms)	pMax(ms)
35	0.0	0.0	3596465.0	119880.20000000001	2.1625	1.8375000000000001	5.799999999999999	7.4	22.95	0.0	0.0	0.0	3596465.0	119880.20000000001	2.1625	1.8375000000000001	5.799999999999999	7.4	22.95
