concurrency	elapsed-r	errors-r	ops(total)-r	ops/sec(cum)-r	avg(ms)-r	p50(ms)-r	p95(ms)-r	p99(ms)-r	pMax(ms)-r	total-r	elapsed	errors	ops(total)	ops/sec(cum)	avg(ms)	p50(ms)	p95(ms)	p99(ms)	pMax(ms)
17	0.0	0.0	1414028.0	47133.6	2.7125	2.5625000000000004	4.862500000000001	7.5	19.400000000000002	0.0	0.0	0.0	1414028.0	47133.6	2.7125	2.5625000000000004	4.862500000000001	7.5	19.400000000000002
