concurrency	elapsed-r	errors-r	ops(total)-r	ops/sec(cum)-r	avg(ms)-r	p50(ms)-r	p95(ms)-r	p99(ms)-r	pMax(ms)-r	total-r	elapsed	errors	ops(total)	ops/sec(cum)	avg(ms)	p50(ms)	p95(ms)	p99(ms)	pMax(ms)
21	0.0	0.0	1377469.0	45915.0	1.6500000000000001	1.625	2.575	4.65	15.350000000000001	0.0	0.0	0.0	1377469.0	45915.0	1.6500000000000001	1.625	2.575	4.65	15.350000000000001
