concurrency	elapsed-w	errors-w	ops(total)-w	ops/sec(cum)-w	avg(ms)-w	p50(ms)-w	p95(ms)-w	p99(ms)-w	pMax(ms)-w	total-w	elapsed	errors	ops(total)	ops/sec(cum)	avg(ms)	p50(ms)	p95(ms)	p99(ms)	pMax(ms)
9	0.0	0.0	37460.0	1248.6	28.500000000000004	3.6249999999999996	109.1	117.4	125.8	0.0	0.0	0.0	37460.0	1248.6	28.500000000000004	3.6249999999999996	109.1	117.4	125.8
