concurrency	elapsed-r	errors-r	ops(total)-r	ops/sec(cum)-r	avg(ms)-r	p50(ms)-r	p95(ms)-r	p99(ms)-r	pMax(ms)-r	total-r	elapsed-w	errors-w	ops(total)-w	ops/sec(cum)-w	avg(ms)-w	p50(ms)-w	p95(ms)-w	p99(ms)-w	pMax(ms)-w	total-w	elapsed	errors	ops(total)	ops/sec(cum)	avg(ms)	p50(ms)	p95(ms)	p99(ms)	pMax(ms)
63	0.0	0.0	1273296.0	42441.4	10.200000000000001	9.049999999999999	22.6875	34.125	132.65	0.0	0.0	0.0	66262.0	2208.5	19.612499999999997	18.725	40.0625	53.974999999999994	109.57500000000002	0.0	0.0	0.0	1339558.0	44649.90000000001	10.675	9.3	24.65	36.175	153.6
