concurrency	elapsed-r	errors-r	ops(total)-r	ops/sec(cum)-r	avg(ms)-r	p50(ms)-r	p95(ms)-r	p99(ms)-r	pMax(ms)-r	total-r	elapsed-w	errors-w	ops(total)-w	ops/sec(cum)-w	avg(ms)-w	p50(ms)-w	p95(ms)-w	p99(ms)-w	pMax(ms)-w	total-w	elapsed	errors	ops(total)	ops/sec(cum)	avg(ms)	p50(ms)	p95(ms)	p99(ms)	pMax(ms)
35	0.0	0.0	1817533.0	60582.70000000001	2.6500000000000004	2.0625	7.2375	12.412499999999998	60.537499999999994	0.0	0.0	0.0	95456.0	3181.8	31.799999999999997	3.8875	19.5375	704.6000000000001	822.0999999999999	0.0	0.0	0.0	1912989.0	63764.49999999999	4.1125	2.1	7.6	13.499999999999998	822.0999999999999
