concurrency	elapsed-r	errors-r	ops(total)-r	ops/sec(cum)-r	avg(ms)-r	p50(ms)-r	p95(ms)-r	p99(ms)-r	pMax(ms)-r	total-r	elapsed	errors	ops(total)	ops/sec(cum)	avg(ms)	p50(ms)	p95(ms)	p99(ms)	pMax(ms)
16	0.0	0.0	1392474.0	46415.1	2.5875	2.4750000000000005	4.525	7.137499999999999	20.85	0.0	0.0	0.0	1392474.0	46415.1	2.5875	2.4750000000000005	4.525	7.137499999999999	20.85
