concurrency	elapsed-r	errors-r	ops(total)-r	ops/sec(cum)-r	avg(ms)-r	p50(ms)-r	p95(ms)-r	p99(ms)-r	pMax(ms)-r	total-r	elapsed-w	errors-w	ops(total)-w	ops/sec(cum)-w	avg(ms)-w	p50(ms)-w	p95(ms)-w	p99(ms)-w	pMax(ms)-w	total-w	elapsed	errors	ops(total)	ops/sec(cum)	avg(ms)	p50(ms)	p95(ms)	p99(ms)	pMax(ms)
64	0.0	0.0	1340145.0	44670.0	2.9	2.0	8.9	21.0	113.26666666666667	0.0	0.0	0.0	70606.0	2353.4	5.900000000000001	3.966666666666667	19.9	39.1	100.7	0.0	0.0	0.0	1410751.0	47023.4	3.033333333333333	2.033333333333333	9.4	22.0	121.66666666666667
