concurrency	elapsed-w	errors-w	ops(total)-w	ops/sec(cum)-w	avg(ms)-w	p50(ms)-w	p95(ms)-w	p99(ms)-w	pMax(ms)-w	total-w	elapsed	errors	ops(total)	ops/sec(cum)	avg(ms)	p50(ms)	p95(ms)	p99(ms)	pMax(ms)
55	0.0	0.0	4898823.0	163288.4	2.275	2.0250000000000004	4.575	7.525	98.56250000000001	0.0	0.0	0.0	4898823.0	163288.4	2.275	2.0250000000000004	4.575	7.525	98.56250000000001
