concurrency	elapsed-r	errors-r	ops(total)-r	ops/sec(cum)-r	avg(ms)-r	p50(ms)-r	p95(ms)-r	p99(ms)-r	pMax(ms)-r	total-r	elapsed-w	errors-w	ops(total)-w	ops/sec(cum)-w	avg(ms)-w	p50(ms)-w	p95(ms)-w	p99(ms)-w	pMax(ms)-w	total-w	elapsed	errors	ops(total)	ops/sec(cum)	avg(ms)	p50(ms)	p95(ms)	p99(ms)	pMax(ms)
31	0.0	0.0	1586303.0	52875.2	1.8500000000000003	1.35	5.4	9.15	114.5625	0.0	0.0	0.0	83352.0	2778.2999999999997	49.762499999999996	2.4625	616.5625	683.6625000000001	771.8000000000001	0.0	0.0	0.0	1669655.0	55653.6	4.2375	1.3750000000000002	5.6499999999999995	10.6875	771.8000000000001
