concurrency	elapsed-r	errors-r	ops(total)-r	ops/sec(cum)-r	avg(ms)-r	p50(ms)-r	p95(ms)-r	p99(ms)-r	pMax(ms)-r	total-r	elapsed	errors	ops(total)	ops/sec(cum)	avg(ms)	p50(ms)	p95(ms)	p99(ms)	pMax(ms)
40	0.0	0.0	1333949.0	44463.799999999996	7.1625	6.324999999999999	15.45	23.512499999999996	57.9125	0.0	0.0	0.0	1333949.0	44463.799999999996	7.1625	6.324999999999999	15.45	23.512499999999996	57.9125
