concurrency	elapsed-r	errors-r	ops(total)-r	ops/sec(cum)-r	avg(ms)-r	p50(ms)-r	p95(ms)-r	p99(ms)-r	pMax(ms)-r	total-r	elapsed-w	errors-w	ops(total)-w	ops/sec(cum)-w	avg(ms)-w	p50(ms)-w	p95(ms)-w	p99(ms)-w	pMax(ms)-w	total-w	elapsed	errors	ops(total)	ops/sec(cum)	avg(ms)	p50(ms)	p95(ms)	p99(ms)	pMax(ms)
166	0.0	0.0	4726738.0	157545.69999999998	4.88	4.04	12.24	20.34	276.82	0.0	0.0	0.0	248385.0	8278.8	14.780000000000001	13.559999999999999	29.76	38.38	223.96000000000004	0.0	0.0	0.0	4975123.0	165824.69999999998	5.4	4.180000000000001	15.040000000000001	25.259999999999998	278.5
