concurrency	elapsed-r	errors-r	ops(total)-r	ops/sec(cum)-r	avg(ms)-r	p50(ms)-r	p95(ms)-r	p99(ms)-r	pMax(ms)-r	total-r	elapsed-w	errors-w	ops(total)-w	ops/sec(cum)-w	avg(ms)-w	p50(ms)-w	p95(ms)-w	p99(ms)-w	pMax(ms)-w	total-w	elapsed	errors	ops(total)	ops/sec(cum)	avg(ms)	p50(ms)	p95(ms)	p99(ms)	pMax(ms)
34	0.0	0.0	1870884.0	62361.2	3.6125	3.0249999999999995	8.9	14.4875	173.01250000000002	0.0	0.0	0.0	98774.0	3292.4	6.9625	5.999999999999999	16.0	25.437499999999996	158.8625	0.0	0.0	0.0	1969658.0	65653.49999999999	3.775	3.0999999999999996	9.55	15.4625	196.0875
