concurrency	elapsed-r	errors-r	ops(total)-r	ops/sec(cum)-r	avg(ms)-r	p50(ms)-r	p95(ms)-r	p99(ms)-r	pMax(ms)-r	total-r	elapsed-w	errors-w	ops(total)-w	ops/sec(cum)-w	avg(ms)-w	p50(ms)-w	p95(ms)-w	p99(ms)-w	pMax(ms)-w	total-w	elapsed	errors	ops(total)	ops/sec(cum)	avg(ms)	p50(ms)	p95(ms)	p99(ms)	pMax(ms)
47	0.0	0.0	327079.0	5451.4	2.125	1.675	4.85	12.175	57.65	0.0	0.0	0.0	17050.0	284.20000000000005	4.199999999999999	2.875	12.85	25.45	50.300000000000004	0.0	0.0	0.0	344129.0	5735.4	2.2249999999999996	1.675	5.325	13.774999999999999	59.225
