concurrency	elapsed-r	errors-r	ops(total)-r	ops/sec(cum)-r	avg(ms)-r	p50(ms)-r	p95(ms)-r	p99(ms)-r	pMax(ms)-r	total-r	elapsed-w	errors-w	ops(total)-w	ops/sec(cum)-w	avg(ms)-w	p50(ms)-w	p95(ms)-w	p99(ms)-w	pMax(ms)-w	total-w	elapsed	errors	ops(total)	ops/sec(cum)	avg(ms)	p50(ms)	p95(ms)	p99(ms)	pMax(ms)
5	0.0	0.0	537059.0	17901.7	1.875	1.7625	2.7249999999999996	4.15	13.95	0.0	0.0	0.0	28320.0	943.9000000000002	3.2625	3.1624999999999996	4.55	7.2	13.7	0.0	0.0	0.0	565379.0	18845.7	1.9374999999999998	1.7750000000000001	3.1125	4.4875	14.274999999999999
