concurrency	elapsed-r	errors-r	ops(total)-r	ops/sec(cum)-r	avg(ms)-r	p50(ms)-r	p95(ms)-r	p99(ms)-r	pMax(ms)-r	total-r	elapsed-w	errors-w	ops(total)-w	ops/sec(cum)-w	avg(ms)-w	p50(ms)-w	p95(ms)-w	p99(ms)-w	pMax(ms)-w	total-w	elapsed	errors	ops(total)	ops/sec(cum)	avg(ms)	p50(ms)	p95(ms)	p99(ms)	pMax(ms)
7	0.0	0.0	626862.0	20895.1	2.2625	2.0749999999999997	3.6250000000000004	5.025	16.0625	0.0	0.0	0.0	33000.0	1100.0	4.4	4.25	6.699999999999999	8.6625	16.862499999999997	0.0	0.0	0.0	659862.0	21995.1	2.35	2.1500000000000004	4.25	6.0249999999999995	17.837500000000002
