concurrency	elapsed-r	errors-r	ops(total)-r	ops/sec(cum)-r	avg(ms)-r	p50(ms)-r	p95(ms)-r	p99(ms)-r	pMax(ms)-r	total-r	elapsed-w	errors-w	ops(total)-w	ops/sec(cum)-w	avg(ms)-w	p50(ms)-w	p95(ms)-w	p99(ms)-w	pMax(ms)-w	total-w	elapsed	errors	ops(total)	ops/sec(cum)	avg(ms)	p50(ms)	p95(ms)	p99(ms)	pMax(ms)
72	0.0	0.0	608807.0	20292.5	2.6666666666666665	1.8	7.3	13.1	48.9	0.0	0.0	0.0	32036.0	1067.8000000000002	120.89999999999999	3.2999999999999994	671.1	704.6	738.2000000000002	0.0	0.0	0.0	640843.0	21360.3	8.566666666666668	1.8	7.900000000000001	26.933333333333337	738.2000000000002
