concurrency	elapsed-r	errors-r	ops(total)-r	ops/sec(cum)-r	avg(ms)-r	p50(ms)-r	p95(ms)-r	p99(ms)-r	pMax(ms)-r	total-r	elapsed	errors	ops(total)	ops/sec(cum)	avg(ms)	p50(ms)	p95(ms)	p99(ms)	pMax(ms)
42	0.0	0.0	1549330.0	51643.200000000004	6.0375000000000005	5.5	12.974999999999998	19.150000000000002	177.20000000000002	0.0	0.0	0.0	1549330.0	51643.200000000004	6.0375000000000005	5.5	12.974999999999998	19.150000000000002	177.20000000000002
