concurrency	elapsed-r	errors-r	ops(total)-r	ops/sec(cum)-r	avg(ms)-r	p50(ms)-r	p95(ms)-r	p99(ms)-r	pMax(ms)-r	total-r	elapsed-w	errors-w	ops(total)-w	ops/sec(cum)-w	avg(ms)-w	p50(ms)-w	p95(ms)-w	p99(ms)-w	pMax(ms)-w	total-w	elapsed	errors	ops(total)	ops/sec(cum)	avg(ms)	p50(ms)	p95(ms)	p99(ms)	pMax(ms)
15	0.0	0.0	1033458.0	34448.0	3.1000000000000005	3.0	5.575	6.6000000000000005	18.075	0.0	0.0	0.0	54391.0	1813.1000000000001	3.2249999999999996	3.1000000000000005	5.85	7.024999999999999	13.562500000000002	0.0	0.0	0.0	1087849.0	36260.99999999999	3.1000000000000005	3.0	5.575	6.6000000000000005	18.075
