concurrency	elapsed-r	errors-r	ops(total)-r	ops/sec(cum)-r	avg(ms)-r	p50(ms)-r	p95(ms)-r	p99(ms)-r	pMax(ms)-r	total-r	elapsed-w	errors-w	ops(total)-w	ops/sec(cum)-w	avg(ms)-w	p50(ms)-w	p95(ms)-w	p99(ms)-w	pMax(ms)-w	total-w	elapsed	errors	ops(total)	ops/sec(cum)	avg(ms)	p50(ms)	p95(ms)	p99(ms)	pMax(ms)
152	0.0	0.0	3484131.0	116131.3	6.525	5.199999999999999	17.1	27.75	137.375	0.0	0.0	0.0	183105.0	6103.2	15.675	14.025	33.425	44.825	148.35	0.0	0.0	0.0	3667236.0	122234.5	7.0249999999999995	5.375	18.799999999999997	30.125	160.42499999999998
