concurrency	elapsed-r	errors-r	ops(total)-r	ops/sec(cum)-r	avg(ms)-r	p50(ms)-r	p95(ms)-r	p99(ms)-r	pMax(ms)-r	total-r	elapsed-w	errors-w	ops(total)-w	ops/sec(cum)-w	avg(ms)-w	p50(ms)-w	p95(ms)-w	p99(ms)-w	pMax(ms)-w	total-w	elapsed	errors	ops(total)	ops/sec(cum)	avg(ms)	p50(ms)	p95(ms)	p99(ms)	pMax(ms)
40	0.0	0.0	936015.0	31199.699999999997	2.5666666666666664	2.0	5.5	13.6	176.16666666666666	0.0	0.0	0.0	49073.0	1635.8	1.5	1.0	2.966666666666667	7.766666666666666	42.6	0.0	0.0	0.0	985088.0	32835.4	2.5	1.8999999999999997	5.3999999999999995	13.433333333333332	176.16666666666666
