concurrency	elapsed-r	errors-r	ops(total)-r	ops/sec(cum)-r	avg(ms)-r	p50(ms)-r	p95(ms)-r	p99(ms)-r	pMax(ms)-r	total-r	elapsed-w	errors-w	ops(total)-w	ops/sec(cum)-w	avg(ms)-w	p50(ms)-w	p95(ms)-w	p99(ms)-w	pMax(ms)-w	total-w	elapsed	errors	ops(total)	ops/sec(cum)	avg(ms)	p50(ms)	p95(ms)	p99(ms)	pMax(ms)
18	0.0	0.0	2930795.0	97691.6	1.2000000000000002	1.125	2.05	3.4375	26.4875	0.0	0.0	0.0	154461.0	5148.599999999999	1.325	1.125	3.4499999999999997	4.8875	16.062499999999996	0.0	0.0	0.0	3085256.0	102840.20000000001	1.2000000000000002	1.125	2.05	3.75	26.4875
