concurrency	elapsed-r	errors-r	ops(total)-r	ops/sec(cum)-r	avg(ms)-r	p50(ms)-r	p95(ms)-r	p99(ms)-r	pMax(ms)-r	total-r	elapsed-w	errors-w	ops(total)-w	ops/sec(cum)-w	avg(ms)-w	p50(ms)-w	p95(ms)-w	p99(ms)-w	pMax(ms)-w	total-w	elapsed	errors	ops(total)	ops/sec(cum)	avg(ms)	p50(ms)	p95(ms)	p99(ms)	pMax(ms)
112	0.0	0.0	4514116.0	150461.7	3.3600000000000003	2.8600000000000003	7.18	15.1	108.63999999999999	0.0	0.0	0.0	236657.0	7888.2	9.260000000000002	8.28	18.68	26.1	80.1	0.0	0.0	0.0	4750773.0	158349.90000000002	3.7	3.02	9.92	16.699999999999996	108.63999999999999
