concurrency	elapsed-r	errors-r	ops(total)-r	ops/sec(cum)-r	avg(ms)-r	p50(ms)-r	p95(ms)-r	p99(ms)-r	pMax(ms)-r	total-r	elapsed-w	errors-w	ops(total)-w	ops/sec(cum)-w	avg(ms)-w	p50(ms)-w	p95(ms)-w	p99(ms)-w	pMax(ms)-w	total-w	elapsed	errors	ops(total)	ops/sec(cum)	avg(ms)	p50(ms)	p95(ms)	p99(ms)	pMax(ms)
136	0.0	0.0	4616473.0	153869.7	4.1000000000000005	3.3800000000000003	10.06	18.06	180.78000000000003	0.0	0.0	0.0	243743.0	8124.0	12.219999999999999	11.059999999999999	25.26	34.28	101.08	0.0	0.0	0.0	4860216.0	161993.7	4.5	3.4200000000000004	13.239999999999998	21.1	180.78000000000003
