concurrency	elapsed-r	errors-r	ops(total)-r	ops/sec(cum)-r	avg(ms)-r	p50(ms)-r	p95(ms)-r	p99(ms)-r	pMax(ms)-r	total-r	elapsed-w	errors-w	ops(total)-w	ops/sec(cum)-w	avg(ms)-w	p50(ms)-w	p95(ms)-w	p99(ms)-w	pMax(ms)-w	total-w	elapsed	errors	ops(total)	ops/sec(cum)	avg(ms)	p50(ms)	p95(ms)	p99(ms)	pMax(ms)
88	0.0	0.0	4378277.0	145936.4	2.92	2.46	6.08	13.419999999999998	122.46	0.0	0.0	0.0	230144.0	7671.2	6.3999999999999995	5.66	14.0	20.04	77.17999999999999	0.0	0.0	0.0	4608421.0	153607.5	3.0799999999999996	2.5200000000000005	7.219999999999999	14.1	123.29999999999998
