concurrency	elapsed-r	errors-r	ops(total)-r	ops/sec(cum)-r	avg(ms)-r	p50(ms)-r	p95(ms)-r	p99(ms)-r	pMax(ms)-r	total-r	elapsed-w	errors-w	ops(total)-w	ops/sec(cum)-w	avg(ms)-w	p50(ms)-w	p95(ms)-w	p99(ms)-w	pMax(ms)-w	total-w	elapsed	errors	ops(total)	ops/sec(cum)	avg(ms)	p50(ms)	p95(ms)	p99(ms)	pMax(ms)
32	0.0	0.0	605757.0	20191.199999999997	7.3625	2.35	11.125	159.4	375.40000000000003	0.0	0.0	0.0	31648.0	1054.8999999999999	97.0375	93.875	121.07500000000002	250.63750000000002	429.91249999999997	0.0	0.0	0.0	637405.0	21246.200000000004	11.8125	2.45	92.29999999999998	165.70000000000002	436.2124999999999
