concurrency	elapsed-r	errors-r	ops(total)-r	ops/sec(cum)-r	avg(ms)-r	p50(ms)-r	p95(ms)-r	p99(ms)-r	pMax(ms)-r	total-r	elapsed-w	errors-w	ops(total)-w	ops/sec(cum)-w	avg(ms)-w	p50(ms)-w	p95(ms)-w	p99(ms)-w	pMax(ms)-w	total-w	elapsed	errors	ops(total)	ops/sec(cum)	avg(ms)	p50(ms)	p95(ms)	p99(ms)	pMax(ms)
32	0.0	0.0	630147.0	21004.4	5.225000000000001	2.625	22.15	56.337500000000006	193.9875	0.0	0.0	0.0	33048.0	1101.7	116.13749999999999	21.6125	56.862500000000004	5804.9125	6912.200000000001	0.0	0.0	0.0	663195.0	22105.999999999996	10.7375	2.6624999999999996	28.062500000000004	60.537499999999994	6912.200000000001
