concurrency	elapsed-r	errors-r	ops(total)-r	ops/sec(cum)-r	avg(ms)-r	p50(ms)-r	p95(ms)-r	p99(ms)-r	pMax(ms)-r	total-r	elapsed-w	errors-w	ops(total)-w	ops/sec(cum)-w	avg(ms)-w	p50(ms)-w	p95(ms)-w	p99(ms)-w	pMax(ms)-w	total-w	elapsed	errors	ops(total)	ops/sec(cum)	avg(ms)	p50(ms)	p95(ms)	p99(ms)	pMax(ms)
160	0.0	0.0	3425873.0	114186.29999999999	3.766666666666667	3.1999999999999997	8.033333333333333	17.133333333333333	69.2	0.0	0.0	0.0	179849.0	5994.5	8.0	7.166666666666667	17.033333333333335	24.099999999999998	61.5	0.0	0.0	0.0	3605722.0	120180.8	3.9333333333333336	3.266666666666667	9.200000000000001	17.8	69.2
