concurrency	elapsed-r	errors-r	ops(total)-r	ops/sec(cum)-r	avg(ms)-r	p50(ms)-r	p95(ms)-r	p99(ms)-r	pMax(ms)-r	total-r	elapsed-w	errors-w	ops(total)-w	ops/sec(cum)-w	avg(ms)-w	p50(ms)-w	p95(ms)-w	p99(ms)-w	pMax(ms)-w	total-w	elapsed	errors	ops(total)	ops/sec(cum)	avg(ms)	p50(ms)	p95(ms)	p99(ms)	pMax(ms)
15	0.0	0.0	647241.0	21574.1	3.8875	2.45	7.800000000000001	46.362500000000004	108.5625	0.0	0.0	0.0	34106.0	1136.9	26.9625	25.949999999999996	40.325	73.4	159.3875	0.0	0.0	0.0	681347.0	22711.000000000004	5.075000000000001	2.5375	24.924999999999997	47.675	159.3875
