concurrency	elapsed-r	errors-r	ops(total)-r	ops/sec(cum)-r	avg(ms)-r	p50(ms)-r	p95(ms)-r	p99(ms)-r	pMax(ms)-r	total-r	elapsed-w	errors-w	ops(total)-w	ops/sec(cum)-w	avg(ms)-w	p50(ms)-w	p95(ms)-w	p99(ms)-w	pMax(ms)-w	total-w	elapsed	errors	ops(total)	ops/sec(cum)	avg(ms)	p50(ms)	p95(ms)	p99(ms)	pMax(ms)
40	0.0	0.0	1916869.0	63893.7	4.1499999999999995	3.5749999999999997	9.775	15.450000000000001	67.3625	0.0	0.0	0.0	100676.0	3355.7	8.012500000000001	7.2625	18.075	25.312499999999996	75.75	0.0	0.0	0.0	2017545.0	67249.4	4.325	3.625	10.625	16.675	84.67499999999998
