concurrency	elapsed-r	errors-r	ops(total)-r	ops/sec(cum)-r	avg(ms)-r	p50(ms)-r	p95(ms)-r	p99(ms)-r	pMax(ms)-r	total-r	elapsed-w	errors-w	ops(total)-w	ops/sec(cum)-w	avg(ms)-w	p50(ms)-w	p95(ms)-w	p99(ms)-w	pMax(ms)-w	total-w	elapsed	errors	ops(total)	ops/sec(cum)	avg(ms)	p50(ms)	p95(ms)	p99(ms)	pMax(ms)
31	0.0	0.0	3266322.0	108875.4	1.8875	1.7625000000000002	3.0375	6.2375	26.887499999999996	0.0	0.0	0.0	172103.0	5736.7	2.0374999999999996	1.8375	3.9124999999999996	6.987499999999999	20.25	0.0	0.0	0.0	3438425.0	114612.0	1.8875	1.7750000000000001	3.05	6.3	26.887499999999996
