concurrency	elapsed-w	errors-w	ops(total)-w	ops/sec(cum)-w	avg(ms)-w	p50(ms)-w	p95(ms)-w	p99(ms)-w	pMax(ms)-w	total-w	elapsed	errors	ops(total)	ops/sec(cum)	avg(ms)	p50(ms)	p95(ms)	p99(ms)	pMax(ms)
20	0.0	0.0	92325.0	3077.4	25.674999999999997	2.8499999999999996	192.9	209.7	239.10000000000002	0.0	0.0	0.0	92325.0	3077.4	25.674999999999997	2.8499999999999996	192.9	209.7	239.10000000000002
