concurrency	elapsed-r	errors-r	ops(total)-r	ops/sec(cum)-r	avg(ms)-r	p50(ms)-r	p95(ms)-r	p99(ms)-r	pMax(ms)-r	total-r	elapsed-w	errors-w	ops(total)-w	ops/sec(cum)-w	avg(ms)-w	p50(ms)-w	p95(ms)-w	p99(ms)-w	pMax(ms)-w	total-w	elapsed	errors	ops(total)	ops/sec(cum)	avg(ms)	p50(ms)	p95(ms)	p99(ms)	pMax(ms)
8	0.0	0.0	393189.0	13106.199999999999	1.3999999999999997	1.3999999999999997	1.8	4.066666666666666	21.0	0.0	0.0	0.0	20706.0	690.2	2.2	2.4	2.9333333333333336	7.866666666666667	19.566666666666666	0.0	0.0	0.0	413895.0	13796.400000000001	1.4333333333333333	1.3999999999999997	2.033333333333333	4.366666666666666	21.0
