concurrency	elapsed-r	errors-r	ops(total)-r	ops/sec(cum)-r	avg(ms)-r	p50(ms)-r	p95(ms)-r	p99(ms)-r	pMax(ms)-r	total-r	elapsed-w	errors-w	ops(total)-w	ops/sec(cum)-w	avg(ms)-w	p50(ms)-w	p95(ms)-w	p99(ms)-w	pMax(ms)-w	total-w	elapsed	errors	ops(total)	ops/sec(cum)	avg(ms)	p50(ms)	p95(ms)	p99(ms)	pMax(ms)
19	0.0	0.0	157329.0	5244.200000000001	4.9750000000000005	4.8625	8.875	10.7875	20.5875	0.0	0.0	0.0	8259.0	275.4	449.7375	520.1	570.4	604.0	645.9000000000001	0.0	0.0	0.0	165588.0	5519.4	27.174999999999997	4.95	11.95	570.4	645.9000000000001
