concurrency	elapsed-r	errors-r	ops(total)-r	ops/sec(cum)-r	avg(ms)-r	p50(ms)-r	p95(ms)-r	p99(ms)-r	pMax(ms)-r	total-r	elapsed	errors	ops(total)	ops/sec(cum)	avg(ms)	p50(ms)	p95(ms)	p99(ms)	pMax(ms)
57	0.0	0.0	1541705.0	51388.7	8.274999999999999	7.3999999999999995	18.625000000000004	26.625	181.38750000000002	0.0	0.0	0.0	1541705.0	51388.7	8.274999999999999	7.3999999999999995	18.625000000000004	26.625	181.38750000000002
