concurrency	elapsed-r	errors-r	ops(total)-r	ops/sec(cum)-r	avg(ms)-r	p50(ms)-r	p95(ms)-r	p99(ms)-r	pMax(ms)-r	total-r	elapsed-w	errors-w	ops(total)-w	ops/sec(cum)-w	avg(ms)-w	p50(ms)-w	p95(ms)-w	p99(ms)-w	pMax(ms)-w	total-w	elapsed	errors	ops(total)	ops/sec(cum)	avg(ms)	p50(ms)	p95(ms)	p99(ms)	pMax(ms)
13	0.0	0.0	619819.0	20660.2	4.1	1.8000000000000003	11.649999999999999	37.449999999999996	302.0	0.0	0.0	0.0	32646.0	1088.1999999999998	13.4625	3.25	45.05	149.95	308.2875	0.0	0.0	0.0	652465.0	21748.399999999998	4.5625	1.8375000000000001	15.650000000000002	42.949999999999996	310.38750000000005
