concurrency	elapsed-r	errors-r	ops(total)-r	ops/sec(cum)-r	avg(ms)-r	p50(ms)-r	p95(ms)-r	p99(ms)-r	pMax(ms)-r	total-r	elapsed-w	errors-w	ops(total)-w	ops/sec(cum)-w	avg(ms)-w	p50(ms)-w	p95(ms)-w	p99(ms)-w	pMax(ms)-w	total-w	elapsed	errors	ops(total)	ops/sec(cum)	avg(ms)	p50(ms)	p95(ms)	p99(ms)	pMax(ms)
48	0.0	0.0	1952327.0	65075.49999999999	4.9	4.4125	11.5	18.4875	46.8875	0.0	0.0	0.0	102272.0	3409.1	8.787500000000001	8.25	19.400000000000002	26.75	54.762499999999996	0.0	0.0	0.0	2054599.0	68484.4	5.1000000000000005	4.425	12.599999999999998	19.400000000000002	56.074999999999996
