concurrency	elapsed-r	errors-r	ops(total)-r	ops/sec(cum)-r	avg(ms)-r	p50(ms)-r	p95(ms)-r	p99(ms)-r	pMax(ms)-r	total-r	elapsed-w	errors-w	ops(total)-w	ops/sec(cum)-w	avg(ms)-w	p50(ms)-w	p95(ms)-w	p99(ms)-w	pMax(ms)-w	total-w	elapsed	errors	ops(total)	ops/sec(cum)	avg(ms)	p50(ms)	p95(ms)	p99(ms)	pMax(ms)
39	0.0	0.0	4035555.0	134515.6	1.9749999999999999	1.325	5.15	7.5375	217.04999999999998	0.0	0.0	0.0	212652.0	7088.299999999999	2.0250000000000004	1.3250000000000002	5.3	7.9624999999999995	87.6625	0.0	0.0	0.0	4248207.0	141603.9	1.9749999999999999	1.325	5.15	7.5375	217.04999999999998
