concurrency	elapsed-r	errors-r	ops(total)-r	ops/sec(cum)-r	avg(ms)-r	p50(ms)-r	p95(ms)-r	p99(ms)-r	pMax(ms)-r	total-r	elapsed-w	errors-w	ops(total)-w	ops/sec(cum)-w	avg(ms)-w	p50(ms)-w	p95(ms)-w	p99(ms)-w	pMax(ms)-w	total-w	elapsed	errors	ops(total)	ops/sec(cum)	avg(ms)	p50(ms)	p95(ms)	p99(ms)	pMax(ms)
20	0.0	0.0	1361868.0	45394.9	2.9749999999999996	2.9624999999999995	6.262499999999999	7.6000000000000005	47.4375	0.0	0.0	0.0	72220.0	2407.3999999999996	6.7375	4.8625	25.162499999999998	53.974999999999994	83.37500000000001	0.0	0.0	0.0	1434088.0	47802.1	3.175	3.0	6.4875	8.775	83.37500000000001
