concurrency	elapsed-r	errors-r	ops(total)-r	ops/sec(cum)-r	avg(ms)-r	p50(ms)-r	p95(ms)-r	p99(ms)-r	pMax(ms)-r	total-r	elapsed-w	errors-w	ops(total)-w	ops/sec(cum)-w	avg(ms)-w	p50(ms)-w	p95(ms)-w	p99(ms)-w	pMax(ms)-w	total-w	elapsed	errors	ops(total)	ops/sec(cum)	avg(ms)	p50(ms)	p95(ms)	p99(ms)	pMax(ms)
39	0.0	0.0	1122515.0	37416.2	9.2	6.5625	20.924999999999997	33.0625	134.75	0.0	0.0	0.0	59164.0	1972.1000000000004	29.1875	24.2875	76.8125	130.54999999999998	182.43750000000003	0.0	0.0	0.0	1181679.0	39388.2	10.1875	6.8999999999999995	27.4	47.162499999999994	186.62500000000003
