concurrency	elapsed-r	errors-r	ops(total)-r	ops/sec(cum)-r	avg(ms)-r	p50(ms)-r	p95(ms)-r	p99(ms)-r	pMax(ms)-r	total-r	elapsed-w	errors-w	ops(total)-w	ops/sec(cum)-w	avg(ms)-w	p50(ms)-w	p95(ms)-w	p99(ms)-w	pMax(ms)-w	total-w	elapsed	errors	ops(total)	ops/sec(cum)	avg(ms)	p50(ms)	p95(ms)	p99(ms)	pMax(ms)
33	0.0	0.0	1146151.0	38203.99999999999	5.875	5.3375	13.3125	19.787499999999998	89.63749999999999	0.0	0.0	0.0	60196.0	2006.6000000000001	11.7	11.274999999999999	25.45	33.925000000000004	57.912499999999994	0.0	0.0	0.0	1206347.0	40210.5	6.175	5.3625	14.675	22.1375	92.78750000000001
