concurrency	elapsed-r	errors-r	ops(total)-r	ops/sec(cum)-r	avg(ms)-r	p50(ms)-r	p95(ms)-r	p99(ms)-r	pMax(ms)-r	total-r	elapsed	errors	ops(total)	ops/sec(cum)	avg(ms)	p50(ms)	p95(ms)	p99(ms)	pMax(ms)
18	0.0	0.0	1278070.0	42601.600000000006	3.2250000000000005	2.9625	5.9	9.1375	21.5	0.0	0.0	0.0	1278070.0	42601.600000000006	3.2250000000000005	2.9625	5.9	9.1375	21.5
