concurrency	elapsed-r	errors-r	ops(total)-r	ops/sec(cum)-r	avg(ms)-r	p50(ms)-r	p95(ms)-r	p99(ms)-r	pMax(ms)-r	total-r	elapsed-w	errors-w	ops(total)-w	ops/sec(cum)-w	avg(ms)-w	p50(ms)-w	p95(ms)-w	p99(ms)-w	pMax(ms)-w	total-w	elapsed	errors	ops(total)	ops/sec(cum)	avg(ms)	p50(ms)	p95(ms)	p99(ms)	pMax(ms)
51	0.0	0.0	3278339.0	109274.7	3.1499999999999995	2.8500000000000005	5.45	12.512499999999998	112.85	0.0	0.0	0.0	172966.0	5765.399999999999	3.2750000000000004	2.9125	6.0	12.774999999999999	104.04999999999998	0.0	0.0	0.0	3451305.0	115039.9	3.1499999999999995	2.8500000000000005	5.4875	12.512499999999998	112.85
