concurrency	elapsed-r	errors-r	ops(total)-r	ops/sec(cum)-r	avg(ms)-r	p50(ms)-r	p95(ms)-r	p99(ms)-r	pMax(ms)-r	total-r	elapsed-w	errors-w	ops(total)-w	ops/sec(cum)-w	avg(ms)-w	p50(ms)-w	p95(ms)-w	p99(ms)-w	pMax(ms)-w	total-w	elapsed	errors	ops(total)	ops/sec(cum)	avg(ms)	p50(ms)	p95(ms)	p99(ms)	pMax(ms)
94	0.0	0.0	2895418.0	96510.2	4.5600000000000005	3.7600000000000002	10.679999999999998	20.58	223.14000000000001	0.0	0.0	0.0	152123.0	5070.6	14.6	13.539999999999997	30.080000000000002	38.480000000000004	187.9	0.0	0.0	0.0	3047541.0	101580.8	5.06	3.8	14.919999999999998	24.560000000000002	223.14000000000001
