concurrency	elapsed-r	errors-r	ops(total)-r	ops/sec(cum)-r	avg(ms)-r	p50(ms)-r	p95(ms)-r	p99(ms)-r	pMax(ms)-r	total-r	elapsed-w	errors-w	ops(total)-w	ops/sec(cum)-w	avg(ms)-w	p50(ms)-w	p95(ms)-w	p99(ms)-w	pMax(ms)-w	total-w	elapsed	errors	ops(total)	ops/sec(cum)	avg(ms)	p50(ms)	p95(ms)	p99(ms)	pMax(ms)
46	0.0	0.0	3308286.0	110273.59999999999	2.825	2.65	4.675000000000001	9.0	38.37500000000001	0.0	0.0	0.0	174738.0	5824.5	2.825	2.65	5.025	9.325	24.124999999999996	0.0	0.0	0.0	3483024.0	116098.09999999999	2.825	2.65	4.675000000000001	9.0	38.37500000000001
