concurrency	elapsed-r	errors-r	ops(total)-r	ops/sec(cum)-r	avg(ms)-r	p50(ms)-r	p95(ms)-r	p99(ms)-r	pMax(ms)-r	total-r	elapsed-w	errors-w	ops(total)-w	ops/sec(cum)-w	avg(ms)-w	p50(ms)-w	p95(ms)-w	p99(ms)-w	pMax(ms)-w	total-w	elapsed	errors	ops(total)	ops/sec(cum)	avg(ms)	p50(ms)	p95(ms)	p99(ms)	pMax(ms)
7	0.0	0.0	306913.0	10230.2	3.325	2.85	6.825	8.575	18.825000000000003	0.0	0.0	0.0	16104.0	536.9	36.175	17.75	92.29999999999998	103.85	116.3625	0.0	0.0	0.0	323017.0	10766.900000000001	4.9750000000000005	2.95	7.562499999999999	74.975	116.3625
