ops/sec(cum)	p50(ms)	p99(ms)	read_tp	read_p50	read_p99	write_tp	write_p50	write_p99
241505.83333333334	0.17935714285714285	0.625	231026.95	0.179	0.625	10477.883333333333	0.17971428571428572	0.6211428571428571
