concurrency	elapsed-r	errors-r	ops(total)-r	ops/sec(cum)-r	avg(ms)-r	p50(ms)-r	p95(ms)-r	p99(ms)-r	pMax(ms)-r	total-r	elapsed-w	errors-w	ops(total)-w	ops/sec(cum)-w	avg(ms)-w	p50(ms)-w	p95(ms)-w	p99(ms)-w	pMax(ms)-w	total-w	elapsed	errors	ops(total)	ops/sec(cum)	avg(ms)	p50(ms)	p95(ms)	p99(ms)	pMax(ms)
128	0.0	0.0	4558462.0	151938.1	3.78	3.2400000000000007	8.18	16.56	157.29999999999998	0.0	0.0	0.0	239834.0	7993.9	11.0	10.04	22.220000000000002	29.139999999999997	88.72	0.0	0.0	0.0	4798296.0	159931.9	4.16	3.2600000000000002	11.66	19.2	157.49999999999997
