concurrency	elapsed-w	errors-w	ops(total)-w	ops/sec(cum)-w	avg(ms)-w	p50(ms)-w	p95(ms)-w	p99(ms)-w	pMax(ms)-w	total-w	elapsed	errors	ops(total)	ops/sec(cum)	avg(ms)	p50(ms)	p95(ms)	p99(ms)	pMax(ms)
47	0.0	0.0	3477053.0	115899.09999999999	2.9875000000000003	2.875	6.299999999999999	9.225000000000001	24.912499999999998	0.0	0.0	0.0	3477053.0	115899.09999999999	2.9875000000000003	2.875	6.299999999999999	9.225000000000001	24.912499999999998
