ops/sec(cum)	p50(ms)	p99(ms)	read_tp	read_p50	read_p99	write_tp	write_p50	write_p99
87118.16666666667	1.2865714285714285	7.847428571428571	83074.91666666667	1.3314285714285714	7.847428571428571	4042.25	1.2417142857142858	7.154857142857143
