concurrency	elapsed-r	errors-r	ops(total)-r	ops/sec(cum)-r	avg(ms)-r	p50(ms)-r	p95(ms)-r	p99(ms)-r	pMax(ms)-r	total-r	elapsed	errors	ops(total)	ops/sec(cum)	avg(ms)	p50(ms)	p95(ms)	p99(ms)	pMax(ms)
18	0.0	0.0	1362309.0	45409.6	3.0124999999999997	2.7750000000000004	5.375	8.5	21.375	0.0	0.0	0.0	1362309.0	45409.6	3.0124999999999997	2.7750000000000004	5.375	8.5	21.375
