concurrency	elapsed-r	errors-r	ops(total)-r	ops/sec(cum)-r	avg(ms)-r	p50(ms)-r	p95(ms)-r	p99(ms)-r	pMax(ms)-r	total-r	elapsed-w	errors-w	ops(total)-w	ops/sec(cum)-w	avg(ms)-w	p50(ms)-w	p95(ms)-w	p99(ms)-w	pMax(ms)-w	total-w	elapsed	errors	ops(total)	ops/sec(cum)	avg(ms)	p50(ms)	p95(ms)	p99(ms)	pMax(ms)
54	0.0	0.0	3513980.0	117129.8	3.1999999999999997	3.0624999999999996	5.374999999999999	10.1	96.98749999999998	0.0	0.0	0.0	184726.0	6157.4	3.1999999999999997	3.0874999999999995	5.374999999999999	10.1625	23.0625	0.0	0.0	0.0	3698706.0	123287.2	3.1999999999999997	3.0624999999999996	5.374999999999999	10.1	96.98749999999998
