concurrency	elapsed-r	errors-r	ops(total)-r	ops/sec(cum)-r	avg(ms)-r	p50(ms)-r	p95(ms)-r	p99(ms)-r	pMax(ms)-r	total-r	elapsed-w	errors-w	ops(total)-w	ops/sec(cum)-w	avg(ms)-w	p50(ms)-w	p95(ms)-w	p99(ms)-w	pMax(ms)-w	total-w	elapsed	errors	ops(total)	ops/sec(cum)	avg(ms)	p50(ms)	p95(ms)	p99(ms)	pMax(ms)
46	0.0	0.0	3731392.0	124376.3	2.5875	1.8250000000000002	7.449999999999999	10.75	190.43749999999997	0.0	0.0	0.0	196930.0	6564.1	2.6	1.85	7.6375	10.875	54.27499999999999	0.0	0.0	0.0	3928322.0	130940.4	2.5875	1.8250000000000002	7.449999999999999	10.8125	191.36249999999998
