concurrency	elapsed-w	errors-w	ops(total)-w	ops/sec(cum)-w	avg(ms)-w	p50(ms)-w	p95(ms)-w	p99(ms)-w	pMax(ms)-w	total-w	elapsed	errors	ops(total)	ops/sec(cum)	avg(ms)	p50(ms)	p95(ms)	p99(ms)	pMax(ms)
24	0.0	0.0	699797.0	23326.0	7.8875	5.3500000000000005	14.700000000000001	23.849999999999998	700.4125000000001	0.0	0.0	0.0	699797.0	23326.0	7.8875	5.3500000000000005	14.700000000000001	23.849999999999998	700.4125000000001
