concurrency	elapsed-r	errors-r	ops(total)-r	ops/sec(cum)-r	avg(ms)-r	p50(ms)-r	p95(ms)-r	p99(ms)-r	pMax(ms)-r	total-r	elapsed-w	errors-w	ops(total)-w	ops/sec(cum)-w	avg(ms)-w	p50(ms)-w	p95(ms)-w	p99(ms)-w	pMax(ms)-w	total-w	elapsed	errors	ops(total)	ops/sec(cum)	avg(ms)	p50(ms)	p95(ms)	p99(ms)	pMax(ms)
79	0.0	0.0	192721.0	3212.1	2.8	1.85	7.799999999999999	17.299999999999997	203.425	0.0	0.0	0.0	9841.0	164.0	27.225	3.925	157.3	182.425	213.89999999999998	0.0	0.0	0.0	202562.0	3376.1	4.0	1.875	9.299999999999999	45.050000000000004	251.64999999999998
