concurrency	elapsed-r	errors-r	ops(total)-r	ops/sec(cum)-r	avg(ms)-r	p50(ms)-r	p95(ms)-r	p99(ms)-r	pMax(ms)-r	total-r	elapsed-w	errors-w	ops(total)-w	ops/sec(cum)-w	avg(ms)-w	p50(ms)-w	p95(ms)-w	p99(ms)-w	pMax(ms)-w	total-w	elapsed	errors	ops(total)	ops/sec(cum)	avg(ms)	p50(ms)	p95(ms)	p99(ms)	pMax(ms)
39	0.0	0.0	2415313.0	80508.3	3.2249999999999996	2.8125	6.625000000000001	11.575	45.725	0.0	0.0	0.0	127760.0	4258.6	4.125	3.0500000000000003	10.475	15.8875	38.2625	0.0	0.0	0.0	2543073.0	84766.99999999999	3.2625	2.8125	6.85	11.95	49.525
