concurrency	elapsed-r	errors-r	ops(total)-r	ops/sec(cum)-r	avg(ms)-r	p50(ms)-r	p95(ms)-r	p99(ms)-r	pMax(ms)-r	total-r	elapsed-w	errors-w	ops(total)-w	ops/sec(cum)-w	avg(ms)-w	p50(ms)-w	p95(ms)-w	p99(ms)-w	pMax(ms)-w	total-w	elapsed	errors	ops(total)	ops/sec(cum)	avg(ms)	p50(ms)	p95(ms)	p99(ms)	pMax(ms)
29	0.0	0.0	1697158.0	56570.399999999994	1.9500000000000002	1.475	5.375	8.8875	128.975	0.0	0.0	0.0	89028.0	2967.6000000000004	36.4125	2.775	434.0999999999999	494.90000000000003	566.2125	0.0	0.0	0.0	1786186.0	59537.7	3.6750000000000007	1.5	5.65	10.225	566.2125
