concurrency	elapsed-r	errors-r	ops(total)-r	ops/sec(cum)-r	avg(ms)-r	p50(ms)-r	p95(ms)-r	p99(ms)-r	pMax(ms)-r	total-r	elapsed-w	errors-w	ops(total)-w	ops/sec(cum)-w	avg(ms)-w	p50(ms)-w	p95(ms)-w	p99(ms)-w	pMax(ms)-w	total-w	elapsed	errors	ops(total)	ops/sec(cum)	avg(ms)	p50(ms)	p95(ms)	p99(ms)	pMax(ms)
48	0.0	0.0	3420417.0	114011.19999999998	2.775	2.6624999999999996	4.675000000000001	8.675	53.9	0.0	0.0	0.0	179718.0	5990.400000000001	2.9000000000000004	2.7249999999999996	5.187499999999999	9.1125	21.437500000000004	0.0	0.0	0.0	3600135.0	120001.8	2.7874999999999996	2.6624999999999996	4.675000000000001	8.675	53.9
