concurrency	elapsed-r	errors-r	ops(total)-r	ops/sec(cum)-r	avg(ms)-r	p50(ms)-r	p95(ms)-r	p99(ms)-r	pMax(ms)-r	total-r	elapsed-w	errors-w	ops(total)-w	ops/sec(cum)-w	avg(ms)-w	p50(ms)-w	p95(ms)-w	p99(ms)-w	pMax(ms)-w	total-w	elapsed	errors	ops(total)	ops/sec(cum)	avg(ms)	p50(ms)	p95(ms)	p99(ms)	pMax(ms)
40	0.0	0.0	1060836.0	35360.2	2.4	2.0	5.133333333333334	14.699999999999998	74.10000000000001	0.0	0.0	0.0	55843.0	1861.4	1.3	0.9	2.4	6.833333333333333	45.4	0.0	0.0	0.0	1116679.0	37221.6	2.3	1.8333333333333333	4.7	14.199999999999998	74.10000000000001
