ops/sec(cum)	p50(ms)	p99(ms)	read_tp	read_p50	read_p99	write_tp	write_p50	write_p99
219445.26666666666	0.269	1.4949999999999999	209865.53333333333	0.26866666666666666	1.4949999999999999	9578.733333333334	0.2693333333333333	1.456
