concurrency	elapsed-r	errors-r	ops(total)-r	ops/sec(cum)-r	avg(ms)-r	p50(ms)-r	p95(ms)-r	p99(ms)-r	pMax(ms)-r	total-r	elapsed-w	errors-w	ops(total)-w	ops/sec(cum)-w	avg(ms)-w	p50(ms)-w	p95(ms)-w	p99(ms)-w	pMax(ms)-w	total-w	elapsed	errors	ops(total)	ops/sec(cum)	avg(ms)	p50(ms)	p95(ms)	p99(ms)	pMax(ms)
152	0.0	0.0	2734895.0	91156.9	4.12	2.82	12.680000000000001	26.22	374.12	0.0	0.0	0.0	143425.0	4780.5	102.44000000000001	7.5	31.339999999999996	3999.7	4456.0599999999995	0.0	0.0	0.0	2878320.0	95937.3	9.0	2.94	13.74	28.939999999999998	4456.0599999999995
