concurrency	elapsed-w	errors-w	ops(total)-w	ops/sec(cum)-w	avg(ms)-w	p50(ms)-w	p95(ms)-w	p99(ms)-w	pMax(ms)-w	total-w	elapsed	errors	ops(total)	ops/sec(cum)	avg(ms)	p50(ms)	p95(ms)	p99(ms)	pMax(ms)
44	0.0	0.0	732328.0	24410.2	14.0	10.325000000000001	36.1375	48.9875	104.35	0.0	0.0	0.0	732328.0	24410.2	14.0	10.325000000000001	36.1375	48.9875	104.35
