ops/sec(cum)	p50(ms)	p99(ms)	read_tp	read_p50	read_p99	write_tp	write_p50	write_p99
240335.8833333333	0.17558333333333334	0.652	229812.56666666665	0.175	0.652	10522.316666666668	0.17616666666666667	0.6486666666666666
