concurrency	elapsed-r	errors-r	ops(total)-r	ops/sec(cum)-r	avg(ms)-r	p50(ms)-r	p95(ms)-r	p99(ms)-r	pMax(ms)-r	total-r	elapsed-w	errors-w	ops(total)-w	ops/sec(cum)-w	avg(ms)-w	p50(ms)-w	p95(ms)-w	p99(ms)-w	pMax(ms)-w	total-w	elapsed	errors	ops(total)	ops/sec(cum)	avg(ms)	p50(ms)	p95(ms)	p99(ms)	pMax(ms)
16	0.0	0.0	1603870.0	35641.2	1.6	1.3599999999999999	3.7	8.9	63.32000000000001	0.0	0.0	0.0	84958.0	1887.9	2.92	2.48	7.139999999999999	15.3	50.32000000000001	0.0	0.0	0.0	1688828.0	37529.2	1.6600000000000001	1.4	3.8600000000000003	9.4	63.32000000000001
