concurrency	elapsed-r	errors-r	ops(total)-r	ops/sec(cum)-r	avg(ms)-r	p50(ms)-r	p95(ms)-r	p99(ms)-r	pMax(ms)-r	total-r	elapsed-w	errors-w	ops(total)-w	ops/sec(cum)-w	avg(ms)-w	p50(ms)-w	p95(ms)-w	p99(ms)-w	pMax(ms)-w	total-w	elapsed	errors	ops(total)	ops/sec(cum)	avg(ms)	p50(ms)	p95(ms)	p99(ms)	pMax(ms)
112	0.0	0.0	4367182.0	145561.4	3.4200000000000004	2.6	9.68	17.08	91.84	0.0	0.0	0.0	228894.0	7629.2	17.860000000000003	6.4799999999999995	19.500000000000004	389.34000000000003	547.78	0.0	0.0	0.0	4596076.0	153190.5	4.14	2.72	10.8	18.3	547.78
