concurrency	elapsed-r	errors-r	ops(total)-r	ops/sec(cum)-r	avg(ms)-r	p50(ms)-r	p95(ms)-r	p99(ms)-r	pMax(ms)-r	total-r	elapsed-w	errors-w	ops(total)-w	ops/sec(cum)-w	avg(ms)-w	p50(ms)-w	p95(ms)-w	p99(ms)-w	pMax(ms)-w	total-w	elapsed	errors	ops(total)	ops/sec(cum)	avg(ms)	p50(ms)	p95(ms)	p99(ms)	pMax(ms)
74	0.0	0.0	1862070.0	62067.0	2.1999999999999997	1.5	5.833333333333333	9.166666666666666	25.53333333333333	0.0	0.0	0.0	97633.0	3254.2	58.800000000000004	2.566666666666667	317.73333333333335	332.3666666666667	373.3	0.0	0.0	0.0	1959703.0	65321.3	5.0	1.5333333333333332	6.1000000000000005	16.333333333333332	373.3
