concurrency	elapsed-r	errors-r	ops(total)-r	ops/sec(cum)-r	avg(ms)-r	p50(ms)-r	p95(ms)-r	p99(ms)-r	pMax(ms)-r	total-r	elapsed-w	errors-w	ops(total)-w	ops/sec(cum)-w	avg(ms)-w	p50(ms)-w	p95(ms)-w	p99(ms)-w	pMax(ms)-w	total-w	elapsed	errors	ops(total)	ops/sec(cum)	avg(ms)	p50(ms)	p95(ms)	p99(ms)	pMax(ms)
27	0.0	0.0	1468767.0	48958.0	4.025	3.8500000000000005	7.187500000000001	8.7125	22.549999999999997	0.0	0.0	0.0	77123.0	2570.7999999999997	4.0125	3.8375	7.1125	8.65	15.825000000000001	0.0	0.0	0.0	1545890.0	51528.700000000004	4.025	3.8500000000000005	7.187500000000001	8.7125	22.549999999999997
