concurrency	elapsed-r	errors-r	ops(total)-r	ops/sec(cum)-r	avg(ms)-r	p50(ms)-r	p95(ms)-r	p99(ms)-r	pMax(ms)-r	total-r	elapsed-w	errors-w	ops(total)-w	ops/sec(cum)-w	avg(ms)-w	p50(ms)-w	p95(ms)-w	p99(ms)-w	pMax(ms)-w	total-w	elapsed	errors	ops(total)	ops/sec(cum)	avg(ms)	p50(ms)	p95(ms)	p99(ms)	pMax(ms)
9	0.0	0.0	666745.0	22224.4	2.65	2.425	5.025	6.999999999999999	31.7375	0.0	0.0	0.0	35039.0	1168.0	6.875	6.549999999999999	11.7	15.075000000000001	25.950000000000003	0.0	0.0	0.0	701784.0	23392.4	2.8499999999999996	2.45	6.025	9.1875	32.65
