concurrency	elapsed-r	errors-r	ops(total)-r	ops/sec(cum)-r	avg(ms)-r	p50(ms)-r	p95(ms)-r	p99(ms)-r	pMax(ms)-r	total-r	elapsed-w	errors-w	ops(total)-w	ops/sec(cum)-w	avg(ms)-w	p50(ms)-w	p95(ms)-w	p99(ms)-w	pMax(ms)-w	total-w	elapsed	errors	ops(total)	ops/sec(cum)	avg(ms)	p50(ms)	p95(ms)	p99(ms)	pMax(ms)
119	0.0	0.0	4427666.0	147571.6	3.34	2.58	9.66	17.259999999999998	76.36	0.0	0.0	0.0	233111.0	7769.400000000001	21.860000000000003	6.7	20.0	541.8	696.4399999999999	0.0	0.0	0.0	4660777.0	155341.0	4.26	2.5999999999999996	10.8	18.580000000000002	696.6600000000001
