concurrency	elapsed-r	errors-r	ops(total)-r	ops/sec(cum)-r	avg(ms)-r	p50(ms)-r	p95(ms)-r	p99(ms)-r	pMax(ms)-r	total-r	elapsed-w	errors-w	ops(total)-w	ops/sec(cum)-w	avg(ms)-w	p50(ms)-w	p95(ms)-w	p99(ms)-w	pMax(ms)-w	total-w	elapsed	errors	ops(total)	ops/sec(cum)	avg(ms)	p50(ms)	p95(ms)	p99(ms)	pMax(ms)
136	0.0	0.0	2851967.0	95059.4	6.640000000000001	5.340000000000001	17.3	27.660000000000004	577.16	0.0	0.0	0.0	150575.0	5018.799999999999	23.9	22.46	46.96	61.65999999999999	505.82	0.0	0.0	0.0	3002542.0	100078.30000000002	7.5	5.5	21.639999999999997	37.96	577.16
