concurrency	elapsed-r	errors-r	ops(total)-r	ops/sec(cum)-r	avg(ms)-r	p50(ms)-r	p95(ms)-r	p99(ms)-r	pMax(ms)-r	total-r	elapsed-w	errors-w	ops(total)-w	ops/sec(cum)-w	avg(ms)-w	p50(ms)-w	p95(ms)-w	p99(ms)-w	pMax(ms)-w	total-w	elapsed	errors	ops(total)	ops/sec(cum)	avg(ms)	p50(ms)	p95(ms)	p99(ms)	pMax(ms)
98	0.0	0.0	2846211.0	94868.6	4.7	3.9200000000000004	10.919999999999998	20.56	240.74	0.0	0.0	0.0	150308.0	5009.999999999999	16.479999999999997	15.52	32.9	42.339999999999996	165.23999999999998	0.0	0.0	0.0	2996519.0	99878.7	5.26	3.9799999999999995	15.719999999999999	26.020000000000003	240.74
