concurrency	elapsed-r	errors-r	ops(total)-r	ops/sec(cum)-r	avg(ms)-r	p50(ms)-r	p95(ms)-r	p99(ms)-r	pMax(ms)-r	total-r	elapsed-w	errors-w	ops(total)-w	ops/sec(cum)-w	avg(ms)-w	p50(ms)-w	p95(ms)-w	p99(ms)-w	pMax(ms)-w	total-w	elapsed	errors	ops(total)	ops/sec(cum)	avg(ms)	p50(ms)	p95(ms)	p99(ms)	pMax(ms)
96	0.0	0.0	4220308.0	140668.6	3.5200000000000005	2.9400000000000004	8.059999999999999	16.479999999999997	78.2	0.0	0.0	0.0	222066.0	7401.700000000001	8.08	7.12	17.8	24.720000000000002	53.879999999999995	0.0	0.0	0.0	4442374.0	148070.2	3.7600000000000002	2.96	9.86	17.18	78.2
