concurrency	elapsed-r	errors-r	ops(total)-r	ops/sec(cum)-r	avg(ms)-r	p50(ms)-r	p95(ms)-r	p99(ms)-r	pMax(ms)-r	total-r	elapsed-w	errors-w	ops(total)-w	ops/sec(cum)-w	avg(ms)-w	p50(ms)-w	p95(ms)-w	p99(ms)-w	pMax(ms)-w	total-w	elapsed	errors	ops(total)	ops/sec(cum)	avg(ms)	p50(ms)	p95(ms)	p99(ms)	pMax(ms)
55	0.0	0.0	1879551.0	62649.4	5.8999999999999995	5.012499999999999	14.55	23.075	72.875	0.0	0.0	0.0	98446.0	3281.5	11.15	10.1875	25.287499999999998	36.9625	85.99999999999999	0.0	0.0	0.0	1977997.0	65930.7	6.15	5.15	15.625	24.65	87.57499999999999
