concurrency	elapsed-r	errors-r	ops(total)-r	ops/sec(cum)-r	avg(ms)-r	p50(ms)-r	p95(ms)-r	p99(ms)-r	pMax(ms)-r	total-r	elapsed-w	errors-w	ops(total)-w	ops/sec(cum)-w	avg(ms)-w	p50(ms)-w	p95(ms)-w	p99(ms)-w	pMax(ms)-w	total-w	elapsed	errors	ops(total)	ops/sec(cum)	avg(ms)	p50(ms)	p95(ms)	p99(ms)	pMax(ms)
111	0.0	0.0	2741029.0	91363.2	6.24	4.92	16.26	26.020000000000003	296.12	0.0	0.0	0.0	144775.0	4825.700000000001	18.04	16.580000000000002	37.519999999999996	49.9	218.11999999999998	0.0	0.0	0.0	2885804.0	96188.8	6.8	5.139999999999999	19.3	30.18	296.12
