concurrency	elapsed-r	errors-r	ops(total)-r	ops/sec(cum)-r	avg(ms)-r	p50(ms)-r	p95(ms)-r	p99(ms)-r	pMax(ms)-r	total-r	elapsed-w	errors-w	ops(total)-w	ops/sec(cum)-w	avg(ms)-w	p50(ms)-w	p95(ms)-w	p99(ms)-w	pMax(ms)-w	total-w	elapsed	errors	ops(total)	ops/sec(cum)	avg(ms)	p50(ms)	p95(ms)	p99(ms)	pMax(ms)
32	0.0	0.0	1906452.0	63547.0	3.3125000000000004	2.9375	7.675000000000001	12.599999999999998	54.3875	0.0	0.0	0.0	100464.0	3348.8	6.1000000000000005	5.525	13.362499999999997	19.5375	39.5625	0.0	0.0	0.0	2006916.0	66895.6	3.5	2.9749999999999996	8.2875	13.437499999999998	58.1625
