concurrency	elapsed-r	errors-r	ops(total)-r	ops/sec(cum)-r	avg(ms)-r	p50(ms)-r	p95(ms)-r	p99(ms)-r	pMax(ms)-r	total-r	elapsed-w	errors-w	ops(total)-w	ops/sec(cum)-w	avg(ms)-w	p50(ms)-w	p95(ms)-w	p99(ms)-w	pMax(ms)-w	total-w	elapsed	errors	ops(total)	ops/sec(cum)	avg(ms)	p50(ms)	p95(ms)	p99(ms)	pMax(ms)
15	0.0	0.0	654062.0	21801.500000000004	3.4625000000000004	2.45	6.549999999999999	30.437500000000004	117.425	0.0	0.0	0.0	34409.0	1147.0	34.4625	35.175000000000004	49.775000000000006	62.1125	126.8625	0.0	0.0	0.0	688471.0	22948.6	4.987500000000001	2.55	28.325000000000003	47.675	130.0
