concurrency	elapsed-r	errors-r	ops(total)-r	ops/sec(cum)-r	avg(ms)-r	p50(ms)-r	p95(ms)-r	p99(ms)-r	pMax(ms)-r	total-r	elapsed-w	errors-w	ops(total)-w	ops/sec(cum)-w	avg(ms)-w	p50(ms)-w	p95(ms)-w	p99(ms)-w	pMax(ms)-w	total-w	elapsed	errors	ops(total)	ops/sec(cum)	avg(ms)	p50(ms)	p95(ms)	p99(ms)	pMax(ms)
29	0.0	0.0	139069.0	4635.4	39.925	3.5875	233.85000000000002	478.1625	1224.775	0.0	0.0	0.0	7387.0	246.2	177.25	78.3875	654.2875	1216.3874999999998	2566.9125	0.0	0.0	0.0	146456.0	4881.700000000001	46.849999999999994	3.7749999999999995	279.95000000000005	562.025	2566.9125
