concurrency	elapsed-r	errors-r	ops(total)-r	ops/sec(cum)-r	avg(ms)-r	p50(ms)-r	p95(ms)-r	p99(ms)-r	pMax(ms)-r	total-r	elapsed-w	errors-w	ops(total)-w	ops/sec(cum)-w	avg(ms)-w	p50(ms)-w	p95(ms)-w	p99(ms)-w	pMax(ms)-w	total-w	elapsed	errors	ops(total)	ops/sec(cum)	avg(ms)	p50(ms)	p95(ms)	p99(ms)	pMax(ms)
39	0.0	0.0	1040453.0	34680.4	7.3125	3.0875000000000004	16.1375	137.35	486.52500000000003	0.0	0.0	0.0	54511.0	1817.0	25.825	6.0875	196.05	306.20000000000005	545.2375000000001	0.0	0.0	0.0	1094964.0	36497.4	8.2375	3.2	17.4375	163.60000000000002	547.3375000000001
