concurrency	elapsed-r	errors-r	ops(total)-r	ops/sec(cum)-r	avg(ms)-r	p50(ms)-r	p95(ms)-r	p99(ms)-r	pMax(ms)-r	total-r	elapsed-w	errors-w	ops(total)-w	ops/sec(cum)-w	avg(ms)-w	p50(ms)-w	p95(ms)-w	p99(ms)-w	pMax(ms)-w	total-w	elapsed	errors	ops(total)	ops/sec(cum)	avg(ms)	p50(ms)	p95(ms)	p99(ms)	pMax(ms)
68	0.0	0.0	2882691.0	96085.79999999999	3.3200000000000003	2.74	7.0200000000000005	15.5	93.91999999999999	0.0	0.0	0.0	151645.0	5054.5	8.680000000000001	7.74	18.880000000000003	25.52	97.1	0.0	0.0	0.0	3034336.0	101140.29999999999	3.6	2.8200000000000003	9.34	17.4	100.64000000000001
