concurrency	elapsed-r	errors-r	ops(total)-r	ops/sec(cum)-r	avg(ms)-r	p50(ms)-r	p95(ms)-r	p99(ms)-r	pMax(ms)-r	total-r	elapsed-w	errors-w	ops(total)-w	ops/sec(cum)-w	avg(ms)-w	p50(ms)-w	p95(ms)-w	p99(ms)-w	pMax(ms)-w	total-w	elapsed	errors	ops(total)	ops/sec(cum)	avg(ms)	p50(ms)	p95(ms)	p99(ms)	pMax(ms)
72	0.0	0.0	4340367.0	144672.7	2.28	1.94	4.34	11.440000000000001	118.9	0.0	0.0	0.0	228015.0	7600.099999999999	4.9	4.279999999999999	11.02	16.619999999999997	39.220000000000006	0.0	0.0	0.0	4568382.0	152272.9	2.4	1.9599999999999997	5.46	11.84	118.9
