concurrency	elapsed-r	errors-r	ops(total)-r	ops/sec(cum)-r	avg(ms)-r	p50(ms)-r	p95(ms)-r	p99(ms)-r	pMax(ms)-r	total-r	elapsed-w	errors-w	ops(total)-w	ops/sec(cum)-w	avg(ms)-w	p50(ms)-w	p95(ms)-w	p99(ms)-w	pMax(ms)-w	total-w	elapsed	errors	ops(total)	ops/sec(cum)	avg(ms)	p50(ms)	p95(ms)	p99(ms)	pMax(ms)
90	0.0	0.0	1494523.0	24908.600000000002	3.325	1.8749999999999998	10.375	25.725	197.10000000000002	0.0	0.0	0.0	78228.0	1303.6	6.7	3.675	23.875	43.475	111.12499999999999	0.0	0.0	0.0	1572751.0	26212.3	3.475	1.9250000000000003	11.275	27.825	197.10000000000002
