concurrency	elapsed-r	errors-r	ops(total)-r	ops/sec(cum)-r	avg(ms)-r	p50(ms)-r	p95(ms)-r	p99(ms)-r	pMax(ms)-r	total-r	elapsed-w	errors-w	ops(total)-w	ops/sec(cum)-w	avg(ms)-w	p50(ms)-w	p95(ms)-w	p99(ms)-w	pMax(ms)-w	total-w	elapsed	errors	ops(total)	ops/sec(cum)	avg(ms)	p50(ms)	p95(ms)	p99(ms)	pMax(ms)
79	0.0	0.0	2843457.0	94778.1	3.84	3.16	8.459999999999999	17.619999999999997	121.64000000000001	0.0	0.0	0.0	150013.0	5000.1	11.919999999999998	10.76	24.160000000000004	30.580000000000002	104.24000000000001	0.0	0.0	0.0	2993470.0	99778.40000000001	4.220000000000001	3.34	12.559999999999999	20.38	125.0
