concurrency	elapsed-r	errors-r	ops(total)-r	ops/sec(cum)-r	avg(ms)-r	p50(ms)-r	p95(ms)-r	p99(ms)-r	pMax(ms)-r	total-r	elapsed-w	errors-w	ops(total)-w	ops/sec(cum)-w	avg(ms)-w	p50(ms)-w	p95(ms)-w	p99(ms)-w	pMax(ms)-w	total-w	elapsed	errors	ops(total)	ops/sec(cum)	avg(ms)	p50(ms)	p95(ms)	p99(ms)	pMax(ms)
97	0.0	0.0	2869209.0	95636.2	4.76	3.8800000000000003	11.540000000000001	20.779999999999998	261.73999999999995	0.0	0.0	0.0	150476.0	5015.7	15.8	14.680000000000001	32.06	41.08	147.24	0.0	0.0	0.0	3019685.0	100651.90000000001	5.319999999999999	4.04	15.6	26.020000000000003	261.73999999999995
