concurrency	elapsed-r	errors-r	ops(total)-r	ops/sec(cum)-r	avg(ms)-r	p50(ms)-r	p95(ms)-r	p99(ms)-r	pMax(ms)-r	total-r	elapsed-w	errors-w	ops(total)-w	ops/sec(cum)-w	avg(ms)-w	p50(ms)-w	p95(ms)-w	p99(ms)-w	pMax(ms)-w	total-w	elapsed	errors	ops(total)	ops/sec(cum)	avg(ms)	p50(ms)	p95(ms)	p99(ms)	pMax(ms)
29	0.0	0.0	1464398.0	48812.4	4.325	4.2	7.449999999999999	9.025	19.2625	0.0	0.0	0.0	77058.0	2568.6000000000004	4.3	4.2	7.374999999999999	8.9625	16.049999999999997	0.0	0.0	0.0	1541456.0	51380.8	4.325	4.2	7.449999999999999	9.025	19.2625
