concurrency	elapsed-r	errors-r	ops(total)-r	ops/sec(cum)-r	avg(ms)-r	p50(ms)-r	p95(ms)-r	p99(ms)-r	pMax(ms)-r	total-r	elapsed-w	errors-w	ops(total)-w	ops/sec(cum)-w	avg(ms)-w	p50(ms)-w	p95(ms)-w	p99(ms)-w	pMax(ms)-w	total-w	elapsed	errors	ops(total)	ops/sec(cum)	avg(ms)	p50(ms)	p95(ms)	p99(ms)	pMax(ms)
79	0.0	0.0	2485255.0	82838.9	2.35	1.625	6.324999999999999	10.325000000000001	40.349999999999994	0.0	0.0	0.0	130315.0	4343.700000000001	58.25	2.8249999999999997	329.0	352.85	402.625	0.0	0.0	0.0	2615570.0	87182.5	5.175000000000001	1.65	6.699999999999999	18.325000000000003	402.625
