concurrency	elapsed-r	errors-r	ops(total)-r	ops/sec(cum)-r	avg(ms)-r	p50(ms)-r	p95(ms)-r	p99(ms)-r	pMax(ms)-r	total-r	elapsed-w	errors-w	ops(total)-w	ops/sec(cum)-w	avg(ms)-w	p50(ms)-w	p95(ms)-w	p99(ms)-w	pMax(ms)-w	total-w	elapsed	errors	ops(total)	ops/sec(cum)	avg(ms)	p50(ms)	p95(ms)	p99(ms)	pMax(ms)
15	0.0	0.0	1144558.0	38151.399999999994	1.275	1.15	2.625	4.15	49.24999999999999	0.0	0.0	0.0	60546.0	2018.2000000000003	2.225	2.025	4.3999999999999995	7.1499999999999995	36.55	0.0	0.0	0.0	1205104.0	40169.7	1.325	1.15	2.75	4.45	52.925
