concurrency	elapsed-r	errors-r	ops(total)-r	ops/sec(cum)-r	avg(ms)-r	p50(ms)-r	p95(ms)-r	p99(ms)-r	pMax(ms)-r	total-r	elapsed	errors	ops(total)	ops/sec(cum)	avg(ms)	p50(ms)	p95(ms)	p99(ms)	pMax(ms)
23	0.0	0.0	1368058.0	45601.0	3.875	3.4999999999999996	7.85	11.799999999999999	32.7875	0.0	0.0	0.0	1368058.0	45601.0	3.875	3.4999999999999996	7.85	11.799999999999999	32.7875
