concurrency	elapsed-r	errors-r	ops(total)-r	ops/sec(cum)-r	avg(ms)-r	p50(ms)-r	p95(ms)-r	p99(ms)-r	pMax(ms)-r	total-r	elapsed-w	errors-w	ops(total)-w	ops/sec(cum)-w	avg(ms)-w	p50(ms)-w	p95(ms)-w	p99(ms)-w	pMax(ms)-w	total-w	elapsed	errors	ops(total)	ops/sec(cum)	avg(ms)	p50(ms)	p95(ms)	p99(ms)	pMax(ms)
48	0.0	0.0	1303242.0	43440.0	5.375	3.1625	17.612499999999997	30.775	239.075	0.0	0.0	0.0	67784.0	2259.4	73.225	37.525	205.50000000000003	244.35000000000002	404.74999999999994	0.0	0.0	0.0	1371026.0	45699.299999999996	8.725	3.3125	23.075000000000003	154.15	404.74999999999994
