concurrency	elapsed-r	errors-r	ops(total)-r	ops/sec(cum)-r	avg(ms)-r	p50(ms)-r	p95(ms)-r	p99(ms)-r	pMax(ms)-r	total-r	elapsed-w	errors-w	ops(total)-w	ops/sec(cum)-w	avg(ms)-w	p50(ms)-w	p95(ms)-w	p99(ms)-w	pMax(ms)-w	total-w	elapsed	errors	ops(total)	ops/sec(cum)	avg(ms)	p50(ms)	p95(ms)	p99(ms)	pMax(ms)
44	0.0	0.0	759493.0	25315.899999999998	3.2000000000000006	2.2	8.1	19.9	92.26666666666665	0.0	0.0	0.0	40110.0	1337.0	6.066666666666666	4.566666666666666	16.3	32.199999999999996	79.7	0.0	0.0	0.0	799603.0	26652.9	3.4	2.2	8.9	19.9	96.46666666666665
