concurrency	elapsed-r	errors-r	ops(total)-r	ops/sec(cum)-r	avg(ms)-r	p50(ms)-r	p95(ms)-r	p99(ms)-r	pMax(ms)-r	total-r	elapsed-w	errors-w	ops(total)-w	ops/sec(cum)-w	avg(ms)-w	p50(ms)-w	p95(ms)-w	p99(ms)-w	pMax(ms)-w	total-w	elapsed	errors	ops(total)	ops/sec(cum)	avg(ms)	p50(ms)	p95(ms)	p99(ms)	pMax(ms)
46	0.0	0.0	1105682.0	36855.1	3.0	2.2	9.4	20.633333333333333	69.2	0.0	0.0	0.0	58316.0	1943.8000000000002	1.7	1.0	3.1666666666666665	13.799999999999999	51.0	0.0	0.0	0.0	1163998.0	38798.9	2.966666666666667	2.2	9.233333333333334	19.9	69.2
