concurrency	elapsed-r	errors-r	ops(total)-r	ops/sec(cum)-r	avg(ms)-r	p50(ms)-r	p95(ms)-r	p99(ms)-r	pMax(ms)-r	total-r	elapsed-w	errors-w	ops(total)-w	ops/sec(cum)-w	avg(ms)-w	p50(ms)-w	p95(ms)-w	p99(ms)-w	pMax(ms)-w	total-w	elapsed	errors	ops(total)	ops/sec(cum)	avg(ms)	p50(ms)	p95(ms)	p99(ms)	pMax(ms)
54	0.0	0.0	3202611.0	106750.30000000002	3.5625	3.2750000000000004	6.4	10.6	76.2875	0.0	0.0	0.0	168523.0	5617.2	3.5500000000000003	3.3000000000000003	6.4	10.6625	25.3125	0.0	0.0	0.0	3371134.0	112367.5	3.5625	3.2750000000000004	6.4	10.6	77.475
