concurrency	elapsed-r	errors-r	ops(total)-r	ops/sec(cum)-r	avg(ms)-r	p50(ms)-r	p95(ms)-r	p99(ms)-r	pMax(ms)-r	total-r	elapsed-w	errors-w	ops(total)-w	ops/sec(cum)-w	avg(ms)-w	p50(ms)-w	p95(ms)-w	p99(ms)-w	pMax(ms)-w	total-w	elapsed	errors	ops(total)	ops/sec(cum)	avg(ms)	p50(ms)	p95(ms)	p99(ms)	pMax(ms)
47	0.0	0.0	612603.0	20419.600000000002	4.7124999999999995	2.5250000000000004	17.675	36.949999999999996	174.075	0.0	0.0	0.0	31967.0	1065.7	235.35	10.8125	1207.975	5637.099999999999	6174.0	0.0	0.0	0.0	644570.0	21485.000000000004	16.137500000000003	2.65	19.150000000000002	46.1	6174.0
