concurrency	elapsed-r	errors-r	ops(total)-r	ops/sec(cum)-r	avg(ms)-r	p50(ms)-r	p95(ms)-r	p99(ms)-r	pMax(ms)-r	total-r	elapsed-w	errors-w	ops(total)-w	ops/sec(cum)-w	avg(ms)-w	p50(ms)-w	p95(ms)-w	p99(ms)-w	pMax(ms)-w	total-w	elapsed	errors	ops(total)	ops/sec(cum)	avg(ms)	p50(ms)	p95(ms)	p99(ms)	pMax(ms)
15	0.0	0.0	1154122.0	38470.2	2.7249999999999996	2.725	5.2	6.299999999999999	25.4375	0.0	0.0	0.0	60697.0	2023.2	3.45	3.225	6.774999999999999	9.649999999999999	30.6875	0.0	0.0	0.0	1214819.0	40493.4	2.8000000000000003	2.8000000000000003	5.425000000000001	6.449999999999999	34.4875
