concurrency	elapsed-r	errors-r	ops(total)-r	ops/sec(cum)-r	avg(ms)-r	p50(ms)-r	p95(ms)-r	p99(ms)-r	pMax(ms)-r	total-r	elapsed-w	errors-w	ops(total)-w	ops/sec(cum)-w	avg(ms)-w	p50(ms)-w	p95(ms)-w	p99(ms)-w	pMax(ms)-w	total-w	elapsed	errors	ops(total)	ops/sec(cum)	avg(ms)	p50(ms)	p95(ms)	p99(ms)	pMax(ms)
95	0.0	0.0	2862351.0	95406.9	4.6	3.8800000000000003	10.8	19.92	171.98000000000002	0.0	0.0	0.0	150370.0	5012.0	14.62	13.419999999999998	29.139999999999997	37.739999999999995	157.72000000000003	0.0	0.0	0.0	3012721.0	100419.0	5.1	3.9200000000000004	14.919999999999998	23.9	176.18
