concurrency	elapsed-r	errors-r	ops(total)-r	ops/sec(cum)-r	avg(ms)-r	p50(ms)-r	p95(ms)-r	p99(ms)-r	pMax(ms)-r	total-r	elapsed-w	errors-w	ops(total)-w	ops/sec(cum)-w	avg(ms)-w	p50(ms)-w	p95(ms)-w	p99(ms)-w	pMax(ms)-w	total-w	elapsed	errors	ops(total)	ops/sec(cum)	avg(ms)	p50(ms)	p95(ms)	p99(ms)	pMax(ms)
17	0.0	0.0	513016.0	17100.2	6.525	2.05	25.062499999999996	119.5	425.7125	0.0	0.0	0.0	27089.0	902.9000000000001	22.6125	3.9875	73.39999999999999	263.1875	566.225	0.0	0.0	0.0	540105.0	18002.899999999998	7.3374999999999995	2.1625	30.025000000000002	129.475	566.225
