concurrency	elapsed-r	errors-r	ops(total)-r	ops/sec(cum)-r	avg(ms)-r	p50(ms)-r	p95(ms)-r	p99(ms)-r	pMax(ms)-r	total-r	elapsed-w	errors-w	ops(total)-w	ops/sec(cum)-w	avg(ms)-w	p50(ms)-w	p95(ms)-w	p99(ms)-w	pMax(ms)-w	total-w	elapsed	errors	ops(total)	ops/sec(cum)	avg(ms)	p50(ms)	p95(ms)	p99(ms)	pMax(ms)
57	0.0	0.0	770708.0	25689.5	3.7999999999999994	2.6	10.5	20.633333333333333	64.3	0.0	0.0	0.0	40060.0	1335.3	1.8666666666666665	1.3	3.966666666666667	12.233333333333334	102.10000000000001	0.0	0.0	0.0	810768.0	27024.7	3.7000000000000006	2.2	10.5	19.9	102.10000000000001
