concurrency	elapsed-r	errors-r	ops(total)-r	ops/sec(cum)-r	avg(ms)-r	p50(ms)-r	p95(ms)-r	p99(ms)-r	pMax(ms)-r	total-r	elapsed-w	errors-w	ops(total)-w	ops/sec(cum)-w	avg(ms)-w	p50(ms)-w	p95(ms)-w	p99(ms)-w	pMax(ms)-w	total-w	elapsed	errors	ops(total)	ops/sec(cum)	avg(ms)	p50(ms)	p95(ms)	p99(ms)	pMax(ms)
53	0.0	0.0	3720386.0	124009.1	3.0000000000000004	2.025	8.65	13.374999999999998	194.51250000000002	0.0	0.0	0.0	195992.0	6532.700000000001	3.0500000000000003	2.1	8.9625	13.624999999999998	61.324999999999996	0.0	0.0	0.0	3916378.0	130542.0	3.0000000000000004	2.025	8.775	13.374999999999998	197.125
