concurrency	elapsed-w	errors-w	ops(total)-w	ops/sec(cum)-w	avg(ms)-w	p50(ms)-w	p95(ms)-w	p99(ms)-w	pMax(ms)-w	total-w	elapsed	errors	ops(total)	ops/sec(cum)	avg(ms)	p50(ms)	p95(ms)	p99(ms)	pMax(ms)
44	0.0	0.0	741019.0	24699.7	13.8125	11.524999999999999	33.85	46.362500000000004	136.3125	0.0	0.0	0.0	741019.0	24699.7	13.8125	11.524999999999999	33.85	46.362500000000004	136.3125
