concurrency	elapsed-r	errors-r	ops(total)-r	ops/sec(cum)-r	avg(ms)-r	p50(ms)-r	p95(ms)-r	p99(ms)-r	pMax(ms)-r	total-r	elapsed-w	errors-w	ops(total)-w	ops/sec(cum)-w	avg(ms)-w	p50(ms)-w	p95(ms)-w	p99(ms)-w	pMax(ms)-w	total-w	elapsed	errors	ops(total)	ops/sec(cum)	avg(ms)	p50(ms)	p95(ms)	p99(ms)	pMax(ms)
32	0.0	0.0	1918447.0	63946.600000000006	3.3	2.9375	7.449999999999999	12.474999999999998	49.65	0.0	0.0	0.0	101139.0	3371.2	5.9624999999999995	5.6125	13.099999999999998	19.150000000000002	46.3875	0.0	0.0	0.0	2019586.0	67318.0	3.45	2.95	8.0	13.099999999999998	54.50000000000001
