concurrency	elapsed-r	errors-r	ops(total)-r	ops/sec(cum)-r	avg(ms)-r	p50(ms)-r	p95(ms)-r	p99(ms)-r	pMax(ms)-r	total-r	elapsed-w	errors-w	ops(total)-w	ops/sec(cum)-w	avg(ms)-w	p50(ms)-w	p95(ms)-w	p99(ms)-w	pMax(ms)-w	total-w	elapsed	errors	ops(total)	ops/sec(cum)	avg(ms)	p50(ms)	p95(ms)	p99(ms)	pMax(ms)
5	0.0	0.0	534756.0	17824.899999999998	1.875	1.7750000000000001	2.7249999999999996	4.125	16.4625	0.0	0.0	0.0	28161.0	938.6999999999999	3.2625	3.175	4.512499999999999	7.175	14.4875	0.0	0.0	0.0	562917.0	18763.600000000002	1.95	1.7875	3.1249999999999996	4.4125	16.5875
