concurrency	elapsed-r	errors-r	ops(total)-r	ops/sec(cum)-r	avg(ms)-r	p50(ms)-r	p95(ms)-r	p99(ms)-r	pMax(ms)-r	total-r	elapsed-w	errors-w	ops(total)-w	ops/sec(cum)-w	avg(ms)-w	p50(ms)-w	p95(ms)-w	p99(ms)-w	pMax(ms)-w	total-w	elapsed	errors	ops(total)	ops/sec(cum)	avg(ms)	p50(ms)	p95(ms)	p99(ms)	pMax(ms)
48	0.0	0.0	576704.0	19222.399999999998	16.5125	3.075	93.35	285.2	796.9250000000001	0.0	0.0	0.0	30343.0	1011.3	58.62499999999999	6.300000000000001	325.06250000000006	566.2125	1388.3375	0.0	0.0	0.0	607047.0	20233.700000000004	18.612500000000004	3.1625	114.775	314.6	1388.3375
