concurrency	elapsed-r	errors-r	ops(total)-r	ops/sec(cum)-r	avg(ms)-r	p50(ms)-r	p95(ms)-r	p99(ms)-r	pMax(ms)-r	total-r	elapsed-w	errors-w	ops(total)-w	ops/sec(cum)-w	avg(ms)-w	p50(ms)-w	p95(ms)-w	p99(ms)-w	pMax(ms)-w	total-w	elapsed	errors	ops(total)	ops/sec(cum)	avg(ms)	p50(ms)	p95(ms)	p99(ms)	pMax(ms)
26	0.0	0.0	1937893.0	64595.1	2.8749999999999996	2.6	5.5	7.425000000000001	20.4375	0.0	0.0	0.0	102268.0	3408.9	2.8124999999999996	2.575	5.237500000000001	7.3125	15.087499999999999	0.0	0.0	0.0	2040161.0	68003.9	2.8749999999999996	2.6	5.5	7.425000000000001	20.4375
