concurrency	elapsed-r	errors-r	ops(total)-r	ops/sec(cum)-r	avg(ms)-r	p50(ms)-r	p95(ms)-r	p99(ms)-r	pMax(ms)-r	total-r	elapsed-w	errors-w	ops(total)-w	ops/sec(cum)-w	avg(ms)-w	p50(ms)-w	p95(ms)-w	p99(ms)-w	pMax(ms)-w	total-w	elapsed	errors	ops(total)	ops/sec(cum)	avg(ms)	p50(ms)	p95(ms)	p99(ms)	pMax(ms)
153	0.0	0.0	2526084.0	84197.4	5.5600000000000005	3.7600000000000002	17.619999999999997	32.08	114.92	0.0	0.0	0.0	132837.0	4427.6	114.38	9.16	43.2	4348.68	4885.5	0.0	0.0	0.0	2658921.0	88625.1	11.02	3.9799999999999995	19.199999999999996	35.0	4885.5
