concurrency	elapsed-r	errors-r	ops(total)-r	ops/sec(cum)-r	avg(ms)-r	p50(ms)-r	p95(ms)-r	p99(ms)-r	pMax(ms)-r	total-r	elapsed-w	errors-w	ops(total)-w	ops/sec(cum)-w	avg(ms)-w	p50(ms)-w	p95(ms)-w	p99(ms)-w	pMax(ms)-w	total-w	elapsed	errors	ops(total)	ops/sec(cum)	avg(ms)	p50(ms)	p95(ms)	p99(ms)	pMax(ms)
54	0.0	0.0	3271920.0	109060.90000000001	3.3499999999999996	3.0625	5.949999999999999	12.8625	42.175000000000004	0.0	0.0	0.0	172137.0	5737.800000000001	3.45	3.1125	6.1875	12.925	30.3	0.0	0.0	0.0	3444057.0	114798.6	3.3625	3.0625	5.949999999999999	12.8625	42.175000000000004
