concurrency	elapsed-r	errors-r	ops(total)-r	ops/sec(cum)-r	avg(ms)-r	p50(ms)-r	p95(ms)-r	p99(ms)-r	pMax(ms)-r	total-r	elapsed-w	errors-w	ops(total)-w	ops/sec(cum)-w	avg(ms)-w	p50(ms)-w	p95(ms)-w	p99(ms)-w	pMax(ms)-w	total-w	elapsed	errors	ops(total)	ops/sec(cum)	avg(ms)	p50(ms)	p95(ms)	p99(ms)	pMax(ms)
32	0.0	0.0	3444855.0	114826.29999999999	1.875	1.7375000000000003	3.075	6.2875	171.71249999999998	0.0	0.0	0.0	182572.0	6085.7	2.1625	2.0124999999999997	3.5875	6.6499999999999995	21.162499999999998	0.0	0.0	0.0	3627427.0	120912.0	1.875	1.7375000000000003	3.1125000000000003	6.35	171.71249999999998
