ops/sec(cum)	p50(ms)	p99(ms)	read_tp	read_p50	read_p99	write_tp	write_p50	write_p99
171274.6	0.225	1.3556666666666668	162720.35	0.22266666666666665	1.3556666666666668	8553.25	0.22733333333333333	1.3733333333333333
