concurrency	elapsed-r	errors-r	ops(total)-r	ops/sec(cum)-r	avg(ms)-r	p50(ms)-r	p95(ms)-r	p99(ms)-r	pMax(ms)-r	total-r	elapsed-w	errors-w	ops(total)-w	ops/sec(cum)-w	avg(ms)-w	p50(ms)-w	p95(ms)-w	p99(ms)-w	pMax(ms)-w	total-w	elapsed	errors	ops(total)	ops/sec(cum)	avg(ms)	p50(ms)	p95(ms)	p99(ms)	pMax(ms)
55	0.0	0.0	2622613.0	58278.3	3.1	2.0	10.1	23.1	60.38000000000001	0.0	0.0	0.0	137460.0	3054.6	5.9799999999999995	4.1	20.119999999999997	35.28000000000001	66.67999999999999	0.0	0.0	0.0	2760073.0	61332.899999999994	3.2399999999999998	2.0	10.8	24.1	66.67999999999999
