concurrency	elapsed-r	errors-r	ops(total)-r	ops/sec(cum)-r	avg(ms)-r	p50(ms)-r	p95(ms)-r	p99(ms)-r	pMax(ms)-r	total-r	elapsed-w	errors-w	ops(total)-w	ops/sec(cum)-w	avg(ms)-w	p50(ms)-w	p95(ms)-w	p99(ms)-w	pMax(ms)-w	total-w	elapsed	errors	ops(total)	ops/sec(cum)	avg(ms)	p50(ms)	p95(ms)	p99(ms)	pMax(ms)
26	0.0	0.0	1037250.0	34574.100000000006	5.4875	5.5375000000000005	9.55	11.125	43.23750000000001	0.0	0.0	0.0	54843.0	1828.0	5.85	5.6875	10.0625	12.212499999999999	89.15	0.0	0.0	0.0	1092093.0	36402.2	5.55	5.575	9.55	11.125	89.93750000000001
