concurrency	elapsed-r	errors-r	ops(total)-r	ops/sec(cum)-r	avg(ms)-r	p50(ms)-r	p95(ms)-r	p99(ms)-r	pMax(ms)-r	total-r	elapsed	errors	ops(total)	ops/sec(cum)	avg(ms)	p50(ms)	p95(ms)	p99(ms)	pMax(ms)
56	0.0	0.0	1282894.0	42761.299999999996	10.625	9.2375	23.625000000000004	35.875	80.225	0.0	0.0	0.0	1282894.0	42761.299999999996	10.625	9.2375	23.625000000000004	35.875	80.225
