concurrency	elapsed-r	errors-r	ops(total)-r	ops/sec(cum)-r	avg(ms)-r	p50(ms)-r	p95(ms)-r	p99(ms)-r	pMax(ms)-r	total-r	elapsed	errors	ops(total)	ops/sec(cum)	avg(ms)	p50(ms)	p95(ms)	p99(ms)	pMax(ms)
16	0.0	0.0	1395017.0	46500.0	2.5999999999999996	2.5	4.5	7.1625	19.924999999999997	0.0	0.0	0.0	1395017.0	46500.0	2.5999999999999996	2.5	4.5	7.1625	19.924999999999997
