concurrency	elapsed-r	errors-r	ops(total)-r	ops/sec(cum)-r	avg(ms)-r	p50(ms)-r	p95(ms)-r	p99(ms)-r	pMax(ms)-r	total-r	elapsed-w	errors-w	ops(total)-w	ops/sec(cum)-w	avg(ms)-w	p50(ms)-w	p95(ms)-w	p99(ms)-w	pMax(ms)-w	total-w	elapsed	errors	ops(total)	ops/sec(cum)	avg(ms)	p50(ms)	p95(ms)	p99(ms)	pMax(ms)
32	0.0	0.0	1929836.0	64326.100000000006	3.2749999999999995	2.925	7.312499999999999	12.349999999999998	46.9125	0.0	0.0	0.0	101923.0	3397.3999999999996	5.9624999999999995	5.575	13.037499999999998	18.750000000000004	37.8625	0.0	0.0	0.0	2031759.0	67723.6	3.3874999999999997	2.9749999999999996	7.949999999999999	12.974999999999998	49.0125
