concurrency	elapsed-r	errors-r	ops(total)-r	ops/sec(cum)-r	avg(ms)-r	p50(ms)-r	p95(ms)-r	p99(ms)-r	pMax(ms)-r	total-r	elapsed-w	errors-w	ops(total)-w	ops/sec(cum)-w	avg(ms)-w	p50(ms)-w	p95(ms)-w	p99(ms)-w	pMax(ms)-w	total-w	elapsed	errors	ops(total)	ops/sec(cum)	avg(ms)	p50(ms)	p95(ms)	p99(ms)	pMax(ms)
45	0.0	0.0	1924989.0	64164.4	4.675000000000001	4.025	11.3125	18.625	86.7875	0.0	0.0	0.0	101446.0	3381.5999999999995	8.762500000000001	7.824999999999999	19.650000000000002	29.775000000000002	205.5125	0.0	0.0	0.0	2026435.0	67545.9	4.875	4.0874999999999995	12.075	19.5125	205.5125
