concurrency	elapsed-r	errors-r	ops(total)-r	ops/sec(cum)-r	avg(ms)-r	p50(ms)-r	p95(ms)-r	p99(ms)-r	pMax(ms)-r	total-r	elapsed-w	errors-w	ops(total)-w	ops/sec(cum)-w	avg(ms)-w	p50(ms)-w	p95(ms)-w	p99(ms)-w	pMax(ms)-w	total-w	elapsed	errors	ops(total)	ops/sec(cum)	avg(ms)	p50(ms)	p95(ms)	p99(ms)	pMax(ms)
34	0.0	0.0	1932614.0	64419.100000000006	3.4875000000000003	3.0500000000000003	7.9125000000000005	12.974999999999998	96.7375	0.0	0.0	0.0	101713.0	3390.4	6.4375	6.1	13.825	19.650000000000002	83.35	0.0	0.0	0.0	2034327.0	67809.5	3.6125	3.1625	8.65	13.474999999999998	106.69999999999999
