concurrency	elapsed-r	errors-r	ops(total)-r	ops/sec(cum)-r	avg(ms)-r	p50(ms)-r	p95(ms)-r	p99(ms)-r	pMax(ms)-r	total-r	elapsed-w	errors-w	ops(total)-w	ops/sec(cum)-w	avg(ms)-w	p50(ms)-w	p95(ms)-w	p99(ms)-w	pMax(ms)-w	total-w	elapsed	errors	ops(total)	ops/sec(cum)	avg(ms)	p50(ms)	p95(ms)	p99(ms)	pMax(ms)
47	0.0	0.0	1066304.0	35541.99999999999	8.6875	3.6374999999999997	22.412499999999998	142.6	505.4125	0.0	0.0	0.0	56516.0	1883.8	28.725	7.425000000000001	188.7	278.9	583.0125	0.0	0.0	0.0	1122820.0	37425.7	9.6875	3.775	26.074999999999996	159.4	587.2
