concurrency	elapsed-r	errors-r	ops(total)-r	ops/sec(cum)-r	avg(ms)-r	p50(ms)-r	p95(ms)-r	p99(ms)-r	pMax(ms)-r	total-r	elapsed-w	errors-w	ops(total)-w	ops/sec(cum)-w	avg(ms)-w	p50(ms)-w	p95(ms)-w	p99(ms)-w	pMax(ms)-w	total-w	elapsed	errors	ops(total)	ops/sec(cum)	avg(ms)	p50(ms)	p95(ms)	p99(ms)	pMax(ms)
54	0.0	0.0	3141202.0	104702.90000000001	3.45	3.1624999999999996	6.2625	11.1375	154.15	0.0	0.0	0.0	165825.0	5527.400000000001	3.75	3.3874999999999997	7.4625	12.9125	97.25	0.0	0.0	0.0	3307027.0	110230.1	3.475	3.175	6.2625	11.287499999999998	154.15
