concurrency	elapsed-r	errors-r	ops(total)-r	ops/sec(cum)-r	avg(ms)-r	p50(ms)-r	p95(ms)-r	p99(ms)-r	pMax(ms)-r	total-r	elapsed-w	errors-w	ops(total)-w	ops/sec(cum)-w	avg(ms)-w	p50(ms)-w	p95(ms)-w	p99(ms)-w	pMax(ms)-w	total-w	elapsed	errors	ops(total)	ops/sec(cum)	avg(ms)	p50(ms)	p95(ms)	p99(ms)	pMax(ms)
55	0.0	0.0	3508470.0	116945.7	3.25	3.1499999999999995	5.625	10.275	122.0375	0.0	0.0	0.0	184432.0	6147.599999999999	3.2625	3.1499999999999995	5.625	10.225	21.3625	0.0	0.0	0.0	3692902.0	123093.40000000001	3.25	3.1499999999999995	5.625	10.25	122.0375
