ops/sec(cum)	p50(ms)	p99(ms)	read_tp	read_p50	read_p99	write_tp	write_p50	write_p99
205391.08333333337	0.37483333333333335	4.601666666666667	195141.93333333332	0.37266666666666665	4.601666666666667	10248.150000000001	0.377	4.618666666666667
