concurrency	elapsed-r	errors-r	ops(total)-r	ops/sec(cum)-r	avg(ms)-r	p50(ms)-r	p95(ms)-r	p99(ms)-r	pMax(ms)-r	total-r	elapsed-w	errors-w	ops(total)-w	ops/sec(cum)-w	avg(ms)-w	p50(ms)-w	p95(ms)-w	p99(ms)-w	pMax(ms)-w	total-w	elapsed	errors	ops(total)	ops/sec(cum)	avg(ms)	p50(ms)	p95(ms)	p99(ms)	pMax(ms)
18	0.0	0.0	1041008.0	34699.5	3.7249999999999996	3.7249999999999996	6.724999999999999	7.8999999999999995	20.312500000000004	0.0	0.0	0.0	54623.0	1820.7	4.0	3.8499999999999996	7.174999999999999	9.025	24.525000000000002	0.0	0.0	0.0	1095631.0	36520.399999999994	3.7249999999999996	3.7249999999999996	6.799999999999999	7.8999999999999995	24.525000000000002
