concurrency	elapsed-r	errors-r	ops(total)-r	ops/sec(cum)-r	avg(ms)-r	p50(ms)-r	p95(ms)-r	p99(ms)-r	pMax(ms)-r	total-r	elapsed-w	errors-w	ops(total)-w	ops/sec(cum)-w	avg(ms)-w	p50(ms)-w	p95(ms)-w	p99(ms)-w	pMax(ms)-w	total-w	elapsed	errors	ops(total)	ops/sec(cum)	avg(ms)	p50(ms)	p95(ms)	p99(ms)	pMax(ms)
153	0.0	0.0	4620955.0	154018.5	4.58	3.7600000000000002	11.48	19.919999999999998	220.83999999999997	0.0	0.0	0.0	242792.0	8092.4	14.7	13.459999999999999	29.139999999999997	38.58	196.7	0.0	0.0	0.0	4863747.0	162110.7	5.1	3.8999999999999995	14.959999999999999	24.72	220.83999999999997
