concurrency	elapsed-r	errors-r	ops(total)-r	ops/sec(cum)-r	avg(ms)-r	p50(ms)-r	p95(ms)-r	p99(ms)-r	pMax(ms)-r	total-r	elapsed-w	errors-w	ops(total)-w	ops/sec(cum)-w	avg(ms)-w	p50(ms)-w	p95(ms)-w	p99(ms)-w	pMax(ms)-w	total-w	elapsed	errors	ops(total)	ops/sec(cum)	avg(ms)	p50(ms)	p95(ms)	p99(ms)	pMax(ms)
43	0.0	0.0	1884053.0	62800.3	1.5666666666666667	1.3999999999999997	2.5	8.4	31.099999999999998	0.0	0.0	0.0	99196.0	3306.3999999999996	3.2999999999999994	2.9	6.2	11.333333333333334	27.966666666666665	0.0	0.0	0.0	1983249.0	66106.8	1.6000000000000003	1.3999999999999997	3.1	8.9	31.099999999999998
