concurrency	elapsed-w	errors-w	ops(total)-w	ops/sec(cum)-w	avg(ms)-w	p50(ms)-w	p95(ms)-w	p99(ms)-w	pMax(ms)-w	total-w	elapsed	errors	ops(total)	ops/sec(cum)	avg(ms)	p50(ms)	p95(ms)	p99(ms)	pMax(ms)
59	0.0	0.0	3292778.0	109756.1	4.025	3.7249999999999996	7.249999999999999	11.275	29.525	0.0	0.0	0.0	3292778.0	109756.1	4.025	3.7249999999999996	7.249999999999999	11.275	29.525
