concurrency	elapsed-w	errors-w	ops(total)-w	ops/sec(cum)-w	avg(ms)-w	p50(ms)-w	p95(ms)-w	p99(ms)-w	pMax(ms)-w	total-w	elapsed	errors	ops(total)	ops/sec(cum)	avg(ms)	p50(ms)	p95(ms)	p99(ms)	pMax(ms)
11	0.0	0.0	226717.0	7557.2	5.574999999999999	2.1750000000000003	49.775000000000006	62.9	88.1	0.0	0.0	0.0	226717.0	7557.2	5.574999999999999	2.1750000000000003	49.775000000000006	62.9	88.1
