concurrency	elapsed-r	errors-r	ops(total)-r	ops/sec(cum)-r	avg(ms)-r	p50(ms)-r	p95(ms)-r	p99(ms)-r	pMax(ms)-r	total-r	elapsed-w	errors-w	ops(total)-w	ops/sec(cum)-w	avg(ms)-w	p50(ms)-w	p95(ms)-w	p99(ms)-w	pMax(ms)-w	total-w	elapsed	errors	ops(total)	ops/sec(cum)	avg(ms)	p50(ms)	p95(ms)	p99(ms)	pMax(ms)
107	0.0	0.0	2817434.0	93907.90000000001	5.34	4.319999999999999	13.939999999999998	22.839999999999996	248.3	0.0	0.0	0.0	148601.0	4953.099999999999	17.5	15.88	36.06	45.7	213.5	0.0	0.0	0.0	2966035.0	98861.0	5.92	4.4799999999999995	17.3	28.919999999999995	251.66
