concurrency	elapsed-r	errors-r	ops(total)-r	ops/sec(cum)-r	avg(ms)-r	p50(ms)-r	p95(ms)-r	p99(ms)-r	pMax(ms)-r	total-r	elapsed-w	errors-w	ops(total)-w	ops/sec(cum)-w	avg(ms)-w	p50(ms)-w	p95(ms)-w	p99(ms)-w	pMax(ms)-w	total-w	elapsed	errors	ops(total)	ops/sec(cum)	avg(ms)	p50(ms)	p95(ms)	p99(ms)	pMax(ms)
88	0.0	0.0	1459212.0	24320.0	3.4499999999999997	1.95	11.700000000000001	29.375	164.625	0.0	0.0	0.0	76822.0	1280.4	7.3500000000000005	3.85	29.375	51.35	119.52499999999999	0.0	0.0	0.0	1536034.0	25600.4	3.625	1.975	12.700000000000001	31.225	164.625
