concurrency	elapsed-r	errors-r	ops(total)-r	ops/sec(cum)-r	avg(ms)-r	p50(ms)-r	p95(ms)-r	p99(ms)-r	pMax(ms)-r	total-r	elapsed-w	errors-w	ops(total)-w	ops/sec(cum)-w	avg(ms)-w	p50(ms)-w	p95(ms)-w	p99(ms)-w	pMax(ms)-w	total-w	elapsed	errors	ops(total)	ops/sec(cum)	avg(ms)	p50(ms)	p95(ms)	p99(ms)	pMax(ms)
50	0.0	0.0	1941617.0	64718.3	5.125	4.5	12.412499999999998	19.650000000000002	69.725	0.0	0.0	0.0	102205.0	3406.8	9.649999999999999	8.9	21.25	36.199999999999996	161.5	0.0	0.0	0.0	2043822.0	68125.09999999999	5.362499999999999	4.575	13.224999999999998	21.125	161.5
