concurrency	elapsed-r	errors-r	ops(total)-r	ops/sec(cum)-r	avg(ms)-r	p50(ms)-r	p95(ms)-r	p99(ms)-r	pMax(ms)-r	total-r	elapsed-w	errors-w	ops(total)-w	ops/sec(cum)-w	avg(ms)-w	p50(ms)-w	p95(ms)-w	p99(ms)-w	pMax(ms)-w	total-w	elapsed	errors	ops(total)	ops/sec(cum)	avg(ms)	p50(ms)	p95(ms)	p99(ms)	pMax(ms)
52	0.0	0.0	1714215.0	57139.2	2.0	1.4666666666666668	5.2	8.033333333333333	32.833333333333336	0.0	0.0	0.0	90368.0	3012.2000000000003	28.8	2.5	152.56666666666666	164.9	191.16666666666666	0.0	0.0	0.0	1804583.0	60151.399999999994	3.366666666666667	1.4666666666666668	5.366666666666667	15.133333333333333	191.16666666666666
