concurrency	elapsed-r	errors-r	ops(total)-r	ops/sec(cum)-r	avg(ms)-r	p50(ms)-r	p95(ms)-r	p99(ms)-r	pMax(ms)-r	total-r	elapsed-w	errors-w	ops(total)-w	ops/sec(cum)-w	avg(ms)-w	p50(ms)-w	p95(ms)-w	p99(ms)-w	pMax(ms)-w	total-w	elapsed	errors	ops(total)	ops/sec(cum)	avg(ms)	p50(ms)	p95(ms)	p99(ms)	pMax(ms)
48	0.0	0.0	1040382.0	34678.5	2.7000000000000006	2.2	7.599999999999999	16.8	62.9	0.0	0.0	0.0	54533.0	1817.6999999999998	1.6000000000000003	1.0	2.533333333333333	10.666666666666666	79.7	0.0	0.0	0.0	1094915.0	36496.2	2.7000000000000006	2.033333333333333	7.3	16.8	79.7
