concurrency	elapsed-r	errors-r	ops(total)-r	ops/sec(cum)-r	avg(ms)-r	p50(ms)-r	p95(ms)-r	p99(ms)-r	pMax(ms)-r	total-r	elapsed-w	errors-w	ops(total)-w	ops/sec(cum)-w	avg(ms)-w	p50(ms)-w	p95(ms)-w	p99(ms)-w	pMax(ms)-w	total-w	elapsed	errors	ops(total)	ops/sec(cum)	avg(ms)	p50(ms)	p95(ms)	p99(ms)	pMax(ms)
15	0.0	0.0	495796.0	16526.2	3.1375	2.25	7.8999999999999995	10.75	29.112500000000004	0.0	0.0	0.0	26151.0	871.8	73.37499999999999	4.1625	369.09999999999997	402.69999999999993	446.7	0.0	0.0	0.0	521947.0	17397.8	6.6625	2.25	8.65	210.5125	446.7
