concurrency	elapsed-r	errors-r	ops(total)-r	ops/sec(cum)-r	avg(ms)-r	p50(ms)-r	p95(ms)-r	p99(ms)-r	pMax(ms)-r	total-r	elapsed	errors	ops(total)	ops/sec(cum)	avg(ms)	p50(ms)	p95(ms)	p99(ms)	pMax(ms)
12	0.0	0.0	1374862.0	45828.200000000004	1.9124999999999999	1.8	3.0999999999999996	5.4875	16.85	0.0	0.0	0.0	1374862.0	45828.200000000004	1.9124999999999999	1.8	3.0999999999999996	5.4875	16.85
