concurrency	elapsed-r	errors-r	ops(total)-r	ops/sec(cum)-r	avg(ms)-r	p50(ms)-r	p95(ms)-r	p99(ms)-r	pMax(ms)-r	total-r	elapsed-w	errors-w	ops(total)-w	ops/sec(cum)-w	avg(ms)-w	p50(ms)-w	p95(ms)-w	p99(ms)-w	pMax(ms)-w	total-w	elapsed	errors	ops(total)	ops/sec(cum)	avg(ms)	p50(ms)	p95(ms)	p99(ms)	pMax(ms)
56	0.0	0.0	2830492.0	62898.2	2.7	1.7	9.76	19.9	104.02000000000001	0.0	0.0	0.0	148700.0	3304.3	5.220000000000001	3.4199999999999995	18.68	31.7	72.97999999999999	0.0	0.0	0.0	2979192.0	66202.70000000001	2.8	1.7	10.0	21.0	106.11999999999998
