concurrency	elapsed-r	errors-r	ops(total)-r	ops/sec(cum)-r	avg(ms)-r	p50(ms)-r	p95(ms)-r	p99(ms)-r	pMax(ms)-r	total-r	elapsed-w	errors-w	ops(total)-w	ops/sec(cum)-w	avg(ms)-w	p50(ms)-w	p95(ms)-w	p99(ms)-w	pMax(ms)-w	total-w	elapsed	errors	ops(total)	ops/sec(cum)	avg(ms)	p50(ms)	p95(ms)	p99(ms)	pMax(ms)
24	0.0	0.0	1274601.0	42486.0	1.3	1.0	3.1	5.5	26.933333333333334	0.0	0.0	0.0	67129.0	2237.6	3.2000000000000006	1.6000000000000003	12.433333333333332	21.666666666666668	44.0	0.0	0.0	0.0	1341730.0	44723.5	1.3999999999999997	1.0	3.4	7.900000000000001	44.0
