concurrency	elapsed-r	errors-r	ops(total)-r	ops/sec(cum)-r	avg(ms)-r	p50(ms)-r	p95(ms)-r	p99(ms)-r	pMax(ms)-r	total-r	elapsed-w	errors-w	ops(total)-w	ops/sec(cum)-w	avg(ms)-w	p50(ms)-w	p95(ms)-w	p99(ms)-w	pMax(ms)-w	total-w	elapsed	errors	ops(total)	ops/sec(cum)	avg(ms)	p50(ms)	p95(ms)	p99(ms)	pMax(ms)
31	0.0	0.0	1270148.0	42337.0	4.9625	4.5	11.125	16.4	143.65	0.0	0.0	0.0	66776.0	2226.0	9.0875	8.55	18.625000000000004	23.987499999999997	45.31249999999999	0.0	0.0	0.0	1336924.0	44562.899999999994	5.1625	4.5249999999999995	11.875	17.55	143.65
