concurrency	elapsed-r	errors-r	ops(total)-r	ops/sec(cum)-r	avg(ms)-r	p50(ms)-r	p95(ms)-r	p99(ms)-r	pMax(ms)-r	total-r	elapsed-w	errors-w	ops(total)-w	ops/sec(cum)-w	avg(ms)-w	p50(ms)-w	p95(ms)-w	p99(ms)-w	pMax(ms)-w	total-w	elapsed	errors	ops(total)	ops/sec(cum)	avg(ms)	p50(ms)	p95(ms)	p99(ms)	pMax(ms)
14	0.0	0.0	301150.0	10038.1	2.9375000000000004	2.7375000000000003	5.6499999999999995	6.975	16.124999999999996	0.0	0.0	0.0	15798.0	526.5	151.51250000000002	234.90000000000003	263.15	285.2	287.3	0.0	0.0	0.0	316948.0	10564.800000000001	10.350000000000001	2.7874999999999996	6.475	251.70000000000002	287.3
