concurrency	elapsed-r	errors-r	ops(total)-r	ops/sec(cum)-r	avg(ms)-r	p50(ms)-r	p95(ms)-r	p99(ms)-r	pMax(ms)-r	total-r	elapsed-w	errors-w	ops(total)-w	ops/sec(cum)-w	avg(ms)-w	p50(ms)-w	p95(ms)-w	p99(ms)-w	pMax(ms)-w	total-w	elapsed	errors	ops(total)	ops/sec(cum)	avg(ms)	p50(ms)	p95(ms)	p99(ms)	pMax(ms)
83	0.0	0.0	2466080.0	82199.40000000001	2.233333333333333	1.5333333333333332	5.8999999999999995	9.6	83.53333333333333	0.0	0.0	0.0	129812.0	4327.0	17.666666666666668	2.733333333333333	94.7	113.93333333333334	150.29999999999998	0.0	0.0	0.0	2595892.0	86526.1	2.966666666666667	1.5666666666666664	6.2	16.966666666666665	161.46666666666667
