concurrency	elapsed-w	errors-w	ops(total)-w	ops/sec(cum)-w	avg(ms)-w	p50(ms)-w	p95(ms)-w	p99(ms)-w	pMax(ms)-w	total-w	elapsed	errors	ops(total)	ops/sec(cum)	avg(ms)	p50(ms)	p95(ms)	p99(ms)	pMax(ms)
54	0.0	0.0	3698374.0	123275.8	3.162499999999999	3.0875	5.2125	9.775	29.112499999999997	0.0	0.0	0.0	3698374.0	123275.8	3.162499999999999	3.0875	5.2125	9.775	29.112499999999997
