concurrency	elapsed-w	errors-w	ops(total)-w	ops/sec(cum)-w	avg(ms)-w	p50(ms)-w	p95(ms)-w	p99(ms)-w	pMax(ms)-w	total-w	elapsed	errors	ops(total)	ops/sec(cum)	avg(ms)	p50(ms)	p95(ms)	p99(ms)	pMax(ms)
32	0.0	0.0	347686.0	11589.1	21.675	2.1999999999999997	6.012499999999999	637.5	671.1	0.0	0.0	0.0	347686.0	11589.1	21.675	2.1999999999999997	6.012499999999999	637.5	671.1
