concurrency	elapsed-r	errors-r	ops(total)-r	ops/sec(cum)-r	avg(ms)-r	p50(ms)-r	p95(ms)-r	p99(ms)-r	pMax(ms)-r	total-r	elapsed-w	errors-w	ops(total)-w	ops/sec(cum)-w	avg(ms)-w	p50(ms)-w	p95(ms)-w	p99(ms)-w	pMax(ms)-w	total-w	elapsed	errors	ops(total)	ops/sec(cum)	avg(ms)	p50(ms)	p95(ms)	p99(ms)	pMax(ms)
70	0.0	0.0	1947408.0	64910.9	7.2124999999999995	6.275	17.3	26.612499999999997	99.61249999999998	0.0	0.0	0.0	102337.0	3411.0000000000005	13.525	12.537499999999998	30.2875	41.9	85.98750000000001	0.0	0.0	0.0	2049745.0	68322.0	7.525	6.424999999999999	18.625	28.312500000000004	110.1
