concurrency	elapsed-r	errors-r	ops(total)-r	ops/sec(cum)-r	avg(ms)-r	p50(ms)-r	p95(ms)-r	p99(ms)-r	pMax(ms)-r	total-r	elapsed-w	errors-w	ops(total)-w	ops/sec(cum)-w	avg(ms)-w	p50(ms)-w	p95(ms)-w	p99(ms)-w	pMax(ms)-w	total-w	elapsed	errors	ops(total)	ops/sec(cum)	avg(ms)	p50(ms)	p95(ms)	p99(ms)	pMax(ms)
9	0.0	0.0	157074.0	5235.799999999999	10.9375	3.2249999999999996	37.725	153.1	677.4	0.0	0.0	0.0	8432.0	281.09999999999997	46.849999999999994	23.599999999999998	181.3875	373.3	834.6624999999999	0.0	0.0	0.0	165506.0	5516.7	12.762500000000001	3.2999999999999994	46.362500000000004	165.70000000000002	838.8625
