concurrency	elapsed-r	errors-r	ops(total)-r	ops/sec(cum)-r	avg(ms)-r	p50(ms)-r	p95(ms)-r	p99(ms)-r	pMax(ms)-r	total-r	elapsed-w	errors-w	ops(total)-w	ops/sec(cum)-w	avg(ms)-w	p50(ms)-w	p95(ms)-w	p99(ms)-w	pMax(ms)-w	total-w	elapsed	errors	ops(total)	ops/sec(cum)	avg(ms)	p50(ms)	p95(ms)	p99(ms)	pMax(ms)
10	0.0	0.0	671503.0	22383.1	2.8499999999999996	2.625	5.6	7.9750000000000005	40.3375	0.0	0.0	0.0	35116.0	1170.5	9.0875	8.575	15.825000000000001	21.1	42.3	0.0	0.0	0.0	706619.0	23553.700000000004	3.1624999999999996	2.6624999999999996	7.087499999999999	12.325	44.525
