ops/sec(cum)	p50(ms)	p99(ms)	read_tp	read_p50	read_p99	write_tp	write_p50	write_p99
64085.23333333334	2.4317142857142855	14.790285714285714	61200.549999999996	2.5147142857142857	14.790285714285714	2883.6833333333334	2.3487142857142858	12.812714285714286
