concurrency	elapsed-r	errors-r	ops(total)-r	ops/sec(cum)-r	avg(ms)-r	p50(ms)-r	p95(ms)-r	p99(ms)-r	pMax(ms)-r	total-r	elapsed-w	errors-w	ops(total)-w	ops/sec(cum)-w	avg(ms)-w	p50(ms)-w	p95(ms)-w	p99(ms)-w	pMax(ms)-w	total-w	elapsed	errors	ops(total)	ops/sec(cum)	avg(ms)	p50(ms)	p95(ms)	p99(ms)	pMax(ms)
17	0.0	0.0	638751.0	21291.099999999995	3.7499999999999996	2.4625000000000004	12.912499999999998	22.6875	59.224999999999994	0.0	0.0	0.0	33110.0	1103.6	45.9125	9.15	127.63750000000002	847.2749999999999	1010.8125000000001	0.0	0.0	0.0	671861.0	22394.9	5.85	2.6374999999999997	13.987499999999999	24.25	1010.8125000000001
