concurrency	elapsed-r	errors-r	ops(total)-r	ops/sec(cum)-r	avg(ms)-r	p50(ms)-r	p95(ms)-r	p99(ms)-r	pMax(ms)-r	total-r	elapsed-w	errors-w	ops(total)-w	ops/sec(cum)-w	avg(ms)-w	p50(ms)-w	p95(ms)-w	p99(ms)-w	pMax(ms)-w	total-w	elapsed	errors	ops(total)	ops/sec(cum)	avg(ms)	p50(ms)	p95(ms)	p99(ms)	pMax(ms)
38	0.0	0.0	1942146.0	64736.40000000001	3.8875	3.375	8.9625	14.3	60.8	0.0	0.0	0.0	102367.0	3412.2000000000003	7.012500000000001	6.624999999999999	15.075000000000001	21.225	55.287499999999994	0.0	0.0	0.0	2044513.0	68148.40000000001	4.05	3.55	9.6375	15.012500000000001	63.16249999999999
