concurrency	elapsed-r	errors-r	ops(total)-r	ops/sec(cum)-r	avg(ms)-r	p50(ms)-r	p95(ms)-r	p99(ms)-r	pMax(ms)-r	total-r	elapsed-w	errors-w	ops(total)-w	ops/sec(cum)-w	avg(ms)-w	p50(ms)-w	p95(ms)-w	p99(ms)-w	pMax(ms)-w	total-w	elapsed	errors	ops(total)	ops/sec(cum)	avg(ms)	p50(ms)	p95(ms)	p99(ms)	pMax(ms)
63	0.0	0.0	3296820.0	109890.3	4.075	3.9499999999999993	9.4	13.537499999999998	79.3	0.0	0.0	0.0	174384.0	5812.5	4.075	3.9749999999999996	9.3375	13.574999999999998	28.4625	0.0	0.0	0.0	3471204.0	115703.0	4.075	3.9499999999999993	9.4	13.537499999999998	79.69999999999999
