concurrency	elapsed-r	errors-r	ops(total)-r	ops/sec(cum)-r	avg(ms)-r	p50(ms)-r	p95(ms)-r	p99(ms)-r	pMax(ms)-r	total-r	elapsed-w	errors-w	ops(total)-w	ops/sec(cum)-w	avg(ms)-w	p50(ms)-w	p95(ms)-w	p99(ms)-w	pMax(ms)-w	total-w	elapsed	errors	ops(total)	ops/sec(cum)	avg(ms)	p50(ms)	p95(ms)	p99(ms)	pMax(ms)
14	0.0	0.0	3095320.0	103175.9	0.8500000000000001	0.8500000000000001	1.125	2.6374999999999997	93.975	0.0	0.0	0.0	162913.0	5430.4	0.8500000000000001	0.8500000000000001	1.125	2.5875000000000004	12.4625	0.0	0.0	0.0	3258233.0	108606.40000000001	0.8500000000000001	0.8500000000000001	1.125	2.6374999999999997	93.975
