concurrency	elapsed-r	errors-r	ops(total)-r	ops/sec(cum)-r	avg(ms)-r	p50(ms)-r	p95(ms)-r	p99(ms)-r	pMax(ms)-r	total-r	elapsed-w	errors-w	ops(total)-w	ops/sec(cum)-w	avg(ms)-w	p50(ms)-w	p95(ms)-w	p99(ms)-w	pMax(ms)-w	total-w	elapsed	errors	ops(total)	ops/sec(cum)	avg(ms)	p50(ms)	p95(ms)	p99(ms)	pMax(ms)
64	0.0	0.0	2977435.0	99245.1	1.6666666666666667	1.4333333333333333	2.6333333333333333	8.466666666666667	26.900000000000002	0.0	0.0	0.0	156769.0	5225.5	3.2000000000000006	2.8333333333333335	5.8999999999999995	14.5	24.46666666666667	0.0	0.0	0.0	3134204.0	104470.6	1.8	1.4666666666666668	3.2000000000000006	8.766666666666666	27.26666666666667
