concurrency	elapsed-r	errors-r	ops(total)-r	ops/sec(cum)-r	avg(ms)-r	p50(ms)-r	p95(ms)-r	p99(ms)-r	pMax(ms)-r	total-r	elapsed-w	errors-w	ops(total)-w	ops/sec(cum)-w	avg(ms)-w	p50(ms)-w	p95(ms)-w	p99(ms)-w	pMax(ms)-w	total-w	elapsed	errors	ops(total)	ops/sec(cum)	avg(ms)	p50(ms)	p95(ms)	p99(ms)	pMax(ms)
37	0.0	0.0	1952523.0	65082.299999999996	3.75	3.325	8.5875	13.975	36.550000000000004	0.0	0.0	0.0	102672.0	3422.4	6.687499999999999	6.45	14.450000000000001	20.5875	39.55	0.0	0.0	0.0	2055195.0	68504.7	3.9124999999999996	3.4124999999999996	9.4	14.637500000000001	39.81249999999999
