concurrency	elapsed-r	errors-r	ops(total)-r	ops/sec(cum)-r	avg(ms)-r	p50(ms)-r	p95(ms)-r	p99(ms)-r	pMax(ms)-r	total-r	elapsed-w	errors-w	ops(total)-w	ops/sec(cum)-w	avg(ms)-w	p50(ms)-w	p95(ms)-w	p99(ms)-w	pMax(ms)-w	total-w	elapsed	errors	ops(total)	ops/sec(cum)	avg(ms)	p50(ms)	p95(ms)	p99(ms)	pMax(ms)
43	0.0	0.0	1034150.0	34470.8	2.6	2.0	5.866666666666667	16.3	68.5	0.0	0.0	0.0	54686.0	1822.8000000000002	1.2666666666666666	0.9	4.066666666666666	7.766666666666666	71.3	0.0	0.0	0.0	1088836.0	36293.6	2.5	1.9666666666666668	5.6000000000000005	16.099999999999998	74.10000000000001
