concurrency	elapsed-r	errors-r	ops(total)-r	ops/sec(cum)-r	avg(ms)-r	p50(ms)-r	p95(ms)-r	p99(ms)-r	pMax(ms)-r	total-r	elapsed-w	errors-w	ops(total)-w	ops/sec(cum)-w	avg(ms)-w	p50(ms)-w	p95(ms)-w	p99(ms)-w	pMax(ms)-w	total-w	elapsed	errors	ops(total)	ops/sec(cum)	avg(ms)	p50(ms)	p95(ms)	p99(ms)	pMax(ms)
23	0.0	0.0	294193.0	9806.1	3.125	2.8625	6.1	7.675000000000001	19.675	0.0	0.0	0.0	15379.0	512.5999999999999	293.08750000000003	469.80000000000007	503.30000000000007	520.1	534.8	0.0	0.0	0.0	309572.0	10318.699999999999	17.499999999999996	2.8875	7.012499999999999	486.5	534.8
