concurrency	elapsed-r	errors-r	ops(total)-r	ops/sec(cum)-r	avg(ms)-r	p50(ms)-r	p95(ms)-r	p99(ms)-r	pMax(ms)-r	total-r	elapsed	errors	ops(total)	ops/sec(cum)	avg(ms)	p50(ms)	p95(ms)	p99(ms)	pMax(ms)
32	0.0	0.0	1345006.0	44832.5	5.5874999999999995	5.074999999999999	11.474999999999998	17.9375	41.37500000000001	0.0	0.0	0.0	1345006.0	44832.5	5.5874999999999995	5.074999999999999	11.474999999999998	17.9375	41.37500000000001
