ops/sec(cum)	p50(ms)	p99(ms)	read_tp	read_p50	read_p99	write_tp	write_p50	write_p99
288200.5333333333	0.2728333333333333	2.0723333333333334	273813.48333333334	0.271	2.0723333333333334	14386.05	0.27466666666666667	2.095666666666667
