concurrency	elapsed-r	errors-r	ops(total)-r	ops/sec(cum)-r	avg(ms)-r	p50(ms)-r	p95(ms)-r	p99(ms)-r	pMax(ms)-r	total-r	elapsed-w	errors-w	ops(total)-w	ops/sec(cum)-w	avg(ms)-w	p50(ms)-w	p95(ms)-w	p99(ms)-w	pMax(ms)-w	total-w	elapsed	errors	ops(total)	ops/sec(cum)	avg(ms)	p50(ms)	p95(ms)	p99(ms)	pMax(ms)
36	0.0	0.0	981257.0	32707.799999999996	2.466666666666667	2.0	5.0	16.8	173.36666666666667	0.0	0.0	0.0	51888.0	1729.6	5.366666666666667	4.2	13.1	35.00000000000001	66.39999999999999	0.0	0.0	0.0	1033145.0	34437.4	2.6	2.0	5.8	17.8	173.36666666666667
