concurrency	elapsed-r	errors-r	ops(total)-r	ops/sec(cum)-r	avg(ms)-r	p50(ms)-r	p95(ms)-r	p99(ms)-r	pMax(ms)-r	total-r	elapsed-w	errors-w	ops(total)-w	ops/sec(cum)-w	avg(ms)-w	p50(ms)-w	p95(ms)-w	p99(ms)-w	pMax(ms)-w	total-w	elapsed	errors	ops(total)	ops/sec(cum)	avg(ms)	p50(ms)	p95(ms)	p99(ms)	pMax(ms)
88	0.0	0.0	3234151.0	107800.90000000001	3.85	3.25	8.55	16.900000000000002	82.05	0.0	0.0	0.0	169703.0	5656.599999999999	7.85	6.875	17.15	25.275	74.42500000000001	0.0	0.0	0.0	3403854.0	113457.49999999999	4.050000000000001	3.25	9.725	17.825	82.05
