concurrency	elapsed-r	errors-r	ops(total)-r	ops/sec(cum)-r	avg(ms)-r	p50(ms)-r	p95(ms)-r	p99(ms)-r	pMax(ms)-r	total-r	elapsed-w	errors-w	ops(total)-w	ops/sec(cum)-w	avg(ms)-w	p50(ms)-w	p95(ms)-w	p99(ms)-w	pMax(ms)-w	total-w	elapsed	errors	ops(total)	ops/sec(cum)	avg(ms)	p50(ms)	p95(ms)	p99(ms)	pMax(ms)
31	0.0	0.0	596229.0	19873.699999999997	7.487500000000001	2.375	14.625	151.0	339.7375	0.0	0.0	0.0	31989.0	1066.4	88.33749999999999	86.0	111.16250000000001	232.8	400.56249999999994	0.0	0.0	0.0	628218.0	20940.0	11.6125	2.45	87.05	157.3	404.7625
