concurrency	elapsed-r	errors-r	ops(total)-r	ops/sec(cum)-r	avg(ms)-r	p50(ms)-r	p95(ms)-r	p99(ms)-r	pMax(ms)-r	total-r	elapsed-w	errors-w	ops(total)-w	ops/sec(cum)-w	avg(ms)-w	p50(ms)-w	p95(ms)-w	p99(ms)-w	pMax(ms)-w	total-w	elapsed	errors	ops(total)	ops/sec(cum)	avg(ms)	p50(ms)	p95(ms)	p99(ms)	pMax(ms)
46	0.0	0.0	3182170.0	106069.6	3.0124999999999997	2.9000000000000004	5.2125	9.325	58.85	0.0	0.0	0.0	167226.0	5574.000000000001	2.9999999999999996	2.8625000000000003	5.2125	9.3625	27.5125	0.0	0.0	0.0	3349396.0	111643.80000000002	3.0124999999999997	2.9000000000000004	5.2125	9.325	58.85
