concurrency	elapsed-r	errors-r	ops(total)-r	ops/sec(cum)-r	avg(ms)-r	p50(ms)-r	p95(ms)-r	p99(ms)-r	pMax(ms)-r	total-r	elapsed-w	errors-w	ops(total)-w	ops/sec(cum)-w	avg(ms)-w	p50(ms)-w	p95(ms)-w	p99(ms)-w	pMax(ms)-w	total-w	elapsed	errors	ops(total)	ops/sec(cum)	avg(ms)	p50(ms)	p95(ms)	p99(ms)	pMax(ms)
23	0.0	0.0	552650.0	18421.199999999997	2.15	1.5374999999999999	4.5	6.35	367.0125	0.0	0.0	0.0	29153.0	971.8999999999999	144.375	2.725	402.69999999999993	419.40000000000003	780.1750000000001	0.0	0.0	0.0	581803.0	19392.899999999998	9.25	1.6500000000000001	4.9875	385.90000000000003	780.1750000000001
