concurrency	elapsed-r	errors-r	ops(total)-r	ops/sec(cum)-r	avg(ms)-r	p50(ms)-r	p95(ms)-r	p99(ms)-r	pMax(ms)-r	total-r	elapsed-w	errors-w	ops(total)-w	ops/sec(cum)-w	avg(ms)-w	p50(ms)-w	p95(ms)-w	p99(ms)-w	pMax(ms)-w	total-w	elapsed	errors	ops(total)	ops/sec(cum)	avg(ms)	p50(ms)	p95(ms)	p99(ms)	pMax(ms)
46	0.0	0.0	1450569.0	48350.7	6.5	5.625	15.075000000000001	22.674999999999997	59.75000000000001	0.0	0.0	0.0	76206.0	2540.1	10.825000000000001	9.5875	26.500000000000004	36.025	65.0	0.0	0.0	0.0	1526775.0	50890.7	6.687500000000001	5.85	16.25	24.275	65.7875
