concurrency	elapsed-r	errors-r	ops(total)-r	ops/sec(cum)-r	avg(ms)-r	p50(ms)-r	p95(ms)-r	p99(ms)-r	pMax(ms)-r	total-r	elapsed	errors	ops(total)	ops/sec(cum)	avg(ms)	p50(ms)	p95(ms)	p99(ms)	pMax(ms)
21	0.0	0.0	1376926.0	45896.8	3.4999999999999996	3.25	6.499999999999999	9.925	24.5125	0.0	0.0	0.0	1376926.0	45896.8	3.4999999999999996	3.25	6.499999999999999	9.925	24.5125
