concurrency	elapsed-r	errors-r	ops(total)-r	ops/sec(cum)-r	avg(ms)-r	p50(ms)-r	p95(ms)-r	p99(ms)-r	pMax(ms)-r	total-r	elapsed-w	errors-w	ops(total)-w	ops/sec(cum)-w	avg(ms)-w	p50(ms)-w	p95(ms)-w	p99(ms)-w	pMax(ms)-w	total-w	elapsed	errors	ops(total)	ops/sec(cum)	avg(ms)	p50(ms)	p95(ms)	p99(ms)	pMax(ms)
10	0.0	0.0	1049319.0	34976.5	1.7	1.3	4.325	6.1	97.5125	0.0	0.0	0.0	54957.0	1831.8999999999999	7.1	2.35	36.449999999999996	49.775000000000006	67.625	0.0	0.0	0.0	1104276.0	36808.5	1.9875	1.3125000000000002	4.5	9.899999999999999	104.8625
