concurrency	elapsed-r	errors-r	ops(total)-r	ops/sec(cum)-r	avg(ms)-r	p50(ms)-r	p95(ms)-r	p99(ms)-r	pMax(ms)-r	total-r	elapsed	errors	ops(total)	ops/sec(cum)	avg(ms)	p50(ms)	p95(ms)	p99(ms)	pMax(ms)
20	0.0	0.0	1365206.0	45506.2	3.3375000000000004	3.0875	6.300000000000001	9.525	24.125	0.0	0.0	0.0	1365206.0	45506.2	3.3375000000000004	3.0875	6.300000000000001	9.525	24.125
