concurrency	elapsed-r	errors-r	ops(total)-r	ops/sec(cum)-r	avg(ms)-r	p50(ms)-r	p95(ms)-r	p99(ms)-r	pMax(ms)-r	total-r	elapsed-w	errors-w	ops(total)-w	ops/sec(cum)-w	avg(ms)-w	p50(ms)-w	p95(ms)-w	p99(ms)-w	pMax(ms)-w	total-w	elapsed	errors	ops(total)	ops/sec(cum)	avg(ms)	p50(ms)	p95(ms)	p99(ms)	pMax(ms)
52	0.0	0.0	1167288.0	38908.5	2.6666666666666665	1.8999999999999997	6.599999999999999	18.9	102.06666666666666	0.0	0.0	0.0	60712.0	2023.6000000000001	5.366666666666667	3.8333333333333335	16.266666666666666	37.03333333333334	81.1	0.0	0.0	0.0	1228000.0	40932.2	2.7999999999999994	2.0	7.3	19.9	106.26666666666665
