concurrency	elapsed-r	errors-r	ops(total)-r	ops/sec(cum)-r	avg(ms)-r	p50(ms)-r	p95(ms)-r	p99(ms)-r	pMax(ms)-r	total-r	elapsed-w	errors-w	ops(total)-w	ops/sec(cum)-w	avg(ms)-w	p50(ms)-w	p95(ms)-w	p99(ms)-w	pMax(ms)-w	total-w	elapsed	errors	ops(total)	ops/sec(cum)	avg(ms)	p50(ms)	p95(ms)	p99(ms)	pMax(ms)
16	0.0	0.0	806496.0	26882.800000000003	1.7249999999999999	1.3249999999999997	3.875	5.25	133.675	0.0	0.0	0.0	42178.0	1405.9	9.05	2.35	35.175000000000004	44.525	62.375	0.0	0.0	0.0	848674.0	28288.600000000002	2.0999999999999996	1.3499999999999999	4.15	20.725	135.77499999999998
