concurrency	elapsed-r	errors-r	ops(total)-r	ops/sec(cum)-r	avg(ms)-r	p50(ms)-r	p95(ms)-r	p99(ms)-r	pMax(ms)-r	total-r	elapsed-w	errors-w	ops(total)-w	ops/sec(cum)-w	avg(ms)-w	p50(ms)-w	p95(ms)-w	p99(ms)-w	pMax(ms)-w	total-w	elapsed	errors	ops(total)	ops/sec(cum)	avg(ms)	p50(ms)	p95(ms)	p99(ms)	pMax(ms)
55	0.0	0.0	3501760.0	116720.90000000001	3.3249999999999997	2.9	9.175	13.999999999999998	169.08749999999998	0.0	0.0	0.0	184094.0	6136.200000000001	3.3875	2.9250000000000003	9.2375	13.937499999999998	54.65	0.0	0.0	0.0	3685854.0	122857.09999999999	3.3249999999999997	2.9	9.175	13.999999999999998	193.725
