concurrency	elapsed-r	errors-r	ops(total)-r	ops/sec(cum)-r	avg(ms)-r	p50(ms)-r	p95(ms)-r	p99(ms)-r	pMax(ms)-r	total-r	elapsed-w	errors-w	ops(total)-w	ops/sec(cum)-w	avg(ms)-w	p50(ms)-w	p95(ms)-w	p99(ms)-w	pMax(ms)-w	total-w	elapsed	errors	ops(total)	ops/sec(cum)	avg(ms)	p50(ms)	p95(ms)	p99(ms)	pMax(ms)
10	0.0	0.0	783820.0	26127.0	0.9	0.9	1.0333333333333334	2.8333333333333335	9.066666666666668	0.0	0.0	0.0	41319.0	1377.3	1.3666666666666665	1.3333333333333333	1.6000000000000003	3.966666666666667	8.9	0.0	0.0	0.0	825139.0	27504.299999999996	0.9	0.9	1.2666666666666666	2.8666666666666667	9.933333333333334
