concurrency	elapsed-r	errors-r	ops(total)-r	ops/sec(cum)-r	avg(ms)-r	p50(ms)-r	p95(ms)-r	p99(ms)-r	pMax(ms)-r	total-r	elapsed-w	errors-w	ops(total)-w	ops/sec(cum)-w	avg(ms)-w	p50(ms)-w	p95(ms)-w	p99(ms)-w	pMax(ms)-w	total-w	elapsed	errors	ops(total)	ops/sec(cum)	avg(ms)	p50(ms)	p95(ms)	p99(ms)	pMax(ms)
22	0.0	0.0	627342.0	20911.0	4.8875	2.325	7.687499999999999	95.975	227.5375	0.0	0.0	0.0	32546.0	1084.8	63.55000000000001	62.37499999999999	81.8	157.29999999999998	249.5625	0.0	0.0	0.0	659888.0	21995.6	7.7875	2.4	58.43749999999999	98.60000000000001	253.76250000000002
