concurrency	elapsed-r	errors-r	ops(total)-r	ops/sec(cum)-r	avg(ms)-r	p50(ms)-r	p95(ms)-r	p99(ms)-r	pMax(ms)-r	total-r	elapsed-w	errors-w	ops(total)-w	ops/sec(cum)-w	avg(ms)-w	p50(ms)-w	p95(ms)-w	p99(ms)-w	pMax(ms)-w	total-w	elapsed	errors	ops(total)	ops/sec(cum)	avg(ms)	p50(ms)	p95(ms)	p99(ms)	pMax(ms)
31	0.0	0.0	2134354.0	71143.5	2.9125	2.5125	6.2	11.125	46.9125	0.0	0.0	0.0	112564.0	3752.2000000000003	4.075	2.8625000000000003	10.1	15.875	53.32500000000001	0.0	0.0	0.0	2246918.0	74895.5	2.9625	2.5500000000000003	6.512499999999999	11.5625	57.3875
