concurrency	elapsed-r	errors-r	ops(total)-r	ops/sec(cum)-r	avg(ms)-r	p50(ms)-r	p95(ms)-r	p99(ms)-r	pMax(ms)-r	total-r	elapsed-w	errors-w	ops(total)-w	ops/sec(cum)-w	avg(ms)-w	p50(ms)-w	p95(ms)-w	p99(ms)-w	pMax(ms)-w	total-w	elapsed	errors	ops(total)	ops/sec(cum)	avg(ms)	p50(ms)	p95(ms)	p99(ms)	pMax(ms)
104	0.0	0.0	2840305.0	94673.49999999999	5.18	4.279999999999999	13.339999999999998	22.439999999999998	312.9	0.0	0.0	0.0	149164.0	4972.0	16.82	15.6	33.760000000000005	42.78000000000001	274.71999999999997	0.0	0.0	0.0	2989469.0	99645.5	5.760000000000001	4.4	17.18	27.46	312.9
