concurrency	elapsed-r	errors-r	ops(total)-r	ops/sec(cum)-r	avg(ms)-r	p50(ms)-r	p95(ms)-r	p99(ms)-r	pMax(ms)-r	total-r	elapsed-w	errors-w	ops(total)-w	ops/sec(cum)-w	avg(ms)-w	p50(ms)-w	p95(ms)-w	p99(ms)-w	pMax(ms)-w	total-w	elapsed	errors	ops(total)	ops/sec(cum)	avg(ms)	p50(ms)	p95(ms)	p99(ms)	pMax(ms)
54	0.0	0.0	4064448.0	135477.9	2.75	1.825	7.624999999999999	11.825	214.95	0.0	0.0	0.0	212754.0	7091.5	2.8375000000000004	1.8624999999999998	7.7625	12.325	111.275	0.0	0.0	0.0	4277202.0	142569.6	2.7624999999999997	1.825	7.624999999999999	11.8875	214.95
