concurrency	elapsed-r	errors-r	ops(total)-r	ops/sec(cum)-r	avg(ms)-r	p50(ms)-r	p95(ms)-r	p99(ms)-r	pMax(ms)-r	total-r	elapsed-w	errors-w	ops(total)-w	ops/sec(cum)-w	avg(ms)-w	p50(ms)-w	p95(ms)-w	p99(ms)-w	pMax(ms)-w	total-w	elapsed	errors	ops(total)	ops/sec(cum)	avg(ms)	p50(ms)	p95(ms)	p99(ms)	pMax(ms)
45	0.0	0.0	2410762.0	80356.2	3.7499999999999996	3.2249999999999996	8.0625	13.525	41.7875	0.0	0.0	0.0	127211.0	4240.3	4.8375	3.474999999999999	12.7	19.400000000000002	45.3125	0.0	0.0	0.0	2537973.0	84596.5	3.8	3.2499999999999996	8.35	14.05	46.1
