concurrency	elapsed-r	errors-r	ops(total)-r	ops/sec(cum)-r	avg(ms)-r	p50(ms)-r	p95(ms)-r	p99(ms)-r	pMax(ms)-r	total-r	elapsed-w	errors-w	ops(total)-w	ops/sec(cum)-w	avg(ms)-w	p50(ms)-w	p95(ms)-w	p99(ms)-w	pMax(ms)-w	total-w	elapsed	errors	ops(total)	ops/sec(cum)	avg(ms)	p50(ms)	p95(ms)	p99(ms)	pMax(ms)
23	0.0	0.0	1899512.0	63315.3	2.3875	2.1	5.05	9.0875	59.487500000000004	0.0	0.0	0.0	99732.0	3324.3	4.300000000000001	3.9499999999999997	9.4	13.562499999999998	40.375	0.0	0.0	0.0	1999244.0	66639.7	2.4875	2.175	5.574999999999999	9.55	62.112500000000004
