concurrency	elapsed-r	errors-r	ops(total)-r	ops/sec(cum)-r	avg(ms)-r	p50(ms)-r	p95(ms)-r	p99(ms)-r	pMax(ms)-r	total-r	elapsed	errors	ops(total)	ops/sec(cum)	avg(ms)	p50(ms)	p95(ms)	p99(ms)	pMax(ms)
20	0.0	0.0	1076387.0	35878.9	4.275	4.0	8.1625	11.312499999999998	30.025000000000002	0.0	0.0	0.0	1076387.0	35878.9	4.275	4.0	8.1625	11.312499999999998	30.025000000000002
