concurrency	elapsed-r	errors-r	ops(total)-r	ops/sec(cum)-r	avg(ms)-r	p50(ms)-r	p95(ms)-r	p99(ms)-r	pMax(ms)-r	total-r	elapsed-w	errors-w	ops(total)-w	ops/sec(cum)-w	avg(ms)-w	p50(ms)-w	p95(ms)-w	p99(ms)-w	pMax(ms)-w	total-w	elapsed	errors	ops(total)	ops/sec(cum)	avg(ms)	p50(ms)	p95(ms)	p99(ms)	pMax(ms)
45	0.0	0.0	1953730.0	65122.700000000004	4.5875	4.05	10.6875	16.675	111.67500000000001	0.0	0.0	0.0	102376.0	3412.6	8.2875	7.824999999999999	17.9375	25.049999999999997	46.1	0.0	0.0	0.0	2056106.0	68535.1	4.7749999999999995	4.125	11.375	17.55	112.19999999999999
