concurrency	elapsed-r	errors-r	ops(total)-r	ops/sec(cum)-r	avg(ms)-r	p50(ms)-r	p95(ms)-r	p99(ms)-r	pMax(ms)-r	total-r	elapsed	errors	ops(total)	ops/sec(cum)	avg(ms)	p50(ms)	p95(ms)	p99(ms)	pMax(ms)
32	0.0	0.0	1386166.0	46204.600000000006	5.3875	4.85	10.649999999999999	16.8	41.637499999999996	0.0	0.0	0.0	1386166.0	46204.600000000006	5.3875	4.85	10.649999999999999	16.8	41.637499999999996
