concurrency	elapsed-r	errors-r	ops(total)-r	ops/sec(cum)-r	avg(ms)-r	p50(ms)-r	p95(ms)-r	p99(ms)-r	pMax(ms)-r	total-r	elapsed	errors	ops(total)	ops/sec(cum)	avg(ms)	p50(ms)	p95(ms)	p99(ms)	pMax(ms)
11	0.0	0.0	1344342.0	44811.0	1.8125	1.7125000000000001	2.8	5.175	20.525000000000002	0.0	0.0	0.0	1344342.0	44811.0	1.8125	1.7125000000000001	2.8	5.175	20.525000000000002
