concurrency	elapsed-r	errors-r	ops(total)-r	ops/sec(cum)-r	avg(ms)-r	p50(ms)-r	p95(ms)-r	p99(ms)-r	pMax(ms)-r	total-r	elapsed-w	errors-w	ops(total)-w	ops/sec(cum)-w	avg(ms)-w	p50(ms)-w	p95(ms)-w	p99(ms)-w	pMax(ms)-w	total-w	elapsed	errors	ops(total)	ops/sec(cum)	avg(ms)	p50(ms)	p95(ms)	p99(ms)	pMax(ms)
128	0.0	0.0	4470835.0	149018.7	4.2	3.38	11.22	18.779999999999998	122.47999999999999	0.0	0.0	0.0	235389.0	7845.9	11.3	10.139999999999999	23.419999999999998	32.08	111.78	0.0	0.0	0.0	4706224.0	156864.6	4.58	3.46	13.0	20.880000000000003	124.35999999999999
