concurrency	elapsed-r	errors-r	ops(total)-r	ops/sec(cum)-r	avg(ms)-r	p50(ms)-r	p95(ms)-r	p99(ms)-r	pMax(ms)-r	total-r	elapsed-w	errors-w	ops(total)-w	ops/sec(cum)-w	avg(ms)-w	p50(ms)-w	p95(ms)-w	p99(ms)-w	pMax(ms)-w	total-w	elapsed	errors	ops(total)	ops/sec(cum)	avg(ms)	p50(ms)	p95(ms)	p99(ms)	pMax(ms)
42	0.0	0.0	4422973.0	147429.2	1.8250000000000002	1.6500000000000001	3.475	6.299999999999999	214.95	0.0	0.0	0.0	232681.0	7755.800000000001	1.9	1.6500000000000001	3.5999999999999996	7.1000000000000005	98.825	0.0	0.0	0.0	4655654.0	155185.0	1.8250000000000002	1.6500000000000001	3.4875000000000003	6.3374999999999995	214.95
