ops/sec(cum)	p50(ms)	p99(ms)	read_tp	read_p50	read_p99	write_tp	write_p50	write_p99
295386.6166666667	0.2803333333333333	2.1126666666666667	280638.55	0.2783333333333333	2.1126666666666667	14747.06666666667	0.2823333333333333	2.1346666666666665
