concurrency	elapsed-r	errors-r	ops(total)-r	ops/sec(cum)-r	avg(ms)-r	p50(ms)-r	p95(ms)-r	p99(ms)-r	pMax(ms)-r	total-r	elapsed-w	errors-w	ops(total)-w	ops/sec(cum)-w	avg(ms)-w	p50(ms)-w	p95(ms)-w	p99(ms)-w	pMax(ms)-w	total-w	elapsed	errors	ops(total)	ops/sec(cum)	avg(ms)	p50(ms)	p95(ms)	p99(ms)	pMax(ms)
29	0.0	0.0	165888.0	5529.300000000001	5.275	5.25	9.475	11.825	42.974999999999994	0.0	0.0	0.0	8529.0	284.29999999999995	695.925	906.0	939.5	973.1000000000001	1023.425	0.0	0.0	0.0	174417.0	5813.6	39.0625	5.4375	12.2625	939.5	1023.425
