concurrency	elapsed-r	errors-r	ops(total)-r	ops/sec(cum)-r	avg(ms)-r	p50(ms)-r	p95(ms)-r	p99(ms)-r	pMax(ms)-r	total-r	elapsed-w	errors-w	ops(total)-w	ops/sec(cum)-w	avg(ms)-w	p50(ms)-w	p95(ms)-w	p99(ms)-w	pMax(ms)-w	total-w	elapsed	errors	ops(total)	ops/sec(cum)	avg(ms)	p50(ms)	p95(ms)	p99(ms)	pMax(ms)
92	0.0	0.0	2794209.0	93136.8	4.9799999999999995	4.0200000000000005	12.9	21.18	178.66	0.0	0.0	0.0	147044.0	4901.299999999999	14.060000000000002	12.76	28.71999999999999	38.38	144.28000000000003	0.0	0.0	0.0	2941253.0	98037.99999999999	5.42	4.24	15.52	23.9	179.08
