concurrency	elapsed-r	errors-r	ops(total)-r	ops/sec(cum)-r	avg(ms)-r	p50(ms)-r	p95(ms)-r	p99(ms)-r	pMax(ms)-r	total-r	elapsed-w	errors-w	ops(total)-w	ops/sec(cum)-w	avg(ms)-w	p50(ms)-w	p95(ms)-w	p99(ms)-w	pMax(ms)-w	total-w	elapsed	errors	ops(total)	ops/sec(cum)	avg(ms)	p50(ms)	p95(ms)	p99(ms)	pMax(ms)
55	0.0	0.0	3399853.0	113325.20000000001	3.3750000000000004	3.2124999999999995	6.2	10.975	56.87499999999999	0.0	0.0	0.0	178614.0	5953.5	3.4125	3.2249999999999996	6.2250000000000005	10.975	28.062500000000004	0.0	0.0	0.0	3578467.0	119278.7	3.3875000000000006	3.2124999999999995	6.2250000000000005	10.975	56.87499999999999
