concurrency	elapsed-r	errors-r	ops(total)-r	ops/sec(cum)-r	avg(ms)-r	p50(ms)-r	p95(ms)-r	p99(ms)-r	pMax(ms)-r	total-r	elapsed-w	errors-w	ops(total)-w	ops/sec(cum)-w	avg(ms)-w	p50(ms)-w	p95(ms)-w	p99(ms)-w	pMax(ms)-w	total-w	elapsed	errors	ops(total)	ops/sec(cum)	avg(ms)	p50(ms)	p95(ms)	p99(ms)	pMax(ms)
48	0.0	0.0	1922347.0	64075.7	5.0	4.25	12.075	18.750000000000004	132.89999999999998	0.0	0.0	0.0	101245.0	3374.7000000000003	9.575	8.7	21.912499999999998	31.087500000000002	76.025	0.0	0.0	0.0	2023592.0	67450.40000000001	5.225	4.5	12.912499999999998	20.337500000000002	138.93749999999997
