concurrency	elapsed-r	errors-r	ops(total)-r	ops/sec(cum)-r	avg(ms)-r	p50(ms)-r	p95(ms)-r	p99(ms)-r	pMax(ms)-r	total-r	elapsed	errors	ops(total)	ops/sec(cum)	avg(ms)	p50(ms)	p95(ms)	p99(ms)	pMax(ms)
58	0.0	0.0	1527581.0	50917.700000000004	8.525	7.6	18.900000000000002	27.0	196.0625	0.0	0.0	0.0	1527581.0	50917.700000000004	8.525	7.6	18.900000000000002	27.0	196.0625
