concurrency	elapsed-r	errors-r	ops(total)-r	ops/sec(cum)-r	avg(ms)-r	p50(ms)-r	p95(ms)-r	p99(ms)-r	pMax(ms)-r	total-r	elapsed	errors	ops(total)	ops/sec(cum)	avg(ms)	p50(ms)	p95(ms)	p99(ms)	pMax(ms)
21	0.0	0.0	1372441.0	45747.399999999994	1.6500000000000001	1.625	2.6	4.725	16.375	0.0	0.0	0.0	1372441.0	45747.399999999994	1.6500000000000001	1.625	2.6	4.725	16.375
