concurrency	elapsed-r	errors-r	ops(total)-r	ops/sec(cum)-r	avg(ms)-r	p50(ms)-r	p95(ms)-r	p99(ms)-r	pMax(ms)-r	total-r	elapsed-w	errors-w	ops(total)-w	ops/sec(cum)-w	avg(ms)-w	p50(ms)-w	p95(ms)-w	p99(ms)-w	pMax(ms)-w	total-w	elapsed	errors	ops(total)	ops/sec(cum)	avg(ms)	p50(ms)	p95(ms)	p99(ms)	pMax(ms)
128	0.0	0.0	4604962.0	153488.3	3.8	3.1800000000000006	8.82	17.4	128.14000000000001	0.0	0.0	0.0	242820.0	8093.400000000001	11.58	10.440000000000001	23.88	31.24	113.66000000000001	0.0	0.0	0.0	4847782.0	161581.69999999998	4.2	3.22	12.48	20.56	128.14000000000001
