concurrency	elapsed-r	errors-r	ops(total)-r	ops/sec(cum)-r	avg(ms)-r	p50(ms)-r	p95(ms)-r	p99(ms)-r	pMax(ms)-r	total-r	elapsed-w	errors-w	ops(total)-w	ops/sec(cum)-w	avg(ms)-w	p50(ms)-w	p95(ms)-w	p99(ms)-w	pMax(ms)-w	total-w	elapsed	errors	ops(total)	ops/sec(cum)	avg(ms)	p50(ms)	p95(ms)	p99(ms)	pMax(ms)
30	0.0	0.0	1949435.0	64980.1	3.3249999999999997	3.0875000000000004	6.0375	8.3875	50.074999999999996	0.0	0.0	0.0	102945.0	3431.4999999999995	3.2375000000000003	3.0375	5.949999999999999	8.275	16.724999999999998	0.0	0.0	0.0	2052380.0	68411.40000000001	3.3249999999999997	3.0875000000000004	6.0375	8.3875	50.074999999999996
