concurrency	elapsed-r	errors-r	ops(total)-r	ops/sec(cum)-r	avg(ms)-r	p50(ms)-r	p95(ms)-r	p99(ms)-r	pMax(ms)-r	total-r	elapsed-w	errors-w	ops(total)-w	ops/sec(cum)-w	avg(ms)-w	p50(ms)-w	p95(ms)-w	p99(ms)-w	pMax(ms)-w	total-w	elapsed	errors	ops(total)	ops/sec(cum)	avg(ms)	p50(ms)	p95(ms)	p99(ms)	pMax(ms)
149	0.0	0.0	4420911.0	147353.9	5.279999999999999	4.22	13.719999999999999	22.020000000000003	275.98	0.0	0.0	0.0	232261.0	7741.599999999999	12.66	11.139999999999999	26.560000000000002	36.06	148.06	0.0	0.0	0.0	4653172.0	155095.5	5.659999999999999	4.32	15.459999999999999	24.5	285.2
