concurrency	elapsed-w	errors-w	ops(total)-w	ops/sec(cum)-w	avg(ms)-w	p50(ms)-w	p95(ms)-w	p99(ms)-w	pMax(ms)-w	total-w	elapsed	errors	ops(total)	ops/sec(cum)	avg(ms)	p50(ms)	p95(ms)	p99(ms)	pMax(ms)
49	0.0	0.0	629324.0	20976.600000000002	18.212500000000002	11.275000000000002	49.77499999999999	65.26249999999999	261.08750000000003	0.0	0.0	0.0	629324.0	20976.600000000002	18.212500000000002	11.275000000000002	49.77499999999999	65.26249999999999	261.08750000000003
