concurrency	elapsed-r	errors-r	ops(total)-r	ops/sec(cum)-r	avg(ms)-r	p50(ms)-r	p95(ms)-r	p99(ms)-r	pMax(ms)-r	total-r	elapsed-w	errors-w	ops(total)-w	ops/sec(cum)-w	avg(ms)-w	p50(ms)-w	p95(ms)-w	p99(ms)-w	pMax(ms)-w	total-w	elapsed	errors	ops(total)	ops/sec(cum)	avg(ms)	p50(ms)	p95(ms)	p99(ms)	pMax(ms)
10	0.0	0.0	1448365.0	48278.3	1.3125000000000002	1.2	2.5625	3.5749999999999997	23.8625	0.0	0.0	0.0	76213.0	2540.6000000000004	3.0875000000000004	2.9625	6.487499999999999	9.9	24.5375	0.0	0.0	0.0	1524578.0	50818.600000000006	1.4125	1.2	2.9125	4.775	26.375000000000004
