concurrency	elapsed-r	errors-r	ops(total)-r	ops/sec(cum)-r	avg(ms)-r	p50(ms)-r	p95(ms)-r	p99(ms)-r	pMax(ms)-r	total-r	elapsed-w	errors-w	ops(total)-w	ops/sec(cum)-w	avg(ms)-w	p50(ms)-w	p95(ms)-w	p99(ms)-w	pMax(ms)-w	total-w	elapsed	errors	ops(total)	ops/sec(cum)	avg(ms)	p50(ms)	p95(ms)	p99(ms)	pMax(ms)
30	0.0	0.0	3281571.0	109383.8	1.8125000000000002	1.675	2.8500000000000005	5.875	25.587500000000002	0.0	0.0	0.0	172668.0	5755.6	1.975	1.775	3.6999999999999997	6.7375	19.15	0.0	0.0	0.0	3454239.0	115139.2	1.8250000000000002	1.7	2.9000000000000004	6.0125	25.587500000000002
