concurrency	elapsed-r	errors-r	ops(total)-r	ops/sec(cum)-r	avg(ms)-r	p50(ms)-r	p95(ms)-r	p99(ms)-r	pMax(ms)-r	total-r	elapsed-w	errors-w	ops(total)-w	ops/sec(cum)-w	avg(ms)-w	p50(ms)-w	p95(ms)-w	p99(ms)-w	pMax(ms)-w	total-w	elapsed	errors	ops(total)	ops/sec(cum)	avg(ms)	p50(ms)	p95(ms)	p99(ms)	pMax(ms)
10	0.0	0.0	146021.0	4867.499999999999	4.7875000000000005	4.562500000000001	8.4125	10.475000000000001	17.625	0.0	0.0	0.0	7705.0	256.8	214.4875	234.90000000000003	278.9	302.0	318.8	0.0	0.0	0.0	153726.0	5124.099999999999	15.3	4.6875	12.587499999999999	251.70000000000002	318.8
