concurrency	elapsed-w	errors-w	ops(total)-w	ops/sec(cum)-w	avg(ms)-w	p50(ms)-w	p95(ms)-w	p99(ms)-w	pMax(ms)-w	total-w	elapsed	errors	ops(total)	ops/sec(cum)	avg(ms)	p50(ms)	p95(ms)	p99(ms)	pMax(ms)
63	0.0	0.0	4621698.0	154051.2	2.95	1.9874999999999998	7.9625	13.024999999999999	171.17499999999998	0.0	0.0	0.0	4621698.0	154051.2	2.95	1.9874999999999998	7.9625	13.024999999999999	171.17499999999998
