concurrency	elapsed-r	errors-r	ops(total)-r	ops/sec(cum)-r	avg(ms)-r	p50(ms)-r	p95(ms)-r	p99(ms)-r	pMax(ms)-r	total-r	elapsed-w	errors-w	ops(total)-w	ops/sec(cum)-w	avg(ms)-w	p50(ms)-w	p95(ms)-w	p99(ms)-w	pMax(ms)-w	total-w	elapsed	errors	ops(total)	ops/sec(cum)	avg(ms)	p50(ms)	p95(ms)	p99(ms)	pMax(ms)
24	0.0	0.0	153785.0	5126.0	5.3875	5.475	9.475	11.6375	23.712500000000002	0.0	0.0	0.0	7745.0	258.29999999999995	623.2	738.1999999999999	771.8000000000001	792.7375000000001	805.3000000000001	0.0	0.0	0.0	161530.0	5384.2	35.037499999999994	5.5249999999999995	12.7	738.1999999999999	805.3000000000001
