concurrency	elapsed-r	errors-r	ops(total)-r	ops/sec(cum)-r	avg(ms)-r	p50(ms)-r	p95(ms)-r	p99(ms)-r	pMax(ms)-r	total-r	elapsed-w	errors-w	ops(total)-w	ops/sec(cum)-w	avg(ms)-w	p50(ms)-w	p95(ms)-w	p99(ms)-w	pMax(ms)-w	total-w	elapsed	errors	ops(total)	ops/sec(cum)	avg(ms)	p50(ms)	p95(ms)	p99(ms)	pMax(ms)
47	0.0	0.0	3222059.0	107399.2	3.025	2.6374999999999997	5.612499999999999	15.875	53.8625	0.0	0.0	0.0	169120.0	5637.3	3.175	2.7625	5.987500000000001	16.2875	46.00000000000001	0.0	0.0	0.0	3391179.0	113036.40000000001	3.0374999999999996	2.6374999999999997	5.612499999999999	15.875	53.8625
