concurrency	elapsed-r	errors-r	ops(total)-r	ops/sec(cum)-r	avg(ms)-r	p50(ms)-r	p95(ms)-r	p99(ms)-r	pMax(ms)-r	total-r	elapsed	errors	ops(total)	ops/sec(cum)	avg(ms)	p50(ms)	p95(ms)	p99(ms)	pMax(ms)
64	0.0	0.0	1876666.0	62553.00000000001	7.6000000000000005	6.4125	18.4125	28.0375	87.575	0.0	0.0	0.0	1876666.0	62553.00000000001	7.6000000000000005	6.4125	18.4125	28.0375	87.575
