concurrency	elapsed-r	errors-r	ops(total)-r	ops/sec(cum)-r	avg(ms)-r	p50(ms)-r	p95(ms)-r	p99(ms)-r	pMax(ms)-r	total-r	elapsed-w	errors-w	ops(total)-w	ops/sec(cum)-w	avg(ms)-w	p50(ms)-w	p95(ms)-w	p99(ms)-w	pMax(ms)-w	total-w	elapsed	errors	ops(total)	ops/sec(cum)	avg(ms)	p50(ms)	p95(ms)	p99(ms)	pMax(ms)
18	0.0	0.0	1156895.0	38562.5	3.325	3.325	6.299999999999999	7.45	25.175	0.0	0.0	0.0	60761.0	2025.3999999999999	4.2875000000000005	3.9374999999999996	7.9875	16.425	63.6875	0.0	0.0	0.0	1217656.0	40587.90000000001	3.3625	3.325	6.374999999999999	7.7124999999999995	63.6875
