concurrency	elapsed-r	errors-r	ops(total)-r	ops/sec(cum)-r	avg(ms)-r	p50(ms)-r	p95(ms)-r	p99(ms)-r	pMax(ms)-r	total-r	elapsed-w	errors-w	ops(total)-w	ops/sec(cum)-w	avg(ms)-w	p50(ms)-w	p95(ms)-w	p99(ms)-w	pMax(ms)-w	total-w	elapsed	errors	ops(total)	ops/sec(cum)	avg(ms)	p50(ms)	p95(ms)	p99(ms)	pMax(ms)
139	0.0	0.0	4480744.0	149350.2	4.78	3.8200000000000003	12.14	20.119999999999997	138.18	0.0	0.0	0.0	235177.0	7838.9	11.819999999999999	10.500000000000002	24.579999999999995	33.86	95.64	0.0	0.0	0.0	4715921.0	157189.09999999998	5.1000000000000005	3.96	14.24	22.240000000000002	138.4
