concurrency	elapsed-r	errors-r	ops(total)-r	ops/sec(cum)-r	avg(ms)-r	p50(ms)-r	p95(ms)-r	p99(ms)-r	pMax(ms)-r	total-r	elapsed-w	errors-w	ops(total)-w	ops/sec(cum)-w	avg(ms)-w	p50(ms)-w	p95(ms)-w	p99(ms)-w	pMax(ms)-w	total-w	elapsed	errors	ops(total)	ops/sec(cum)	avg(ms)	p50(ms)	p95(ms)	p99(ms)	pMax(ms)
55	0.0	0.0	1269841.0	42326.299999999996	8.862499999999999	7.85	19.775000000000002	29.125000000000004	163.06249999999997	0.0	0.0	0.0	66486.0	2216.2000000000003	16.675	15.55	33.3125	45.574999999999996	157.3	0.0	0.0	0.0	1336327.0	44542.4	9.25	8.1625	21.5	31.225	176.1625
