concurrency	elapsed-r	errors-r	ops(total)-r	ops/sec(cum)-r	avg(ms)-r	p50(ms)-r	p95(ms)-r	p99(ms)-r	pMax(ms)-r	total-r	elapsed-w	errors-w	ops(total)-w	ops/sec(cum)-w	avg(ms)-w	p50(ms)-w	p95(ms)-w	p99(ms)-w	pMax(ms)-w	total-w	elapsed	errors	ops(total)	ops/sec(cum)	avg(ms)	p50(ms)	p95(ms)	p99(ms)	pMax(ms)
40	0.0	0.0	988938.0	32963.8	2.4	2.0	6.599999999999999	14.699999999999998	52.4	0.0	0.0	0.0	51934.0	1731.1	1.5333333333333332	1.0	2.6	9.433333333333332	37.03333333333333	0.0	0.0	0.0	1040872.0	34694.8	2.4	1.8999999999999997	6.3	14.699999999999998	52.4
