concurrency	elapsed-r	errors-r	ops(total)-r	ops/sec(cum)-r	avg(ms)-r	p50(ms)-r	p95(ms)-r	p99(ms)-r	pMax(ms)-r	total-r	elapsed-w	errors-w	ops(total)-w	ops/sec(cum)-w	avg(ms)-w	p50(ms)-w	p95(ms)-w	p99(ms)-w	pMax(ms)-w	total-w	elapsed	errors	ops(total)	ops/sec(cum)	avg(ms)	p50(ms)	p95(ms)	p99(ms)	pMax(ms)
35	0.0	0.0	174008.0	5799.900000000001	5.0625	5.025	8.95	12.325	28.449999999999996	0.0	0.0	0.0	8989.0	299.6	817.2874999999999	1040.2	1140.8999999999999	1140.8999999999999	1140.8999999999999	0.0	0.0	0.0	182997.0	6099.599999999999	44.975	5.25	12.962499999999999	1073.7	1140.8999999999999
