concurrency	elapsed-r	errors-r	ops(total)-r	ops/sec(cum)-r	avg(ms)-r	p50(ms)-r	p95(ms)-r	p99(ms)-r	pMax(ms)-r	total-r	elapsed	errors	ops(total)	ops/sec(cum)	avg(ms)	p50(ms)	p95(ms)	p99(ms)	pMax(ms)
37	0.0	0.0	1003140.0	33436.9	8.8625	8.175	19.0	26.612499999999997	73.66250000000001	0.0	0.0	0.0	1003140.0	33436.9	8.8625	8.175	19.0	26.612499999999997	73.66250000000001
