concurrency	elapsed-r	errors-r	ops(total)-r	ops/sec(cum)-r	avg(ms)-r	p50(ms)-r	p95(ms)-r	p99(ms)-r	pMax(ms)-r	total-r	elapsed-w	errors-w	ops(total)-w	ops/sec(cum)-w	avg(ms)-w	p50(ms)-w	p95(ms)-w	p99(ms)-w	pMax(ms)-w	total-w	elapsed	errors	ops(total)	ops/sec(cum)	avg(ms)	p50(ms)	p95(ms)	p99(ms)	pMax(ms)
80	0.0	0.0	2847291.0	94905.7	3.9800000000000004	3.28	9.64	18.46	165.68	0.0	0.0	0.0	150044.0	5001.2	11.920000000000002	10.719999999999999	25.620000000000005	33.540000000000006	122.91999999999999	0.0	0.0	0.0	2997335.0	99907.0	4.38	3.3599999999999994	13.280000000000001	20.979999999999997	167.35999999999999
