concurrency	elapsed-r	errors-r	ops(total)-r	ops/sec(cum)-r	avg(ms)-r	p50(ms)-r	p95(ms)-r	p99(ms)-r	pMax(ms)-r	total-r	elapsed-w	errors-w	ops(total)-w	ops/sec(cum)-w	avg(ms)-w	p50(ms)-w	p95(ms)-w	p99(ms)-w	pMax(ms)-w	total-w	elapsed	errors	ops(total)	ops/sec(cum)	avg(ms)	p50(ms)	p95(ms)	p99(ms)	pMax(ms)
22	0.0	0.0	1470981.0	49031.899999999994	2.9124999999999996	2.8874999999999997	6.525	8.0875	59.4875	0.0	0.0	0.0	77044.0	2568.1	9.35	5.375	43.2125	56.60000000000001	115.8375	0.0	0.0	0.0	1548025.0	51599.799999999996	3.25	2.9625	6.799999999999999	10.875	115.8375
