concurrency	elapsed-r	errors-r	ops(total)-r	ops/sec(cum)-r	avg(ms)-r	p50(ms)-r	p95(ms)-r	p99(ms)-r	pMax(ms)-r	total-r	elapsed-w	errors-w	ops(total)-w	ops/sec(cum)-w	avg(ms)-w	p50(ms)-w	p95(ms)-w	p99(ms)-w	pMax(ms)-w	total-w	elapsed	errors	ops(total)	ops/sec(cum)	avg(ms)	p50(ms)	p95(ms)	p99(ms)	pMax(ms)
147	0.0	0.0	4601818.0	153377.2	4.380000000000001	3.6399999999999997	10.540000000000001	18.759999999999998	199.00000000000003	0.0	0.0	0.0	241557.0	8051.0	13.6	12.78	26.880000000000003	35.54	145.76000000000002	0.0	0.0	0.0	4843375.0	161428.0	4.84	3.8	13.780000000000001	23.36	199.42000000000002
