concurrency	elapsed-r	errors-r	ops(total)-r	ops/sec(cum)-r	avg(ms)-r	p50(ms)-r	p95(ms)-r	p99(ms)-r	pMax(ms)-r	total-r	elapsed-w	errors-w	ops(total)-w	ops/sec(cum)-w	avg(ms)-w	p50(ms)-w	p95(ms)-w	p99(ms)-w	pMax(ms)-w	total-w	elapsed	errors	ops(total)	ops/sec(cum)	avg(ms)	p50(ms)	p95(ms)	p99(ms)	pMax(ms)
7	0.0	0.0	628390.0	20946.199999999997	2.25	2.0749999999999997	3.6375	5.137499999999999	16.0125	0.0	0.0	0.0	33038.0	1101.3	4.3500000000000005	4.25	6.625	8.7625	15.612499999999999	0.0	0.0	0.0	661428.0	22047.4	2.3499999999999996	2.15	4.25	5.9375	16.662499999999998
