concurrency	elapsed-r	errors-r	ops(total)-r	ops/sec(cum)-r	avg(ms)-r	p50(ms)-r	p95(ms)-r	p99(ms)-r	pMax(ms)-r	total-r	elapsed-w	errors-w	ops(total)-w	ops/sec(cum)-w	avg(ms)-w	p50(ms)-w	p95(ms)-w	p99(ms)-w	pMax(ms)-w	total-w	elapsed	errors	ops(total)	ops/sec(cum)	avg(ms)	p50(ms)	p95(ms)	p99(ms)	pMax(ms)
27	0.0	0.0	1171088.0	26023.9	2.1	1.4600000000000002	5.04	12.1	56.6	0.0	0.0	0.0	62104.0	1380.1000000000001	38.36	2.5599999999999996	167.8	184.5	211.37999999999997	0.0	0.0	0.0	1233192.0	27404.0	3.94	1.5	5.8	129.16	211.37999999999997
