concurrency	elapsed-r	errors-r	ops(total)-r	ops/sec(cum)-r	avg(ms)-r	p50(ms)-r	p95(ms)-r	p99(ms)-r	pMax(ms)-r	total-r	elapsed	errors	ops(total)	ops/sec(cum)	avg(ms)	p50(ms)	p95(ms)	p99(ms)	pMax(ms)
19	0.0	0.0	1411430.0	47046.9	3.0624999999999996	2.8000000000000007	5.637499999999999	8.9125	23.075	0.0	0.0	0.0	1411430.0	47046.9	3.0624999999999996	2.8000000000000007	5.637499999999999	8.9125	23.075
