concurrency	elapsed-r	errors-r	ops(total)-r	ops/sec(cum)-r	avg(ms)-r	p50(ms)-r	p95(ms)-r	p99(ms)-r	pMax(ms)-r	total-r	elapsed-w	errors-w	ops(total)-w	ops/sec(cum)-w	avg(ms)-w	p50(ms)-w	p95(ms)-w	p99(ms)-w	pMax(ms)-w	total-w	elapsed	errors	ops(total)	ops/sec(cum)	avg(ms)	p50(ms)	p95(ms)	p99(ms)	pMax(ms)
53	0.0	0.0	646270.0	21541.6	2.5	1.7	6.733333333333333	12.6	67.8	0.0	0.0	0.0	33952.0	1131.8	69.26666666666667	3.1	385.8999999999999	402.7	453.0	0.0	0.0	0.0	680222.0	22673.199999999997	5.833333333333333	1.7333333333333334	7.166666666666667	32.5	453.0
