concurrency	elapsed-r	errors-r	ops(total)-r	ops/sec(cum)-r	avg(ms)-r	p50(ms)-r	p95(ms)-r	p99(ms)-r	pMax(ms)-r	total-r	elapsed-w	errors-w	ops(total)-w	ops/sec(cum)-w	avg(ms)-w	p50(ms)-w	p95(ms)-w	p99(ms)-w	pMax(ms)-w	total-w	elapsed	errors	ops(total)	ops/sec(cum)	avg(ms)	p50(ms)	p95(ms)	p99(ms)	pMax(ms)
88	0.0	0.0	2685170.0	89501.8	5.0	3.84	13.939999999999998	21.839999999999996	181.18	0.0	0.0	0.0	141689.0	4722.8	13.679999999999998	12.559999999999999	28.919999999999995	37.720000000000006	149.32	0.0	0.0	0.0	2826859.0	94224.6	5.42	4.0200000000000005	15.6	24.76	181.18
