concurrency	elapsed-r	errors-r	ops(total)-r	ops/sec(cum)-r	avg(ms)-r	p50(ms)-r	p95(ms)-r	p99(ms)-r	pMax(ms)-r	total-r	elapsed-w	errors-w	ops(total)-w	ops/sec(cum)-w	avg(ms)-w	p50(ms)-w	p95(ms)-w	p99(ms)-w	pMax(ms)-w	total-w	elapsed	errors	ops(total)	ops/sec(cum)	avg(ms)	p50(ms)	p95(ms)	p99(ms)	pMax(ms)
39	0.0	0.0	1945228.0	64839.2	3.9749999999999996	3.5249999999999995	9.3375	14.825000000000001	48.9875	0.0	0.0	0.0	101998.0	3400.1	7.125000000000001	6.799999999999999	15.512500000000001	21.875	39.025	0.0	0.0	0.0	2047226.0	68239.0	4.125	3.55	10.0	15.325000000000001	48.9875
