concurrency	elapsed-r	errors-r	ops(total)-r	ops/sec(cum)-r	avg(ms)-r	p50(ms)-r	p95(ms)-r	p99(ms)-r	pMax(ms)-r	total-r	elapsed	errors	ops(total)	ops/sec(cum)	avg(ms)	p50(ms)	p95(ms)	p99(ms)	pMax(ms)
23	0.0	0.0	994795.0	33159.2	5.425000000000001	5.0625	10.725	14.575	41.1125	0.0	0.0	0.0	994795.0	33159.2	5.425000000000001	5.0625	10.725	14.575	41.1125
