concurrency	elapsed-r	errors-r	ops(total)-r	ops/sec(cum)-r	avg(ms)-r	p50(ms)-r	p95(ms)-r	p99(ms)-r	pMax(ms)-r	total-r	elapsed-w	errors-w	ops(total)-w	ops/sec(cum)-w	avg(ms)-w	p50(ms)-w	p95(ms)-w	p99(ms)-w	pMax(ms)-w	total-w	elapsed	errors	ops(total)	ops/sec(cum)	avg(ms)	p50(ms)	p95(ms)	p99(ms)	pMax(ms)
40	0.0	0.0	1954474.0	65147.3	4.075	3.5749999999999997	9.275	14.825000000000001	46.1	0.0	0.0	0.0	103064.0	3435.5000000000005	7.325	6.937500000000001	15.650000000000002	22.4375	50.825	0.0	0.0	0.0	2057538.0	68582.8	4.25	3.675	10.0625	15.650000000000002	52.925000000000004
