concurrency	elapsed-r	errors-r	ops(total)-r	ops/sec(cum)-r	avg(ms)-r	p50(ms)-r	p95(ms)-r	p99(ms)-r	pMax(ms)-r	total-r	elapsed-w	errors-w	ops(total)-w	ops/sec(cum)-w	avg(ms)-w	p50(ms)-w	p95(ms)-w	p99(ms)-w	pMax(ms)-w	total-w	elapsed	errors	ops(total)	ops/sec(cum)	avg(ms)	p50(ms)	p95(ms)	p99(ms)	pMax(ms)
40	0.0	0.0	2676729.0	89222.3	1.98	1.4	5.16	8.54	30.22	0.0	0.0	0.0	140593.0	4686.2	12.979999999999999	2.54	68.02000000000001	86.66	111.75999999999999	0.0	0.0	0.0	2817322.0	93908.79999999999	2.54	1.44	5.459999999999999	13.280000000000001	111.75999999999999
