concurrency	elapsed-r	errors-r	ops(total)-r	ops/sec(cum)-r	avg(ms)-r	p50(ms)-r	p95(ms)-r	p99(ms)-r	pMax(ms)-r	total-r	elapsed-w	errors-w	ops(total)-w	ops/sec(cum)-w	avg(ms)-w	p50(ms)-w	p95(ms)-w	p99(ms)-w	pMax(ms)-w	total-w	elapsed	errors	ops(total)	ops/sec(cum)	avg(ms)	p50(ms)	p95(ms)	p99(ms)	pMax(ms)
52	0.0	0.0	1054617.0	35152.6	2.9	2.2	8.4	17.8	67.8	0.0	0.0	0.0	55847.0	1861.3999999999999	1.6000000000000003	1.0	2.6	11.166666666666666	90.89999999999999	0.0	0.0	0.0	1110464.0	37014.2	2.7999999999999994	2.1	8.1	17.8	90.89999999999999
