concurrency	elapsed-r	errors-r	ops(total)-r	ops/sec(cum)-r	avg(ms)-r	p50(ms)-r	p95(ms)-r	p99(ms)-r	pMax(ms)-r	total-r	elapsed-w	errors-w	ops(total)-w	ops/sec(cum)-w	avg(ms)-w	p50(ms)-w	p95(ms)-w	p99(ms)-w	pMax(ms)-w	total-w	elapsed	errors	ops(total)	ops/sec(cum)	avg(ms)	p50(ms)	p95(ms)	p99(ms)	pMax(ms)
17	0.0	0.0	634389.0	21145.8	3.8375	2.475	13.162499999999998	22.825	84.95	0.0	0.0	0.0	33219.0	1107.4	45.1	9.45	93.56250000000001	868.2124999999999	1052.75	0.0	0.0	0.0	667608.0	22253.100000000002	5.875	2.65	14.2375	24.924999999999997	1052.75
