concurrency	elapsed-r	errors-r	ops(total)-r	ops/sec(cum)-r	avg(ms)-r	p50(ms)-r	p95(ms)-r	p99(ms)-r	pMax(ms)-r	total-r	elapsed-w	errors-w	ops(total)-w	ops/sec(cum)-w	avg(ms)-w	p50(ms)-w	p95(ms)-w	p99(ms)-w	pMax(ms)-w	total-w	elapsed	errors	ops(total)	ops/sec(cum)	avg(ms)	p50(ms)	p95(ms)	p99(ms)	pMax(ms)
31	0.0	0.0	612584.0	20418.800000000003	7.087500000000001	2.3499999999999996	10.8125	151.0	354.425	0.0	0.0	0.0	31892.0	1063.1	92.675	91.25	112.17500000000003	237.0	385.87500000000006	0.0	0.0	0.0	644476.0	21481.8	11.312499999999998	2.45	88.62500000000001	157.29999999999998	400.56250000000006
