concurrency	elapsed-r	errors-r	ops(total)-r	ops/sec(cum)-r	avg(ms)-r	p50(ms)-r	p95(ms)-r	p99(ms)-r	pMax(ms)-r	total-r	elapsed-w	errors-w	ops(total)-w	ops/sec(cum)-w	avg(ms)-w	p50(ms)-w	p95(ms)-w	p99(ms)-w	pMax(ms)-w	total-w	elapsed	errors	ops(total)	ops/sec(cum)	avg(ms)	p50(ms)	p95(ms)	p99(ms)	pMax(ms)
39	0.0	0.0	1168780.0	38958.200000000004	6.85	6.2	15.2	22.299999999999997	54.50000000000001	0.0	0.0	0.0	61562.0	2052.1	13.2875	12.7625	28.725	37.9875	58.9625	0.0	0.0	0.0	1230342.0	41010.299999999996	7.175000000000001	6.4624999999999995	17.025	25.025	58.9625
