concurrency	elapsed-w	errors-w	ops(total)-w	ops/sec(cum)-w	avg(ms)-w	p50(ms)-w	p95(ms)-w	p99(ms)-w	pMax(ms)-w	total-w	elapsed	errors	ops(total)	ops/sec(cum)	avg(ms)	p50(ms)	p95(ms)	p99(ms)	pMax(ms)
40	0.0	0.0	718733.0	23957.199999999997	12.9625	10.9625	31.225	43.212500000000006	106.43750000000001	0.0	0.0	0.0	718733.0	23957.199999999997	12.9625	10.9625	31.225	43.212500000000006	106.43750000000001
