concurrency	elapsed-r	errors-r	ops(total)-r	ops/sec(cum)-r	avg(ms)-r	p50(ms)-r	p95(ms)-r	p99(ms)-r	pMax(ms)-r	total-r	elapsed-w	errors-w	ops(total)-w	ops/sec(cum)-w	avg(ms)-w	p50(ms)-w	p95(ms)-w	p99(ms)-w	pMax(ms)-w	total-w	elapsed	errors	ops(total)	ops/sec(cum)	avg(ms)	p50(ms)	p95(ms)	p99(ms)	pMax(ms)
47	0.0	0.0	1948410.0	64945.0	4.8	4.237499999999999	11.3125	17.8	56.862500000000004	0.0	0.0	0.0	102567.0	3418.9000000000005	8.725000000000001	8.2125	19.150000000000002	26.612499999999997	60.800000000000004	0.0	0.0	0.0	2050977.0	68363.8	4.9875	4.35	12.099999999999998	18.900000000000002	62.900000000000006
