concurrency	elapsed-w	errors-w	ops(total)-w	ops/sec(cum)-w	avg(ms)-w	p50(ms)-w	p95(ms)-w	p99(ms)-w	pMax(ms)-w	total-w	elapsed	errors	ops(total)	ops/sec(cum)	avg(ms)	p50(ms)	p95(ms)	p99(ms)	pMax(ms)
6	0.0	0.0	445049.0	14834.8	3.0	2.4	5.862499999999999	23.849999999999998	58.175000000000004	0.0	0.0	0.0	445049.0	14834.8	3.0	2.4	5.862499999999999	23.849999999999998	58.175000000000004
