concurrency	elapsed-w	errors-w	ops(total)-w	ops/sec(cum)-w	avg(ms)-w	p50(ms)-w	p95(ms)-w	p99(ms)-w	pMax(ms)-w	total-w	elapsed	errors	ops(total)	ops/sec(cum)	avg(ms)	p50(ms)	p95(ms)	p99(ms)	pMax(ms)
16	0.0	0.0	4376526.0	145882.80000000002	0.6875	0.65	1.35	2.0375	67.89999999999999	0.0	0.0	0.0	4376526.0	145882.80000000002	0.6875	0.65	1.35	2.0375	67.89999999999999
