ops/sec(cum)	p50(ms)	p99(ms)	read_tp	read_p50	read_p99	write_tp	write_p50	write_p99
149497.05000000002	0.6463333333333333	4.281666666666666	142028.0	0.642	4.281666666666666	7468.050000000001	0.6506666666666666	4.310333333333333
