concurrency	elapsed-r	errors-r	ops(total)-r	ops/sec(cum)-r	avg(ms)-r	p50(ms)-r	p95(ms)-r	p99(ms)-r	pMax(ms)-r	total-r	elapsed	errors	ops(total)	ops/sec(cum)	avg(ms)	p50(ms)	p95(ms)	p99(ms)	pMax(ms)
54	0.0	0.0	1547713.0	51588.49999999999	7.824999999999999	7.025	17.175	24.924999999999997	204.45	0.0	0.0	0.0	1547713.0	51588.49999999999	7.824999999999999	7.025	17.175	24.924999999999997	204.45
