concurrency	elapsed-w	errors-w	ops(total)-w	ops/sec(cum)-w	avg(ms)-w	p50(ms)-w	p95(ms)-w	p99(ms)-w	pMax(ms)-w	total-w	elapsed	errors	ops(total)	ops/sec(cum)	avg(ms)	p50(ms)	p95(ms)	p99(ms)	pMax(ms)
31	0.0	0.0	4990432.0	166345.00000000003	1.2125000000000001	1.1375	2.2125	3.075	165.79999999999998	0.0	0.0	0.0	4990432.0	166345.00000000003	1.2125000000000001	1.1375	2.2125	3.075	165.79999999999998
