concurrency	elapsed-r	errors-r	ops(total)-r	ops/sec(cum)-r	avg(ms)-r	p50(ms)-r	p95(ms)-r	p99(ms)-r	pMax(ms)-r	total-r	elapsed-w	errors-w	ops(total)-w	ops/sec(cum)-w	avg(ms)-w	p50(ms)-w	p95(ms)-w	p99(ms)-w	pMax(ms)-w	total-w	elapsed	errors	ops(total)	ops/sec(cum)	avg(ms)	p50(ms)	p95(ms)	p99(ms)	pMax(ms)
32	0.0	0.0	1253043.0	41767.1	1.3999999999999997	1.0	3.5666666666666664	6.0	33.233333333333334	0.0	0.0	0.0	65722.0	2190.6	12.966666666666667	1.6000000000000003	71.3	79.7	110.46666666666665	0.0	0.0	0.0	1318765.0	43957.8	2.0	1.0	3.7999999999999994	10.833333333333334	110.46666666666665
