concurrency	elapsed-r	errors-r	ops(total)-r	ops/sec(cum)-r	avg(ms)-r	p50(ms)-r	p95(ms)-r	p99(ms)-r	pMax(ms)-r	total-r	elapsed-w	errors-w	ops(total)-w	ops/sec(cum)-w	avg(ms)-w	p50(ms)-w	p95(ms)-w	p99(ms)-w	pMax(ms)-w	total-w	elapsed	errors	ops(total)	ops/sec(cum)	avg(ms)	p50(ms)	p95(ms)	p99(ms)	pMax(ms)
16	0.0	0.0	755496.0	25182.800000000003	1.9	1.375	4.699999999999999	6.375	18.75	0.0	0.0	0.0	39859.0	1328.6	8.7	2.5	37.2	47.15	69.72500000000001	0.0	0.0	0.0	795355.0	26511.4	2.2249999999999996	1.4	4.8999999999999995	18.625	69.72500000000001
