concurrency	elapsed-r	errors-r	ops(total)-r	ops/sec(cum)-r	avg(ms)-r	p50(ms)-r	p95(ms)-r	p99(ms)-r	pMax(ms)-r	total-r	elapsed-w	errors-w	ops(total)-w	ops/sec(cum)-w	avg(ms)-w	p50(ms)-w	p95(ms)-w	p99(ms)-w	pMax(ms)-w	total-w	elapsed	errors	ops(total)	ops/sec(cum)	avg(ms)	p50(ms)	p95(ms)	p99(ms)	pMax(ms)
23	0.0	0.0	630254.0	21007.8	5.512499999999999	2.3375000000000004	9.6375	99.65	227.54999999999998	0.0	0.0	0.0	33174.0	1105.8	57.425	56.075	75.5	152.05	300.9375	0.0	0.0	0.0	663428.0	22113.7	8.1125	2.4375	55.28750000000001	101.22500000000001	300.9375
