concurrency	elapsed-r	errors-r	ops(total)-r	ops/sec(cum)-r	avg(ms)-r	p50(ms)-r	p95(ms)-r	p99(ms)-r	pMax(ms)-r	total-r	elapsed-w	errors-w	ops(total)-w	ops/sec(cum)-w	avg(ms)-w	p50(ms)-w	p95(ms)-w	p99(ms)-w	pMax(ms)-w	total-w	elapsed	errors	ops(total)	ops/sec(cum)	avg(ms)	p50(ms)	p95(ms)	p99(ms)	pMax(ms)
15	0.0	0.0	3100273.0	103341.09999999999	0.925	0.8625	1.45	2.675	23.325	0.0	0.0	0.0	163623.0	5454.1	0.9875	0.8875000000000001	2.0124999999999997	3.4499999999999997	13.825000000000001	0.0	0.0	0.0	3263896.0	108795.1	0.925	0.8625	1.45	2.9	23.325
