concurrency	elapsed-r	errors-r	ops(total)-r	ops/sec(cum)-r	avg(ms)-r	p50(ms)-r	p95(ms)-r	p99(ms)-r	pMax(ms)-r	total-r	elapsed-w	errors-w	ops(total)-w	ops/sec(cum)-w	avg(ms)-w	p50(ms)-w	p95(ms)-w	p99(ms)-w	pMax(ms)-w	total-w	elapsed	errors	ops(total)	ops/sec(cum)	avg(ms)	p50(ms)	p95(ms)	p99(ms)	pMax(ms)
40	0.0	0.0	2577925.0	85928.7	3.1249999999999996	2.7625	6.35	10.725	39.5625	0.0	0.0	0.0	135093.0	4503.0	3.7	2.9000000000000004	9.65	14.675	33.449999999999996	0.0	0.0	0.0	2713018.0	90431.79999999999	3.1625	2.7625	6.4624999999999995	10.85	40.3625
