concurrency	elapsed-r	errors-r	ops(total)-r	ops/sec(cum)-r	avg(ms)-r	p50(ms)-r	p95(ms)-r	p99(ms)-r	pMax(ms)-r	total-r	elapsed-w	errors-w	ops(total)-w	ops/sec(cum)-w	avg(ms)-w	p50(ms)-w	p95(ms)-w	p99(ms)-w	pMax(ms)-w	total-w	elapsed	errors	ops(total)	ops/sec(cum)	avg(ms)	p50(ms)	p95(ms)	p99(ms)	pMax(ms)
16	0.0	0.0	1828794.0	60958.9	1.6999999999999997	1.5374999999999999	3.1250000000000004	6.6000000000000005	144.85	0.0	0.0	0.0	95928.0	3197.7	3.075	2.8999999999999995	6.375	9.925	22.150000000000002	0.0	0.0	0.0	1924722.0	64156.399999999994	1.8000000000000003	1.5999999999999999	3.6	6.8374999999999995	144.85
