concurrency	elapsed-r	errors-r	ops(total)-r	ops/sec(cum)-r	avg(ms)-r	p50(ms)-r	p95(ms)-r	p99(ms)-r	pMax(ms)-r	total-r	elapsed-w	errors-w	ops(total)-w	ops/sec(cum)-w	avg(ms)-w	p50(ms)-w	p95(ms)-w	p99(ms)-w	pMax(ms)-w	total-w	elapsed	errors	ops(total)	ops/sec(cum)	avg(ms)	p50(ms)	p95(ms)	p99(ms)	pMax(ms)
23	0.0	0.0	3412657.0	113753.09999999999	1.3125	1.2750000000000001	2.0124999999999997	4.525	26.224999999999998	0.0	0.0	0.0	179013.0	5966.900000000001	1.4874999999999998	1.3625	2.6	4.9125000000000005	17.7	0.0	0.0	0.0	3591670.0	119719.9	1.3250000000000002	1.2875	2.025	4.55	26.224999999999998
