concurrency	elapsed-w	errors-w	ops(total)-w	ops/sec(cum)-w	avg(ms)-w	p50(ms)-w	p95(ms)-w	p99(ms)-w	pMax(ms)-w	total-w	elapsed	errors	ops(total)	ops/sec(cum)	avg(ms)	p50(ms)	p95(ms)	p99(ms)	pMax(ms)
9	0.0	0.0	236625.0	7887.400000000001	4.3500000000000005	2.3	29.65	41.9	159.4	0.0	0.0	0.0	236625.0	7887.400000000001	4.3500000000000005	2.3	29.65	41.9	159.4
