concurrency	elapsed-r	errors-r	ops(total)-r	ops/sec(cum)-r	avg(ms)-r	p50(ms)-r	p95(ms)-r	p99(ms)-r	pMax(ms)-r	total-r	elapsed-w	errors-w	ops(total)-w	ops/sec(cum)-w	avg(ms)-w	p50(ms)-w	p95(ms)-w	p99(ms)-w	pMax(ms)-w	total-w	elapsed	errors	ops(total)	ops/sec(cum)	avg(ms)	p50(ms)	p95(ms)	p99(ms)	pMax(ms)
60	0.0	0.0	3246675.0	108219.3	3.9124999999999996	3.6374999999999993	6.825	11.424999999999999	52.312499999999986	0.0	0.0	0.0	170501.0	5683.2	3.9124999999999996	3.6374999999999993	6.825	11.362499999999999	24.2625	0.0	0.0	0.0	3417176.0	113902.5	3.9124999999999996	3.6374999999999993	6.825	11.424999999999999	52.83749999999999
