concurrency	elapsed-r	errors-r	ops(total)-r	ops/sec(cum)-r	avg(ms)-r	p50(ms)-r	p95(ms)-r	p99(ms)-r	pMax(ms)-r	total-r	elapsed-w	errors-w	ops(total)-w	ops/sec(cum)-w	avg(ms)-w	p50(ms)-w	p95(ms)-w	p99(ms)-w	pMax(ms)-w	total-w	elapsed	errors	ops(total)	ops/sec(cum)	avg(ms)	p50(ms)	p95(ms)	p99(ms)	pMax(ms)
58	0.0	0.0	4059780.0	135321.9	2.9749999999999996	1.9499999999999997	8.125	13.037499999999998	217.04999999999995	0.0	0.0	0.0	213090.0	7102.700000000001	3.05	1.9874999999999998	8.475	13.574999999999998	107.75	0.0	0.0	0.0	4272870.0	142424.5	2.9874999999999994	1.9499999999999997	8.125	13.037499999999998	217.04999999999995
