concurrency	elapsed-r	errors-r	ops(total)-r	ops/sec(cum)-r	avg(ms)-r	p50(ms)-r	p95(ms)-r	p99(ms)-r	pMax(ms)-r	total-r	elapsed-w	errors-w	ops(total)-w	ops/sec(cum)-w	avg(ms)-w	p50(ms)-w	p95(ms)-w	p99(ms)-w	pMax(ms)-w	total-w	elapsed	errors	ops(total)	ops/sec(cum)	avg(ms)	p50(ms)	p95(ms)	p99(ms)	pMax(ms)
154	0.0	0.0	4707318.0	156898.9	4.46	3.7600000000000002	10.860000000000001	19.080000000000002	290.26000000000005	0.0	0.0	0.0	247150.0	8237.7	14.1	13.080000000000002	28.24	36.9	185.82	0.0	0.0	0.0	4954468.0	165136.6	4.9399999999999995	3.78	14.02	23.08	290.26000000000005
