concurrency	elapsed-r	errors-r	ops(total)-r	ops/sec(cum)-r	avg(ms)-r	p50(ms)-r	p95(ms)-r	p99(ms)-r	pMax(ms)-r	total-r	elapsed-w	errors-w	ops(total)-w	ops/sec(cum)-w	avg(ms)-w	p50(ms)-w	p95(ms)-w	p99(ms)-w	pMax(ms)-w	total-w	elapsed	errors	ops(total)	ops/sec(cum)	avg(ms)	p50(ms)	p95(ms)	p99(ms)	pMax(ms)
39	0.0	0.0	1270444.0	42347.0	6.250000000000001	5.550000000000001	14.175	20.725	161.22500000000002	0.0	0.0	0.0	66997.0	2233.3	11.6125	10.8125	23.599999999999998	31.4875	67.1	0.0	0.0	0.0	1337441.0	44580.0	6.5249999999999995	5.625	14.950000000000001	22.15	161.22500000000002
