concurrency	elapsed-r	errors-r	ops(total)-r	ops/sec(cum)-r	avg(ms)-r	p50(ms)-r	p95(ms)-r	p99(ms)-r	pMax(ms)-r	total-r	elapsed-w	errors-w	ops(total)-w	ops/sec(cum)-w	avg(ms)-w	p50(ms)-w	p95(ms)-w	p99(ms)-w	pMax(ms)-w	total-w	elapsed	errors	ops(total)	ops/sec(cum)	avg(ms)	p50(ms)	p95(ms)	p99(ms)	pMax(ms)
41	0.0	0.0	4488861.0	149625.5	1.7375000000000003	1.6124999999999998	3.0999999999999996	5.637499999999999	219.14999999999998	0.0	0.0	0.0	236196.0	7873.0	1.8375000000000001	1.6375000000000002	3.3249999999999997	7.062500000000001	181.4	0.0	0.0	0.0	4725057.0	157498.4	1.7375000000000003	1.625	3.0999999999999996	5.75	219.14999999999998
