concurrency	elapsed-r	errors-r	ops(total)-r	ops/sec(cum)-r	avg(ms)-r	p50(ms)-r	p95(ms)-r	p99(ms)-r	pMax(ms)-r	total-r	elapsed-w	errors-w	ops(total)-w	ops/sec(cum)-w	avg(ms)-w	p50(ms)-w	p95(ms)-w	p99(ms)-w	pMax(ms)-w	total-w	elapsed	errors	ops(total)	ops/sec(cum)	avg(ms)	p50(ms)	p95(ms)	p99(ms)	pMax(ms)
77	0.0	0.0	484353.0	8072.5	2.825	1.8499999999999999	6.824999999999999	20.45	314.575	0.0	0.0	0.0	25237.0	420.6	17.45	3.45	92.30000000000001	118.44999999999999	469.775	0.0	0.0	0.0	509590.0	8493.1	3.55	1.8749999999999998	8.175	48.2	469.775
