concurrency	elapsed-r	errors-r	ops(total)-r	ops/sec(cum)-r	avg(ms)-r	p50(ms)-r	p95(ms)-r	p99(ms)-r	pMax(ms)-r	total-r	elapsed	errors	ops(total)	ops/sec(cum)	avg(ms)	p50(ms)	p95(ms)	p99(ms)	pMax(ms)
16	0.0	0.0	1008851.0	33627.700000000004	3.6125	3.4000000000000004	6.6	9.1	28.199999999999996	0.0	0.0	0.0	1008851.0	33627.700000000004	3.6125	3.4000000000000004	6.6	9.1	28.199999999999996
