concurrency	elapsed-r	errors-r	ops(total)-r	ops/sec(cum)-r	avg(ms)-r	p50(ms)-r	p95(ms)-r	p99(ms)-r	pMax(ms)-r	total-r	elapsed-w	errors-w	ops(total)-w	ops/sec(cum)-w	avg(ms)-w	p50(ms)-w	p95(ms)-w	p99(ms)-w	pMax(ms)-w	total-w	elapsed	errors	ops(total)	ops/sec(cum)	avg(ms)	p50(ms)	p95(ms)	p99(ms)	pMax(ms)
13	0.0	0.0	151702.0	5056.6	5.0625	4.9125	8.875	10.9125	18.687499999999996	0.0	0.0	0.0	7916.0	263.9	290.3625	335.5	381.70000000000005	394.29999999999995	419.40000000000003	0.0	0.0	0.0	159618.0	5320.5	19.200000000000003	5.025	11.8875	352.30000000000007	419.40000000000003
