concurrency	elapsed-w	errors-w	ops(total)-w	ops/sec(cum)-w	avg(ms)-w	p50(ms)-w	p95(ms)-w	p99(ms)-w	pMax(ms)-w	total-w	elapsed	errors	ops(total)	ops/sec(cum)	avg(ms)	p50(ms)	p95(ms)	p99(ms)	pMax(ms)
39	0.0	0.0	3453971.0	115129.90000000001	2.5125	2.3499999999999996	6.424999999999999	8.5125	25.9625	0.0	0.0	0.0	3453971.0	115129.90000000001	2.5125	2.3499999999999996	6.424999999999999	8.5125	25.9625
