concurrency	elapsed-r	errors-r	ops(total)-r	ops/sec(cum)-r	avg(ms)-r	p50(ms)-r	p95(ms)-r	p99(ms)-r	pMax(ms)-r	total-r	elapsed-w	errors-w	ops(total)-w	ops/sec(cum)-w	avg(ms)-w	p50(ms)-w	p95(ms)-w	p99(ms)-w	pMax(ms)-w	total-w	elapsed	errors	ops(total)	ops/sec(cum)	avg(ms)	p50(ms)	p95(ms)	p99(ms)	pMax(ms)
76	0.0	0.0	1779407.0	59311.6	2.3666666666666667	1.6666666666666667	6.433333333333333	10.166666666666666	44.73333333333333	0.0	0.0	0.0	92983.0	3099.2999999999997	73.76666666666667	3.0333333333333337	407.90000000000003	434.09999999999997	462.06666666666666	0.0	0.0	0.0	1872390.0	62411.0	5.8999999999999995	1.7333333333333334	6.766666666666667	18.2	462.06666666666666
