concurrency	elapsed-r	errors-r	ops(total)-r	ops/sec(cum)-r	avg(ms)-r	p50(ms)-r	p95(ms)-r	p99(ms)-r	pMax(ms)-r	total-r	elapsed-w	errors-w	ops(total)-w	ops/sec(cum)-w	avg(ms)-w	p50(ms)-w	p95(ms)-w	p99(ms)-w	pMax(ms)-w	total-w	elapsed	errors	ops(total)	ops/sec(cum)	avg(ms)	p50(ms)	p95(ms)	p99(ms)	pMax(ms)
23	0.0	0.0	978489.0	32615.399999999998	1.7875	1.3125000000000002	4.5625	6.8625	55.2875	0.0	0.0	0.0	51415.0	1713.8999999999999	69.01249999999999	2.3249999999999997	385.90000000000003	402.69999999999993	438.29999999999995	0.0	0.0	0.0	1029904.0	34329.1	5.1625	1.3375000000000001	4.875	16.725	438.29999999999995
