concurrency	elapsed-r	errors-r	ops(total)-r	ops/sec(cum)-r	avg(ms)-r	p50(ms)-r	p95(ms)-r	p99(ms)-r	pMax(ms)-r	total-r	elapsed-w	errors-w	ops(total)-w	ops/sec(cum)-w	avg(ms)-w	p50(ms)-w	p95(ms)-w	p99(ms)-w	pMax(ms)-w	total-w	elapsed	errors	ops(total)	ops/sec(cum)	avg(ms)	p50(ms)	p95(ms)	p99(ms)	pMax(ms)
31	0.0	0.0	3277604.0	109251.20000000001	1.8625	1.7625000000000002	3.0125000000000006	6.1875	24.775	0.0	0.0	0.0	172064.0	5735.499999999999	1.9874999999999998	1.8250000000000002	3.7375	6.9125000000000005	19.2	0.0	0.0	0.0	3449668.0	114986.6	1.8625	1.7625000000000002	3.0125000000000006	6.249999999999999	25.425
