concurrency	elapsed-r	errors-r	ops(total)-r	ops/sec(cum)-r	avg(ms)-r	p50(ms)-r	p95(ms)-r	p99(ms)-r	pMax(ms)-r	total-r	elapsed-w	errors-w	ops(total)-w	ops/sec(cum)-w	avg(ms)-w	p50(ms)-w	p95(ms)-w	p99(ms)-w	pMax(ms)-w	total-w	elapsed	errors	ops(total)	ops/sec(cum)	avg(ms)	p50(ms)	p95(ms)	p99(ms)	pMax(ms)
54	0.0	0.0	3193029.0	106431.09999999999	3.5625	3.35	6.4	10.5375	122.03750000000001	0.0	0.0	0.0	168802.0	5626.599999999999	3.5625	3.3000000000000003	6.4	10.4125	47.4625	0.0	0.0	0.0	3361831.0	112057.70000000001	3.5625	3.35	6.4	10.5375	122.03750000000001
