concurrency	elapsed-r	errors-r	ops(total)-r	ops/sec(cum)-r	avg(ms)-r	p50(ms)-r	p95(ms)-r	p99(ms)-r	pMax(ms)-r	total-r	elapsed-w	errors-w	ops(total)-w	ops/sec(cum)-w	avg(ms)-w	p50(ms)-w	p95(ms)-w	p99(ms)-w	pMax(ms)-w	total-w	elapsed	errors	ops(total)	ops/sec(cum)	avg(ms)	p50(ms)	p95(ms)	p99(ms)	pMax(ms)
17	0.0	0.0	899666.0	29988.399999999998	1.7249999999999999	1.275	4.225	5.675	99.075	0.0	0.0	0.0	47477.0	1582.6000000000001	7.0	2.225	30.15	40.324999999999996	61.849999999999994	0.0	0.0	0.0	947143.0	31570.8	1.975	1.2999999999999998	4.45	12.975	103.275
