concurrency	elapsed-r	errors-r	ops(total)-r	ops/sec(cum)-r	avg(ms)-r	p50(ms)-r	p95(ms)-r	p99(ms)-r	pMax(ms)-r	total-r	elapsed	errors	ops(total)	ops/sec(cum)	avg(ms)	p50(ms)	p95(ms)	p99(ms)	pMax(ms)
38	0.0	0.0	1267096.0	42235.299999999996	7.124999999999999	6.35	14.874999999999998	22.299999999999997	51.61250000000001	0.0	0.0	0.0	1267096.0	42235.299999999996	7.124999999999999	6.35	14.874999999999998	22.299999999999997	51.61250000000001
