concurrency	elapsed-r	errors-r	ops(total)-r	ops/sec(cum)-r	avg(ms)-r	p50(ms)-r	p95(ms)-r	p99(ms)-r	pMax(ms)-r	total-r	elapsed-w	errors-w	ops(total)-w	ops/sec(cum)-w	avg(ms)-w	p50(ms)-w	p95(ms)-w	p99(ms)-w	pMax(ms)-w	total-w	elapsed	errors	ops(total)	ops/sec(cum)	avg(ms)	p50(ms)	p95(ms)	p99(ms)	pMax(ms)
81	0.0	0.0	2649001.0	44149.5	3.2250000000000005	2.0	10.375	24.375000000000004	133.175	0.0	0.0	0.0	139164.0	2319.2999999999997	6.375	4.1	22.549999999999997	38.225	79.7	0.0	0.0	0.0	2788165.0	46468.899999999994	3.375	2.0	11.25	25.7	136.325
