concurrency	elapsed-r	errors-r	ops(total)-r	ops/sec(cum)-r	avg(ms)-r	p50(ms)-r	p95(ms)-r	p99(ms)-r	pMax(ms)-r	total-r	elapsed-w	errors-w	ops(total)-w	ops/sec(cum)-w	avg(ms)-w	p50(ms)-w	p95(ms)-w	p99(ms)-w	pMax(ms)-w	total-w	elapsed	errors	ops(total)	ops/sec(cum)	avg(ms)	p50(ms)	p95(ms)	p99(ms)	pMax(ms)
47	0.0	0.0	1246940.0	41563.100000000006	7.75	6.825	17.425	25.949999999999996	92.525	0.0	0.0	0.0	65823.0	2194.2000000000003	14.4875	13.462499999999999	29.512500000000003	40.325	70.775	0.0	0.0	0.0	1312763.0	43756.9	8.1	7.074999999999998	18.875000000000004	27.9125	97.25
