concurrency	elapsed-r	errors-r	ops(total)-r	ops/sec(cum)-r	avg(ms)-r	p50(ms)-r	p95(ms)-r	p99(ms)-r	pMax(ms)-r	total-r	elapsed-w	errors-w	ops(total)-w	ops/sec(cum)-w	avg(ms)-w	p50(ms)-w	p95(ms)-w	p99(ms)-w	pMax(ms)-w	total-w	elapsed	errors	ops(total)	ops/sec(cum)	avg(ms)	p50(ms)	p95(ms)	p99(ms)	pMax(ms)
26	0.0	0.0	3343414.0	111445.29999999999	1.5499999999999998	1.45	2.275	5.4	193.725	0.0	0.0	0.0	176371.0	5879.0	1.5499999999999998	1.45	2.2874999999999996	5.4125	15.862499999999999	0.0	0.0	0.0	3519785.0	117324.30000000002	1.5499999999999998	1.45	2.275	5.4	193.725
