concurrency	elapsed-r	errors-r	ops(total)-r	ops/sec(cum)-r	avg(ms)-r	p50(ms)-r	p95(ms)-r	p99(ms)-r	pMax(ms)-r	total-r	elapsed-w	errors-w	ops(total)-w	ops/sec(cum)-w	avg(ms)-w	p50(ms)-w	p95(ms)-w	p99(ms)-w	pMax(ms)-w	total-w	elapsed	errors	ops(total)	ops/sec(cum)	avg(ms)	p50(ms)	p95(ms)	p99(ms)	pMax(ms)
29	0.0	0.0	3253244.0	108439.39999999998	1.8250000000000002	1.6500000000000001	3.1750000000000003	6.2	96.46249999999999	0.0	0.0	0.0	171623.0	5720.700000000001	1.7625000000000002	1.6500000000000001	3.0875000000000004	6.05	44.4375	0.0	0.0	0.0	3424867.0	114160.0	1.8250000000000002	1.6500000000000001	3.1750000000000003	6.2	97.125
