concurrency	elapsed-r	errors-r	ops(total)-r	ops/sec(cum)-r	avg(ms)-r	p50(ms)-r	p95(ms)-r	p99(ms)-r	pMax(ms)-r	total-r	elapsed	errors	ops(total)	ops/sec(cum)	avg(ms)	p50(ms)	p95(ms)	p99(ms)	pMax(ms)
70	0.0	0.0	1556417.0	51878.6	10.075000000000001	9.0875	21.875	30.950000000000003	133.6875	0.0	0.0	0.0	1556417.0	51878.6	10.075000000000001	9.0875	21.875	30.950000000000003	133.6875
