concurrency	elapsed-r	errors-r	ops(total)-r	ops/sec(cum)-r	avg(ms)-r	p50(ms)-r	p95(ms)-r	p99(ms)-r	pMax(ms)-r	total-r	elapsed-w	errors-w	ops(total)-w	ops/sec(cum)-w	avg(ms)-w	p50(ms)-w	p95(ms)-w	p99(ms)-w	pMax(ms)-w	total-w	elapsed	errors	ops(total)	ops/sec(cum)	avg(ms)	p50(ms)	p95(ms)	p99(ms)	pMax(ms)
28	0.0	0.0	441421.0	14713.7	3.1	1.9666666666666668	8.9	15.699999999999998	41.199999999999996	0.0	0.0	0.0	23279.0	776.0	42.1	4.166666666666667	226.5	251.69999999999996	302.0	0.0	0.0	0.0	464700.0	15489.7	5.066666666666666	2.033333333333333	9.4	30.066666666666663	302.0
