concurrency	elapsed-r	errors-r	ops(total)-r	ops/sec(cum)-r	avg(ms)-r	p50(ms)-r	p95(ms)-r	p99(ms)-r	pMax(ms)-r	total-r	elapsed-w	errors-w	ops(total)-w	ops/sec(cum)-w	avg(ms)-w	p50(ms)-w	p95(ms)-w	p99(ms)-w	pMax(ms)-w	total-w	elapsed	errors	ops(total)	ops/sec(cum)	avg(ms)	p50(ms)	p95(ms)	p99(ms)	pMax(ms)
136	0.0	0.0	3424058.0	114130.1	3.1666666666666665	2.7000000000000006	6.433333333333334	17.133333333333336	53.13333333333333	0.0	0.0	0.0	180287.0	6009.3	6.633333333333333	5.833333333333333	15.466666666666669	22.733333333333334	56.6	0.0	0.0	0.0	3604345.0	120139.4	3.3333333333333335	2.733333333333333	7.433333333333334	17.3	60.800000000000004
