concurrency	elapsed-r	errors-r	ops(total)-r	ops/sec(cum)-r	avg(ms)-r	p50(ms)-r	p95(ms)-r	p99(ms)-r	pMax(ms)-r	total-r	elapsed	errors	ops(total)	ops/sec(cum)	avg(ms)	p50(ms)	p95(ms)	p99(ms)	pMax(ms)
36	0.0	0.0	1534916.0	51162.9	5.2124999999999995	4.75	11.3125	16.4875	164.35	0.0	0.0	0.0	1534916.0	51162.9	5.2124999999999995	4.75	11.3125	16.4875	164.35
