concurrency	elapsed-r	errors-r	ops(total)-r	ops/sec(cum)-r	avg(ms)-r	p50(ms)-r	p95(ms)-r	p99(ms)-r	pMax(ms)-r	total-r	elapsed-w	errors-w	ops(total)-w	ops/sec(cum)-w	avg(ms)-w	p50(ms)-w	p95(ms)-w	p99(ms)-w	pMax(ms)-w	total-w	elapsed	errors	ops(total)	ops/sec(cum)	avg(ms)	p50(ms)	p95(ms)	p99(ms)	pMax(ms)
80	0.0	0.0	4417354.0	147237.2	2.56	2.16	4.8999999999999995	11.940000000000001	48.64	0.0	0.0	0.0	232453.0	7748.0	5.619999999999999	5.04	12.239999999999998	17.639999999999997	45.5	0.0	0.0	0.0	4649807.0	154985.3	2.72	2.2	6.1	12.54	50.540000000000006
