concurrency	elapsed-r	errors-r	ops(total)-r	ops/sec(cum)-r	avg(ms)-r	p50(ms)-r	p95(ms)-r	p99(ms)-r	pMax(ms)-r	total-r	elapsed-w	errors-w	ops(total)-w	ops/sec(cum)-w	avg(ms)-w	p50(ms)-w	p95(ms)-w	p99(ms)-w	pMax(ms)-w	total-w	elapsed	errors	ops(total)	ops/sec(cum)	avg(ms)	p50(ms)	p95(ms)	p99(ms)	pMax(ms)
31	0.0	0.0	2577226.0	85905.69999999998	2.4125	2.1875	4.75	8.375	23.4625	0.0	0.0	0.0	135396.0	4513.1	2.9499999999999997	2.3125	7.6875	11.825	24.1375	0.0	0.0	0.0	2712622.0	90418.8	2.4250000000000003	2.1875	4.8500000000000005	8.6375	24.912499999999998
