ops/sec(cum)	p50(ms)	p99(ms)	read_tp	read_p50	read_p99	write_tp	write_p50	write_p99
140946.25	0.5510714285714287	2.944714285714286	134370.38333333333	0.5571428571428572	2.944714285714286	6574.866666666667	0.545	2.827
