concurrency	elapsed-r	errors-r	ops(total)-r	ops/sec(cum)-r	avg(ms)-r	p50(ms)-r	p95(ms)-r	p99(ms)-r	pMax(ms)-r	total-r	elapsed-w	errors-w	ops(total)-w	ops/sec(cum)-w	avg(ms)-w	p50(ms)-w	p95(ms)-w	p99(ms)-w	pMax(ms)-w	total-w	elapsed	errors	ops(total)	ops/sec(cum)	avg(ms)	p50(ms)	p95(ms)	p99(ms)	pMax(ms)
161	0.0	0.0	3428600.0	114280.1	6.15	4.9750000000000005	15.175	26.450000000000003	254.3	0.0	0.0	0.0	180559.0	6018.2	18.65	17.225	37.675	52.7	229.125	0.0	0.0	0.0	3609159.0	120298.4	6.775	5.175000000000001	18.45	31.950000000000003	266.9
