concurrency	elapsed-r	errors-r	ops(total)-r	ops/sec(cum)-r	avg(ms)-r	p50(ms)-r	p95(ms)-r	p99(ms)-r	pMax(ms)-r	total-r	elapsed-w	errors-w	ops(total)-w	ops/sec(cum)-w	avg(ms)-w	p50(ms)-w	p95(ms)-w	p99(ms)-w	pMax(ms)-w	total-w	elapsed	errors	ops(total)	ops/sec(cum)	avg(ms)	p50(ms)	p95(ms)	p99(ms)	pMax(ms)
34	0.0	0.0	3060629.0	102019.0	2.2	2.025	3.7249999999999996	7.1125	80.4625	0.0	0.0	0.0	161278.0	5375.9	2.4125000000000005	2.1875	5.4625	8.5375	48.349999999999994	0.0	0.0	0.0	3221907.0	107394.79999999999	2.2	2.025	3.7750000000000004	7.187499999999999	80.4625
