concurrency	elapsed-r	errors-r	ops(total)-r	ops/sec(cum)-r	avg(ms)-r	p50(ms)-r	p95(ms)-r	p99(ms)-r	pMax(ms)-r	total-r	elapsed-w	errors-w	ops(total)-w	ops/sec(cum)-w	avg(ms)-w	p50(ms)-w	p95(ms)-w	p99(ms)-w	pMax(ms)-w	total-w	elapsed	errors	ops(total)	ops/sec(cum)	avg(ms)	p50(ms)	p95(ms)	p99(ms)	pMax(ms)
88	0.0	0.0	82245.0	1370.7	6.7749999999999995	2.825	16.275000000000002	114.30000000000001	423.625	0.0	0.0	0.0	4155.0	69.2	60.99999999999999	51.875	142.6	524.275	964.6750000000001	0.0	0.0	0.0	86400.0	1440.0	9.375	2.9000000000000004	49.25	130.0	964.6750000000001
