concurrency	elapsed-r	errors-r	ops(total)-r	ops/sec(cum)-r	avg(ms)-r	p50(ms)-r	p95(ms)-r	p99(ms)-r	pMax(ms)-r	total-r	elapsed-w	errors-w	ops(total)-w	ops/sec(cum)-w	avg(ms)-w	p50(ms)-w	p95(ms)-w	p99(ms)-w	pMax(ms)-w	total-w	elapsed	errors	ops(total)	ops/sec(cum)	avg(ms)	p50(ms)	p95(ms)	p99(ms)	pMax(ms)
155	0.0	0.0	4693420.0	156438.2	4.66	3.6	12.620000000000001	22.14	202.16	0.0	0.0	0.0	247921.0	8263.6	16.080000000000002	12.719999999999999	41.8	60.6	224.42000000000002	0.0	0.0	0.0	4941341.0	164701.8	5.260000000000001	3.7399999999999998	15.3	29.560000000000002	239.08
