concurrency	elapsed-r	errors-r	ops(total)-r	ops/sec(cum)-r	avg(ms)-r	p50(ms)-r	p95(ms)-r	p99(ms)-r	pMax(ms)-r	total-r	elapsed-w	errors-w	ops(total)-w	ops/sec(cum)-w	avg(ms)-w	p50(ms)-w	p95(ms)-w	p99(ms)-w	pMax(ms)-w	total-w	elapsed	errors	ops(total)	ops/sec(cum)	avg(ms)	p50(ms)	p95(ms)	p99(ms)	pMax(ms)
136	0.0	0.0	4600544.0	153338.8	4.2	3.5800000000000005	9.64	18.06	164.02	0.0	0.0	0.0	242762.0	8091.400000000001	11.58	10.34	23.759999999999998	31.860000000000003	124.35999999999999	0.0	0.0	0.0	4843306.0	161430.1	4.6	3.6199999999999997	12.74	20.880000000000003	164.02
