concurrency	elapsed-r	errors-r	ops(total)-r	ops/sec(cum)-r	avg(ms)-r	p50(ms)-r	p95(ms)-r	p99(ms)-r	pMax(ms)-r	total-r	elapsed-w	errors-w	ops(total)-w	ops/sec(cum)-w	avg(ms)-w	p50(ms)-w	p95(ms)-w	p99(ms)-w	pMax(ms)-w	total-w	elapsed	errors	ops(total)	ops/sec(cum)	avg(ms)	p50(ms)	p95(ms)	p99(ms)	pMax(ms)
30	0.0	0.0	3231026.0	107698.7	1.8875	1.725	3.4	6.2749999999999995	25.05	0.0	0.0	0.0	170503.0	5683.400000000001	2.05	1.8625	3.6375	6.549999999999999	18.55	0.0	0.0	0.0	3401529.0	113382.1	1.9	1.7375000000000003	3.4	6.2749999999999995	25.1875
