concurrency	elapsed-r	errors-r	ops(total)-r	ops/sec(cum)-r	avg(ms)-r	p50(ms)-r	p95(ms)-r	p99(ms)-r	pMax(ms)-r	total-r	elapsed	errors	ops(total)	ops/sec(cum)	avg(ms)	p50(ms)	p95(ms)	p99(ms)	pMax(ms)
23	0.0	0.0	1367154.0	45570.9	3.8874999999999997	3.5999999999999996	7.3875	10.962499999999999	28.462500000000006	0.0	0.0	0.0	1367154.0	45570.9	3.8874999999999997	3.5999999999999996	7.3875	10.962499999999999	28.462500000000006
