concurrency	elapsed-r	errors-r	ops(total)-r	ops/sec(cum)-r	avg(ms)-r	p50(ms)-r	p95(ms)-r	p99(ms)-r	pMax(ms)-r	total-r	elapsed	errors	ops(total)	ops/sec(cum)	avg(ms)	p50(ms)	p95(ms)	p99(ms)	pMax(ms)
22	0.0	0.0	1395011.0	46499.4	3.6125000000000003	3.3499999999999996	6.75	10.237499999999999	28.1875	0.0	0.0	0.0	1395011.0	46499.4	3.6125000000000003	3.3499999999999996	6.75	10.237499999999999	28.1875
