concurrency	elapsed-r	errors-r	ops(total)-r	ops/sec(cum)-r	avg(ms)-r	p50(ms)-r	p95(ms)-r	p99(ms)-r	pMax(ms)-r	total-r	elapsed-w	errors-w	ops(total)-w	ops/sec(cum)-w	avg(ms)-w	p50(ms)-w	p95(ms)-w	p99(ms)-w	pMax(ms)-w	total-w	elapsed	errors	ops(total)	ops/sec(cum)	avg(ms)	p50(ms)	p95(ms)	p99(ms)	pMax(ms)
47	0.0	0.0	1802114.0	60068.7	5.35	4.387499999999999	12.95	21.0875	70.51249999999999	0.0	0.0	0.0	95041.0	3168.0	8.25	6.3625	21.1125	30.962500000000002	65.2625	0.0	0.0	0.0	1897155.0	63236.5	5.4624999999999995	4.4125	13.7125	22.037499999999998	72.875
