concurrency	elapsed-r	errors-r	ops(total)-r	ops/sec(cum)-r	avg(ms)-r	p50(ms)-r	p95(ms)-r	p99(ms)-r	pMax(ms)-r	total-r	elapsed-w	errors-w	ops(total)-w	ops/sec(cum)-w	avg(ms)-w	p50(ms)-w	p95(ms)-w	p99(ms)-w	pMax(ms)-w	total-w	elapsed	errors	ops(total)	ops/sec(cum)	avg(ms)	p50(ms)	p95(ms)	p99(ms)	pMax(ms)
112	0.0	0.0	2633961.0	87794.00000000001	6.859999999999999	4.96	19.1	31.659999999999997	278.48	0.0	0.0	0.0	138499.0	4616.4	19.84	16.7	45.7	67.14	268.41999999999996	0.0	0.0	0.0	2772460.0	92410.5	7.5200000000000005	5.18	22.139999999999997	38.14	281.84000000000003
