concurrency	elapsed-r	errors-r	ops(total)-r	ops/sec(cum)-r	avg(ms)-r	p50(ms)-r	p95(ms)-r	p99(ms)-r	pMax(ms)-r	total-r	elapsed-w	errors-w	ops(total)-w	ops/sec(cum)-w	avg(ms)-w	p50(ms)-w	p95(ms)-w	p99(ms)-w	pMax(ms)-w	total-w	elapsed	errors	ops(total)	ops/sec(cum)	avg(ms)	p50(ms)	p95(ms)	p99(ms)	pMax(ms)
16	0.0	0.0	633672.0	21122.100000000002	3.8	2.475	13.037499999999998	22.825	67.3625	0.0	0.0	0.0	33121.0	1104.1000000000001	39.00000000000001	9.3	59.1	725.6000000000001	897.5999999999999	0.0	0.0	0.0	666793.0	22225.9	5.5375	2.65	14.049999999999999	24.924999999999997	897.5999999999999
