ops/sec(cum)	p50(ms)	p99(ms)	read_tp	read_p50	read_p99	write_tp	write_p50	write_p99
224759.31666666665	0.2758333333333333	1.9283333333333335	213540.2	0.274	1.9283333333333335	11218.116666666667	0.2776666666666667	1.973
