concurrency	elapsed-r	errors-r	ops(total)-r	ops/sec(cum)-r	avg(ms)-r	p50(ms)-r	p95(ms)-r	p99(ms)-r	pMax(ms)-r	total-r	elapsed-w	errors-w	ops(total)-w	ops/sec(cum)-w	avg(ms)-w	p50(ms)-w	p95(ms)-w	p99(ms)-w	pMax(ms)-w	total-w	elapsed	errors	ops(total)	ops/sec(cum)	avg(ms)	p50(ms)	p95(ms)	p99(ms)	pMax(ms)
31	0.0	0.0	612780.0	20425.2	8.3375	2.6	47.9375	121.60000000000001	268.425	0.0	0.0	0.0	32361.0	1078.6999999999998	66.925	54.5	117.4125	322.98750000000007	2088.7625	0.0	0.0	0.0	645141.0	21503.899999999998	11.262500000000001	2.6874999999999996	62.89999999999999	128.95	2088.7625
