concurrency	elapsed-r	errors-r	ops(total)-r	ops/sec(cum)-r	avg(ms)-r	p50(ms)-r	p95(ms)-r	p99(ms)-r	pMax(ms)-r	total-r	elapsed-w	errors-w	ops(total)-w	ops/sec(cum)-w	avg(ms)-w	p50(ms)-w	p95(ms)-w	p99(ms)-w	pMax(ms)-w	total-w	elapsed	errors	ops(total)	ops/sec(cum)	avg(ms)	p50(ms)	p95(ms)	p99(ms)	pMax(ms)
5	0.0	0.0	520249.0	17341.399999999998	1.8875	1.4625	3.937499999999999	5.25	367.0	0.0	0.0	0.0	27574.0	919.0999999999998	4.075	2.5500000000000003	11.612499999999999	17.55	199.88749999999996	0.0	0.0	0.0	547823.0	18260.5	1.9999999999999998	1.4625	4.25	6.7875000000000005	371.2
