concurrency	elapsed-r	errors-r	ops(total)-r	ops/sec(cum)-r	avg(ms)-r	p50(ms)-r	p95(ms)-r	p99(ms)-r	pMax(ms)-r	total-r	elapsed-w	errors-w	ops(total)-w	ops/sec(cum)-w	avg(ms)-w	p50(ms)-w	p95(ms)-w	p99(ms)-w	pMax(ms)-w	total-w	elapsed	errors	ops(total)	ops/sec(cum)	avg(ms)	p50(ms)	p95(ms)	p99(ms)	pMax(ms)
31	0.0	0.0	2860180.0	95337.3	2.125	1.975	3.7749999999999995	7.1125	22.55	0.0	0.0	0.0	150334.0	5011.0	2.4875	2.025	5.862500000000001	9.1375	22.562499999999996	0.0	0.0	0.0	3010514.0	100348.4	2.1374999999999997	1.975	3.825	7.2875000000000005	24.65
