concurrency	elapsed-r	errors-r	ops(total)-r	ops/sec(cum)-r	avg(ms)-r	p50(ms)-r	p95(ms)-r	p99(ms)-r	pMax(ms)-r	total-r	elapsed-w	errors-w	ops(total)-w	ops/sec(cum)-w	avg(ms)-w	p50(ms)-w	p95(ms)-w	p99(ms)-w	pMax(ms)-w	total-w	elapsed	errors	ops(total)	ops/sec(cum)	avg(ms)	p50(ms)	p95(ms)	p99(ms)	pMax(ms)
22	0.0	0.0	100908.0	3363.4	39.6125	3.3249999999999997	258.9875	488.61250000000007	1652.5375	0.0	0.0	0.0	5233.0	174.4	240.70000000000002	145.61249999999998	754.9875000000001	1321.2250000000001	2264.9125	0.0	0.0	0.0	106141.0	3538.1	49.525	3.4875000000000003	327.15	608.175	2264.9125
