concurrency	elapsed-r	errors-r	ops(total)-r	ops/sec(cum)-r	avg(ms)-r	p50(ms)-r	p95(ms)-r	p99(ms)-r	pMax(ms)-r	total-r	elapsed-w	errors-w	ops(total)-w	ops/sec(cum)-w	avg(ms)-w	p50(ms)-w	p95(ms)-w	p99(ms)-w	pMax(ms)-w	total-w	elapsed	errors	ops(total)	ops/sec(cum)	avg(ms)	p50(ms)	p95(ms)	p99(ms)	pMax(ms)
120	0.0	0.0	4402659.0	146739.7	3.2199999999999998	2.44	9.18	17.080000000000002	78.85999999999999	0.0	0.0	0.0	232269.0	7741.4	24.86	5.8	19.339999999999996	653.9	844.7	0.0	0.0	0.0	4634928.0	154481.2	4.319999999999999	2.48	10.180000000000001	18.36	844.7
