concurrency	elapsed-r	errors-r	ops(total)-r	ops/sec(cum)-r	avg(ms)-r	p50(ms)-r	p95(ms)-r	p99(ms)-r	pMax(ms)-r	total-r	elapsed-w	errors-w	ops(total)-w	ops/sec(cum)-w	avg(ms)-w	p50(ms)-w	p95(ms)-w	p99(ms)-w	pMax(ms)-w	total-w	elapsed	errors	ops(total)	ops/sec(cum)	avg(ms)	p50(ms)	p95(ms)	p99(ms)	pMax(ms)
64	0.0	0.0	4229348.0	140972.7	2.06	1.8	3.4199999999999995	10.82	38.779999999999994	0.0	0.0	0.0	223046.0	7434.6	4.2	3.7	8.599999999999998	14.960000000000003	32.7	0.0	0.0	0.0	4452394.0	148407.4	2.16	1.86	4.319999999999999	11.120000000000001	38.779999999999994
