concurrency	elapsed-r	errors-r	ops(total)-r	ops/sec(cum)-r	avg(ms)-r	p50(ms)-r	p95(ms)-r	p99(ms)-r	pMax(ms)-r	total-r	elapsed-w	errors-w	ops(total)-w	ops/sec(cum)-w	avg(ms)-w	p50(ms)-w	p95(ms)-w	p99(ms)-w	pMax(ms)-w	total-w	elapsed	errors	ops(total)	ops/sec(cum)	avg(ms)	p50(ms)	p95(ms)	p99(ms)	pMax(ms)
52	0.0	0.0	994803.0	33159.0	3.4	2.6	7.3	21.0	176.19999999999996	0.0	0.0	0.0	53017.0	1767.1999999999998	7.6000000000000005	6.0	21.0	42.6	75.5	0.0	0.0	0.0	1047820.0	34926.1	3.6666666666666665	2.7999999999999994	8.9	22.733333333333334	176.19999999999996
