concurrency	elapsed-r	errors-r	ops(total)-r	ops/sec(cum)-r	avg(ms)-r	p50(ms)-r	p95(ms)-r	p99(ms)-r	pMax(ms)-r	total-r	elapsed-w	errors-w	ops(total)-w	ops/sec(cum)-w	avg(ms)-w	p50(ms)-w	p95(ms)-w	p99(ms)-w	pMax(ms)-w	total-w	elapsed	errors	ops(total)	ops/sec(cum)	avg(ms)	p50(ms)	p95(ms)	p99(ms)	pMax(ms)
70	0.0	0.0	3038573.0	101280.0	1.8399999999999999	1.2600000000000002	4.779999999999999	7.659999999999999	26.419999999999998	0.0	0.0	0.0	159882.0	5329.0	44.120000000000005	2.18	236.88000000000002	258.55999999999995	288.17999999999995	0.0	0.0	0.0	3198455.0	106609.1	3.94	1.2600000000000002	5.16	14.1	288.17999999999995
