concurrency	elapsed-r	errors-r	ops(total)-r	ops/sec(cum)-r	avg(ms)-r	p50(ms)-r	p95(ms)-r	p99(ms)-r	pMax(ms)-r	total-r	elapsed-w	errors-w	ops(total)-w	ops/sec(cum)-w	avg(ms)-w	p50(ms)-w	p95(ms)-w	p99(ms)-w	pMax(ms)-w	total-w	elapsed	errors	ops(total)	ops/sec(cum)	avg(ms)	p50(ms)	p95(ms)	p99(ms)	pMax(ms)
88	0.0	0.0	4310747.0	143686.3	2.76	2.12	7.719999999999999	14.64	63.96	0.0	0.0	0.0	227413.0	7580.300000000001	8.68	4.9399999999999995	16.0	129.2	244.71999999999997	0.0	0.0	0.0	4538160.0	151266.5	3.0800000000000005	2.2	8.68	15.680000000000001	245.55999999999995
