concurrency	elapsed-r	errors-r	ops(total)-r	ops/sec(cum)-r	avg(ms)-r	p50(ms)-r	p95(ms)-r	p99(ms)-r	pMax(ms)-r	total-r	elapsed-w	errors-w	ops(total)-w	ops/sec(cum)-w	avg(ms)-w	p50(ms)-w	p95(ms)-w	p99(ms)-w	pMax(ms)-w	total-w	elapsed	errors	ops(total)	ops/sec(cum)	avg(ms)	p50(ms)	p95(ms)	p99(ms)	pMax(ms)
40	0.0	0.0	2134986.0	71164.4	3.75	3.1625	8.375	14.1125	98.025	0.0	0.0	0.0	113197.0	3773.1000000000004	5.549999999999999	3.6999999999999997	14.925	22.424999999999997	46.36249999999999	0.0	0.0	0.0	2248183.0	74937.5	3.849999999999999	3.1875	8.875	14.7375	99.07499999999999
