concurrency	elapsed-r	errors-r	ops(total)-r	ops/sec(cum)-r	avg(ms)-r	p50(ms)-r	p95(ms)-r	p99(ms)-r	pMax(ms)-r	total-r	elapsed-w	errors-w	ops(total)-w	ops/sec(cum)-w	avg(ms)-w	p50(ms)-w	p95(ms)-w	p99(ms)-w	pMax(ms)-w	total-w	elapsed	errors	ops(total)	ops/sec(cum)	avg(ms)	p50(ms)	p95(ms)	p99(ms)	pMax(ms)
159	0.0	0.0	2639294.0	87971.0	6.966666666666666	5.433333333333334	19.233333333333334	31.066666666666663	169.16666666666666	0.0	0.0	0.0	138793.0	4626.1	15.066666666666668	12.833333333333334	34.93333333333333	47.166666666666664	153.1	0.0	0.0	0.0	2778087.0	92597.00000000001	7.333333333333333	5.666666666666667	20.766666666666666	32.46666666666667	169.16666666666666
