concurrency	elapsed-r	errors-r	ops(total)-r	ops/sec(cum)-r	avg(ms)-r	p50(ms)-r	p95(ms)-r	p99(ms)-r	pMax(ms)-r	total-r	elapsed	errors	ops(total)	ops/sec(cum)	avg(ms)	p50(ms)	p95(ms)	p99(ms)	pMax(ms)
56	0.0	0.0	1273525.0	42449.200000000004	10.6875	9.425	23.875000000000004	36.925	76.025	0.0	0.0	0.0	1273525.0	42449.200000000004	10.6875	9.425	23.875000000000004	36.925	76.025
