concurrency	elapsed-r	errors-r	ops(total)-r	ops/sec(cum)-r	avg(ms)-r	p50(ms)-r	p95(ms)-r	p99(ms)-r	pMax(ms)-r	total-r	elapsed-w	errors-w	ops(total)-w	ops/sec(cum)-w	avg(ms)-w	p50(ms)-w	p95(ms)-w	p99(ms)-w	pMax(ms)-w	total-w	elapsed	errors	ops(total)	ops/sec(cum)	avg(ms)	p50(ms)	p95(ms)	p99(ms)	pMax(ms)
47	0.0	0.0	3335858.0	111192.4	2.8875	2.625	4.95	11.962499999999999	79.69999999999999	0.0	0.0	0.0	175724.0	5857.400000000001	3.175	2.825	5.475	13.0125	53.225	0.0	0.0	0.0	3511582.0	117049.50000000001	2.9	2.6374999999999997	4.95	12.0625	79.69999999999999
