concurrency	elapsed-r	errors-r	ops(total)-r	ops/sec(cum)-r	avg(ms)-r	p50(ms)-r	p95(ms)-r	p99(ms)-r	pMax(ms)-r	total-r	elapsed-w	errors-w	ops(total)-w	ops/sec(cum)-w	avg(ms)-w	p50(ms)-w	p95(ms)-w	p99(ms)-w	pMax(ms)-w	total-w	elapsed	errors	ops(total)	ops/sec(cum)	avg(ms)	p50(ms)	p95(ms)	p99(ms)	pMax(ms)
42	0.0	0.0	1000255.0	33340.899999999994	2.7000000000000006	2.1	7.3999999999999995	16.8	118.8	0.0	0.0	0.0	52659.0	1755.2999999999997	1.5	0.9666666666666667	2.6	9.066666666666668	46.1	0.0	0.0	0.0	1052914.0	35096.2	2.6	2.0	7.3	16.8	118.8
