concurrency	elapsed-r	errors-r	ops(total)-r	ops/sec(cum)-r	avg(ms)-r	p50(ms)-r	p95(ms)-r	p99(ms)-r	pMax(ms)-r	total-r	elapsed	errors	ops(total)	ops/sec(cum)	avg(ms)	p50(ms)	p95(ms)	p99(ms)	pMax(ms)
32	0.0	0.0	1355201.0	45172.40000000001	5.55	5.0375	11.537499999999998	17.575	40.587500000000006	0.0	0.0	0.0	1355201.0	45172.40000000001	5.55	5.0375	11.537499999999998	17.575	40.587500000000006
