concurrency	elapsed-r	errors-r	ops(total)-r	ops/sec(cum)-r	avg(ms)-r	p50(ms)-r	p95(ms)-r	p99(ms)-r	pMax(ms)-r	total-r	elapsed	errors	ops(total)	ops/sec(cum)	avg(ms)	p50(ms)	p95(ms)	p99(ms)	pMax(ms)
14	0.0	0.0	1050877.0	35028.700000000004	3.0	2.8000000000000003	5.2749999999999995	7.3500000000000005	19.5375	0.0	0.0	0.0	1050877.0	35028.700000000004	3.0	2.8000000000000003	5.2749999999999995	7.3500000000000005	19.5375
