concurrency	elapsed-r	errors-r	ops(total)-r	ops/sec(cum)-r	avg(ms)-r	p50(ms)-r	p95(ms)-r	p99(ms)-r	pMax(ms)-r	total-r	elapsed-w	errors-w	ops(total)-w	ops/sec(cum)-w	avg(ms)-w	p50(ms)-w	p95(ms)-w	p99(ms)-w	pMax(ms)-w	total-w	elapsed	errors	ops(total)	ops/sec(cum)	avg(ms)	p50(ms)	p95(ms)	p99(ms)	pMax(ms)
64	0.0	0.0	2845543.0	94847.4	2.2	1.5	5.9799999999999995	9.26	31.859999999999996	0.0	0.0	0.0	149104.0	4969.9	47.580000000000005	2.74	266.53999999999996	277.88	319.22	0.0	0.0	0.0	2994647.0	99817.29999999999	4.44	1.58	6.279999999999999	15.88	319.22
