concurrency	elapsed-r	errors-r	ops(total)-r	ops/sec(cum)-r	avg(ms)-r	p50(ms)-r	p95(ms)-r	p99(ms)-r	pMax(ms)-r	total-r	elapsed-w	errors-w	ops(total)-w	ops/sec(cum)-w	avg(ms)-w	p50(ms)-w	p95(ms)-w	p99(ms)-w	pMax(ms)-w	total-w	elapsed	errors	ops(total)	ops/sec(cum)	avg(ms)	p50(ms)	p95(ms)	p99(ms)	pMax(ms)
135	0.0	0.0	3495868.0	116520.9	2.9333333333333336	2.566666666666667	5.333333333333333	15.366666666666665	56.26666666666667	0.0	0.0	0.0	184685.0	6155.7	6.466666666666666	5.7	14.333333333333334	21.333333333333332	51.73333333333333	0.0	0.0	0.0	3680553.0	122676.7	3.1333333333333333	2.6	6.933333333333334	15.899999999999999	56.96666666666667
