ops/sec(cum)	p50(ms)	p99(ms)	read_tp	read_p50	read_p99	write_tp	write_p50	write_p99
308353.4666666667	0.19571428571428573	0.7794285714285715	294956.31666666665	0.19528571428571428	0.7794285714285715	13396.150000000001	0.19614285714285715	0.7781428571428571
