concurrency	elapsed-r	errors-r	ops(total)-r	ops/sec(cum)-r	avg(ms)-r	p50(ms)-r	p95(ms)-r	p99(ms)-r	pMax(ms)-r	total-r	elapsed-w	errors-w	ops(total)-w	ops/sec(cum)-w	avg(ms)-w	p50(ms)-w	p95(ms)-w	p99(ms)-w	pMax(ms)-w	total-w	elapsed	errors	ops(total)	ops/sec(cum)	avg(ms)	p50(ms)	p95(ms)	p99(ms)	pMax(ms)
56	0.0	0.0	992421.0	22053.300000000003	2.4	1.6	6.8	12.3	45.260000000000005	0.0	0.0	0.0	51979.0	1155.1999999999998	156.14000000000001	2.8	872.4	906.0	973.1	0.0	0.0	0.0	1044400.0	23208.3	10.059999999999999	1.6	7.26	23.920000000000005	973.1
