concurrency	elapsed-w	errors-w	ops(total)-w	ops/sec(cum)-w	avg(ms)-w	p50(ms)-w	p95(ms)-w	p99(ms)-w	pMax(ms)-w	total-w	elapsed	errors	ops(total)	ops/sec(cum)	avg(ms)	p50(ms)	p95(ms)	p99(ms)	pMax(ms)
52	0.0	0.0	732470.0	24414.9	16.587500000000002	14.2	39.800000000000004	53.7125	112.18750000000001	0.0	0.0	0.0	732470.0	24414.9	16.587500000000002	14.2	39.800000000000004	53.7125	112.18750000000001
