concurrency	elapsed-w	errors-w	ops(total)-w	ops/sec(cum)-w	avg(ms)-w	p50(ms)-w	p95(ms)-w	p99(ms)-w	pMax(ms)-w	total-w	elapsed	errors	ops(total)	ops/sec(cum)	avg(ms)	p50(ms)	p95(ms)	p99(ms)	pMax(ms)
56	0.0	0.0	3614227.0	120470.5	3.4875	3.1250000000000004	9.675	14.524999999999999	70.275	0.0	0.0	0.0	3614227.0	120470.5	3.4875	3.1250000000000004	9.675	14.524999999999999	70.275
