concurrency	elapsed-r	errors-r	ops(total)-r	ops/sec(cum)-r	avg(ms)-r	p50(ms)-r	p95(ms)-r	p99(ms)-r	pMax(ms)-r	total-r	elapsed-w	errors-w	ops(total)-w	ops/sec(cum)-w	avg(ms)-w	p50(ms)-w	p95(ms)-w	p99(ms)-w	pMax(ms)-w	total-w	elapsed	errors	ops(total)	ops/sec(cum)	avg(ms)	p50(ms)	p95(ms)	p99(ms)	pMax(ms)
47	0.0	0.0	3487791.0	116256.7	2.8499999999999996	2.4375	7.925000000000001	11.5	167.7625	0.0	0.0	0.0	183553.0	6118.200000000002	2.8625	2.4375	8.075000000000001	11.5	74.325	0.0	0.0	0.0	3671344.0	122375.0	2.8499999999999996	2.4375	7.925000000000001	11.5	170.3875
