concurrency	elapsed-r	errors-r	ops(total)-r	ops/sec(cum)-r	avg(ms)-r	p50(ms)-r	p95(ms)-r	p99(ms)-r	pMax(ms)-r	total-r	elapsed	errors	ops(total)	ops/sec(cum)	avg(ms)	p50(ms)	p95(ms)	p99(ms)	pMax(ms)
61	0.0	0.0	1555045.0	51833.0	8.775	7.9	18.900000000000002	27.025000000000002	80.4875	0.0	0.0	0.0	1555045.0	51833.0	8.775	7.9	18.900000000000002	27.025000000000002	80.4875
