ops/sec(cum)	p50(ms)	p99(ms)	read_tp	read_p50	read_p99	write_tp	write_p50	write_p99
288088.04999999993	0.22314285714285714	0.9134285714285715	275337.60000000003	0.22285714285714286	0.9134285714285715	12749.45	0.22342857142857142	0.91
