concurrency	elapsed-r	errors-r	ops(total)-r	ops/sec(cum)-r	avg(ms)-r	p50(ms)-r	p95(ms)-r	p99(ms)-r	pMax(ms)-r	total-r	elapsed	errors	ops(total)	ops/sec(cum)	avg(ms)	p50(ms)	p95(ms)	p99(ms)	pMax(ms)
23	0.0	0.0	1481413.0	49379.6	3.45	3.1124999999999994	7.249999999999999	11.5375	55.050000000000004	0.0	0.0	0.0	1481413.0	49379.6	3.45	3.1124999999999994	7.249999999999999	11.5375	55.050000000000004
