concurrency	elapsed-r	errors-r	ops(total)-r	ops/sec(cum)-r	avg(ms)-r	p50(ms)-r	p95(ms)-r	p99(ms)-r	pMax(ms)-r	total-r	elapsed-w	errors-w	ops(total)-w	ops/sec(cum)-w	avg(ms)-w	p50(ms)-w	p95(ms)-w	p99(ms)-w	pMax(ms)-w	total-w	elapsed	errors	ops(total)	ops/sec(cum)	avg(ms)	p50(ms)	p95(ms)	p99(ms)	pMax(ms)
40	0.0	0.0	1984631.0	44101.6	2.24	1.6200000000000003	5.6	14.7	70.88000000000001	0.0	0.0	0.0	104153.0	2314.4	26.6	2.92	209.7	258.34000000000003	308.71999999999997	0.0	0.0	0.0	2088784.0	46416.2	3.44	1.6400000000000001	6.3	21.2	308.71999999999997
