concurrency	elapsed-r	errors-r	ops(total)-r	ops/sec(cum)-r	avg(ms)-r	p50(ms)-r	p95(ms)-r	p99(ms)-r	pMax(ms)-r	total-r	elapsed-w	errors-w	ops(total)-w	ops/sec(cum)-w	avg(ms)-w	p50(ms)-w	p95(ms)-w	p99(ms)-w	pMax(ms)-w	total-w	elapsed	errors	ops(total)	ops/sec(cum)	avg(ms)	p50(ms)	p95(ms)	p99(ms)	pMax(ms)
40	0.0	0.0	2243726.0	74789.0	3.5874999999999995	3.0625	7.575	12.5125	63.6875	0.0	0.0	0.0	118032.0	3934.4	4.6875	3.2874999999999996	12.837499999999999	19.537499999999998	38.12500000000001	0.0	0.0	0.0	2361758.0	78723.4	3.6374999999999997	3.0625	8.1875	13.299999999999999	64.21249999999999
