concurrency	elapsed-w	errors-w	ops(total)-w	ops/sec(cum)-w	avg(ms)-w	p50(ms)-w	p95(ms)-w	p99(ms)-w	pMax(ms)-w	total-w	elapsed	errors	ops(total)	ops/sec(cum)	avg(ms)	p50(ms)	p95(ms)	p99(ms)	pMax(ms)
6	0.0	0.0	243800.0	8126.6	2.7250000000000005	2.1750000000000003	6.975	16.525	57.65	0.0	0.0	0.0	243800.0	8126.6	2.7250000000000005	2.1750000000000003	6.975	16.525	57.65
