concurrency	elapsed-w	errors-w	ops(total)-w	ops/sec(cum)-w	avg(ms)-w	p50(ms)-w	p95(ms)-w	p99(ms)-w	pMax(ms)-w	total-w	elapsed	errors	ops(total)	ops/sec(cum)	avg(ms)	p50(ms)	p95(ms)	p99(ms)	pMax(ms)
58	0.0	0.0	4231497.0	141045.9	3.0124999999999997	1.6375000000000002	8.9	14.012499999999998	123.20000000000002	0.0	0.0	0.0	4231497.0	141045.9	3.0124999999999997	1.6375000000000002	8.9	14.012499999999998	123.20000000000002
