concurrency	elapsed-r	errors-r	ops(total)-r	ops/sec(cum)-r	avg(ms)-r	p50(ms)-r	p95(ms)-r	p99(ms)-r	pMax(ms)-r	total-r	elapsed-w	errors-w	ops(total)-w	ops/sec(cum)-w	avg(ms)-w	p50(ms)-w	p95(ms)-w	p99(ms)-w	pMax(ms)-w	total-w	elapsed	errors	ops(total)	ops/sec(cum)	avg(ms)	p50(ms)	p95(ms)	p99(ms)	pMax(ms)
81	0.0	0.0	76364.0	1272.7	5.824999999999999	2.625	15.075	88.1	297.8	0.0	0.0	0.0	3718.0	61.9	40.45	28.875	104.9	213.9	494.90000000000003	0.0	0.0	0.0	80082.0	1334.6	7.449999999999999	2.7749999999999995	27.8	101.75	494.90000000000003
