concurrency	elapsed-w	errors-w	ops(total)-w	ops/sec(cum)-w	avg(ms)-w	p50(ms)-w	p95(ms)-w	p99(ms)-w	pMax(ms)-w	total-w	elapsed	errors	ops(total)	ops/sec(cum)	avg(ms)	p50(ms)	p95(ms)	p99(ms)	pMax(ms)
58	0.0	0.0	686706.0	22889.199999999997	19.799999999999997	12.9125	54.7625	76.025	411.0375	0.0	0.0	0.0	686706.0	22889.199999999997	19.799999999999997	12.9125	54.7625	76.025	411.0375
