concurrency	elapsed-r	errors-r	ops(total)-r	ops/sec(cum)-r	avg(ms)-r	p50(ms)-r	p95(ms)-r	p99(ms)-r	pMax(ms)-r	total-r	elapsed-w	errors-w	ops(total)-w	ops/sec(cum)-w	avg(ms)-w	p50(ms)-w	p95(ms)-w	p99(ms)-w	pMax(ms)-w	total-w	elapsed	errors	ops(total)	ops/sec(cum)	avg(ms)	p50(ms)	p95(ms)	p99(ms)	pMax(ms)
30	0.0	0.0	3280793.0	109357.80000000002	1.85	1.6500000000000001	3.1875	6.2375	144.575	0.0	0.0	0.0	172164.0	5738.900000000001	1.8375000000000001	1.6500000000000001	3.125	6.275	44.24999999999999	0.0	0.0	0.0	3452957.0	115096.59999999999	1.85	1.6500000000000001	3.1875	6.2375	144.575
