concurrency	elapsed-r	errors-r	ops(total)-r	ops/sec(cum)-r	avg(ms)-r	p50(ms)-r	p95(ms)-r	p99(ms)-r	pMax(ms)-r	total-r	elapsed-w	errors-w	ops(total)-w	ops/sec(cum)-w	avg(ms)-w	p50(ms)-w	p95(ms)-w	p99(ms)-w	pMax(ms)-w	total-w	elapsed	errors	ops(total)	ops/sec(cum)	avg(ms)	p50(ms)	p95(ms)	p99(ms)	pMax(ms)
42	0.0	0.0	2581440.0	86045.8	3.275	2.9000000000000004	6.625000000000001	10.975	37.85	0.0	0.0	0.0	135911.0	4530.400000000001	3.8749999999999996	3.0374999999999996	10.1	15.4125	35.4	0.0	0.0	0.0	2717351.0	90576.0	3.325	2.9000000000000004	6.7749999999999995	11.424999999999999	39.4375
