concurrency	elapsed-r	errors-r	ops(total)-r	ops/sec(cum)-r	avg(ms)-r	p50(ms)-r	p95(ms)-r	p99(ms)-r	pMax(ms)-r	total-r	elapsed-w	errors-w	ops(total)-w	ops/sec(cum)-w	avg(ms)-w	p50(ms)-w	p95(ms)-w	p99(ms)-w	pMax(ms)-w	total-w	elapsed	errors	ops(total)	ops/sec(cum)	avg(ms)	p50(ms)	p95(ms)	p99(ms)	pMax(ms)
82	0.0	0.0	11103.0	185.10000000000002	4.25	2.25	13.475	38.775000000000006	78.1	0.0	0.0	0.0	284.0	4.7	7.4750000000000005	4.425	24.0	36.425000000000004	51.1	0.0	0.0	0.0	11387.0	189.8	4.3	2.3	13.899999999999999	39.550000000000004	81.77499999999999
