concurrency	elapsed-w	errors-w	ops(total)-w	ops/sec(cum)-w	avg(ms)-w	p50(ms)-w	p95(ms)-w	p99(ms)-w	pMax(ms)-w	total-w	elapsed	errors	ops(total)	ops/sec(cum)	avg(ms)	p50(ms)	p95(ms)	p99(ms)	pMax(ms)
47	0.0	0.0	537264.0	17908.1	20.5625	19.0	48.2	62.637499999999996	121.60000000000001	0.0	0.0	0.0	537264.0	17908.1	20.5625	19.0	48.2	62.637499999999996	121.60000000000001
