concurrency	elapsed-r	errors-r	ops(total)-r	ops/sec(cum)-r	avg(ms)-r	p50(ms)-r	p95(ms)-r	p99(ms)-r	pMax(ms)-r	total-r	elapsed-w	errors-w	ops(total)-w	ops/sec(cum)-w	avg(ms)-w	p50(ms)-w	p95(ms)-w	p99(ms)-w	pMax(ms)-w	total-w	elapsed	errors	ops(total)	ops/sec(cum)	avg(ms)	p50(ms)	p95(ms)	p99(ms)	pMax(ms)
7	0.0	0.0	634871.0	21162.100000000002	2.225	2.05	3.6250000000000004	5.025	15.612499999999997	0.0	0.0	0.0	33068.0	1102.3	4.3375	4.25	6.55	9.025	15.15	0.0	0.0	0.0	667939.0	22264.4	2.3375000000000004	2.15	4.2125	5.8999999999999995	16.075
