concurrency	elapsed-r	errors-r	ops(total)-r	ops/sec(cum)-r	avg(ms)-r	p50(ms)-r	p95(ms)-r	p99(ms)-r	pMax(ms)-r	total-r	elapsed	errors	ops(total)	ops/sec(cum)	avg(ms)	p50(ms)	p95(ms)	p99(ms)	pMax(ms)
39	0.0	0.0	1369367.0	45644.1	6.762500000000001	5.9624999999999995	14.2	22.299999999999997	51.875	0.0	0.0	0.0	1369367.0	45644.1	6.762500000000001	5.9624999999999995	14.2	22.299999999999997	51.875
