concurrency	elapsed-r	errors-r	ops(total)-r	ops/sec(cum)-r	avg(ms)-r	p50(ms)-r	p95(ms)-r	p99(ms)-r	pMax(ms)-r	total-r	elapsed-w	errors-w	ops(total)-w	ops/sec(cum)-w	avg(ms)-w	p50(ms)-w	p95(ms)-w	p99(ms)-w	pMax(ms)-w	total-w	elapsed	errors	ops(total)	ops/sec(cum)	avg(ms)	p50(ms)	p95(ms)	p99(ms)	pMax(ms)
21	0.0	0.0	1156665.0	38554.799999999996	3.925	3.8500000000000005	7.374999999999999	8.9	29.499999999999996	0.0	0.0	0.0	60900.0	2029.9999999999998	4.924999999999999	4.6125	8.975	20.575	83.9	0.0	0.0	0.0	1217565.0	40584.7	3.9499999999999993	3.9000000000000004	7.4125	8.9	83.9
