concurrency	elapsed-w	errors-w	ops(total)-w	ops/sec(cum)-w	avg(ms)-w	p50(ms)-w	p95(ms)-w	p99(ms)-w	pMax(ms)-w	total-w	elapsed	errors	ops(total)	ops/sec(cum)	avg(ms)	p50(ms)	p95(ms)	p99(ms)	pMax(ms)
48	0.0	0.0	730496.0	24348.9	15.337500000000002	11.925	39.025	53.712500000000006	411.0375	0.0	0.0	0.0	730496.0	24348.9	15.337500000000002	11.925	39.025	53.712500000000006	411.0375
