concurrency	elapsed-r	errors-r	ops(total)-r	ops/sec(cum)-r	avg(ms)-r	p50(ms)-r	p95(ms)-r	p99(ms)-r	pMax(ms)-r	total-r	elapsed	errors	ops(total)	ops/sec(cum)	avg(ms)	p50(ms)	p95(ms)	p99(ms)	pMax(ms)
49	0.0	0.0	1332508.0	44415.7	8.274999999999999	7.324999999999999	18.75	26.8875	130.0375	0.0	0.0	0.0	1332508.0	44415.7	8.274999999999999	7.324999999999999	18.75	26.8875	130.0375
