concurrency	elapsed-r	errors-r	ops(total)-r	ops/sec(cum)-r	avg(ms)-r	p50(ms)-r	p95(ms)-r	p99(ms)-r	pMax(ms)-r	total-r	elapsed	errors	ops(total)	ops/sec(cum)	avg(ms)	p50(ms)	p95(ms)	p99(ms)	pMax(ms)
32	0.0	0.0	1231067.0	41034.7	6.15	5.5249999999999995	12.425	18.212500000000002	46.8875	0.0	0.0	0.0	1231067.0	41034.7	6.15	5.5249999999999995	12.425	18.212500000000002	46.8875
