concurrency	elapsed-r	errors-r	ops(total)-r	ops/sec(cum)-r	avg(ms)-r	p50(ms)-r	p95(ms)-r	p99(ms)-r	pMax(ms)-r	total-r	elapsed-w	errors-w	ops(total)-w	ops/sec(cum)-w	avg(ms)-w	p50(ms)-w	p95(ms)-w	p99(ms)-w	pMax(ms)-w	total-w	elapsed	errors	ops(total)	ops/sec(cum)	avg(ms)	p50(ms)	p95(ms)	p99(ms)	pMax(ms)
150	0.0	0.0	4567899.0	152252.1	4.779999999999999	3.8	12.06	20.54	200.48000000000002	0.0	0.0	0.0	240634.0	8020.5	13.780000000000001	12.459999999999999	28.52	38.8	159.36	0.0	0.0	0.0	4808533.0	160272.69999999998	5.260000000000001	3.88	14.719999999999999	24.72	200.48000000000002
