concurrency	elapsed-r	errors-r	ops(total)-r	ops/sec(cum)-r	avg(ms)-r	p50(ms)-r	p95(ms)-r	p99(ms)-r	pMax(ms)-r	total-r	elapsed-w	errors-w	ops(total)-w	ops/sec(cum)-w	avg(ms)-w	p50(ms)-w	p95(ms)-w	p99(ms)-w	pMax(ms)-w	total-w	elapsed	errors	ops(total)	ops/sec(cum)	avg(ms)	p50(ms)	p95(ms)	p99(ms)	pMax(ms)
36	0.0	0.0	1216489.0	40548.6	1.3999999999999997	1.0	3.7000000000000006	6.0	14.333333333333334	0.0	0.0	0.0	63736.0	2124.5	19.533333333333335	1.7	104.90000000000002	117.40000000000002	128.6	0.0	0.0	0.0	1280225.0	42673.1	2.3	1.0	3.9	11.0	128.6
