concurrency	elapsed-r	errors-r	ops(total)-r	ops/sec(cum)-r	avg(ms)-r	p50(ms)-r	p95(ms)-r	p99(ms)-r	pMax(ms)-r	total-r	elapsed-w	errors-w	ops(total)-w	ops/sec(cum)-w	avg(ms)-w	p50(ms)-w	p95(ms)-w	p99(ms)-w	pMax(ms)-w	total-w	elapsed	errors	ops(total)	ops/sec(cum)	avg(ms)	p50(ms)	p95(ms)	p99(ms)	pMax(ms)
4	0.0	0.0	272446.0	9081.5	1.0	1.0	1.3	1.6000000000000003	6.133333333333333	0.0	0.0	0.0	14272.0	475.7	1.4333333333333333	1.3999999999999997	1.7666666666666666	2.8333333333333335	6.633333333333333	0.0	0.0	0.0	286718.0	9557.2	1.0333333333333334	1.0	1.3999999999999997	1.8	6.733333333333333
