concurrency	elapsed-r	errors-r	ops(total)-r	ops/sec(cum)-r	avg(ms)-r	p50(ms)-r	p95(ms)-r	p99(ms)-r	pMax(ms)-r	total-r	elapsed-w	errors-w	ops(total)-w	ops/sec(cum)-w	avg(ms)-w	p50(ms)-w	p95(ms)-w	p99(ms)-w	pMax(ms)-w	total-w	elapsed	errors	ops(total)	ops/sec(cum)	avg(ms)	p50(ms)	p95(ms)	p99(ms)	pMax(ms)
9	0.0	0.0	110755.0	3691.8	15.3625	3.6624999999999996	115.83749999999999	227.55	729.8125	0.0	0.0	0.0	5825.0	194.2	74.5625	29.3875	302.0	522.1999999999999	880.8124999999999	0.0	0.0	0.0	116580.0	3886.0	18.325	3.8374999999999995	128.42499999999998	265.2625	880.8124999999999
