concurrency	elapsed-w	errors-w	ops(total)-w	ops/sec(cum)-w	avg(ms)-w	p50(ms)-w	p95(ms)-w	p99(ms)-w	pMax(ms)-w	total-w	elapsed	errors	ops(total)	ops/sec(cum)	avg(ms)	p50(ms)	p95(ms)	p99(ms)	pMax(ms)
39	0.0	0.0	728364.0	24278.3	12.45	8.65	33.6	45.574999999999996	152.57500000000002	0.0	0.0	0.0	728364.0	24278.3	12.45	8.65	33.6	45.574999999999996	152.57500000000002
