concurrency	elapsed-r	errors-r	ops(total)-r	ops/sec(cum)-r	avg(ms)-r	p50(ms)-r	p95(ms)-r	p99(ms)-r	pMax(ms)-r	total-r	elapsed-w	errors-w	ops(total)-w	ops/sec(cum)-w	avg(ms)-w	p50(ms)-w	p95(ms)-w	p99(ms)-w	pMax(ms)-w	total-w	elapsed	errors	ops(total)	ops/sec(cum)	avg(ms)	p50(ms)	p95(ms)	p99(ms)	pMax(ms)
8	0.0	0.0	311446.0	10381.2	3.2374999999999994	2.8375	6.449999999999999	8.1	15.350000000000001	0.0	0.0	0.0	16379.0	546.1	50.75	25.1625	121.60000000000001	137.35000000000002	153.1	0.0	0.0	0.0	327825.0	10927.2	5.6125	2.9	7.1625	104.89999999999999	153.1
