concurrency	elapsed-r	errors-r	ops(total)-r	ops/sec(cum)-r	avg(ms)-r	p50(ms)-r	p95(ms)-r	p99(ms)-r	pMax(ms)-r	total-r	elapsed-w	errors-w	ops(total)-w	ops/sec(cum)-w	avg(ms)-w	p50(ms)-w	p95(ms)-w	p99(ms)-w	pMax(ms)-w	total-w	elapsed	errors	ops(total)	ops/sec(cum)	avg(ms)	p50(ms)	p95(ms)	p99(ms)	pMax(ms)
14	0.0	0.0	92620.0	3087.2000000000003	26.762499999999996	3.2749999999999995	161.50000000000003	366.99999999999994	1027.5875	0.0	0.0	0.0	4864.0	161.99999999999997	175.06249999999997	78.9125	603.9625	1044.4	1770.0125	0.0	0.0	0.0	97484.0	3249.5000000000005	34.1125	3.4	196.05	450.9	1770.0125
