concurrency	elapsed-r	errors-r	ops(total)-r	ops/sec(cum)-r	avg(ms)-r	p50(ms)-r	p95(ms)-r	p99(ms)-r	pMax(ms)-r	total-r	elapsed	errors	ops(total)	ops/sec(cum)	avg(ms)	p50(ms)	p95(ms)	p99(ms)	pMax(ms)
47	0.0	0.0	940667.0	31354.5	12.174999999999999	10.899999999999999	26.475	37.724999999999994	105.4	0.0	0.0	0.0	940667.0	31354.5	12.174999999999999	10.899999999999999	26.475	37.724999999999994	105.4
