concurrency	elapsed-r	errors-r	ops(total)-r	ops/sec(cum)-r	avg(ms)-r	p50(ms)-r	p95(ms)-r	p99(ms)-r	pMax(ms)-r	total-r	elapsed-w	errors-w	ops(total)-w	ops/sec(cum)-w	avg(ms)-w	p50(ms)-w	p95(ms)-w	p99(ms)-w	pMax(ms)-w	total-w	elapsed	errors	ops(total)	ops/sec(cum)	avg(ms)	p50(ms)	p95(ms)	p99(ms)	pMax(ms)
47	0.0	0.0	574112.0	19136.5	3.95	2.35	12.787499999999998	22.687499999999996	109.0625	0.0	0.0	0.0	29681.0	989.4000000000001	283.22499999999997	5.75	2952.7999999999997	3221.2000000000003	3321.850000000001	0.0	0.0	0.0	603793.0	20126.000000000004	17.7	2.4125	13.412499999999998	33.2	3321.850000000001
