concurrency	elapsed-r	errors-r	ops(total)-r	ops/sec(cum)-r	avg(ms)-r	p50(ms)-r	p95(ms)-r	p99(ms)-r	pMax(ms)-r	total-r	elapsed-w	errors-w	ops(total)-w	ops/sec(cum)-w	avg(ms)-w	p50(ms)-w	p95(ms)-w	p99(ms)-w	pMax(ms)-w	total-w	elapsed	errors	ops(total)	ops/sec(cum)	avg(ms)	p50(ms)	p95(ms)	p99(ms)	pMax(ms)
22	0.0	0.0	634190.0	21139.100000000002	4.449999999999999	2.625	15.8875	43.2125	116.9	0.0	0.0	0.0	33446.0	1114.9	67.225	19.375	43.737500000000004	2667.6125	3170.875	0.0	0.0	0.0	667636.0	22253.899999999998	7.6000000000000005	2.6624999999999996	22.825	45.837500000000006	3170.875
