concurrency	elapsed-r	errors-r	ops(total)-r	ops/sec(cum)-r	avg(ms)-r	p50(ms)-r	p95(ms)-r	p99(ms)-r	pMax(ms)-r	total-r	elapsed-w	errors-w	ops(total)-w	ops/sec(cum)-w	avg(ms)-w	p50(ms)-w	p95(ms)-w	p99(ms)-w	pMax(ms)-w	total-w	elapsed	errors	ops(total)	ops/sec(cum)	avg(ms)	p50(ms)	p95(ms)	p99(ms)	pMax(ms)
54	0.0	0.0	2528547.0	56188.59999999999	3.2	2.08	10.5	24.1	145.14000000000001	0.0	0.0	0.0	132894.0	2953.2000000000003	6.779999999999999	4.66	22.880000000000003	39.8	79.7	0.0	0.0	0.0	2661441.0	59141.7	3.4	2.18	11.4	25.2	145.14000000000001
