concurrency	elapsed-r	errors-r	ops(total)-r	ops/sec(cum)-r	avg(ms)-r	p50(ms)-r	p95(ms)-r	p99(ms)-r	pMax(ms)-r	total-r	elapsed	errors	ops(total)	ops/sec(cum)	avg(ms)	p50(ms)	p95(ms)	p99(ms)	pMax(ms)
56	0.0	0.0	1302848.0	43426.7	10.462499999999999	9.05	23.5625	36.4125	92.81250000000001	0.0	0.0	0.0	1302848.0	43426.7	10.462499999999999	9.05	23.5625	36.4125	92.81250000000001
