ops/sec(cum)	p50(ms)	p99(ms)	read_tp	read_p50	read_p99	write_tp	write_p50	write_p99
315287.1666666667	0.2077142857142857	0.8685714285714285	301517.35	0.20742857142857143	0.8685714285714285	13768.816666666668	0.208	0.8757142857142857
