concurrency	elapsed-r	errors-r	ops(total)-r	ops/sec(cum)-r	avg(ms)-r	p50(ms)-r	p95(ms)-r	p99(ms)-r	pMax(ms)-r	total-r	elapsed-w	errors-w	ops(total)-w	ops/sec(cum)-w	avg(ms)-w	p50(ms)-w	p95(ms)-w	p99(ms)-w	pMax(ms)-w	total-w	elapsed	errors	ops(total)	ops/sec(cum)	avg(ms)	p50(ms)	p95(ms)	p99(ms)	pMax(ms)
23	0.0	0.0	600604.0	20019.5	3.4125	2.3	10.5625	15.799999999999999	64.7375	0.0	0.0	0.0	31228.0	1040.8999999999999	105.11250000000001	5.275	977.2875000000001	1069.5125	1208.0	0.0	0.0	0.0	631832.0	21060.5	8.45	2.3625	11.0625	18.887500000000003	1208.0
