concurrency	elapsed-r	errors-r	ops(total)-r	ops/sec(cum)-r	avg(ms)-r	p50(ms)-r	p95(ms)-r	p99(ms)-r	pMax(ms)-r	total-r	elapsed-w	errors-w	ops(total)-w	ops/sec(cum)-w	avg(ms)-w	p50(ms)-w	p95(ms)-w	p99(ms)-w	pMax(ms)-w	total-w	elapsed	errors	ops(total)	ops/sec(cum)	avg(ms)	p50(ms)	p95(ms)	p99(ms)	pMax(ms)
13	0.0	0.0	676165.0	22538.2	3.1375	2.45	6.1	12.974999999999998	85.47499999999998	0.0	0.0	0.0	36004.0	1200.1	23.8625	23.849999999999998	35.949999999999996	46.362500000000004	100.675	0.0	0.0	0.0	712169.0	23738.399999999998	4.1625000000000005	2.6125000000000003	17.762500000000003	32.25	100.675
