concurrency	elapsed-r	errors-r	ops(total)-r	ops/sec(cum)-r	avg(ms)-r	p50(ms)-r	p95(ms)-r	p99(ms)-r	pMax(ms)-r	total-r	elapsed-w	errors-w	ops(total)-w	ops/sec(cum)-w	avg(ms)-w	p50(ms)-w	p95(ms)-w	p99(ms)-w	pMax(ms)-w	total-w	elapsed	errors	ops(total)	ops/sec(cum)	avg(ms)	p50(ms)	p95(ms)	p99(ms)	pMax(ms)
5	0.0	0.0	278327.0	9277.300000000001	3.625	2.35	10.175	19.525000000000002	143.65	0.0	0.0	0.0	14789.0	493.00000000000006	8.350000000000001	5.199999999999999	21.5125	47.9625	161.4875	0.0	0.0	0.0	293116.0	9770.199999999999	3.8625	2.4375	11.0625	20.9875	161.4875
