concurrency	elapsed-r	errors-r	ops(total)-r	ops/sec(cum)-r	avg(ms)-r	p50(ms)-r	p95(ms)-r	p99(ms)-r	pMax(ms)-r	total-r	elapsed-w	errors-w	ops(total)-w	ops/sec(cum)-w	avg(ms)-w	p50(ms)-w	p95(ms)-w	p99(ms)-w	pMax(ms)-w	total-w	elapsed	errors	ops(total)	ops/sec(cum)	avg(ms)	p50(ms)	p95(ms)	p99(ms)	pMax(ms)
26	0.0	0.0	1455304.0	48508.9	3.9124999999999996	3.7249999999999996	6.999999999999999	8.4	22.799999999999997	0.0	0.0	0.0	76644.0	2554.7999999999997	3.8499999999999996	3.7249999999999996	6.874999999999999	8.2875	17.9625	0.0	0.0	0.0	1531948.0	51063.7	3.9124999999999996	3.7249999999999996	6.962499999999999	8.4	22.799999999999997
