concurrency	elapsed-r	errors-r	ops(total)-r	ops/sec(cum)-r	avg(ms)-r	p50(ms)-r	p95(ms)-r	p99(ms)-r	pMax(ms)-r	total-r	elapsed-w	errors-w	ops(total)-w	ops/sec(cum)-w	avg(ms)-w	p50(ms)-w	p95(ms)-w	p99(ms)-w	pMax(ms)-w	total-w	elapsed	errors	ops(total)	ops/sec(cum)	avg(ms)	p50(ms)	p95(ms)	p99(ms)	pMax(ms)
71	0.0	0.0	20190.0	336.4	2.525	1.7000000000000002	7.45	22.275	48.725	0.0	0.0	0.0	834.0	13.8	6.1	3.0500000000000003	23.325000000000003	34.35	49.25	0.0	0.0	0.0	21024.0	350.40000000000003	2.6750000000000003	1.7000000000000002	8.475	23.85	52.400000000000006
