concurrency	elapsed-r	errors-r	ops(total)-r	ops/sec(cum)-r	avg(ms)-r	p50(ms)-r	p95(ms)-r	p99(ms)-r	pMax(ms)-r	total-r	elapsed-w	errors-w	ops(total)-w	ops/sec(cum)-w	avg(ms)-w	p50(ms)-w	p95(ms)-w	p99(ms)-w	pMax(ms)-w	total-w	elapsed	errors	ops(total)	ops/sec(cum)	avg(ms)	p50(ms)	p95(ms)	p99(ms)	pMax(ms)
39	0.0	0.0	1959091.0	65300.9	4.0875	3.3625	9.325	14.8625	41.125	0.0	0.0	0.0	103033.0	3434.2999999999997	5.625	3.7624999999999997	15.3375	22.675	42.425	0.0	0.0	0.0	2062124.0	68735.40000000001	4.125	3.3749999999999996	9.85	15.549999999999999	43.474999999999994
