concurrency	elapsed-r	errors-r	ops(total)-r	ops/sec(cum)-r	avg(ms)-r	p50(ms)-r	p95(ms)-r	p99(ms)-r	pMax(ms)-r	total-r	elapsed-w	errors-w	ops(total)-w	ops/sec(cum)-w	avg(ms)-w	p50(ms)-w	p95(ms)-w	p99(ms)-w	pMax(ms)-w	total-w	elapsed	errors	ops(total)	ops/sec(cum)	avg(ms)	p50(ms)	p95(ms)	p99(ms)	pMax(ms)
21	0.0	0.0	632758.0	21091.4	3.8375	2.45	13.474999999999998	23.849999999999998	81.27499999999999	0.0	0.0	0.0	33481.0	1116.0	72.8625	9.65	111.6625	1560.275	1786.7374999999997	0.0	0.0	0.0	666239.0	22207.399999999998	7.2875	2.625	14.575000000000001	25.949999999999996	1786.7374999999997
