concurrency	elapsed-r	errors-r	ops(total)-r	ops/sec(cum)-r	avg(ms)-r	p50(ms)-r	p95(ms)-r	p99(ms)-r	pMax(ms)-r	total-r	elapsed-w	errors-w	ops(total)-w	ops/sec(cum)-w	avg(ms)-w	p50(ms)-w	p95(ms)-w	p99(ms)-w	pMax(ms)-w	total-w	elapsed	errors	ops(total)	ops/sec(cum)	avg(ms)	p50(ms)	p95(ms)	p99(ms)	pMax(ms)
30	0.0	0.0	3301643.0	110052.59999999999	1.8375000000000001	1.6500000000000001	3.125	6.312500000000001	141.4125	0.0	0.0	0.0	173333.0	5777.799999999999	1.8250000000000002	1.6500000000000001	3.075	6.275	19.1375	0.0	0.0	0.0	3474976.0	115830.40000000001	1.8375000000000001	1.6500000000000001	3.125	6.312500000000001	141.4125
