ops/sec(cum)	p50(ms)	p99(ms)	read_tp	read_p50	read_p99	write_tp	write_p50	write_p99
213797.40000000002	0.17485714285714285	0.6148571428571429	204206.90000000002	0.1742857142857143	0.6148571428571429	9589.5	0.17542857142857143	0.6132857142857143
