concurrency	elapsed-r	errors-r	ops(total)-r	ops/sec(cum)-r	avg(ms)-r	p50(ms)-r	p95(ms)-r	p99(ms)-r	pMax(ms)-r	total-r	elapsed-w	errors-w	ops(total)-w	ops/sec(cum)-w	avg(ms)-w	p50(ms)-w	p95(ms)-w	p99(ms)-w	pMax(ms)-w	total-w	elapsed	errors	ops(total)	ops/sec(cum)	avg(ms)	p50(ms)	p95(ms)	p99(ms)	pMax(ms)
31	0.0	0.0	3144857.0	104826.6	1.9999999999999998	1.8875	3.55	6.575	72.625	0.0	0.0	0.0	165919.0	5530.5	2.0124999999999997	1.8875	3.55	6.5874999999999995	16.587500000000002	0.0	0.0	0.0	3310776.0	110357.0	1.9999999999999998	1.8875	3.55	6.575	72.625
