concurrency	elapsed-r	errors-r	ops(total)-r	ops/sec(cum)-r	avg(ms)-r	p50(ms)-r	p95(ms)-r	p99(ms)-r	pMax(ms)-r	total-r	elapsed	errors	ops(total)	ops/sec(cum)	avg(ms)	p50(ms)	p95(ms)	p99(ms)	pMax(ms)
47	0.0	0.0	1228681.0	40954.6	9.237499999999999	8.175	19.95	30.7125	73.92500000000001	0.0	0.0	0.0	1228681.0	40954.6	9.237499999999999	8.175	19.95	30.7125	73.92500000000001
