concurrency	elapsed-w	errors-w	ops(total)-w	ops/sec(cum)-w	avg(ms)-w	p50(ms)-w	p95(ms)-w	p99(ms)-w	pMax(ms)-w	total-w	elapsed	errors	ops(total)	ops/sec(cum)	avg(ms)	p50(ms)	p95(ms)	p99(ms)	pMax(ms)
63	0.0	0.0	649049.0	21633.9	22.775000000000002	12.387500000000001	66.05	84.94999999999999	182.46249999999998	0.0	0.0	0.0	649049.0	21633.9	22.775000000000002	12.387500000000001	66.05	84.94999999999999	182.46249999999998
