concurrency	elapsed-r	errors-r	ops(total)-r	ops/sec(cum)-r	avg(ms)-r	p50(ms)-r	p95(ms)-r	p99(ms)-r	pMax(ms)-r	total-r	elapsed	errors	ops(total)	ops/sec(cum)	avg(ms)	p50(ms)	p95(ms)	p99(ms)	pMax(ms)
40	0.0	0.0	1559502.0	51981.50000000001	5.699999999999999	5.25	12.349999999999998	18.075	89.9125	0.0	0.0	0.0	1559502.0	51981.50000000001	5.699999999999999	5.25	12.349999999999998	18.075	89.9125
