concurrency	elapsed-w	errors-w	ops(total)-w	ops/sec(cum)-w	avg(ms)-w	p50(ms)-w	p95(ms)-w	p99(ms)-w	pMax(ms)-w	total-w	elapsed	errors	ops(total)	ops/sec(cum)	avg(ms)	p50(ms)	p95(ms)	p99(ms)	pMax(ms)
51	0.0	0.0	3678982.0	122630.09999999999	3.0125	2.8750000000000004	5.0375	9.275	32.362500000000004	0.0	0.0	0.0	3678982.0	122630.09999999999	3.0125	2.8750000000000004	5.0375	9.275	32.362500000000004
