concurrency	elapsed-r	errors-r	ops(total)-r	ops/sec(cum)-r	avg(ms)-r	p50(ms)-r	p95(ms)-r	p99(ms)-r	pMax(ms)-r	total-r	elapsed-w	errors-w	ops(total)-w	ops/sec(cum)-w	avg(ms)-w	p50(ms)-w	p95(ms)-w	p99(ms)-w	pMax(ms)-w	total-w	elapsed	errors	ops(total)	ops/sec(cum)	avg(ms)	p50(ms)	p95(ms)	p99(ms)	pMax(ms)
39	0.0	0.0	614440.0	20480.8	6.1875	2.6375	30.5375	67.625	283.125	0.0	0.0	0.0	32219.0	1073.8	142.675	25.049999999999997	92.825	5100.275	10200.5	0.0	0.0	0.0	646659.0	21554.800000000003	12.974999999999998	2.7249999999999996	35.949999999999996	74.975	10200.5
