ops/sec(cum)	p50(ms)	p99(ms)	read_tp	read_p50	read_p99	write_tp	write_p50	write_p99
275812.23333333334	0.2773333333333333	2.1923333333333335	262041.63333333333	0.27566666666666667	2.1923333333333335	13769.6	0.279	2.223
