concurrency	elapsed-r	errors-r	ops(total)-r	ops/sec(cum)-r	avg(ms)-r	p50(ms)-r	p95(ms)-r	p99(ms)-r	pMax(ms)-r	total-r	elapsed-w	errors-w	ops(total)-w	ops/sec(cum)-w	avg(ms)-w	p50(ms)-w	p95(ms)-w	p99(ms)-w	pMax(ms)-w	total-w	elapsed	errors	ops(total)	ops/sec(cum)	avg(ms)	p50(ms)	p95(ms)	p99(ms)	pMax(ms)
46	0.0	0.0	4317137.0	143900.9	2.1	1.7999999999999998	4.675	7.675	215.99999999999994	0.0	0.0	0.0	227377.0	7579.000000000001	2.1375	1.7999999999999998	4.6875	8.0625	144.1625	0.0	0.0	0.0	4544514.0	151480.1	2.1	1.7999999999999998	4.675	7.675	218.09999999999997
