concurrency	elapsed-r	errors-r	ops(total)-r	ops/sec(cum)-r	avg(ms)-r	p50(ms)-r	p95(ms)-r	p99(ms)-r	pMax(ms)-r	total-r	elapsed-w	errors-w	ops(total)-w	ops/sec(cum)-w	avg(ms)-w	p50(ms)-w	p95(ms)-w	p99(ms)-w	pMax(ms)-w	total-w	elapsed	errors	ops(total)	ops/sec(cum)	avg(ms)	p50(ms)	p95(ms)	p99(ms)	pMax(ms)
32	0.0	0.0	3292510.0	109748.2	1.9749999999999999	1.85	3.4999999999999996	6.7375	28.975	0.0	0.0	0.0	173698.0	5789.9	2.125	1.9249999999999998	3.6999999999999997	6.975	23.7375	0.0	0.0	0.0	3466208.0	115538.0	1.9875	1.85	3.4999999999999996	6.7375	28.975
