concurrency	elapsed-r	errors-r	ops(total)-r	ops/sec(cum)-r	avg(ms)-r	p50(ms)-r	p95(ms)-r	p99(ms)-r	pMax(ms)-r	total-r	elapsed	errors	ops(total)	ops/sec(cum)	avg(ms)	p50(ms)	p95(ms)	p99(ms)	pMax(ms)
16	0.0	0.0	1388739.0	46290.6	2.5999999999999996	2.475	4.574999999999999	7.325	20.4375	0.0	0.0	0.0	1388739.0	46290.6	2.5999999999999996	2.475	4.574999999999999	7.325	20.4375
