concurrency	elapsed-r	errors-r	ops(total)-r	ops/sec(cum)-r	avg(ms)-r	p50(ms)-r	p95(ms)-r	p99(ms)-r	pMax(ms)-r	total-r	elapsed	errors	ops(total)	ops/sec(cum)	avg(ms)	p50(ms)	p95(ms)	p99(ms)	pMax(ms)
47	0.0	0.0	1478669.0	49287.4	7.125	6.3	15.575000000000001	23.224999999999998	166.725	0.0	0.0	0.0	1478669.0	49287.4	7.125	6.3	15.575000000000001	23.224999999999998	166.725
