concurrency	elapsed-w	errors-w	ops(total)-w	ops/sec(cum)-w	avg(ms)-w	p50(ms)-w	p95(ms)-w	p99(ms)-w	pMax(ms)-w	total-w	elapsed	errors	ops(total)	ops/sec(cum)	avg(ms)	p50(ms)	p95(ms)	p99(ms)	pMax(ms)
50	0.0	0.0	706071.0	23534.9	16.575000000000003	11.6125	45.05	61.849999999999994	208.15	0.0	0.0	0.0	706071.0	23534.9	16.575000000000003	11.6125	45.05	61.849999999999994	208.15
