concurrency	elapsed-r	errors-r	ops(total)-r	ops/sec(cum)-r	avg(ms)-r	p50(ms)-r	p95(ms)-r	p99(ms)-r	pMax(ms)-r	total-r	elapsed-w	errors-w	ops(total)-w	ops/sec(cum)-w	avg(ms)-w	p50(ms)-w	p95(ms)-w	p99(ms)-w	pMax(ms)-w	total-w	elapsed	errors	ops(total)	ops/sec(cum)	avg(ms)	p50(ms)	p95(ms)	p99(ms)	pMax(ms)
144	0.0	0.0	3381885.0	112722.1	5.625	4.6499999999999995	13.924999999999999	23.725	229.39999999999998	0.0	0.0	0.0	178642.0	5954.400000000001	16.775	15.725000000000001	32.825	43.125	192.675	0.0	0.0	0.0	3560527.0	118676.4	6.200000000000001	4.824999999999999	16.5	28.424999999999997	229.39999999999998
