concurrency	elapsed-r	errors-r	ops(total)-r	ops/sec(cum)-r	avg(ms)-r	p50(ms)-r	p95(ms)-r	p99(ms)-r	pMax(ms)-r	total-r	elapsed-w	errors-w	ops(total)-w	ops/sec(cum)-w	avg(ms)-w	p50(ms)-w	p95(ms)-w	p99(ms)-w	pMax(ms)-w	total-w	elapsed	errors	ops(total)	ops/sec(cum)	avg(ms)	p50(ms)	p95(ms)	p99(ms)	pMax(ms)
19	0.0	0.0	981922.0	32730.199999999997	1.75	1.325	4.45	6.425000000000001	56.074999999999996	0.0	0.0	0.0	51858.0	1728.6	6.925000000000001	2.475	35.175000000000004	47.675	69.19999999999999	0.0	0.0	0.0	1033780.0	34458.8	2.05	1.3499999999999999	4.7	10.1	69.19999999999999
