concurrency	elapsed-w	errors-w	ops(total)-w	ops/sec(cum)-w	avg(ms)-w	p50(ms)-w	p95(ms)-w	p99(ms)-w	pMax(ms)-w	total-w	elapsed	errors	ops(total)	ops/sec(cum)	avg(ms)	p50(ms)	p95(ms)	p99(ms)	pMax(ms)
3.0	0.0	0.0	61910.0	2063.7000000000003	5.525	3.25	19.9	25.95	40.325	0.0	0.0	0.0	61910.0	2063.7000000000003	5.525	3.25	19.9	25.95	40.325
5.0	0.0	0.0	58479.0	1949.2999999999997	9.975	3.2750000000000004	45.05	52.4	60.27499999999999	0.0	0.0	0.0	58479.0	1949.2999999999997	9.975	3.2750000000000004	45.05	52.4	60.27499999999999
7.0	0.0	0.0	57684.0	1922.7000000000003	14.274999999999999	3.225	71.3	77.6	88.1	0.0	0.0	0.0	57684.0	1922.7000000000003	14.274999999999999	3.225	71.3	77.6	88.1
8.0	0.0	0.0	56009.0	1867.0	16.825	3.325	83.9	92.3	103.85	0.0	0.0	0.0	56009.0	1867.0	16.825	3.325	83.9	92.3	103.85
8.0	0.0	0.0	56009.0	1867.0	16.825	3.325	83.9	92.3	103.85	0.0	0.0	0.0	56009.0	1867.0	16.825	3.325	83.9	92.3	103.85
9.0	0.0	0.0	55105.0	1836.9	19.25	3.3249999999999997	96.5	103.85000000000001	114.25	0.0	0.0	0.0	55105.0	1836.9	19.25	3.3249999999999997	96.5	103.85000000000001	114.25
11.0	0.0	0.0	56578.0	1885.8999999999999	22.975	3.3499999999999996	117.4	125.8	142.6	0.0	0.0	0.0	56578.0	1885.8999999999999	22.975	3.3499999999999996	117.4	125.8	142.6
12.0	0.0	0.0	55177.0	1839.2	25.75	3.325	130.0	142.6	159.4	0.0	0.0	0.0	55177.0	1839.2	25.75	3.325	130.0	142.6	159.4
12.0	0.0	0.0	55177.0	1839.2	25.75	3.325	130.0	142.6	159.4	0.0	0.0	0.0	55177.0	1839.2	25.75	3.325	130.0	142.6	159.4
16.0	0.0	0.0	52374.0	1745.8	36.325	3.3999999999999995	192.9	205.5	226.5	0.0	0.0	0.0	52374.0	1745.8	36.325	3.3999999999999995	192.9	205.5	226.5
16.0	0.0	0.0	52374.0	1745.8	36.325	3.3999999999999995	192.9	205.5	226.5	0.0	0.0	0.0	52374.0	1745.8	36.325	3.3999999999999995	192.9	205.5	226.5
20.0	0.0	0.0	51010.0	1700.3	46.574999999999996	3.375	243.3	251.7	272.59999999999997	0.0	0.0	0.0	51010.0	1700.3	46.574999999999996	3.375	243.3	251.7	272.59999999999997
20.0	0.0	0.0	51010.0	1700.3	46.574999999999996	3.375	243.3	251.7	272.59999999999997	0.0	0.0	0.0	51010.0	1700.3	46.574999999999996	3.375	243.3	251.7	272.59999999999997
