concurrency	elapsed-w	errors-w	ops(total)-w	ops/sec(cum)-w	avg(ms)-w	p50(ms)-w	p95(ms)-w	p99(ms)-w	pMax(ms)-w	total-w	elapsed	errors	ops(total)	ops/sec(cum)	avg(ms)	p50(ms)	p95(ms)	p99(ms)	pMax(ms)
64	0.0	0.0	3643979.0	121462.09999999999	3.8375	3.5749999999999997	6.625000000000001	11.549999999999999	28.175	0.0	0.0	0.0	3643979.0	121462.09999999999	3.8375	3.5749999999999997	6.625000000000001	11.549999999999999	28.175
