concurrency	elapsed-r	errors-r	ops(total)-r	ops/sec(cum)-r	avg(ms)-r	p50(ms)-r	p95(ms)-r	p99(ms)-r	pMax(ms)-r	total-r	elapsed-w	errors-w	ops(total)-w	ops/sec(cum)-w	avg(ms)-w	p50(ms)-w	p95(ms)-w	p99(ms)-w	pMax(ms)-w	total-w	elapsed	errors	ops(total)	ops/sec(cum)	avg(ms)	p50(ms)	p95(ms)	p99(ms)	pMax(ms)
32	0.0	0.0	399104.0	13303.1	3.3375000000000004	2.3375	7.5874999999999995	10.75	39.712500000000006	0.0	0.0	0.0	20838.0	694.7	295.375	4.5875	964.7000000000002	973.1000000000001	1019.2	0.0	0.0	0.0	419942.0	13997.5	17.85	2.5	8.35	897.6	1019.2
