concurrency	elapsed-w	errors-w	ops(total)-w	ops/sec(cum)-w	avg(ms)-w	p50(ms)-w	p95(ms)-w	p99(ms)-w	pMax(ms)-w	total-w	elapsed	errors	ops(total)	ops/sec(cum)	avg(ms)	p50(ms)	p95(ms)	p99(ms)	pMax(ms)
47	0.0	0.0	4808807.0	160289.7	2.0	1.7999999999999998	3.8749999999999996	6.4625	169.47499999999997	0.0	0.0	0.0	4808807.0	160289.7	2.0	1.7999999999999998	3.8749999999999996	6.4625	169.47499999999997
