concurrency	elapsed-r	errors-r	ops(total)-r	ops/sec(cum)-r	avg(ms)-r	p50(ms)-r	p95(ms)-r	p99(ms)-r	pMax(ms)-r	total-r	elapsed-w	errors-w	ops(total)-w	ops/sec(cum)-w	avg(ms)-w	p50(ms)-w	p95(ms)-w	p99(ms)-w	pMax(ms)-w	total-w	elapsed	errors	ops(total)	ops/sec(cum)	avg(ms)	p50(ms)	p95(ms)	p99(ms)	pMax(ms)
8	0.0	0.0	509274.0	16975.5	1.5750000000000002	1.325	3.375	4.6	15.9	0.0	0.0	0.0	27068.0	902.3000000000001	2.625	2.3	5.7	8.950000000000001	16.525000000000002	0.0	0.0	0.0	536342.0	17877.8	1.6	1.3499999999999999	3.475	4.824999999999999	17.325
