concurrency	elapsed-r	errors-r	ops(total)-r	ops/sec(cum)-r	avg(ms)-r	p50(ms)-r	p95(ms)-r	p99(ms)-r	pMax(ms)-r	total-r	elapsed-w	errors-w	ops(total)-w	ops/sec(cum)-w	avg(ms)-w	p50(ms)-w	p95(ms)-w	p99(ms)-w	pMax(ms)-w	total-w	elapsed	errors	ops(total)	ops/sec(cum)	avg(ms)	p50(ms)	p95(ms)	p99(ms)	pMax(ms)
50	0.0	0.0	3174875.0	105826.4	3.1249999999999996	2.8750000000000004	5.637499999999999	9.9625	35.2625	0.0	0.0	0.0	166897.0	5563.0999999999985	3.5000000000000004	3.175	7.175	11.537499999999998	32.6375	0.0	0.0	0.0	3341772.0	111389.5	3.175	2.8750000000000004	5.674999999999999	10.2125	36.05
