concurrency	elapsed-r	errors-r	ops(total)-r	ops/sec(cum)-r	avg(ms)-r	p50(ms)-r	p95(ms)-r	p99(ms)-r	pMax(ms)-r	total-r	elapsed-w	errors-w	ops(total)-w	ops/sec(cum)-w	avg(ms)-w	p50(ms)-w	p95(ms)-w	p99(ms)-w	pMax(ms)-w	total-w	elapsed	errors	ops(total)	ops/sec(cum)	avg(ms)	p50(ms)	p95(ms)	p99(ms)	pMax(ms)
33	0.0	0.0	1889278.0	62973.899999999994	3.375	2.7625	8.775	14.8	147.8625	0.0	0.0	0.0	99238.0	3307.9000000000005	8.9875	5.4375	17.3625	123.7	297.8	0.0	0.0	0.0	1988516.0	66281.79999999999	3.6624999999999996	2.825	9.3375	15.9375	297.8
