concurrency	elapsed-w	errors-w	ops(total)-w	ops/sec(cum)-w	avg(ms)-w	p50(ms)-w	p95(ms)-w	p99(ms)-w	pMax(ms)-w	total-w	elapsed	errors	ops(total)	ops/sec(cum)	avg(ms)	p50(ms)	p95(ms)	p99(ms)	pMax(ms)
35	0.0	0.0	4982580.0	166082.7	1.3875	1.2750000000000001	2.5500000000000003	3.5749999999999997	131.05	0.0	0.0	0.0	4982580.0	166082.7	1.3875	1.2750000000000001	2.5500000000000003	3.5749999999999997	131.05
