concurrency	elapsed-r	errors-r	ops(total)-r	ops/sec(cum)-r	avg(ms)-r	p50(ms)-r	p95(ms)-r	p99(ms)-r	pMax(ms)-r	total-r	elapsed-w	errors-w	ops(total)-w	ops/sec(cum)-w	avg(ms)-w	p50(ms)-w	p95(ms)-w	p99(ms)-w	pMax(ms)-w	total-w	elapsed	errors	ops(total)	ops/sec(cum)	avg(ms)	p50(ms)	p95(ms)	p99(ms)	pMax(ms)
26	0.0	0.0	1707109.0	56902.2	1.975	1.525	5.574999999999999	9.575	48.9875	0.0	0.0	0.0	89835.0	2994.6	26.975	2.875	350.20000000000005	431.99999999999994	534.8	0.0	0.0	0.0	1796944.0	59896.600000000006	3.2375	1.5625000000000002	5.8	10.625	534.8
