concurrency	elapsed-r	errors-r	ops(total)-r	ops/sec(cum)-r	avg(ms)-r	p50(ms)-r	p95(ms)-r	p99(ms)-r	pMax(ms)-r	total-r	elapsed-w	errors-w	ops(total)-w	ops/sec(cum)-w	avg(ms)-w	p50(ms)-w	p95(ms)-w	p99(ms)-w	pMax(ms)-w	total-w	elapsed	errors	ops(total)	ops/sec(cum)	avg(ms)	p50(ms)	p95(ms)	p99(ms)	pMax(ms)
155	0.0	0.0	2758250.0	91935.5	5.566666666666667	4.5	14.266666666666666	23.399999999999995	267.06666666666666	0.0	0.0	0.0	146147.0	4871.200000000001	18.3	17.033333333333335	35.53333333333333	47.166666666666664	224.73333333333335	0.0	0.0	0.0	2904397.0	96806.79999999999	6.2	4.566666666666666	17.966666666666665	29.666666666666668	267.06666666666666
