concurrency	elapsed-r	errors-r	ops(total)-r	ops/sec(cum)-r	avg(ms)-r	p50(ms)-r	p95(ms)-r	p99(ms)-r	pMax(ms)-r	total-r	elapsed-w	errors-w	ops(total)-w	ops/sec(cum)-w	avg(ms)-w	p50(ms)-w	p95(ms)-w	p99(ms)-w	pMax(ms)-w	total-w	elapsed	errors	ops(total)	ops/sec(cum)	avg(ms)	p50(ms)	p95(ms)	p99(ms)	pMax(ms)
147	0.0	0.0	4540262.0	151333.80000000002	4.660000000000001	3.7800000000000002	11.98	20.36	226.94	0.0	0.0	0.0	238732.0	7957.300000000001	13.64	12.36	27.880000000000003	36.160000000000004	171.96000000000004	0.0	0.0	0.0	4778994.0	159291.09999999998	5.12	3.84	14.7	23.68	227.34
