concurrency	elapsed-r	errors-r	ops(total)-r	ops/sec(cum)-r	avg(ms)-r	p50(ms)-r	p95(ms)-r	p99(ms)-r	pMax(ms)-r	total-r	elapsed-w	errors-w	ops(total)-w	ops/sec(cum)-w	avg(ms)-w	p50(ms)-w	p95(ms)-w	p99(ms)-w	pMax(ms)-w	total-w	elapsed	errors	ops(total)	ops/sec(cum)	avg(ms)	p50(ms)	p95(ms)	p99(ms)	pMax(ms)
80	0.0	0.0	2690609.0	89683.2	4.6	3.5799999999999996	12.8	21.419999999999998	144.3	0.0	0.0	0.0	141783.0	4726.000000000001	11.059999999999999	9.52	24.560000000000002	35.0	144.72	0.0	0.0	0.0	2832392.0	94409.1	4.92	3.62	14.460000000000003	23.1	214.73999999999995
