concurrency	elapsed-r	errors-r	ops(total)-r	ops/sec(cum)-r	avg(ms)-r	p50(ms)-r	p95(ms)-r	p99(ms)-r	pMax(ms)-r	total-r	elapsed-w	errors-w	ops(total)-w	ops/sec(cum)-w	avg(ms)-w	p50(ms)-w	p95(ms)-w	p99(ms)-w	pMax(ms)-w	total-w	elapsed	errors	ops(total)	ops/sec(cum)	avg(ms)	p50(ms)	p95(ms)	p99(ms)	pMax(ms)
24	0.0	0.0	584510.0	19483.399999999998	3.2749999999999995	2.6	7.025	15.2	70.77499999999999	0.0	0.0	0.0	31030.0	1034.3000000000002	6.975	5.8	15.325	29.625	62.9	0.0	0.0	0.0	615540.0	20517.7	3.4250000000000003	2.8	8.049999999999999	16.675	72.35
