concurrency	elapsed-r	errors-r	ops(total)-r	ops/sec(cum)-r	avg(ms)-r	p50(ms)-r	p95(ms)-r	p99(ms)-r	pMax(ms)-r	total-r	elapsed-w	errors-w	ops(total)-w	ops/sec(cum)-w	avg(ms)-w	p50(ms)-w	p95(ms)-w	p99(ms)-w	pMax(ms)-w	total-w	elapsed	errors	ops(total)	ops/sec(cum)	avg(ms)	p50(ms)	p95(ms)	p99(ms)	pMax(ms)
44	0.0	0.0	1254705.0	41822.299999999996	7.1625	6.449999999999999	15.875	23.4625	115.35	0.0	0.0	0.0	66084.0	2202.9	14.075	13.099999999999998	28.450000000000006	38.75	94.11250000000001	0.0	0.0	0.0	1320789.0	44025.0	7.5	6.5249999999999995	17.175	25.5625	132.125
