concurrency	elapsed-r	errors-r	ops(total)-r	ops/sec(cum)-r	avg(ms)-r	p50(ms)-r	p95(ms)-r	p99(ms)-r	pMax(ms)-r	total-r	elapsed	errors	ops(total)	ops/sec(cum)	avg(ms)	p50(ms)	p95(ms)	p99(ms)	pMax(ms)
56	0.0	0.0	1293741.0	43123.1	10.5375	9.1125	23.875000000000004	36.275	84.95000000000002	0.0	0.0	0.0	1293741.0	43123.1	10.5375	9.1125	23.875000000000004	36.275	84.95000000000002
