concurrency	elapsed-r	errors-r	ops(total)-r	ops/sec(cum)-r	avg(ms)-r	p50(ms)-r	p95(ms)-r	p99(ms)-r	pMax(ms)-r	total-r	elapsed-w	errors-w	ops(total)-w	ops/sec(cum)-w	avg(ms)-w	p50(ms)-w	p95(ms)-w	p99(ms)-w	pMax(ms)-w	total-w	elapsed	errors	ops(total)	ops/sec(cum)	avg(ms)	p50(ms)	p95(ms)	p99(ms)	pMax(ms)
48	0.0	0.0	1291107.0	43035.4	7.6	6.825	16.675	24.65	120.0625	0.0	0.0	0.0	68193.0	2273.2000000000003	14.05	13.099999999999998	27.800000000000004	37.725	95.42499999999998	0.0	0.0	0.0	1359300.0	45308.5	7.9	6.9750000000000005	17.9375	26.474999999999998	142.87499999999997
