concurrency	elapsed-r	errors-r	ops(total)-r	ops/sec(cum)-r	avg(ms)-r	p50(ms)-r	p95(ms)-r	p99(ms)-r	pMax(ms)-r	total-r	elapsed-w	errors-w	ops(total)-w	ops/sec(cum)-w	avg(ms)-w	p50(ms)-w	p95(ms)-w	p99(ms)-w	pMax(ms)-w	total-w	elapsed	errors	ops(total)	ops/sec(cum)	avg(ms)	p50(ms)	p95(ms)	p99(ms)	pMax(ms)
38	0.0	0.0	4417779.0	147256.0	1.6500000000000001	1.45	3.1499999999999995	5.5874999999999995	213.89999999999998	0.0	0.0	0.0	232036.0	7734.2	1.7500000000000002	1.45	3.3499999999999996	6.525	164.10000000000002	0.0	0.0	0.0	4649815.0	154990.4	1.6500000000000001	1.45	3.1624999999999996	5.5874999999999995	215.99999999999997
