concurrency	elapsed-r	errors-r	ops(total)-r	ops/sec(cum)-r	avg(ms)-r	p50(ms)-r	p95(ms)-r	p99(ms)-r	pMax(ms)-r	total-r	elapsed-w	errors-w	ops(total)-w	ops/sec(cum)-w	avg(ms)-w	p50(ms)-w	p95(ms)-w	p99(ms)-w	pMax(ms)-w	total-w	elapsed	errors	ops(total)	ops/sec(cum)	avg(ms)	p50(ms)	p95(ms)	p99(ms)	pMax(ms)
16	0.0	0.0	1461189.0	48705.5	2.1374999999999997	1.9625000000000001	4.775	6.2625	38.925000000000004	0.0	0.0	0.0	76561.0	2552.1	5.949999999999999	4.125	20.725	35.0375	69.9875	0.0	0.0	0.0	1537750.0	51257.5	2.3125000000000004	2.0125	5.125	8.8875	69.9875
