concurrency	elapsed-r	errors-r	ops(total)-r	ops/sec(cum)-r	avg(ms)-r	p50(ms)-r	p95(ms)-r	p99(ms)-r	pMax(ms)-r	total-r	elapsed	errors	ops(total)	ops/sec(cum)	avg(ms)	p50(ms)	p95(ms)	p99(ms)	pMax(ms)
40	0.0	0.0	1337343.0	44576.899999999994	7.137499999999999	6.25	15.45	23.712499999999995	54.762499999999996	0.0	0.0	0.0	1337343.0	44576.899999999994	7.137499999999999	6.25	15.45	23.712499999999995	54.762499999999996
