concurrency	elapsed-r	errors-r	ops(total)-r	ops/sec(cum)-r	avg(ms)-r	p50(ms)-r	p95(ms)-r	p99(ms)-r	pMax(ms)-r	total-r	elapsed	errors	ops(total)	ops/sec(cum)	avg(ms)	p50(ms)	p95(ms)	p99(ms)	pMax(ms)
31	0.0	0.0	994369.0	33144.9	7.425	6.762499999999999	15.325	20.849999999999998	52.137499999999996	0.0	0.0	0.0	994369.0	33144.9	7.425	6.762499999999999	15.325	20.849999999999998	52.137499999999996
