concurrency	elapsed-r	errors-r	ops(total)-r	ops/sec(cum)-r	avg(ms)-r	p50(ms)-r	p95(ms)-r	p99(ms)-r	pMax(ms)-r	total-r	elapsed-w	errors-w	ops(total)-w	ops/sec(cum)-w	avg(ms)-w	p50(ms)-w	p95(ms)-w	p99(ms)-w	pMax(ms)-w	total-w	elapsed	errors	ops(total)	ops/sec(cum)	avg(ms)	p50(ms)	p95(ms)	p99(ms)	pMax(ms)
14	0.0	0.0	161300.0	5376.6	16.2	2.8375	123.17500000000001	264.22499999999997	658.5	0.0	0.0	0.0	8340.0	277.99999999999994	84.775	36.2875	360.71250000000003	589.3	1136.6625	0.0	0.0	0.0	169640.0	5654.6	19.575	2.9250000000000003	136.3	306.20000000000005	1136.6625
