concurrency	elapsed-r	errors-r	ops(total)-r	ops/sec(cum)-r	avg(ms)-r	p50(ms)-r	p95(ms)-r	p99(ms)-r	pMax(ms)-r	total-r	elapsed-w	errors-w	ops(total)-w	ops/sec(cum)-w	avg(ms)-w	p50(ms)-w	p95(ms)-w	p99(ms)-w	pMax(ms)-w	total-w	elapsed	errors	ops(total)	ops/sec(cum)	avg(ms)	p50(ms)	p95(ms)	p99(ms)	pMax(ms)
24	0.0	0.0	570088.0	19002.4	2.0749999999999997	1.5	4.475	6.25	52.4	0.0	0.0	0.0	29764.0	992.2	148.9	2.8249999999999997	419.40000000000003	436.19999999999993	453.0	0.0	0.0	0.0	599852.0	19994.399999999998	9.350000000000001	1.5999999999999999	4.824999999999999	402.69999999999993	453.0
