concurrency	elapsed-w	errors-w	ops(total)-w	ops/sec(cum)-w	avg(ms)-w	p50(ms)-w	p95(ms)-w	p99(ms)-w	pMax(ms)-w	total-w	elapsed	errors	ops(total)	ops/sec(cum)	avg(ms)	p50(ms)	p95(ms)	p99(ms)	pMax(ms)
27	0.0	0.0	691444.0	23047.600000000002	9.0375	5.2	14.575000000000001	26.349999999999998	1140.8999999999999	0.0	0.0	0.0	691444.0	23047.600000000002	9.0375	5.2	14.575000000000001	26.349999999999998	1140.8999999999999
