concurrency	elapsed-r	errors-r	ops(total)-r	ops/sec(cum)-r	avg(ms)-r	p50(ms)-r	p95(ms)-r	p99(ms)-r	pMax(ms)-r	total-r	elapsed-w	errors-w	ops(total)-w	ops/sec(cum)-w	avg(ms)-w	p50(ms)-w	p95(ms)-w	p99(ms)-w	pMax(ms)-w	total-w	elapsed	errors	ops(total)	ops/sec(cum)	avg(ms)	p50(ms)	p95(ms)	p99(ms)	pMax(ms)
60	0.0	0.0	538381.0	17945.3	2.7999999999999994	2.0	7.900000000000001	11.9	99.93333333333334	0.0	0.0	0.0	28244.0	941.5	130.03333333333333	3.4	727.0	738.2000000000002	782.9666666666666	0.0	0.0	0.0	566625.0	18886.7	9.133333333333333	2.0	8.200000000000001	23.76666666666667	782.9666666666666
