concurrency	elapsed-r	errors-r	ops(total)-r	ops/sec(cum)-r	avg(ms)-r	p50(ms)-r	p95(ms)-r	p99(ms)-r	pMax(ms)-r	total-r	elapsed-w	errors-w	ops(total)-w	ops/sec(cum)-w	avg(ms)-w	p50(ms)-w	p95(ms)-w	p99(ms)-w	pMax(ms)-w	total-w	elapsed	errors	ops(total)	ops/sec(cum)	avg(ms)	p50(ms)	p95(ms)	p99(ms)	pMax(ms)
63	0.0	0.0	4079147.0	135966.8	3.1999999999999997	2.225	8.575	13.925	214.94999999999996	0.0	0.0	0.0	214736.0	7157.5	3.2625	2.2375000000000003	8.9625	14.425	57.9125	0.0	0.0	0.0	4293883.0	143124.4	3.2124999999999995	2.225	8.575	13.9875	214.94999999999996
