concurrency	elapsed-r	errors-r	ops(total)-r	ops/sec(cum)-r	avg(ms)-r	p50(ms)-r	p95(ms)-r	p99(ms)-r	pMax(ms)-r	total-r	elapsed-w	errors-w	ops(total)-w	ops/sec(cum)-w	avg(ms)-w	p50(ms)-w	p95(ms)-w	p99(ms)-w	pMax(ms)-w	total-w	elapsed	errors	ops(total)	ops/sec(cum)	avg(ms)	p50(ms)	p95(ms)	p99(ms)	pMax(ms)
42	0.0	0.0	1947244.0	64906.100000000006	4.3	3.6999999999999997	10.25	16.075	50.825	0.0	0.0	0.0	102381.0	3412.7000000000003	7.9375	7.3125	17.8	25.449999999999996	47.9375	0.0	0.0	0.0	2049625.0	68318.5	4.475	3.8249999999999993	10.875	17.3	53.97500000000001
