concurrency	elapsed-r	errors-r	ops(total)-r	ops/sec(cum)-r	avg(ms)-r	p50(ms)-r	p95(ms)-r	p99(ms)-r	pMax(ms)-r	total-r	elapsed	errors	ops(total)	ops/sec(cum)	avg(ms)	p50(ms)	p95(ms)	p99(ms)	pMax(ms)
48	0.0	0.0	1312214.0	43739.100000000006	8.825	7.762499999999999	19.125	29.5	66.57499999999999	0.0	0.0	0.0	1312214.0	43739.100000000006	8.825	7.762499999999999	19.125	29.5	66.57499999999999
