concurrency	elapsed-r	errors-r	ops(total)-r	ops/sec(cum)-r	avg(ms)-r	p50(ms)-r	p95(ms)-r	p99(ms)-r	pMax(ms)-r	total-r	elapsed-w	errors-w	ops(total)-w	ops/sec(cum)-w	avg(ms)-w	p50(ms)-w	p95(ms)-w	p99(ms)-w	pMax(ms)-w	total-w	elapsed	errors	ops(total)	ops/sec(cum)	avg(ms)	p50(ms)	p95(ms)	p99(ms)	pMax(ms)
80	0.0	0.0	1875509.0	62515.2	2.1999999999999997	1.5	5.866666666666667	9.533333333333333	26.766666666666666	0.0	0.0	0.0	98473.0	3282.4	66.96666666666667	2.533333333333333	376.09999999999997	391.09999999999997	421.5333333333333	0.0	0.0	0.0	1973982.0	65797.5	5.466666666666666	1.5333333333333332	6.233333333333333	17.3	421.5333333333333
