concurrency	elapsed-w	errors-w	ops(total)-w	ops/sec(cum)-w	avg(ms)-w	p50(ms)-w	p95(ms)-w	p99(ms)-w	pMax(ms)-w	total-w	elapsed	errors	ops(total)	ops/sec(cum)	avg(ms)	p50(ms)	p95(ms)	p99(ms)	pMax(ms)
48	0.0	0.0	757888.0	25262.1	14.7375	12.974999999999998	34.125	46.362500000000004	111.15	0.0	0.0	0.0	757888.0	25262.1	14.7375	12.974999999999998	34.125	46.362500000000004	111.15
