concurrency	elapsed-r	errors-r	ops(total)-r	ops/sec(cum)-r	avg(ms)-r	p50(ms)-r	p95(ms)-r	p99(ms)-r	pMax(ms)-r	total-r	elapsed-w	errors-w	ops(total)-w	ops/sec(cum)-w	avg(ms)-w	p50(ms)-w	p95(ms)-w	p99(ms)-w	pMax(ms)-w	total-w	elapsed	errors	ops(total)	ops/sec(cum)	avg(ms)	p50(ms)	p95(ms)	p99(ms)	pMax(ms)
58	0.0	0.0	3482764.0	116088.0	3.3874999999999997	3.2249999999999996	5.749999999999999	10.65	105.88749999999999	0.0	0.0	0.0	183040.0	6101.1	3.4	3.2249999999999996	5.7124999999999995	10.5625	34.7125	0.0	0.0	0.0	3665804.0	122189.2	3.3874999999999997	3.2249999999999996	5.749999999999999	10.65	106.39999999999999
