concurrency	elapsed-r	errors-r	ops(total)-r	ops/sec(cum)-r	avg(ms)-r	p50(ms)-r	p95(ms)-r	p99(ms)-r	pMax(ms)-r	total-r	elapsed-w	errors-w	ops(total)-w	ops/sec(cum)-w	avg(ms)-w	p50(ms)-w	p95(ms)-w	p99(ms)-w	pMax(ms)-w	total-w	elapsed	errors	ops(total)	ops/sec(cum)	avg(ms)	p50(ms)	p95(ms)	p99(ms)	pMax(ms)
35	0.0	0.0	172772.0	5758.900000000001	5.2	5.137499999999999	9.6	13.099999999999998	40.362500000000004	0.0	0.0	0.0	8868.0	295.7	824.0125	1040.2	1140.8999999999999	1140.8999999999999	1140.8999999999999	0.0	0.0	0.0	181640.0	6054.4	45.2	5.25	13.7	1073.7	1140.8999999999999
