concurrency	elapsed-r	errors-r	ops(total)-r	ops/sec(cum)-r	avg(ms)-r	p50(ms)-r	p95(ms)-r	p99(ms)-r	pMax(ms)-r	total-r	elapsed-w	errors-w	ops(total)-w	ops/sec(cum)-w	avg(ms)-w	p50(ms)-w	p95(ms)-w	p99(ms)-w	pMax(ms)-w	total-w	elapsed	errors	ops(total)	ops/sec(cum)	avg(ms)	p50(ms)	p95(ms)	p99(ms)	pMax(ms)
43	0.0	0.0	680043.0	22667.4	3.766666666666667	2.9333333333333336	8.9	19.9	125.8	0.0	0.0	0.0	35701.0	1190.0	1.5666666666666667	1.0333333333333334	3.9	11.700000000000001	65.7	0.0	0.0	0.0	715744.0	23857.4	3.6666666666666665	2.8666666666666667	8.9	19.9	125.8
