concurrency	elapsed-r	errors-r	ops(total)-r	ops/sec(cum)-r	avg(ms)-r	p50(ms)-r	p95(ms)-r	p99(ms)-r	pMax(ms)-r	total-r	elapsed-w	errors-w	ops(total)-w	ops/sec(cum)-w	avg(ms)-w	p50(ms)-w	p95(ms)-w	p99(ms)-w	pMax(ms)-w	total-w	elapsed	errors	ops(total)	ops/sec(cum)	avg(ms)	p50(ms)	p95(ms)	p99(ms)	pMax(ms)
84	0.0	0.0	47940.0	798.9	4.550000000000001	2.25	15.474999999999998	53.45	133.14999999999998	0.0	0.0	0.0	2148.0	35.8	21.950000000000003	11.95	59.224999999999994	157.275	285.2	0.0	0.0	0.0	50088.0	834.8000000000001	5.325	2.35	21.75	58.7	285.2
