concurrency	elapsed-r	errors-r	ops(total)-r	ops/sec(cum)-r	avg(ms)-r	p50(ms)-r	p95(ms)-r	p99(ms)-r	pMax(ms)-r	total-r	elapsed-w	errors-w	ops(total)-w	ops/sec(cum)-w	avg(ms)-w	p50(ms)-w	p95(ms)-w	p99(ms)-w	pMax(ms)-w	total-w	elapsed	errors	ops(total)	ops/sec(cum)	avg(ms)	p50(ms)	p95(ms)	p99(ms)	pMax(ms)
43	0.0	0.0	1929018.0	64298.899999999994	4.4375	3.8875	10.375	16.1375	73.13749999999999	0.0	0.0	0.0	101153.0	3371.8	8.05	7.5249999999999995	17.8	24.924999999999997	57.650000000000006	0.0	0.0	0.0	2030171.0	67670.6	4.6375	3.975	11.1875	17.425	74.1875
