concurrency	elapsed-r	errors-r	ops(total)-r	ops/sec(cum)-r	avg(ms)-r	p50(ms)-r	p95(ms)-r	p99(ms)-r	pMax(ms)-r	total-r	elapsed-w	errors-w	ops(total)-w	ops/sec(cum)-w	avg(ms)-w	p50(ms)-w	p95(ms)-w	p99(ms)-w	pMax(ms)-w	total-w	elapsed	errors	ops(total)	ops/sec(cum)	avg(ms)	p50(ms)	p95(ms)	p99(ms)	pMax(ms)
20	0.0	0.0	2943211.0	98104.9	1.3375000000000001	1.2375	2.325	4.0249999999999995	27.012500000000003	0.0	0.0	0.0	155156.0	5171.7	1.5874999999999997	1.325	3.9000000000000004	5.6499999999999995	16.575	0.0	0.0	0.0	3098367.0	103276.6	1.3625	1.2625000000000002	2.325	4.35	27.012500000000003
