concurrency	elapsed-r	errors-r	ops(total)-r	ops/sec(cum)-r	avg(ms)-r	p50(ms)-r	p95(ms)-r	p99(ms)-r	pMax(ms)-r	total-r	elapsed-w	errors-w	ops(total)-w	ops/sec(cum)-w	avg(ms)-w	p50(ms)-w	p95(ms)-w	p99(ms)-w	pMax(ms)-w	total-w	elapsed	errors	ops(total)	ops/sec(cum)	avg(ms)	p50(ms)	p95(ms)	p99(ms)	pMax(ms)
47	0.0	0.0	600706.0	20023.0	7.0625	2.6874999999999996	36.199999999999996	84.94999999999999	340.7625	0.0	0.0	0.0	31567.0	1052.3	176.9	27.800000000000004	141.5625	5435.837500000001	10737.4	0.0	0.0	0.0	632273.0	21075.3	15.525	2.7874999999999996	41.375	93.87499999999999	10737.4
