concurrency	elapsed-r	errors-r	ops(total)-r	ops/sec(cum)-r	avg(ms)-r	p50(ms)-r	p95(ms)-r	p99(ms)-r	pMax(ms)-r	total-r	elapsed	errors	ops(total)	ops/sec(cum)	avg(ms)	p50(ms)	p95(ms)	p99(ms)	pMax(ms)
37	0.0	0.0	1536561.0	51217.6	5.3374999999999995	4.800000000000001	11.875	17.05	80.75	0.0	0.0	0.0	1536561.0	51217.6	5.3374999999999995	4.800000000000001	11.875	17.05	80.75
