concurrency	elapsed-r	errors-r	ops(total)-r	ops/sec(cum)-r	avg(ms)-r	p50(ms)-r	p95(ms)-r	p99(ms)-r	pMax(ms)-r	total-r	elapsed	errors	ops(total)	ops/sec(cum)	avg(ms)	p50(ms)	p95(ms)	p99(ms)	pMax(ms)
112	0.0	0.0	1862094.0	62065.7	13.387500000000001	11.474999999999998	32.550000000000004	46.62499999999999	164.61249999999998	0.0	0.0	0.0	1862094.0	62065.7	13.387500000000001	11.474999999999998	32.550000000000004	46.62499999999999	164.61249999999998
