concurrency	elapsed-r	errors-r	ops(total)-r	ops/sec(cum)-r	avg(ms)-r	p50(ms)-r	p95(ms)-r	p99(ms)-r	pMax(ms)-r	total-r	elapsed-w	errors-w	ops(total)-w	ops/sec(cum)-w	avg(ms)-w	p50(ms)-w	p95(ms)-w	p99(ms)-w	pMax(ms)-w	total-w	elapsed	errors	ops(total)	ops/sec(cum)	avg(ms)	p50(ms)	p95(ms)	p99(ms)	pMax(ms)
103	0.0	0.0	4518002.0	150589.6	3.16	2.7199999999999998	6.4799999999999995	14.24	73.38000000000001	0.0	0.0	0.0	237931.0	7930.4	7.88	7.1800000000000015	16.08	22.36	57.02	0.0	0.0	0.0	4755933.0	158520.2	3.4	2.7199999999999998	8.58	15.38	73.38000000000001
