concurrency	elapsed-r	errors-r	ops(total)-r	ops/sec(cum)-r	avg(ms)-r	p50(ms)-r	p95(ms)-r	p99(ms)-r	pMax(ms)-r	total-r	elapsed-w	errors-w	ops(total)-w	ops/sec(cum)-w	avg(ms)-w	p50(ms)-w	p95(ms)-w	p99(ms)-w	pMax(ms)-w	total-w	elapsed	errors	ops(total)	ops/sec(cum)	avg(ms)	p50(ms)	p95(ms)	p99(ms)	pMax(ms)
147	0.0	0.0	4679057.0	155954.80000000002	4.360000000000001	3.5200000000000005	11.120000000000001	19.2	191.66	0.0	0.0	0.0	244991.0	8165.700000000001	13.02	11.320000000000002	28.78	39.54	151.84	0.0	0.0	0.0	4924048.0	164120.5	4.8	3.5800000000000005	13.86	23.779999999999998	191.66
