concurrency	elapsed-r	errors-r	ops(total)-r	ops/sec(cum)-r	avg(ms)-r	p50(ms)-r	p95(ms)-r	p99(ms)-r	pMax(ms)-r	total-r	elapsed-w	errors-w	ops(total)-w	ops/sec(cum)-w	avg(ms)-w	p50(ms)-w	p95(ms)-w	p99(ms)-w	pMax(ms)-w	total-w	elapsed	errors	ops(total)	ops/sec(cum)	avg(ms)	p50(ms)	p95(ms)	p99(ms)	pMax(ms)
54	0.0	0.0	1707646.0	56919.5	6.45	5.3125	15.374999999999998	23.599999999999998	62.89999999999999	0.0	0.0	0.0	89825.0	2994.1	9.9125	6.425	26.487500000000004	36.6625	66.05	0.0	0.0	0.0	1797471.0	59913.799999999996	6.637500000000001	5.375	16.75	25.15	67.1
