concurrency	elapsed-r	errors-r	ops(total)-r	ops/sec(cum)-r	avg(ms)-r	p50(ms)-r	p95(ms)-r	p99(ms)-r	pMax(ms)-r	total-r	elapsed-w	errors-w	ops(total)-w	ops/sec(cum)-w	avg(ms)-w	p50(ms)-w	p95(ms)-w	p99(ms)-w	pMax(ms)-w	total-w	elapsed	errors	ops(total)	ops/sec(cum)	avg(ms)	p50(ms)	p95(ms)	p99(ms)	pMax(ms)
80	0.0	0.0	4411716.0	147052.0	2.46	2.06	4.58	12.0	55.779999999999994	0.0	0.0	0.0	233069.0	7768.700000000001	5.66	5.02	12.26	17.299999999999997	49.94	0.0	0.0	0.0	4644785.0	154820.5	2.6399999999999997	2.14	6.08	12.66	55.779999999999994
