concurrency	elapsed-r	errors-r	ops(total)-r	ops/sec(cum)-r	avg(ms)-r	p50(ms)-r	p95(ms)-r	p99(ms)-r	pMax(ms)-r	total-r	elapsed	errors	ops(total)	ops/sec(cum)	avg(ms)	p50(ms)	p95(ms)	p99(ms)	pMax(ms)
26	0.0	0.0	1374949.0	45830.799999999996	4.3999999999999995	4.1	8.675	12.75	32.5375	0.0	0.0	0.0	1374949.0	45830.799999999996	4.3999999999999995	4.1	8.675	12.75	32.5375
