concurrency	elapsed-r	errors-r	ops(total)-r	ops/sec(cum)-r	avg(ms)-r	p50(ms)-r	p95(ms)-r	p99(ms)-r	pMax(ms)-r	total-r	elapsed-w	errors-w	ops(total)-w	ops/sec(cum)-w	avg(ms)-w	p50(ms)-w	p95(ms)-w	p99(ms)-w	pMax(ms)-w	total-w	elapsed	errors	ops(total)	ops/sec(cum)	avg(ms)	p50(ms)	p95(ms)	p99(ms)	pMax(ms)
4	0.0	0.0	458735.0	15290.900000000001	1.7249999999999999	1.4625000000000001	3.4749999999999996	4.5625	39.425000000000004	0.0	0.0	0.0	24265.0	808.8	3.125	2.475	7.374999999999999	11.6	26.474999999999998	0.0	0.0	0.0	483000.0	16099.699999999999	1.7625	1.4875	3.6250000000000004	5.2125	42.45
