ops/sec(cum)	p50(ms)	p99(ms)	read_tp	read_p50	read_p99	write_tp	write_p50	write_p99
281893.75	0.18433333333333332	0.7806666666666666	270622.5	0.18366666666666667	0.7806666666666666	11270.25	0.185	0.7916666666666666
