concurrency	elapsed-r	errors-r	ops(total)-r	ops/sec(cum)-r	avg(ms)-r	p50(ms)-r	p95(ms)-r	p99(ms)-r	pMax(ms)-r	total-r	elapsed-w	errors-w	ops(total)-w	ops/sec(cum)-w	avg(ms)-w	p50(ms)-w	p95(ms)-w	p99(ms)-w	pMax(ms)-w	total-w	elapsed	errors	ops(total)	ops/sec(cum)	avg(ms)	p50(ms)	p95(ms)	p99(ms)	pMax(ms)
42	0.0	0.0	2240140.0	74668.59999999999	3.8	3.2125	8.325	13.450000000000001	61.325	0.0	0.0	0.0	118235.0	3941.1	4.9125	3.4499999999999993	13.362499999999999	20.05	51.099999999999994	0.0	0.0	0.0	2358375.0	78609.8	3.85	3.2249999999999996	8.75	13.9875	67.1
