concurrency	elapsed-r	errors-r	ops(total)-r	ops/sec(cum)-r	avg(ms)-r	p50(ms)-r	p95(ms)-r	p99(ms)-r	pMax(ms)-r	total-r	elapsed-w	errors-w	ops(total)-w	ops/sec(cum)-w	avg(ms)-w	p50(ms)-w	p95(ms)-w	p99(ms)-w	pMax(ms)-w	total-w	elapsed	errors	ops(total)	ops/sec(cum)	avg(ms)	p50(ms)	p95(ms)	p99(ms)	pMax(ms)
33	0.0	0.0	1795391.0	59844.700000000004	3.7249999999999996	3.1	8.825	14.3625	41.3875	0.0	0.0	0.0	94319.0	3144.0	5.8500000000000005	4.6875	14.425	21.1125	43.7375	0.0	0.0	0.0	1889710.0	62988.6	3.8374999999999995	3.1500000000000004	9.4375	14.8625	44.52499999999999
