concurrency	elapsed-r	errors-r	ops(total)-r	ops/sec(cum)-r	avg(ms)-r	p50(ms)-r	p95(ms)-r	p99(ms)-r	pMax(ms)-r	total-r	elapsed-w	errors-w	ops(total)-w	ops/sec(cum)-w	avg(ms)-w	p50(ms)-w	p95(ms)-w	p99(ms)-w	pMax(ms)-w	total-w	elapsed	errors	ops(total)	ops/sec(cum)	avg(ms)	p50(ms)	p95(ms)	p99(ms)	pMax(ms)
42	0.0	0.0	1182404.0	39412.3	1.4333333333333333	1.0	3.7999999999999994	6.0	46.1	0.0	0.0	0.0	62008.0	2066.8	29.3	1.6333333333333335	159.4	167.8	201.30000000000004	0.0	0.0	0.0	1244412.0	41479.3	2.8333333333333335	1.0	3.9	11.166666666666666	201.30000000000004
