concurrency	elapsed-r	errors-r	ops(total)-r	ops/sec(cum)-r	avg(ms)-r	p50(ms)-r	p95(ms)-r	p99(ms)-r	pMax(ms)-r	total-r	elapsed-w	errors-w	ops(total)-w	ops/sec(cum)-w	avg(ms)-w	p50(ms)-w	p95(ms)-w	p99(ms)-w	pMax(ms)-w	total-w	elapsed	errors	ops(total)	ops/sec(cum)	avg(ms)	p50(ms)	p95(ms)	p99(ms)	pMax(ms)
40	0.0	0.0	1212686.0	26947.9	2.54	1.7400000000000002	6.6	13.6	186.24	0.0	0.0	0.0	63829.0	1418.3	65.0	3.5	352.3	385.9	473.14	0.0	0.0	0.0	1276515.0	28366.500000000004	5.640000000000001	1.8	7.140000000000001	37.339999999999996	473.14
