concurrency	elapsed-r	errors-r	ops(total)-r	ops/sec(cum)-r	avg(ms)-r	p50(ms)-r	p95(ms)-r	p99(ms)-r	pMax(ms)-r	total-r	elapsed-w	errors-w	ops(total)-w	ops/sec(cum)-w	avg(ms)-w	p50(ms)-w	p95(ms)-w	p99(ms)-w	pMax(ms)-w	total-w	elapsed	errors	ops(total)	ops/sec(cum)	avg(ms)	p50(ms)	p95(ms)	p99(ms)	pMax(ms)
51	0.0	0.0	1698373.0	56610.600000000006	6.2125	5.0125	14.8	23.049999999999997	68.15	0.0	0.0	0.0	89131.0	2970.8999999999996	9.325000000000001	5.9125000000000005	25.974999999999998	36.15	76.025	0.0	0.0	0.0	1787504.0	59581.5	6.375	5.0625	15.874999999999998	24.9	77.6
