concurrency	elapsed-r	errors-r	ops(total)-r	ops/sec(cum)-r	avg(ms)-r	p50(ms)-r	p95(ms)-r	p99(ms)-r	pMax(ms)-r	total-r	elapsed-w	errors-w	ops(total)-w	ops/sec(cum)-w	avg(ms)-w	p50(ms)-w	p95(ms)-w	p99(ms)-w	pMax(ms)-w	total-w	elapsed	errors	ops(total)	ops/sec(cum)	avg(ms)	p50(ms)	p95(ms)	p99(ms)	pMax(ms)
64	0.0	0.0	3188164.0	106268.70000000001	4.2125	4.125	7.624999999999999	12.325	54.012499999999996	0.0	0.0	0.0	167994.0	5599.700000000001	4.225	4.125	7.624999999999999	12.2625	52.162499999999994	0.0	0.0	0.0	3356158.0	111868.40000000001	4.2125	4.125	7.624999999999999	12.325	78.65
