concurrency	elapsed-r	errors-r	ops(total)-r	ops/sec(cum)-r	avg(ms)-r	p50(ms)-r	p95(ms)-r	p99(ms)-r	pMax(ms)-r	total-r	elapsed-w	errors-w	ops(total)-w	ops/sec(cum)-w	avg(ms)-w	p50(ms)-w	p95(ms)-w	p99(ms)-w	pMax(ms)-w	total-w	elapsed	errors	ops(total)	ops/sec(cum)	avg(ms)	p50(ms)	p95(ms)	p99(ms)	pMax(ms)
6	0.0	0.0	453196.0	15106.400000000001	2.575	1.925	5.6	7.0874999999999995	17.25	0.0	0.0	0.0	23889.0	796.3000000000001	7.2124999999999995	3.4125	24.262499999999996	34.25	48.987500000000004	0.0	0.0	0.0	477085.0	15902.6	2.8125	2.025	5.9125000000000005	11.8875	48.987500000000004
