concurrency	elapsed-w	errors-w	ops(total)-w	ops/sec(cum)-w	avg(ms)-w	p50(ms)-w	p95(ms)-w	p99(ms)-w	pMax(ms)-w	total-w	elapsed	errors	ops(total)	ops/sec(cum)	avg(ms)	p50(ms)	p95(ms)	p99(ms)	pMax(ms)
39	0.0	0.0	3451545.0	115047.90000000001	2.5125	2.3375	6.3999999999999995	8.5125	37.737500000000004	0.0	0.0	0.0	3451545.0	115047.90000000001	2.5125	2.3375	6.3999999999999995	8.5125	37.737500000000004
