concurrency	elapsed-r	errors-r	ops(total)-r	ops/sec(cum)-r	avg(ms)-r	p50(ms)-r	p95(ms)-r	p99(ms)-r	pMax(ms)-r	total-r	elapsed-w	errors-w	ops(total)-w	ops/sec(cum)-w	avg(ms)-w	p50(ms)-w	p95(ms)-w	p99(ms)-w	pMax(ms)-w	total-w	elapsed	errors	ops(total)	ops/sec(cum)	avg(ms)	p50(ms)	p95(ms)	p99(ms)	pMax(ms)
139	0.0	0.0	4592102.0	153058.69999999998	4.08	3.38	10.04	18.259999999999998	168.2	0.0	0.0	0.0	242013.0	8066.6	12.940000000000001	12.18	25.98	34.5	148.06	0.0	0.0	0.0	4834115.0	161125.1	4.5200000000000005	3.4200000000000004	13.34	22.56	168.2
