concurrency	elapsed-r	errors-r	ops(total)-r	ops/sec(cum)-r	avg(ms)-r	p50(ms)-r	p95(ms)-r	p99(ms)-r	pMax(ms)-r	total-r	elapsed-w	errors-w	ops(total)-w	ops/sec(cum)-w	avg(ms)-w	p50(ms)-w	p95(ms)-w	p99(ms)-w	pMax(ms)-w	total-w	elapsed	errors	ops(total)	ops/sec(cum)	avg(ms)	p50(ms)	p95(ms)	p99(ms)	pMax(ms)
39	0.0	0.0	1265426.0	42179.799999999996	6.275	5.6375	13.899999999999999	20.725	80.725	0.0	0.0	0.0	66203.0	2206.7000000000003	11.899999999999999	11.125	23.849999999999998	32.0	59.4875	0.0	0.0	0.0	1331629.0	44386.50000000001	6.5625	5.7125	14.950000000000001	22.4125	86.76249999999999
