concurrency	elapsed-w	errors-w	ops(total)-w	ops/sec(cum)-w	avg(ms)-w	p50(ms)-w	p95(ms)-w	p99(ms)-w	pMax(ms)-w	total-w	elapsed	errors	ops(total)	ops/sec(cum)	avg(ms)	p50(ms)	p95(ms)	p99(ms)	pMax(ms)
43	0.0	0.0	4994591.0	166483.2	1.725	1.5874999999999997	3.0999999999999996	4.7125	214.95	0.0	0.0	0.0	4994591.0	166483.2	1.725	1.5874999999999997	3.0999999999999996	4.7125	214.95
