ops/sec(cum)	p50(ms)	p99(ms)	read_tp	read_p50	read_p99	write_tp	write_p50	write_p99
229937.2	0.27	1.922	218461.23333333334	0.268	1.922	11474.966666666667	0.272	1.9680000000000002
