concurrency	elapsed-r	errors-r	ops(total)-r	ops/sec(cum)-r	avg(ms)-r	p50(ms)-r	p95(ms)-r	p99(ms)-r	pMax(ms)-r	total-r	elapsed-w	errors-w	ops(total)-w	ops/sec(cum)-w	avg(ms)-w	p50(ms)-w	p95(ms)-w	p99(ms)-w	pMax(ms)-w	total-w	elapsed	errors	ops(total)	ops/sec(cum)	avg(ms)	p50(ms)	p95(ms)	p99(ms)	pMax(ms)
124	0.0	0.0	2840561.0	94680.40000000001	5.88	4.7	16.16	26.660000000000004	198.79999999999998	0.0	0.0	0.0	149384.0	4979.3	22.72	21.4	44.86	58.1	233.21999999999997	0.0	0.0	0.0	2989945.0	99659.5	6.719999999999999	4.84	20.740000000000002	37.1	239.06
