concurrency	elapsed-r	errors-r	ops(total)-r	ops/sec(cum)-r	avg(ms)-r	p50(ms)-r	p95(ms)-r	p99(ms)-r	pMax(ms)-r	total-r	elapsed-w	errors-w	ops(total)-w	ops/sec(cum)-w	avg(ms)-w	p50(ms)-w	p95(ms)-w	p99(ms)-w	pMax(ms)-w	total-w	elapsed	errors	ops(total)	ops/sec(cum)	avg(ms)	p50(ms)	p95(ms)	p99(ms)	pMax(ms)
17	0.0	0.0	550680.0	18355.4	2.8750000000000004	2.05	7.1625	10.225	21.25	0.0	0.0	0.0	28980.0	966.0	81.825	3.662499999999999	415.225	448.8	505.40000000000003	0.0	0.0	0.0	579660.0	19321.600000000002	6.8375	2.05	7.6625	259.2375	505.40000000000003
