concurrency	elapsed-r	errors-r	ops(total)-r	ops/sec(cum)-r	avg(ms)-r	p50(ms)-r	p95(ms)-r	p99(ms)-r	pMax(ms)-r	total-r	elapsed-w	errors-w	ops(total)-w	ops/sec(cum)-w	avg(ms)-w	p50(ms)-w	p95(ms)-w	p99(ms)-w	pMax(ms)-w	total-w	elapsed	errors	ops(total)	ops/sec(cum)	avg(ms)	p50(ms)	p95(ms)	p99(ms)	pMax(ms)
30	0.0	0.0	1681393.0	56044.6	1.9375	1.4625	5.3	8.8375	49.2625	0.0	0.0	0.0	88324.0	2944.1000000000004	40.050000000000004	2.6624999999999996	482.32500000000005	536.9	641.7	0.0	0.0	0.0	1769717.0	58988.8	3.8374999999999995	1.4875	5.575	10.3	641.7
