concurrency	elapsed-r	errors-r	ops(total)-r	ops/sec(cum)-r	avg(ms)-r	p50(ms)-r	p95(ms)-r	p99(ms)-r	pMax(ms)-r	total-r	elapsed-w	errors-w	ops(total)-w	ops/sec(cum)-w	avg(ms)-w	p50(ms)-w	p95(ms)-w	p99(ms)-w	pMax(ms)-w	total-w	elapsed	errors	ops(total)	ops/sec(cum)	avg(ms)	p50(ms)	p95(ms)	p99(ms)	pMax(ms)
39	0.0	0.0	1943825.0	64792.6	3.9624999999999995	3.5124999999999997	9.3375	14.512500000000001	142.61249999999998	0.0	0.0	0.0	102422.0	3414.1	7.262500000000001	6.874999999999999	15.637500000000001	22.0	84.91250000000001	0.0	0.0	0.0	2046247.0	68206.6	4.1375	3.575	10.0	15.387500000000001	157.2875
