concurrency	elapsed-w	errors-w	ops(total)-w	ops/sec(cum)-w	avg(ms)-w	p50(ms)-w	p95(ms)-w	p99(ms)-w	pMax(ms)-w	total-w	elapsed	errors	ops(total)	ops/sec(cum)	avg(ms)	p50(ms)	p95(ms)	p99(ms)	pMax(ms)
20	0.0	0.0	51010.0	1700.3	46.574999999999996	3.375	243.3	251.7	272.59999999999997	0.0	0.0	0.0	51010.0	1700.3	46.574999999999996	3.375	243.3	251.7	272.59999999999997
