concurrency	elapsed-r	errors-r	ops(total)-r	ops/sec(cum)-r	avg(ms)-r	p50(ms)-r	p95(ms)-r	p99(ms)-r	pMax(ms)-r	total-r	elapsed-w	errors-w	ops(total)-w	ops/sec(cum)-w	avg(ms)-w	p50(ms)-w	p95(ms)-w	p99(ms)-w	pMax(ms)-w	total-w	elapsed	errors	ops(total)	ops/sec(cum)	avg(ms)	p50(ms)	p95(ms)	p99(ms)	pMax(ms)
21	0.0	0.0	999195.0	22204.100000000002	2.2	1.5599999999999998	5.2	12.8	43.160000000000004	0.0	0.0	0.0	52570.0	1168.2	30.26	2.5599999999999996	125.8	142.6	181.18	0.0	0.0	0.0	1051765.0	23372.399999999998	3.5799999999999996	1.5599999999999998	5.8	98.17999999999999	181.18
