concurrency	elapsed-r	errors-r	ops(total)-r	ops/sec(cum)-r	avg(ms)-r	p50(ms)-r	p95(ms)-r	p99(ms)-r	pMax(ms)-r	total-r	elapsed-w	errors-w	ops(total)-w	ops/sec(cum)-w	avg(ms)-w	p50(ms)-w	p95(ms)-w	p99(ms)-w	pMax(ms)-w	total-w	elapsed	errors	ops(total)	ops/sec(cum)	avg(ms)	p50(ms)	p95(ms)	p99(ms)	pMax(ms)
23	0.0	0.0	1043043.0	34767.4	4.8374999999999995	4.775	8.9	10.125	39.050000000000004	0.0	0.0	0.0	55016.0	1833.9	5.2625	5.0375	9.3625	12.462499999999999	54.50000000000001	0.0	0.0	0.0	1098059.0	36601.2	4.85	4.775	8.9	10.125	54.50000000000001
