concurrency	elapsed-r	errors-r	ops(total)-r	ops/sec(cum)-r	avg(ms)-r	p50(ms)-r	p95(ms)-r	p99(ms)-r	pMax(ms)-r	total-r	elapsed	errors	ops(total)	ops/sec(cum)	avg(ms)	p50(ms)	p95(ms)	p99(ms)	pMax(ms)
22	0.0	0.0	1321097.0	44035.99999999999	3.825	3.4625	7.6	11.862499999999999	26.087499999999995	0.0	0.0	0.0	1321097.0	44035.99999999999	3.825	3.4625	7.6	11.862499999999999	26.087499999999995
