concurrency	elapsed-r	errors-r	ops(total)-r	ops/sec(cum)-r	avg(ms)-r	p50(ms)-r	p95(ms)-r	p99(ms)-r	pMax(ms)-r	total-r	elapsed-w	errors-w	ops(total)-w	ops/sec(cum)-w	avg(ms)-w	p50(ms)-w	p95(ms)-w	p99(ms)-w	pMax(ms)-w	total-w	elapsed	errors	ops(total)	ops/sec(cum)	avg(ms)	p50(ms)	p95(ms)	p99(ms)	pMax(ms)
162	0.0	0.0	4701825.0	156709.9	4.78	4.04	11.9	20.24	264.43999999999994	0.0	0.0	0.0	247520.0	8249.8	14.580000000000002	13.419999999999998	29.819999999999993	39.12	264.21999999999997	0.0	0.0	0.0	4949345.0	164959.7	5.279999999999999	4.1	14.9	24.839999999999996	274.3
