concurrency	elapsed-r	errors-r	ops(total)-r	ops/sec(cum)-r	avg(ms)-r	p50(ms)-r	p95(ms)-r	p99(ms)-r	pMax(ms)-r	total-r	elapsed-w	errors-w	ops(total)-w	ops/sec(cum)-w	avg(ms)-w	p50(ms)-w	p95(ms)-w	p99(ms)-w	pMax(ms)-w	total-w	elapsed	errors	ops(total)	ops/sec(cum)	avg(ms)	p50(ms)	p95(ms)	p99(ms)	pMax(ms)
30	0.0	0.0	1952697.0	65088.29999999999	3.3249999999999997	3.0875000000000004	6.0	8.3125	25.174999999999997	0.0	0.0	0.0	102755.0	3425.2	3.2500000000000004	3.0375000000000005	5.95	8.337499999999999	24.0	0.0	0.0	0.0	2055452.0	68513.5	3.3124999999999996	3.075	6.0	8.3125	27.15
