ops/sec(cum)	p50(ms)	p99(ms)	read_tp	read_p50	read_p99	write_tp	write_p50	write_p99
284756.7833333333	0.22314285714285714	0.9637142857142857	271661.93333333335	0.22314285714285714	0.9637142857142857	13093.85	0.22314285714285714	0.9454285714285714
