concurrency	elapsed-r	errors-r	ops(total)-r	ops/sec(cum)-r	avg(ms)-r	p50(ms)-r	p95(ms)-r	p99(ms)-r	pMax(ms)-r	total-r	elapsed-w	errors-w	ops(total)-w	ops/sec(cum)-w	avg(ms)-w	p50(ms)-w	p95(ms)-w	p99(ms)-w	pMax(ms)-w	total-w	elapsed	errors	ops(total)	ops/sec(cum)	avg(ms)	p50(ms)	p95(ms)	p99(ms)	pMax(ms)
23	0.0	0.0	632191.0	21072.4	3.7749999999999995	2.4625	13.099999999999998	23.2125	83.375	0.0	0.0	0.0	33235.0	1107.8	87.8625	9.15	189.7875	1828.675	2055.2375	0.0	0.0	0.0	665426.0	22180.3	8.000000000000002	2.6375	14.1125	25.699999999999996	2055.2375
