concurrency	elapsed-r	errors-r	ops(total)-r	ops/sec(cum)-r	avg(ms)-r	p50(ms)-r	p95(ms)-r	p99(ms)-r	pMax(ms)-r	total-r	elapsed-w	errors-w	ops(total)-w	ops/sec(cum)-w	avg(ms)-w	p50(ms)-w	p95(ms)-w	p99(ms)-w	pMax(ms)-w	total-w	elapsed	errors	ops(total)	ops/sec(cum)	avg(ms)	p50(ms)	p95(ms)	p99(ms)	pMax(ms)
39	0.0	0.0	1552682.0	51754.49999999999	1.9125	1.3625	5.65	9.725	128.725	0.0	0.0	0.0	81591.0	2719.8	73.5875	2.4625	939.5	1040.2	1140.8999999999999	0.0	0.0	0.0	1634273.0	54474.200000000004	5.45	1.375	5.825	11.399999999999999	1140.8999999999999
