concurrency	elapsed-r	errors-r	ops(total)-r	ops/sec(cum)-r	avg(ms)-r	p50(ms)-r	p95(ms)-r	p99(ms)-r	pMax(ms)-r	total-r	elapsed-w	errors-w	ops(total)-w	ops/sec(cum)-w	avg(ms)-w	p50(ms)-w	p95(ms)-w	p99(ms)-w	pMax(ms)-w	total-w	elapsed	errors	ops(total)	ops/sec(cum)	avg(ms)	p50(ms)	p95(ms)	p99(ms)	pMax(ms)
94	0.0	0.0	2863704.0	95452.2	4.66	3.72	12.24	20.979999999999997	145.09999999999997	0.0	0.0	0.0	150863.0	5028.5	14.580000000000002	12.4	32.7	45.08	100.25999999999999	0.0	0.0	0.0	3014567.0	100480.7	5.159999999999999	3.8800000000000003	15.0	25.820000000000004	146.77999999999997
