concurrency	elapsed-r	errors-r	ops(total)-r	ops/sec(cum)-r	avg(ms)-r	p50(ms)-r	p95(ms)-r	p99(ms)-r	pMax(ms)-r	total-r	elapsed	errors	ops(total)	ops/sec(cum)	avg(ms)	p50(ms)	p95(ms)	p99(ms)	pMax(ms)
64	0.0	0.0	1285543.0	42849.9	12.1875	10.5625	27.674999999999997	42.45	106.44999999999999	0.0	0.0	0.0	1285543.0	42849.9	12.1875	10.5625	27.674999999999997	42.45	106.44999999999999
