concurrency	elapsed-r	errors-r	ops(total)-r	ops/sec(cum)-r	avg(ms)-r	p50(ms)-r	p95(ms)-r	p99(ms)-r	pMax(ms)-r	total-r	elapsed-w	errors-w	ops(total)-w	ops/sec(cum)-w	avg(ms)-w	p50(ms)-w	p95(ms)-w	p99(ms)-w	pMax(ms)-w	total-w	elapsed	errors	ops(total)	ops/sec(cum)	avg(ms)	p50(ms)	p95(ms)	p99(ms)	pMax(ms)
40	0.0	0.0	1942941.0	64763.0	4.1	3.5875	9.55	15.012500000000001	41.6625	0.0	0.0	0.0	102146.0	3404.7999999999997	7.4375	6.999999999999999	16.275	22.825	44.262499999999996	0.0	0.0	0.0	2045087.0	68167.70000000001	4.2625	3.6624999999999996	10.25	15.85	47.150000000000006
