concurrency	elapsed-r	errors-r	ops(total)-r	ops/sec(cum)-r	avg(ms)-r	p50(ms)-r	p95(ms)-r	p99(ms)-r	pMax(ms)-r	total-r	elapsed-w	errors-w	ops(total)-w	ops/sec(cum)-w	avg(ms)-w	p50(ms)-w	p95(ms)-w	p99(ms)-w	pMax(ms)-w	total-w	elapsed	errors	ops(total)	ops/sec(cum)	avg(ms)	p50(ms)	p95(ms)	p99(ms)	pMax(ms)
114	0.0	0.0	4414919.0	147156.9	3.06	2.28	8.959999999999999	16.82	123.32000000000001	0.0	0.0	0.0	232610.0	7753.3	24.06	5.46	18.919999999999998	639.52	803.8199999999999	0.0	0.0	0.0	4647529.0	154910.3	4.1	2.32	9.74	18.080000000000002	803.8199999999999
