concurrency	elapsed-r	errors-r	ops(total)-r	ops/sec(cum)-r	avg(ms)-r	p50(ms)-r	p95(ms)-r	p99(ms)-r	pMax(ms)-r	total-r	elapsed	errors	ops(total)	ops/sec(cum)	avg(ms)	p50(ms)	p95(ms)	p99(ms)	pMax(ms)
18	0.0	0.0	1009293.0	33642.5	4.0875	3.9625	7.6125	10.399999999999999	26.7375	0.0	0.0	0.0	1009293.0	33642.5	4.0875	3.9625	7.6125	10.399999999999999	26.7375
