concurrency	elapsed-r	errors-r	ops(total)-r	ops/sec(cum)-r	avg(ms)-r	p50(ms)-r	p95(ms)-r	p99(ms)-r	pMax(ms)-r	total-r	elapsed-w	errors-w	ops(total)-w	ops/sec(cum)-w	avg(ms)-w	p50(ms)-w	p95(ms)-w	p99(ms)-w	pMax(ms)-w	total-w	elapsed	errors	ops(total)	ops/sec(cum)	avg(ms)	p50(ms)	p95(ms)	p99(ms)	pMax(ms)
23	0.0	0.0	462660.0	15421.6	3.3124999999999996	2.25	8.65	12.2	44.0	0.0	0.0	0.0	24145.0	804.8000000000001	158.76250000000002	4.2125	805.3000000000001	872.3999999999999	939.5	0.0	0.0	0.0	486805.0	16226.5	11.049999999999999	2.35	9.15	497.01249999999993	939.5
