concurrency	elapsed-r	errors-r	ops(total)-r	ops/sec(cum)-r	avg(ms)-r	p50(ms)-r	p95(ms)-r	p99(ms)-r	pMax(ms)-r	total-r	elapsed-w	errors-w	ops(total)-w	ops/sec(cum)-w	avg(ms)-w	p50(ms)-w	p95(ms)-w	p99(ms)-w	pMax(ms)-w	total-w	elapsed	errors	ops(total)	ops/sec(cum)	avg(ms)	p50(ms)	p95(ms)	p99(ms)	pMax(ms)
38	0.0	0.0	3306464.0	110213.00000000001	2.325	2.1875	4.1	7.6625000000000005	142.86249999999998	0.0	0.0	0.0	173645.0	5788.099999999999	2.2874999999999996	2.175	3.8499999999999996	7.5625	47.3125	0.0	0.0	0.0	3480109.0	116001.20000000001	2.325	2.1875	4.025	7.6625000000000005	142.86249999999998
