concurrency	elapsed-r	errors-r	ops(total)-r	ops/sec(cum)-r	avg(ms)-r	p50(ms)-r	p95(ms)-r	p99(ms)-r	pMax(ms)-r	total-r	elapsed-w	errors-w	ops(total)-w	ops/sec(cum)-w	avg(ms)-w	p50(ms)-w	p95(ms)-w	p99(ms)-w	pMax(ms)-w	total-w	elapsed	errors	ops(total)	ops/sec(cum)	avg(ms)	p50(ms)	p95(ms)	p99(ms)	pMax(ms)
19	0.0	0.0	489635.0	16320.8	3.1375	2.225	7.9375	10.875	37.087500000000006	0.0	0.0	0.0	25667.0	855.5999999999999	112.63749999999999	3.925	570.4	604.0	671.1	0.0	0.0	0.0	515302.0	17176.199999999997	8.575	2.25	8.65	372.5250000000001	671.1
