concurrency	elapsed-r	errors-r	ops(total)-r	ops/sec(cum)-r	avg(ms)-r	p50(ms)-r	p95(ms)-r	p99(ms)-r	pMax(ms)-r	total-r	elapsed-w	errors-w	ops(total)-w	ops/sec(cum)-w	avg(ms)-w	p50(ms)-w	p95(ms)-w	p99(ms)-w	pMax(ms)-w	total-w	elapsed	errors	ops(total)	ops/sec(cum)	avg(ms)	p50(ms)	p95(ms)	p99(ms)	pMax(ms)
46	0.0	0.0	2848922.0	94961.3	3.2124999999999995	2.9250000000000003	6.075	10.475	31.35	0.0	0.0	0.0	150718.0	5023.700000000001	3.65	3.0625	8.925	13.7875	31.7375	0.0	0.0	0.0	2999640.0	99985.09999999999	3.2375	2.95	6.125000000000001	10.85	32.525
