concurrency	elapsed-r	errors-r	ops(total)-r	ops/sec(cum)-r	avg(ms)-r	p50(ms)-r	p95(ms)-r	p99(ms)-r	pMax(ms)-r	total-r	elapsed-w	errors-w	ops(total)-w	ops/sec(cum)-w	avg(ms)-w	p50(ms)-w	p95(ms)-w	p99(ms)-w	pMax(ms)-w	total-w	elapsed	errors	ops(total)	ops/sec(cum)	avg(ms)	p50(ms)	p95(ms)	p99(ms)	pMax(ms)
11	0.0	0.0	665938.0	22197.6	1.6500000000000001	1.2999999999999998	3.5999999999999996	4.825	15.350000000000001	0.0	0.0	0.0	34890.0	1163.0	3.2	2.3	8.825	14.3	25.950000000000003	0.0	0.0	0.0	700828.0	23360.6	1.7	1.35	3.7249999999999996	5.7	25.950000000000003
