concurrency	elapsed-r	errors-r	ops(total)-r	ops/sec(cum)-r	avg(ms)-r	p50(ms)-r	p95(ms)-r	p99(ms)-r	pMax(ms)-r	total-r	elapsed-w	errors-w	ops(total)-w	ops/sec(cum)-w	avg(ms)-w	p50(ms)-w	p95(ms)-w	p99(ms)-w	pMax(ms)-w	total-w	elapsed	errors	ops(total)	ops/sec(cum)	avg(ms)	p50(ms)	p95(ms)	p99(ms)	pMax(ms)
34	0.0	0.0	3356930.0	111895.5	2.0374999999999996	1.875	3.425	6.8625	27.65	0.0	0.0	0.0	175969.0	5865.599999999999	2.2874999999999996	2.15	3.925	7.2125	23.0875	0.0	0.0	0.0	3532899.0	117761.1	2.0625	1.9124999999999999	3.4749999999999996	6.887499999999999	27.65
