concurrency	elapsed-r	errors-r	ops(total)-r	ops/sec(cum)-r	avg(ms)-r	p50(ms)-r	p95(ms)-r	p99(ms)-r	pMax(ms)-r	total-r	elapsed	errors	ops(total)	ops/sec(cum)	avg(ms)	p50(ms)	p95(ms)	p99(ms)	pMax(ms)
31	0.0	0.0	1098763.0	36624.600000000006	6.675000000000001	5.999999999999999	13.55	19.8	49.512499999999996	0.0	0.0	0.0	1098763.0	36624.600000000006	6.675000000000001	5.999999999999999	13.55	19.8	49.512499999999996
