concurrency	elapsed-r	errors-r	ops(total)-r	ops/sec(cum)-r	avg(ms)-r	p50(ms)-r	p95(ms)-r	p99(ms)-r	pMax(ms)-r	total-r	elapsed	errors	ops(total)	ops/sec(cum)	avg(ms)	p50(ms)	p95(ms)	p99(ms)	pMax(ms)
23	0.0	0.0	1378302.0	45942.6	3.8500000000000005	3.4749999999999996	7.3125	11.412499999999998	33.300000000000004	0.0	0.0	0.0	1378302.0	45942.6	3.8500000000000005	3.4749999999999996	7.3125	11.412499999999998	33.300000000000004
