concurrency	elapsed-r	errors-r	ops(total)-r	ops/sec(cum)-r	avg(ms)-r	p50(ms)-r	p95(ms)-r	p99(ms)-r	pMax(ms)-r	total-r	elapsed-w	errors-w	ops(total)-w	ops/sec(cum)-w	avg(ms)-w	p50(ms)-w	p95(ms)-w	p99(ms)-w	pMax(ms)-w	total-w	elapsed	errors	ops(total)	ops/sec(cum)	avg(ms)	p50(ms)	p95(ms)	p99(ms)	pMax(ms)
58	0.0	0.0	3164561.0	105481.70000000001	3.8625	3.6374999999999997	7.1	11.35	100.51249999999999	0.0	0.0	0.0	166962.0	5565.1	3.8499999999999996	3.6249999999999996	7.075	11.424999999999999	71.69999999999999	0.0	0.0	0.0	3331523.0	111047.0	3.8625	3.6374999999999997	7.1	11.35	123.0625
