concurrency	elapsed-r	errors-r	ops(total)-r	ops/sec(cum)-r	avg(ms)-r	p50(ms)-r	p95(ms)-r	p99(ms)-r	pMax(ms)-r	total-r	elapsed	errors	ops(total)	ops/sec(cum)	avg(ms)	p50(ms)	p95(ms)	p99(ms)	pMax(ms)
47	0.0	0.0	1540995.0	51364.7	6.812499999999999	6.1000000000000005	14.762500000000001	21.75	88.35	0.0	0.0	0.0	1540995.0	51364.7	6.812499999999999	6.1000000000000005	14.762500000000001	21.75	88.35
