concurrency	elapsed-r	errors-r	ops(total)-r	ops/sec(cum)-r	avg(ms)-r	p50(ms)-r	p95(ms)-r	p99(ms)-r	pMax(ms)-r	total-r	elapsed-w	errors-w	ops(total)-w	ops/sec(cum)-w	avg(ms)-w	p50(ms)-w	p95(ms)-w	p99(ms)-w	pMax(ms)-w	total-w	elapsed	errors	ops(total)	ops/sec(cum)	avg(ms)	p50(ms)	p95(ms)	p99(ms)	pMax(ms)
38	0.0	0.0	4587263.0	152905.5	1.5499999999999998	1.45	2.7875	4.800000000000001	214.95	0.0	0.0	0.0	241173.0	8038.9	1.6500000000000001	1.45	2.9625000000000004	6.2124999999999995	147.7125	0.0	0.0	0.0	4828436.0	160944.49999999997	1.5499999999999998	1.45	2.8125	4.9125	214.95
