ops/sec(cum)	p50(ms)	p99(ms)	read_tp	read_p50	read_p99	write_tp	write_p50	write_p99
287347.98333333334	0.26471428571428574	1.5999999999999999	274799.98333333334	0.2651428571428572	1.5999999999999999	12547.0	0.2642857142857143	1.5027142857142857
