concurrency	elapsed-r	errors-r	ops(total)-r	ops/sec(cum)-r	avg(ms)-r	p50(ms)-r	p95(ms)-r	p99(ms)-r	pMax(ms)-r	total-r	elapsed-w	errors-w	ops(total)-w	ops/sec(cum)-w	avg(ms)-w	p50(ms)-w	p95(ms)-w	p99(ms)-w	pMax(ms)-w	total-w	elapsed	errors	ops(total)	ops/sec(cum)	avg(ms)	p50(ms)	p95(ms)	p99(ms)	pMax(ms)
20	0.0	0.0	3303244.0	110106.5	1.2000000000000002	1.125	1.6625	4.137499999999999	73.14999999999999	0.0	0.0	0.0	174146.0	5804.799999999999	1.1875000000000002	1.1125	1.6375000000000002	4.0625	19.912499999999998	0.0	0.0	0.0	3477390.0	115911.3	1.2000000000000002	1.125	1.6625	4.137499999999999	73.14999999999999
