concurrency	elapsed-r	errors-r	ops(total)-r	ops/sec(cum)-r	avg(ms)-r	p50(ms)-r	p95(ms)-r	p99(ms)-r	pMax(ms)-r	total-r	elapsed-w	errors-w	ops(total)-w	ops/sec(cum)-w	avg(ms)-w	p50(ms)-w	p95(ms)-w	p99(ms)-w	pMax(ms)-w	total-w	elapsed	errors	ops(total)	ops/sec(cum)	avg(ms)	p50(ms)	p95(ms)	p99(ms)	pMax(ms)
47	0.0	0.0	2846082.0	94867.1	3.2875	3.0125	6.15	10.475	30.175000000000004	0.0	0.0	0.0	150066.0	5002.2	3.75	3.0875000000000004	9.025	13.8	29.762500000000003	0.0	0.0	0.0	2996148.0	99869.4	3.2875	3.0125	6.2749999999999995	10.85	31.612499999999997
