concurrency	elapsed-w	errors-w	ops(total)-w	ops/sec(cum)-w	avg(ms)-w	p50(ms)-w	p95(ms)-w	p99(ms)-w	pMax(ms)-w	total-w	elapsed	errors	ops(total)	ops/sec(cum)	avg(ms)	p50(ms)	p95(ms)	p99(ms)	pMax(ms)
54	0.0	0.0	3501948.0	116728.50000000003	3.425	3.1999999999999997	6.1	10.1	35.4	0.0	0.0	0.0	3501948.0	116728.50000000003	3.425	3.1999999999999997	6.1	10.1	35.4
