concurrency	elapsed-r	errors-r	ops(total)-r	ops/sec(cum)-r	avg(ms)-r	p50(ms)-r	p95(ms)-r	p99(ms)-r	pMax(ms)-r	total-r	elapsed-w	errors-w	ops(total)-w	ops/sec(cum)-w	avg(ms)-w	p50(ms)-w	p95(ms)-w	p99(ms)-w	pMax(ms)-w	total-w	elapsed	errors	ops(total)	ops/sec(cum)	avg(ms)	p50(ms)	p95(ms)	p99(ms)	pMax(ms)
38	0.0	0.0	3068935.0	102295.59999999999	2.45	2.2874999999999996	4.225	7.8374999999999995	29.2375	0.0	0.0	0.0	161303.0	5376.700000000001	2.6875	2.3625	5.9625	9.325000000000001	23.875	0.0	0.0	0.0	3230238.0	107672.4	2.4625000000000004	2.2874999999999996	4.3	7.9624999999999995	30.1625
