concurrency	elapsed-r	errors-r	ops(total)-r	ops/sec(cum)-r	avg(ms)-r	p50(ms)-r	p95(ms)-r	p99(ms)-r	pMax(ms)-r	total-r	elapsed	errors	ops(total)	ops/sec(cum)	avg(ms)	p50(ms)	p95(ms)	p99(ms)	pMax(ms)
25	0.0	0.0	1369642.0	45653.9	2.0	1.9000000000000001	3.325	5.575	16.674999999999997	0.0	0.0	0.0	1369642.0	45653.9	2.0	1.9000000000000001	3.325	5.575	16.674999999999997
