concurrency	elapsed-w	errors-w	ops(total)-w	ops/sec(cum)-w	avg(ms)-w	p50(ms)-w	p95(ms)-w	p99(ms)-w	pMax(ms)-w	total-w	elapsed	errors	ops(total)	ops/sec(cum)	avg(ms)	p50(ms)	p95(ms)	p99(ms)	pMax(ms)
42	0.0	0.0	3474038.0	115798.3	2.6624999999999996	2.5500000000000003	5.2	8.0	26.9	0.0	0.0	0.0	3474038.0	115798.3	2.6624999999999996	2.5500000000000003	5.2	8.0	26.9
