concurrency	elapsed-r	errors-r	ops(total)-r	ops/sec(cum)-r	avg(ms)-r	p50(ms)-r	p95(ms)-r	p99(ms)-r	pMax(ms)-r	total-r	elapsed-w	errors-w	ops(total)-w	ops/sec(cum)-w	avg(ms)-w	p50(ms)-w	p95(ms)-w	p99(ms)-w	pMax(ms)-w	total-w	elapsed	errors	ops(total)	ops/sec(cum)	avg(ms)	p50(ms)	p95(ms)	p99(ms)	pMax(ms)
39	0.0	0.0	3306317.0	110208.19999999998	2.375	2.275	4.1	7.9875	122.02499999999999	0.0	0.0	0.0	174755.0	5825.200000000001	2.375	2.25	4.0875	8.025	93.83749999999998	0.0	0.0	0.0	3481072.0	116033.19999999998	2.375	2.275	4.1	7.9875	122.14999999999999
