concurrency	elapsed-r	errors-r	ops(total)-r	ops/sec(cum)-r	avg(ms)-r	p50(ms)-r	p95(ms)-r	p99(ms)-r	pMax(ms)-r	total-r	elapsed-w	errors-w	ops(total)-w	ops/sec(cum)-w	avg(ms)-w	p50(ms)-w	p95(ms)-w	p99(ms)-w	pMax(ms)-w	total-w	elapsed	errors	ops(total)	ops/sec(cum)	avg(ms)	p50(ms)	p95(ms)	p99(ms)	pMax(ms)
64	0.0	0.0	1950571.0	65016.3	6.600000000000001	5.7749999999999995	15.875	24.787499999999998	68.9375	0.0	0.0	0.0	102680.0	3422.6	11.875	11.125	26.087499999999995	37.2125	109.0375	0.0	0.0	0.0	2053251.0	68438.7	6.85	5.875	16.925	25.949999999999996	109.0375
