concurrency	elapsed-r	errors-r	ops(total)-r	ops/sec(cum)-r	avg(ms)-r	p50(ms)-r	p95(ms)-r	p99(ms)-r	pMax(ms)-r	total-r	elapsed-w	errors-w	ops(total)-w	ops/sec(cum)-w	avg(ms)-w	p50(ms)-w	p95(ms)-w	p99(ms)-w	pMax(ms)-w	total-w	elapsed	errors	ops(total)	ops/sec(cum)	avg(ms)	p50(ms)	p95(ms)	p99(ms)	pMax(ms)
58	0.0	0.0	932679.0	31088.2	4.3	2.9	14.533333333333331	25.53333333333333	86.7	0.0	0.0	0.0	49179.0	1639.1999999999998	2.2	1.3	4.3999999999999995	18.166666666666668	131.4	0.0	0.0	0.0	981858.0	32727.3	4.2	2.8666666666666667	14.199999999999998	25.2	131.4
