ops/sec(cum)	p50(ms)	p99(ms)	read_tp	read_p50	read_p99	write_tp	write_p50	write_p99
256420.21666666667	0.19121428571428573	0.6732857142857143	245347.10000000003	0.191	0.6732857142857143	11072.116666666667	0.19142857142857142	0.665
