concurrency	elapsed-r	errors-r	ops(total)-r	ops/sec(cum)-r	avg(ms)-r	p50(ms)-r	p95(ms)-r	p99(ms)-r	pMax(ms)-r	total-r	elapsed-w	errors-w	ops(total)-w	ops/sec(cum)-w	avg(ms)-w	p50(ms)-w	p95(ms)-w	p99(ms)-w	pMax(ms)-w	total-w	elapsed	errors	ops(total)	ops/sec(cum)	avg(ms)	p50(ms)	p95(ms)	p99(ms)	pMax(ms)
48	0.0	0.0	2729118.0	60645.9	2.42	1.6	7.9	18.9	184.51999999999998	0.0	0.0	0.0	143777.0	3194.8	4.88	3.38	16.5	30.840000000000003	143.01999999999998	0.0	0.0	0.0	2872895.0	63840.799999999996	2.6	1.6600000000000001	8.4	19.9	196.27999999999997
