concurrency	elapsed-r	errors-r	ops(total)-r	ops/sec(cum)-r	avg(ms)-r	p50(ms)-r	p95(ms)-r	p99(ms)-r	pMax(ms)-r	total-r	elapsed-w	errors-w	ops(total)-w	ops/sec(cum)-w	avg(ms)-w	p50(ms)-w	p95(ms)-w	p99(ms)-w	pMax(ms)-w	total-w	elapsed	errors	ops(total)	ops/sec(cum)	avg(ms)	p50(ms)	p95(ms)	p99(ms)	pMax(ms)
24	0.0	0.0	1376001.0	45866.1	1.725	1.525	3.625	6.4	61.324999999999996	0.0	0.0	0.0	72131.0	2404.4	3.0999999999999996	2.775	6.3500000000000005	10.35	32.75	0.0	0.0	0.0	1448132.0	48270.399999999994	1.825	1.5500000000000003	3.85	6.775	62.9
