concurrency	elapsed-r	errors-r	ops(total)-r	ops/sec(cum)-r	avg(ms)-r	p50(ms)-r	p95(ms)-r	p99(ms)-r	pMax(ms)-r	total-r	elapsed-w	errors-w	ops(total)-w	ops/sec(cum)-w	avg(ms)-w	p50(ms)-w	p95(ms)-w	p99(ms)-w	pMax(ms)-w	total-w	elapsed	errors	ops(total)	ops/sec(cum)	avg(ms)	p50(ms)	p95(ms)	p99(ms)	pMax(ms)
100	0.0	0.0	2638271.0	87936.0	6.279999999999999	4.880000000000001	17.52	26.820000000000004	193.76	0.0	0.0	0.0	139540.0	4651.0	17.619999999999997	16.380000000000003	36.46	46.959999999999994	174.47999999999996	0.0	0.0	0.0	2777811.0	92587.0	6.840000000000001	5.06	19.999999999999996	31.0	196.27999999999997
