concurrency	elapsed-r	errors-r	ops(total)-r	ops/sec(cum)-r	avg(ms)-r	p50(ms)-r	p95(ms)-r	p99(ms)-r	pMax(ms)-r	total-r	elapsed	errors	ops(total)	ops/sec(cum)	avg(ms)	p50(ms)	p95(ms)	p99(ms)	pMax(ms)
22	0.0	0.0	1375960.0	45864.6	3.6625000000000005	3.375	6.975	10.475000000000001	26.4875	0.0	0.0	0.0	1375960.0	45864.6	3.6625000000000005	3.375	6.975	10.475000000000001	26.4875
