concurrency	elapsed-r	errors-r	ops(total)-r	ops/sec(cum)-r	avg(ms)-r	p50(ms)-r	p95(ms)-r	p99(ms)-r	pMax(ms)-r	total-r	elapsed-w	errors-w	ops(total)-w	ops/sec(cum)-w	avg(ms)-w	p50(ms)-w	p95(ms)-w	p99(ms)-w	pMax(ms)-w	total-w	elapsed	errors	ops(total)	ops/sec(cum)	avg(ms)	p50(ms)	p95(ms)	p99(ms)	pMax(ms)
32	0.0	0.0	278630.0	9287.400000000001	22.287499999999998	2.5374999999999996	155.2	348.1	985.6625	0.0	0.0	0.0	14802.0	493.40000000000003	94.43750000000001	6.8875	429.91249999999997	687.8625000000001	1400.8999999999999	0.0	0.0	0.0	293432.0	9780.6	25.9	2.6750000000000003	176.20000000000002	383.8	1400.8999999999999
