concurrency	elapsed-w	errors-w	ops(total)-w	ops/sec(cum)-w	avg(ms)-w	p50(ms)-w	p95(ms)-w	p99(ms)-w	pMax(ms)-w	total-w	elapsed	errors	ops(total)	ops/sec(cum)	avg(ms)	p50(ms)	p95(ms)	p99(ms)	pMax(ms)
62	0.0	0.0	4598691.0	153284.8	2.9000000000000004	1.9499999999999997	7.775	12.7	114.81250000000001	0.0	0.0	0.0	4598691.0	153284.8	2.9000000000000004	1.9499999999999997	7.775	12.7	114.81250000000001
