concurrency	elapsed-r	errors-r	ops(total)-r	ops/sec(cum)-r	avg(ms)-r	p50(ms)-r	p95(ms)-r	p99(ms)-r	pMax(ms)-r	total-r	elapsed-w	errors-w	ops(total)-w	ops/sec(cum)-w	avg(ms)-w	p50(ms)-w	p95(ms)-w	p99(ms)-w	pMax(ms)-w	total-w	elapsed	errors	ops(total)	ops/sec(cum)	avg(ms)	p50(ms)	p95(ms)	p99(ms)	pMax(ms)
28	0.0	0.0	833562.0	27784.800000000003	2.033333333333333	1.6000000000000003	4.7	14.199999999999998	53.800000000000004	0.0	0.0	0.0	44094.0	1469.9	3.733333333333333	2.6666666666666665	11.533333333333333	23.433333333333337	48.20000000000001	0.0	0.0	0.0	877656.0	29254.699999999997	2.1333333333333333	1.6000000000000003	5.0	15.199999999999998	53.800000000000004
