concurrency	elapsed-w	errors-w	ops(total)-w	ops/sec(cum)-w	avg(ms)-w	p50(ms)-w	p95(ms)-w	p99(ms)-w	pMax(ms)-w	total-w	elapsed	errors	ops(total)	ops/sec(cum)	avg(ms)	p50(ms)	p95(ms)	p99(ms)	pMax(ms)
54	0.0	0.0	704681.0	23488.600000000002	17.7875	11.9875	35.699999999999996	52.13749999999999	4026.5	0.0	0.0	0.0	704681.0	23488.600000000002	17.7875	11.9875	35.699999999999996	52.13749999999999	4026.5
