concurrency	elapsed-r	errors-r	ops(total)-r	ops/sec(cum)-r	avg(ms)-r	p50(ms)-r	p95(ms)-r	p99(ms)-r	pMax(ms)-r	total-r	elapsed-w	errors-w	ops(total)-w	ops/sec(cum)-w	avg(ms)-w	p50(ms)-w	p95(ms)-w	p99(ms)-w	pMax(ms)-w	total-w	elapsed	errors	ops(total)	ops/sec(cum)	avg(ms)	p50(ms)	p95(ms)	p99(ms)	pMax(ms)
6	0.0	0.0	360868.0	12028.800000000003	2.7	2.3499999999999996	5.5249999999999995	6.825	13.949999999999998	0.0	0.0	0.0	18843.0	628.0999999999999	20.4375	20.175	52.39999999999999	61.5875	73.925	0.0	0.0	0.0	379711.0	12656.800000000003	3.575	2.425	6.0625	38.224999999999994	73.925
