concurrency	elapsed-r	errors-r	ops(total)-r	ops/sec(cum)-r	avg(ms)-r	p50(ms)-r	p95(ms)-r	p99(ms)-r	pMax(ms)-r	total-r	elapsed-w	errors-w	ops(total)-w	ops/sec(cum)-w	avg(ms)-w	p50(ms)-w	p95(ms)-w	p99(ms)-w	pMax(ms)-w	total-w	elapsed	errors	ops(total)	ops/sec(cum)	avg(ms)	p50(ms)	p95(ms)	p99(ms)	pMax(ms)
8	0.0	0.0	361732.0	12057.4	2.5875	2.275	5.025	6.35	13.5625	0.0	0.0	0.0	19160.0	638.6999999999999	46.9	67.3625	100.70000000000002	109.61250000000001	120.025	0.0	0.0	0.0	380892.0	12696.1	4.812499999999999	2.35	5.75	88.10000000000001	120.025
