concurrency	elapsed-r	errors-r	ops(total)-r	ops/sec(cum)-r	avg(ms)-r	p50(ms)-r	p95(ms)-r	p99(ms)-r	pMax(ms)-r	total-r	elapsed-w	errors-w	ops(total)-w	ops/sec(cum)-w	avg(ms)-w	p50(ms)-w	p95(ms)-w	p99(ms)-w	pMax(ms)-w	total-w	elapsed	errors	ops(total)	ops/sec(cum)	avg(ms)	p50(ms)	p95(ms)	p99(ms)	pMax(ms)
46	0.0	0.0	4485962.0	149528.5	1.9500000000000002	1.8125	3.55	6.5874999999999995	218.09999999999997	0.0	0.0	0.0	236086.0	7869.3	2.0749999999999997	1.8250000000000002	3.7250000000000005	8.175	156.4875	0.0	0.0	0.0	4722048.0	157397.9	1.9625000000000001	1.8125	3.55	6.675	218.09999999999997
