concurrency	elapsed-r	errors-r	ops(total)-r	ops/sec(cum)-r	avg(ms)-r	p50(ms)-r	p95(ms)-r	p99(ms)-r	pMax(ms)-r	total-r	elapsed-w	errors-w	ops(total)-w	ops/sec(cum)-w	avg(ms)-w	p50(ms)-w	p95(ms)-w	p99(ms)-w	pMax(ms)-w	total-w	elapsed	errors	ops(total)	ops/sec(cum)	avg(ms)	p50(ms)	p95(ms)	p99(ms)	pMax(ms)
43	0.0	0.0	2129197.0	70971.0	4.0625	3.3875	9.325	15.624999999999998	64.21249999999999	0.0	0.0	0.0	112139.0	3737.9000000000005	6.0249999999999995	4.0375	16.4625	25.574999999999996	60.275	0.0	0.0	0.0	2241336.0	74708.90000000001	4.1625	3.4000000000000004	9.875	16.775	69.9875
