concurrency	elapsed-r	errors-r	ops(total)-r	ops/sec(cum)-r	avg(ms)-r	p50(ms)-r	p95(ms)-r	p99(ms)-r	pMax(ms)-r	total-r	elapsed-w	errors-w	ops(total)-w	ops/sec(cum)-w	avg(ms)-w	p50(ms)-w	p95(ms)-w	p99(ms)-w	pMax(ms)-w	total-w	elapsed	errors	ops(total)	ops/sec(cum)	avg(ms)	p50(ms)	p95(ms)	p99(ms)	pMax(ms)
89	0.0	0.0	2492814.0	83090.70000000001	2.1666666666666665	1.4666666666666668	5.7	9.200000000000001	27.599999999999998	0.0	0.0	0.0	131734.0	4391.0	21.266666666666666	2.6333333333333333	116.73333333333335	133.5	170.5666666666667	0.0	0.0	0.0	2624548.0	87481.7	3.1333333333333333	1.4666666666666668	6.0	17.133333333333333	170.5666666666667
