concurrency	elapsed-r	errors-r	ops(total)-r	ops/sec(cum)-r	avg(ms)-r	p50(ms)-r	p95(ms)-r	p99(ms)-r	pMax(ms)-r	total-r	elapsed-w	errors-w	ops(total)-w	ops/sec(cum)-w	avg(ms)-w	p50(ms)-w	p95(ms)-w	p99(ms)-w	pMax(ms)-w	total-w	elapsed	errors	ops(total)	ops/sec(cum)	avg(ms)	p50(ms)	p95(ms)	p99(ms)	pMax(ms)
17	0.0	0.0	986911.0	32896.399999999994	3.425	2.1750000000000003	9.15	24.924999999999997	209.69999999999996	0.0	0.0	0.0	52342.0	1744.8999999999999	8.700000000000001	4.0125	37.724999999999994	58.43750000000001	205.5	0.0	0.0	0.0	1039253.0	34640.899999999994	3.7	2.2375000000000003	9.85	31.087500000000002	213.89999999999995
