concurrency	elapsed-r	errors-r	ops(total)-r	ops/sec(cum)-r	avg(ms)-r	p50(ms)-r	p95(ms)-r	p99(ms)-r	pMax(ms)-r	total-r	elapsed	errors	ops(total)	ops/sec(cum)	avg(ms)	p50(ms)	p95(ms)	p99(ms)	pMax(ms)
13	0.0	0.0	1368395.0	45612.50000000001	2.0875000000000004	1.9874999999999998	3.475	6.062499999999999	16.587500000000002	0.0	0.0	0.0	1368395.0	45612.50000000001	2.0875000000000004	1.9874999999999998	3.475	6.062499999999999	16.587500000000002
