concurrency	elapsed-r	errors-r	ops(total)-r	ops/sec(cum)-r	avg(ms)-r	p50(ms)-r	p95(ms)-r	p99(ms)-r	pMax(ms)-r	total-r	elapsed	errors	ops(total)	ops/sec(cum)	avg(ms)	p50(ms)	p95(ms)	p99(ms)	pMax(ms)
24	0.0	0.0	1402614.0	46753.2	1.9	1.8	3.0500000000000003	5.5	16.650000000000002	0.0	0.0	0.0	1402614.0	46753.2	1.9	1.8	3.0500000000000003	5.5	16.650000000000002
