concurrency	elapsed-r	errors-r	ops(total)-r	ops/sec(cum)-r	avg(ms)-r	p50(ms)-r	p95(ms)-r	p99(ms)-r	pMax(ms)-r	total-r	elapsed-w	errors-w	ops(total)-w	ops/sec(cum)-w	avg(ms)-w	p50(ms)-w	p95(ms)-w	p99(ms)-w	pMax(ms)-w	total-w	elapsed	errors	ops(total)	ops/sec(cum)	avg(ms)	p50(ms)	p95(ms)	p99(ms)	pMax(ms)
39	0.0	0.0	739960.0	24664.8	3.266666666666667	2.6	7.0	16.099999999999998	72.7	0.0	0.0	0.0	38644.0	1288.1	1.3999999999999997	1.0	3.1	7.5	55.199999999999996	0.0	0.0	0.0	778604.0	25952.8	3.1666666666666665	2.5	6.8	15.533333333333331	72.7
