ops/sec(cum)	p50(ms)	p99(ms)	read_tp	read_p50	read_p99	write_tp	write_p50	write_p99
282919.5	0.19758333333333333	0.8581666666666666	272126.56666666665	0.19716666666666666	0.8581666666666666	10791.933333333334	0.198	0.8685
