concurrency	elapsed-w	errors-w	ops(total)-w	ops/sec(cum)-w	avg(ms)-w	p50(ms)-w	p95(ms)-w	p99(ms)-w	pMax(ms)-w	total-w	elapsed	errors	ops(total)	ops/sec(cum)	avg(ms)	p50(ms)	p95(ms)	p99(ms)	pMax(ms)
58	0.0	0.0	4620002.0	153995.7	2.6875	1.9499999999999997	6.874999999999999	11.125	164.625	0.0	0.0	0.0	4620002.0	153995.7	2.6875	1.9499999999999997	6.874999999999999	11.125	164.625
