concurrency	elapsed-r	errors-r	ops(total)-r	ops/sec(cum)-r	avg(ms)-r	p50(ms)-r	p95(ms)-r	p99(ms)-r	pMax(ms)-r	total-r	elapsed-w	errors-w	ops(total)-w	ops/sec(cum)-w	avg(ms)-w	p50(ms)-w	p95(ms)-w	p99(ms)-w	pMax(ms)-w	total-w	elapsed	errors	ops(total)	ops/sec(cum)	avg(ms)	p50(ms)	p95(ms)	p99(ms)	pMax(ms)
28	0.0	0.0	1281099.0	42702.5	1.3999999999999997	1.0	3.5	6.3	30.766666666666666	0.0	0.0	0.0	67285.0	2242.8	7.0	1.6000000000000003	37.7	50.29999999999999	72.7	0.0	0.0	0.0	1348384.0	44945.3	1.7	1.0	3.733333333333333	10.166666666666666	72.7
