concurrency	elapsed-r	errors-r	ops(total)-r	ops/sec(cum)-r	avg(ms)-r	p50(ms)-r	p95(ms)-r	p99(ms)-r	pMax(ms)-r	total-r	elapsed-w	errors-w	ops(total)-w	ops/sec(cum)-w	avg(ms)-w	p50(ms)-w	p95(ms)-w	p99(ms)-w	pMax(ms)-w	total-w	elapsed	errors	ops(total)	ops/sec(cum)	avg(ms)	p50(ms)	p95(ms)	p99(ms)	pMax(ms)
160	0.0	0.0	4502516.0	150074.19999999998	5.56	4.4399999999999995	14.319999999999999	23.04	182.88	0.0	0.0	0.0	237418.0	7913.4	14.479999999999999	13.059999999999999	30.080000000000002	41.22	157.74	0.0	0.0	0.0	4739934.0	157987.59999999998	5.9799999999999995	4.54	16.9	26.52	182.88
