concurrency	elapsed-r	errors-r	ops(total)-r	ops/sec(cum)-r	avg(ms)-r	p50(ms)-r	p95(ms)-r	p99(ms)-r	pMax(ms)-r	total-r	elapsed-w	errors-w	ops(total)-w	ops/sec(cum)-w	avg(ms)-w	p50(ms)-w	p95(ms)-w	p99(ms)-w	pMax(ms)-w	total-w	elapsed	errors	ops(total)	ops/sec(cum)	avg(ms)	p50(ms)	p95(ms)	p99(ms)	pMax(ms)
12	0.0	0.0	515860.0	17195.2	1.6000000000000003	1.3999999999999997	3.4	7.099999999999999	102.06666666666666	0.0	0.0	0.0	27027.0	900.8999999999999	2.8333333333333335	2.5	5.866666666666667	12.266666666666666	58.699999999999996	0.0	0.0	0.0	542887.0	18096.0	1.7	1.3999999999999997	3.5	7.5	103.46666666666665
