concurrency	elapsed-r	errors-r	ops(total)-r	ops/sec(cum)-r	avg(ms)-r	p50(ms)-r	p95(ms)-r	p99(ms)-r	pMax(ms)-r	total-r	elapsed-w	errors-w	ops(total)-w	ops/sec(cum)-w	avg(ms)-w	p50(ms)-w	p95(ms)-w	p99(ms)-w	pMax(ms)-w	total-w	elapsed	errors	ops(total)	ops/sec(cum)	avg(ms)	p50(ms)	p95(ms)	p99(ms)	pMax(ms)
46	0.0	0.0	1111821.0	37059.600000000006	2.5	2.1	6.0	15.699999999999998	76.89999999999999	0.0	0.0	0.0	58239.0	1941.2	1.1333333333333333	0.9	2.6999999999999997	6.366666666666667	41.9	0.0	0.0	0.0	1170060.0	39000.8	2.5	1.8999999999999997	5.7	15.199999999999998	76.89999999999999
