concurrency	elapsed-r	errors-r	ops(total)-r	ops/sec(cum)-r	avg(ms)-r	p50(ms)-r	p95(ms)-r	p99(ms)-r	pMax(ms)-r	total-r	elapsed	errors	ops(total)	ops/sec(cum)	avg(ms)	p50(ms)	p95(ms)	p99(ms)	pMax(ms)
47	0.0	0.0	1557848.0	51926.7	6.7124999999999995	6.1	14.512500000000001	21.5	70.5	0.0	0.0	0.0	1557848.0	51926.7	6.7124999999999995	6.1	14.512500000000001	21.5	70.5
