ops/sec(cum)	p50(ms)	p99(ms)	read_tp	read_p50	read_p99	write_tp	write_p50	write_p99
250615.85	0.283	2.042666666666667	238103.4166666667	0.28099999999999997	2.042666666666667	12511.433333333334	0.285	2.082
