concurrency	elapsed-r	errors-r	ops(total)-r	ops/sec(cum)-r	avg(ms)-r	p50(ms)-r	p95(ms)-r	p99(ms)-r	pMax(ms)-r	total-r	elapsed-w	errors-w	ops(total)-w	ops/sec(cum)-w	avg(ms)-w	p50(ms)-w	p95(ms)-w	p99(ms)-w	pMax(ms)-w	total-w	elapsed	errors	ops(total)	ops/sec(cum)	avg(ms)	p50(ms)	p95(ms)	p99(ms)	pMax(ms)
47	0.0	0.0	2658191.0	59069.600000000006	2.5	1.7	8.059999999999999	19.9	82.22	0.0	0.0	0.0	140488.0	3121.8	5.0200000000000005	3.4	16.9	31.7	67.1	0.0	0.0	0.0	2798679.0	62191.5	2.6599999999999997	1.78	8.9	20.119999999999997	84.73999999999998
