concurrency	elapsed-r	errors-r	ops(total)-r	ops/sec(cum)-r	avg(ms)-r	p50(ms)-r	p95(ms)-r	p99(ms)-r	pMax(ms)-r	total-r	elapsed-w	errors-w	ops(total)-w	ops/sec(cum)-w	avg(ms)-w	p50(ms)-w	p95(ms)-w	p99(ms)-w	pMax(ms)-w	total-w	elapsed	errors	ops(total)	ops/sec(cum)	avg(ms)	p50(ms)	p95(ms)	p99(ms)	pMax(ms)
42	0.0	0.0	4563709.0	152120.69999999998	1.7375000000000003	1.6375000000000002	3.0999999999999996	5.699999999999999	217.04999999999995	0.0	0.0	0.0	240043.0	8001.3	1.9249999999999998	1.6375000000000002	3.3249999999999997	7.337500000000001	201.325	0.0	0.0	0.0	4803752.0	160121.9	1.7375000000000003	1.6375000000000002	3.125	5.7124999999999995	217.04999999999995
