concurrency	elapsed-w	errors-w	ops(total)-w	ops/sec(cum)-w	avg(ms)-w	p50(ms)-w	p95(ms)-w	p99(ms)-w	pMax(ms)-w	total-w	elapsed	errors	ops(total)	ops/sec(cum)	avg(ms)	p50(ms)	p95(ms)	p99(ms)	pMax(ms)
28	0.0	0.0	3601383.0	120044.0	1.6874999999999998	1.525	4.125	5.375	29.612500000000004	0.0	0.0	0.0	3601383.0	120044.0	1.6874999999999998	1.525	4.125	5.375	29.612500000000004
