concurrency	elapsed-r	errors-r	ops(total)-r	ops/sec(cum)-r	avg(ms)-r	p50(ms)-r	p95(ms)-r	p99(ms)-r	pMax(ms)-r	total-r	elapsed-w	errors-w	ops(total)-w	ops/sec(cum)-w	avg(ms)-w	p50(ms)-w	p95(ms)-w	p99(ms)-w	pMax(ms)-w	total-w	elapsed	errors	ops(total)	ops/sec(cum)	avg(ms)	p50(ms)	p95(ms)	p99(ms)	pMax(ms)
80	0.0	0.0	4248819.0	141622.5	2.84	2.44	6.08	13.219999999999999	47.58	0.0	0.0	0.0	223850.0	7461.400000000001	5.5600000000000005	4.8999999999999995	12.780000000000001	18.139999999999997	39.62	0.0	0.0	0.0	4472669.0	149083.9	3.02	2.46	6.74	13.780000000000001	47.58
