concurrency	elapsed-r	errors-r	ops(total)-r	ops/sec(cum)-r	avg(ms)-r	p50(ms)-r	p95(ms)-r	p99(ms)-r	pMax(ms)-r	total-r	elapsed	errors	ops(total)	ops/sec(cum)	avg(ms)	p50(ms)	p95(ms)	p99(ms)	pMax(ms)
63	0.0	0.0	1560407.0	52011.8	9.0375	8.2	19.650000000000002	28.075000000000003	92.27499999999999	0.0	0.0	0.0	1560407.0	52011.8	9.0375	8.2	19.650000000000002	28.075000000000003	92.27499999999999
