concurrency	elapsed-r	errors-r	ops(total)-r	ops/sec(cum)-r	avg(ms)-r	p50(ms)-r	p95(ms)-r	p99(ms)-r	pMax(ms)-r	total-r	elapsed-w	errors-w	ops(total)-w	ops/sec(cum)-w	avg(ms)-w	p50(ms)-w	p95(ms)-w	p99(ms)-w	pMax(ms)-w	total-w	elapsed	errors	ops(total)	ops/sec(cum)	avg(ms)	p50(ms)	p95(ms)	p99(ms)	pMax(ms)
55	0.0	0.0	1809340.0	60309.299999999996	6.199999999999999	5.1125	15.299999999999999	24.4	72.0875	0.0	0.0	0.0	95432.0	3180.9999999999995	10.1375	7.8999999999999995	26.4875	38.25	82.325	0.0	0.0	0.0	1904772.0	63490.00000000001	6.3875	5.1125	16.375	25.5625	83.375
