concurrency	elapsed-r	errors-r	ops(total)-r	ops/sec(cum)-r	avg(ms)-r	p50(ms)-r	p95(ms)-r	p99(ms)-r	pMax(ms)-r	total-r	elapsed-w	errors-w	ops(total)-w	ops/sec(cum)-w	avg(ms)-w	p50(ms)-w	p95(ms)-w	p99(ms)-w	pMax(ms)-w	total-w	elapsed	errors	ops(total)	ops/sec(cum)	avg(ms)	p50(ms)	p95(ms)	p99(ms)	pMax(ms)
40	0.0	0.0	2847988.0	94930.7	2.7875	2.5875	5.075	9.175	28.187499999999996	0.0	0.0	0.0	150417.0	5013.599999999999	3.1749999999999994	2.675	7.5875	11.7625	26.2375	0.0	0.0	0.0	2998405.0	99944.5	2.8000000000000003	2.5875	5.175	9.4	28.4625
