concurrency	elapsed-w	errors-w	ops(total)-w	ops/sec(cum)-w	avg(ms)-w	p50(ms)-w	p95(ms)-w	p99(ms)-w	pMax(ms)-w	total-w	elapsed	errors	ops(total)	ops/sec(cum)	avg(ms)	p50(ms)	p95(ms)	p99(ms)	pMax(ms)
64	0.0	0.0	727593.0	24251.899999999998	20.6125	15.324999999999998	54.23750000000001	72.35	205.51250000000002	0.0	0.0	0.0	727593.0	24251.899999999998	20.6125	15.324999999999998	54.23750000000001	72.35	205.51250000000002
