concurrency	elapsed-r	errors-r	ops(total)-r	ops/sec(cum)-r	avg(ms)-r	p50(ms)-r	p95(ms)-r	p99(ms)-r	pMax(ms)-r	total-r	elapsed	errors	ops(total)	ops/sec(cum)	avg(ms)	p50(ms)	p95(ms)	p99(ms)	pMax(ms)
15	0.0	0.0	991386.0	33045.6	3.4250000000000003	3.2625	6.1499999999999995	8.375	23.5875	0.0	0.0	0.0	991386.0	33045.6	3.4250000000000003	3.2625	6.1499999999999995	8.375	23.5875
