concurrency	elapsed-r	errors-r	ops(total)-r	ops/sec(cum)-r	avg(ms)-r	p50(ms)-r	p95(ms)-r	p99(ms)-r	pMax(ms)-r	total-r	elapsed-w	errors-w	ops(total)-w	ops/sec(cum)-w	avg(ms)-w	p50(ms)-w	p95(ms)-w	p99(ms)-w	pMax(ms)-w	total-w	elapsed	errors	ops(total)	ops/sec(cum)	avg(ms)	p50(ms)	p95(ms)	p99(ms)	pMax(ms)
34	0.0	0.0	2261480.0	50253.9	2.32	1.6400000000000001	5.78	17.8	95.64000000000001	0.0	0.0	0.0	119182.0	2648.4	4.7	3.34	13.959999999999999	31.060000000000002	78.86	0.0	0.0	0.0	2380662.0	52902.40000000001	2.44	1.7	6.4	18.02	95.64000000000001
