concurrency	elapsed-r	errors-r	ops(total)-r	ops/sec(cum)-r	avg(ms)-r	p50(ms)-r	p95(ms)-r	p99(ms)-r	pMax(ms)-r	total-r	elapsed	errors	ops(total)	ops/sec(cum)	avg(ms)	p50(ms)	p95(ms)	p99(ms)	pMax(ms)
65	0.0	0.0	1554529.0	51815.7	9.3625	8.575	20.175	28.300000000000004	160.67499999999998	0.0	0.0	0.0	1554529.0	51815.7	9.3625	8.575	20.175	28.300000000000004	160.67499999999998
