concurrency	elapsed-r	errors-r	ops(total)-r	ops/sec(cum)-r	avg(ms)-r	p50(ms)-r	p95(ms)-r	p99(ms)-r	pMax(ms)-r	total-r	elapsed-w	errors-w	ops(total)-w	ops/sec(cum)-w	avg(ms)-w	p50(ms)-w	p95(ms)-w	p99(ms)-w	pMax(ms)-w	total-w	elapsed	errors	ops(total)	ops/sec(cum)	avg(ms)	p50(ms)	p95(ms)	p99(ms)	pMax(ms)
48	0.0	0.0	1952910.0	65095.100000000006	4.9125000000000005	4.2749999999999995	11.7875	18.625	73.6625	0.0	0.0	0.0	102458.0	3415.3000000000006	8.9	8.225	20.175	27.425000000000004	50.56249999999999	0.0	0.0	0.0	2055368.0	68510.3	5.1125	4.375	12.599999999999998	19.400000000000002	76.025
