concurrency	elapsed-w	errors-w	ops(total)-w	ops/sec(cum)-w	avg(ms)-w	p50(ms)-w	p95(ms)-w	p99(ms)-w	pMax(ms)-w	total-w	elapsed	errors	ops(total)	ops/sec(cum)	avg(ms)	p50(ms)	p95(ms)	p99(ms)	pMax(ms)
6	0.0	0.0	460890.0	15362.7	2.9	2.1999999999999997	5.35	27.162500000000005	52.92500000000001	0.0	0.0	0.0	460890.0	15362.7	2.9	2.1999999999999997	5.35	27.162500000000005	52.92500000000001
