concurrency	elapsed-r	errors-r	ops(total)-r	ops/sec(cum)-r	avg(ms)-r	p50(ms)-r	p95(ms)-r	p99(ms)-r	pMax(ms)-r	total-r	elapsed-w	errors-w	ops(total)-w	ops/sec(cum)-w	avg(ms)-w	p50(ms)-w	p95(ms)-w	p99(ms)-w	pMax(ms)-w	total-w	elapsed	errors	ops(total)	ops/sec(cum)	avg(ms)	p50(ms)	p95(ms)	p99(ms)	pMax(ms)
50	0.0	0.0	3479123.0	115967.7	2.9374999999999996	2.7625	4.775	9.5125	51.400000000000006	0.0	0.0	0.0	182631.0	6087.5	2.9374999999999996	2.7625	4.775	9.4625	22.4125	0.0	0.0	0.0	3661754.0	122055.29999999999	2.9374999999999996	2.7625	4.775	9.5125	51.400000000000006
