concurrency	elapsed-r	errors-r	ops(total)-r	ops/sec(cum)-r	avg(ms)-r	p50(ms)-r	p95(ms)-r	p99(ms)-r	pMax(ms)-r	total-r	elapsed-w	errors-w	ops(total)-w	ops/sec(cum)-w	avg(ms)-w	p50(ms)-w	p95(ms)-w	p99(ms)-w	pMax(ms)-w	total-w	elapsed	errors	ops(total)	ops/sec(cum)	avg(ms)	p50(ms)	p95(ms)	p99(ms)	pMax(ms)
51	0.0	0.0	1280348.0	42676.6	8.187500000000002	7.35	18.2125	26.75	69.9875	0.0	0.0	0.0	67383.0	2246.1	15.05	14.2875	29.762500000000003	40.0625	75.2375	0.0	0.0	0.0	1347731.0	44922.600000000006	8.525	7.425	19.400000000000002	28.075	79.4375
