concurrency	elapsed-r	errors-r	ops(total)-r	ops/sec(cum)-r	avg(ms)-r	p50(ms)-r	p95(ms)-r	p99(ms)-r	pMax(ms)-r	total-r	elapsed-w	errors-w	ops(total)-w	ops/sec(cum)-w	avg(ms)-w	p50(ms)-w	p95(ms)-w	p99(ms)-w	pMax(ms)-w	total-w	elapsed	errors	ops(total)	ops/sec(cum)	avg(ms)	p50(ms)	p95(ms)	p99(ms)	pMax(ms)
78	0.0	0.0	495462.0	8257.7	3.0749999999999997	1.9500000000000002	9.424999999999999	23.85	65.525	0.0	0.0	0.0	25713.0	428.40000000000003	6.7	3.5999999999999996	24.675	42.425000000000004	84.94999999999999	0.0	0.0	0.0	521175.0	8686.1	3.2249999999999996	1.975	10.5	25.95	84.94999999999999
