concurrency	elapsed-r	errors-r	ops(total)-r	ops/sec(cum)-r	avg(ms)-r	p50(ms)-r	p95(ms)-r	p99(ms)-r	pMax(ms)-r	total-r	elapsed-w	errors-w	ops(total)-w	ops/sec(cum)-w	avg(ms)-w	p50(ms)-w	p95(ms)-w	p99(ms)-w	pMax(ms)-w	total-w	elapsed	errors	ops(total)	ops/sec(cum)	avg(ms)	p50(ms)	p95(ms)	p99(ms)	pMax(ms)
26	0.0	0.0	468648.0	15621.3	3.2000000000000006	2.0	9.4	14.199999999999998	42.6	0.0	0.0	0.0	24359.0	812.0	26.766666666666666	4.2	151.0	176.19999999999996	204.1	0.0	0.0	0.0	493007.0	16433.1	4.333333333333333	2.033333333333333	10.0	23.100000000000005	204.1
