concurrency	elapsed-r	errors-r	ops(total)-r	ops/sec(cum)-r	avg(ms)-r	p50(ms)-r	p95(ms)-r	p99(ms)-r	pMax(ms)-r	total-r	elapsed-w	errors-w	ops(total)-w	ops/sec(cum)-w	avg(ms)-w	p50(ms)-w	p95(ms)-w	p99(ms)-w	pMax(ms)-w	total-w	elapsed	errors	ops(total)	ops/sec(cum)	avg(ms)	p50(ms)	p95(ms)	p99(ms)	pMax(ms)
163	0.0	0.0	4469683.0	148973.69999999998	4.880000000000001	3.6	14.64	26.1	223.1	0.0	0.0	0.0	234291.0	7808.999999999999	22.88	12.0	31.139999999999997	515.9000000000001	1544.76	0.0	0.0	0.0	4703974.0	156782.59999999998	5.76	3.7	16.22	29.459999999999997	1545.18
