concurrency	elapsed-r	errors-r	ops(total)-r	ops/sec(cum)-r	avg(ms)-r	p50(ms)-r	p95(ms)-r	p99(ms)-r	pMax(ms)-r	total-r	elapsed-w	errors-w	ops(total)-w	ops/sec(cum)-w	avg(ms)-w	p50(ms)-w	p95(ms)-w	p99(ms)-w	pMax(ms)-w	total-w	elapsed	errors	ops(total)	ops/sec(cum)	avg(ms)	p50(ms)	p95(ms)	p99(ms)	pMax(ms)
38	0.0	0.0	2859611.0	95318.3	2.6375	2.45	4.825	8.7875	35.625	0.0	0.0	0.0	150309.0	5010.200000000001	3.0500000000000003	2.5875	7.224999999999999	11.4125	33.5625	0.0	0.0	0.0	3009920.0	100328.5	2.6750000000000003	2.45	4.875	8.85	39.0375
