concurrency	elapsed-w	errors-w	ops(total)-w	ops/sec(cum)-w	avg(ms)-w	p50(ms)-w	p95(ms)-w	p99(ms)-w	pMax(ms)-w	total-w	elapsed	errors	ops(total)	ops/sec(cum)	avg(ms)	p50(ms)	p95(ms)	p99(ms)	pMax(ms)
59	0.0	0.0	735234.0	24506.8	18.787499999999998	12.924999999999999	46.625	64.47500000000001	3221.2000000000003	0.0	0.0	0.0	735234.0	24506.8	18.787499999999998	12.924999999999999	46.625	64.47500000000001	3221.2000000000003
