concurrency	elapsed-w	errors-w	ops(total)-w	ops/sec(cum)-w	avg(ms)-w	p50(ms)-w	p95(ms)-w	p99(ms)-w	pMax(ms)-w	total-w	elapsed	errors	ops(total)	ops/sec(cum)	avg(ms)	p50(ms)	p95(ms)	p99(ms)	pMax(ms)
15	0.0	0.0	30412.0	1013.7	58.72500000000001	3.7750000000000004	192.9	192.9	209.7	0.0	0.0	0.0	30412.0	1013.7	58.72500000000001	3.7750000000000004	192.9	192.9	209.7
