concurrency	elapsed-r	errors-r	ops(total)-r	ops/sec(cum)-r	avg(ms)-r	p50(ms)-r	p95(ms)-r	p99(ms)-r	pMax(ms)-r	total-r	elapsed-w	errors-w	ops(total)-w	ops/sec(cum)-w	avg(ms)-w	p50(ms)-w	p95(ms)-w	p99(ms)-w	pMax(ms)-w	total-w	elapsed	errors	ops(total)	ops/sec(cum)	avg(ms)	p50(ms)	p95(ms)	p99(ms)	pMax(ms)
31	0.0	0.0	1922409.0	64078.9	3.1875	2.7750000000000004	7.375	12.2	56.7375	0.0	0.0	0.0	101379.0	3379.3	5.800000000000001	5.3125	12.724999999999998	18.875000000000004	35.0	0.0	0.0	0.0	2023788.0	67458.0	3.35	2.85	7.925000000000001	12.912499999999998	56.7375
