concurrency	elapsed-r	errors-r	ops(total)-r	ops/sec(cum)-r	avg(ms)-r	p50(ms)-r	p95(ms)-r	p99(ms)-r	pMax(ms)-r	total-r	elapsed-w	errors-w	ops(total)-w	ops/sec(cum)-w	avg(ms)-w	p50(ms)-w	p95(ms)-w	p99(ms)-w	pMax(ms)-w	total-w	elapsed	errors	ops(total)	ops/sec(cum)	avg(ms)	p50(ms)	p95(ms)	p99(ms)	pMax(ms)
13	0.0	0.0	664124.0	22137.000000000004	3.2499999999999996	2.5749999999999997	6.5249999999999995	15.9375	92.81250000000001	0.0	0.0	0.0	34515.0	1150.6	23.262500000000003	22.825	37.199999999999996	45.8375	101.2125	0.0	0.0	0.0	698639.0	23287.4	4.225	2.6250000000000004	17.15	33.075	103.30000000000001
