ops/sec(cum)	p50(ms)	p99(ms)	read_tp	read_p50	read_p99	write_tp	write_p50	write_p99
249726.45	0.23966666666666667	1.1588333333333334	239268.73333333334	0.23933333333333334	1.1588333333333334	10456.716666666667	0.24	1.1505
