concurrency	elapsed-r	errors-r	ops(total)-r	ops/sec(cum)-r	avg(ms)-r	p50(ms)-r	p95(ms)-r	p99(ms)-r	pMax(ms)-r	total-r	elapsed-w	errors-w	ops(total)-w	ops/sec(cum)-w	avg(ms)-w	p50(ms)-w	p95(ms)-w	p99(ms)-w	pMax(ms)-w	total-w	elapsed	errors	ops(total)	ops/sec(cum)	avg(ms)	p50(ms)	p95(ms)	p99(ms)	pMax(ms)
22	0.0	0.0	631599.0	21052.600000000002	4.8	2.3375000000000004	7.4125000000000005	94.39999999999999	226.50000000000003	0.0	0.0	0.0	33027.0	1100.8	63.624999999999986	62.37499999999999	81.27499999999999	151.0	246.4125	0.0	0.0	0.0	664626.0	22153.5	7.7124999999999995	2.3875	59.224999999999994	97.025	250.61250000000004
