ops/sec(cum)	p50(ms)	p99(ms)	read_tp	read_p50	read_p99	write_tp	write_p50	write_p99
229358.21666666667	0.3245	2.364333333333333	217914.18333333332	0.32233333333333336	2.364333333333333	11443.033333333333	0.32666666666666666	2.427
