ops/sec(cum)	p50(ms)	p99(ms)	read_tp	read_p50	read_p99	write_tp	write_p50	write_p99
206908.5166666667	0.26283333333333336	1.839	196574.8	0.261	1.839	10332.716666666667	0.26466666666666666	1.8676666666666668
