concurrency	elapsed-r	errors-r	ops(total)-r	ops/sec(cum)-r	avg(ms)-r	p50(ms)-r	p95(ms)-r	p99(ms)-r	pMax(ms)-r	total-r	elapsed-w	errors-w	ops(total)-w	ops/sec(cum)-w	avg(ms)-w	p50(ms)-w	p95(ms)-w	p99(ms)-w	pMax(ms)-w	total-w	elapsed	errors	ops(total)	ops/sec(cum)	avg(ms)	p50(ms)	p95(ms)	p99(ms)	pMax(ms)
46	0.0	0.0	3507682.0	116919.4	2.7500000000000004	2.3625	7.499999999999999	11.0	79.1625	0.0	0.0	0.0	184717.0	6157.100000000001	2.7875	2.375	7.725	11.0625	38.2625	0.0	0.0	0.0	3692399.0	123076.40000000001	2.7500000000000004	2.3625	7.5375	11.0	87.02499999999999
