concurrency	elapsed-r	errors-r	ops(total)-r	ops/sec(cum)-r	avg(ms)-r	p50(ms)-r	p95(ms)-r	p99(ms)-r	pMax(ms)-r	total-r	elapsed-w	errors-w	ops(total)-w	ops/sec(cum)-w	avg(ms)-w	p50(ms)-w	p95(ms)-w	p99(ms)-w	pMax(ms)-w	total-w	elapsed	errors	ops(total)	ops/sec(cum)	avg(ms)	p50(ms)	p95(ms)	p99(ms)	pMax(ms)
96	0.0	0.0	4376393.0	145872.6	3.2399999999999998	2.82	6.840000000000001	14.7	62.279999999999994	0.0	0.0	0.0	230695.0	7689.5	7.260000000000001	6.62	15.4	22.259999999999998	54.94	0.0	0.0	0.0	4607088.0	153562.09999999998	3.44	2.84	8.08	15.4	63.120000000000005
