concurrency	elapsed-r	errors-r	ops(total)-r	ops/sec(cum)-r	avg(ms)-r	p50(ms)-r	p95(ms)-r	p99(ms)-r	pMax(ms)-r	total-r	elapsed	errors	ops(total)	ops/sec(cum)	avg(ms)	p50(ms)	p95(ms)	p99(ms)	pMax(ms)
14	0.0	0.0	982080.0	32735.499999999996	3.2500000000000004	3.05	5.699999999999999	7.675	22.962500000000002	0.0	0.0	0.0	982080.0	32735.499999999996	3.2500000000000004	3.05	5.699999999999999	7.675	22.962500000000002
