concurrency	elapsed-r	errors-r	ops(total)-r	ops/sec(cum)-r	avg(ms)-r	p50(ms)-r	p95(ms)-r	p99(ms)-r	pMax(ms)-r	total-r	elapsed-w	errors-w	ops(total)-w	ops/sec(cum)-w	avg(ms)-w	p50(ms)-w	p95(ms)-w	p99(ms)-w	pMax(ms)-w	total-w	elapsed	errors	ops(total)	ops/sec(cum)	avg(ms)	p50(ms)	p95(ms)	p99(ms)	pMax(ms)
4	0.0	0.0	284302.0	9476.6	2.825	2.275	5.6	7.05	14.3375	0.0	0.0	0.0	14793.0	493.1	6.3500000000000005	4.175000000000001	17.487499999999997	24.637499999999996	40.075	0.0	0.0	0.0	299095.0	9969.700000000003	3.0124999999999997	2.3875	5.975	10.1	40.075
