concurrency	elapsed-r	errors-r	ops(total)-r	ops/sec(cum)-r	avg(ms)-r	p50(ms)-r	p95(ms)-r	p99(ms)-r	pMax(ms)-r	total-r	elapsed-w	errors-w	ops(total)-w	ops/sec(cum)-w	avg(ms)-w	p50(ms)-w	p95(ms)-w	p99(ms)-w	pMax(ms)-w	total-w	elapsed	errors	ops(total)	ops/sec(cum)	avg(ms)	p50(ms)	p95(ms)	p99(ms)	pMax(ms)
7	0.0	0.0	315076.0	10502.3	3.2124999999999995	2.8	6.325	7.775	16.337500000000002	0.0	0.0	0.0	16465.0	548.7	36.0375	18.75	90.2	101.75000000000001	115.31249999999999	0.0	0.0	0.0	331541.0	11051.0	4.8500000000000005	2.9000000000000004	7.012499999999999	74.45	115.31249999999999
