concurrency	elapsed-w	errors-w	ops(total)-w	ops/sec(cum)-w	avg(ms)-w	p50(ms)-w	p95(ms)-w	p99(ms)-w	pMax(ms)-w	total-w	elapsed	errors	ops(total)	ops/sec(cum)	avg(ms)	p50(ms)	p95(ms)	p99(ms)	pMax(ms)
16	0.0	0.0	3979256.0	132640.5	0.7875	0.65	1.7500000000000002	2.5500000000000003	93.85	0.0	0.0	0.0	3979256.0	132640.5	0.7875	0.65	1.7500000000000002	2.5500000000000003	93.85
