concurrency	elapsed-r	errors-r	ops(total)-r	ops/sec(cum)-r	avg(ms)-r	p50(ms)-r	p95(ms)-r	p99(ms)-r	pMax(ms)-r	total-r	elapsed-w	errors-w	ops(total)-w	ops/sec(cum)-w	avg(ms)-w	p50(ms)-w	p95(ms)-w	p99(ms)-w	pMax(ms)-w	total-w	elapsed	errors	ops(total)	ops/sec(cum)	avg(ms)	p50(ms)	p95(ms)	p99(ms)	pMax(ms)
151	0.0	0.0	4726711.0	157543.5	4.62	3.7399999999999998	11.84	19.6	195.42000000000002	0.0	0.0	0.0	249531.0	8317.0	13.079999999999998	11.739999999999998	28.2	37.12	152.66000000000003	0.0	0.0	0.0	4976242.0	165860.30000000002	5.0200000000000005	3.78	13.9	23.16	195.42000000000002
