concurrency	elapsed-r	errors-r	ops(total)-r	ops/sec(cum)-r	avg(ms)-r	p50(ms)-r	p95(ms)-r	p99(ms)-r	pMax(ms)-r	total-r	elapsed	errors	ops(total)	ops/sec(cum)	avg(ms)	p50(ms)	p95(ms)	p99(ms)	pMax(ms)
8	0.0	0.0	747854.0	24928.199999999997	1.175	1.125	1.4500000000000002	2.3	12.475	0.0	0.0	0.0	747854.0	24928.199999999997	1.175	1.125	1.4500000000000002	2.3	12.475
