concurrency	elapsed-r	errors-r	ops(total)-r	ops/sec(cum)-r	avg(ms)-r	p50(ms)-r	p95(ms)-r	p99(ms)-r	pMax(ms)-r	total-r	elapsed-w	errors-w	ops(total)-w	ops/sec(cum)-w	avg(ms)-w	p50(ms)-w	p95(ms)-w	p99(ms)-w	pMax(ms)-w	total-w	elapsed	errors	ops(total)	ops/sec(cum)	avg(ms)	p50(ms)	p95(ms)	p99(ms)	pMax(ms)
114	0.0	0.0	4434857.0	147819.5	4.119999999999999	3.3600000000000003	9.98	17.72	255.83999999999997	0.0	0.0	0.0	233195.0	7772.7	8.96	7.760000000000001	20.119999999999997	28.32	76.96	0.0	0.0	0.0	4668052.0	155592.2	4.34	3.5	11.72	18.979999999999997	255.83999999999997
