concurrency	elapsed-w	errors-w	ops(total)-w	ops/sec(cum)-w	avg(ms)-w	p50(ms)-w	p95(ms)-w	p99(ms)-w	pMax(ms)-w	total-w	elapsed	errors	ops(total)	ops/sec(cum)	avg(ms)	p50(ms)	p95(ms)	p99(ms)	pMax(ms)
55	0.0	0.0	3686258.0	122872.5	3.25	3.1374999999999997	5.575	9.9625	26.6375	0.0	0.0	0.0	3686258.0	122872.5	3.25	3.1374999999999997	5.575	9.9625	26.6375
