concurrency	elapsed-r	errors-r	ops(total)-r	ops/sec(cum)-r	avg(ms)-r	p50(ms)-r	p95(ms)-r	p99(ms)-r	pMax(ms)-r	total-r	elapsed-w	errors-w	ops(total)-w	ops/sec(cum)-w	avg(ms)-w	p50(ms)-w	p95(ms)-w	p99(ms)-w	pMax(ms)-w	total-w	elapsed	errors	ops(total)	ops/sec(cum)	avg(ms)	p50(ms)	p95(ms)	p99(ms)	pMax(ms)
31	0.0	0.0	1926651.0	64220.3	3.4875000000000003	3.2875	6.299999999999999	9.175	53.21249999999999	0.0	0.0	0.0	101126.0	3370.9	3.4	3.2	6.1875	8.825	25.3	0.0	0.0	0.0	2027777.0	67591.3	3.4875000000000003	3.2625	6.299999999999999	9.175	53.21249999999999
