concurrency	elapsed-r	errors-r	ops(total)-r	ops/sec(cum)-r	avg(ms)-r	p50(ms)-r	p95(ms)-r	p99(ms)-r	pMax(ms)-r	total-r	elapsed-w	errors-w	ops(total)-w	ops/sec(cum)-w	avg(ms)-w	p50(ms)-w	p95(ms)-w	p99(ms)-w	pMax(ms)-w	total-w	elapsed	errors	ops(total)	ops/sec(cum)	avg(ms)	p50(ms)	p95(ms)	p99(ms)	pMax(ms)
18	0.0	0.0	998787.0	33292.1	3.6375000000000006	2.35	10.5	25.574999999999996	164.64999999999998	0.0	0.0	0.0	52484.0	1749.4	8.0375	4.4125	30.55	44.262499999999996	158.35000000000002	0.0	0.0	0.0	1051271.0	35041.5	3.8499999999999996	2.425	11.4375	28.575000000000003	167.8
