concurrency	elapsed-r	errors-r	ops(total)-r	ops/sec(cum)-r	avg(ms)-r	p50(ms)-r	p95(ms)-r	p99(ms)-r	pMax(ms)-r	total-r	elapsed	errors	ops(total)	ops/sec(cum)	avg(ms)	p50(ms)	p95(ms)	p99(ms)	pMax(ms)
18	0.0	0.0	1043954.0	34798.0	3.95	3.7375000000000003	7.25	10.1375	27.025000000000002	0.0	0.0	0.0	1043954.0	34798.0	3.95	3.7375000000000003	7.25	10.1375	27.025000000000002
