concurrency	elapsed-r	errors-r	ops(total)-r	ops/sec(cum)-r	avg(ms)-r	p50(ms)-r	p95(ms)-r	p99(ms)-r	pMax(ms)-r	total-r	elapsed-w	errors-w	ops(total)-w	ops/sec(cum)-w	avg(ms)-w	p50(ms)-w	p95(ms)-w	p99(ms)-w	pMax(ms)-w	total-w	elapsed	errors	ops(total)	ops/sec(cum)	avg(ms)	p50(ms)	p95(ms)	p99(ms)	pMax(ms)
47	0.0	0.0	3721387.0	124042.9	2.625	1.8125	7.737500000000001	11.1875	142.46249999999998	0.0	0.0	0.0	195862.0	6528.500000000001	2.7	1.85	7.9125	11.375	73.9375	0.0	0.0	0.0	3917249.0	130571.5	2.625	1.8125	7.737500000000001	11.1875	144.43749999999997
