concurrency	elapsed-w	errors-w	ops(total)-w	ops/sec(cum)-w	avg(ms)-w	p50(ms)-w	p95(ms)-w	p99(ms)-w	pMax(ms)-w	total-w	elapsed	errors	ops(total)	ops/sec(cum)	avg(ms)	p50(ms)	p95(ms)	p99(ms)	pMax(ms)
40	0.0	0.0	356209.0	11873.1	26.425	2.1999999999999997	6.3374999999999995	771.8000000000001	906.0	0.0	0.0	0.0	356209.0	11873.1	26.425	2.1999999999999997	6.3374999999999995	771.8000000000001	906.0
