concurrency	elapsed-w	errors-w	ops(total)-w	ops/sec(cum)-w	avg(ms)-w	p50(ms)-w	p95(ms)-w	p99(ms)-w	pMax(ms)-w	total-w	elapsed	errors	ops(total)	ops/sec(cum)	avg(ms)	p50(ms)	p95(ms)	p99(ms)	pMax(ms)
50	0.0	0.0	3712855.0	123759.20000000001	2.9499999999999997	2.7875	4.875	9.1	28.45	0.0	0.0	0.0	3712855.0	123759.20000000001	2.9499999999999997	2.7875	4.875	9.1	28.45
