concurrency	elapsed-r	errors-r	ops(total)-r	ops/sec(cum)-r	avg(ms)-r	p50(ms)-r	p95(ms)-r	p99(ms)-r	pMax(ms)-r	total-r	elapsed-w	errors-w	ops(total)-w	ops/sec(cum)-w	avg(ms)-w	p50(ms)-w	p95(ms)-w	p99(ms)-w	pMax(ms)-w	total-w	elapsed	errors	ops(total)	ops/sec(cum)	avg(ms)	p50(ms)	p95(ms)	p99(ms)	pMax(ms)
16	0.0	0.0	1302616.0	28946.9	1.8800000000000001	1.48	3.54	10.9	79.67999999999999	0.0	0.0	0.0	68823.0	1529.4	3.5799999999999996	2.9200000000000004	8.0	19.7	54.919999999999995	0.0	0.0	0.0	1371439.0	30476.199999999997	1.98	1.48	3.9	11.5	81.36
