concurrency	elapsed-r	errors-r	ops(total)-r	ops/sec(cum)-r	avg(ms)-r	p50(ms)-r	p95(ms)-r	p99(ms)-r	pMax(ms)-r	total-r	elapsed-w	errors-w	ops(total)-w	ops/sec(cum)-w	avg(ms)-w	p50(ms)-w	p95(ms)-w	p99(ms)-w	pMax(ms)-w	total-w	elapsed	errors	ops(total)	ops/sec(cum)	avg(ms)	p50(ms)	p95(ms)	p99(ms)	pMax(ms)
51	0.0	0.0	565421.0	18846.8	2.7000000000000006	1.8333333333333333	7.3999999999999995	12.6	165.0	0.0	0.0	0.0	29959.0	998.7	76.43333333333334	3.5	419.3999999999999	453.0	503.3	0.0	0.0	0.0	595380.0	19845.3	6.400000000000001	1.8999999999999997	7.966666666666666	32.5	503.3
