concurrency	elapsed-r	errors-r	ops(total)-r	ops/sec(cum)-r	avg(ms)-r	p50(ms)-r	p95(ms)-r	p99(ms)-r	pMax(ms)-r	total-r	elapsed	errors	ops(total)	ops/sec(cum)	avg(ms)	p50(ms)	p95(ms)	p99(ms)	pMax(ms)
22	0.0	0.0	1084180.0	36138.799999999996	4.7124999999999995	4.425000000000001	9.0625	12.750000000000002	34.3625	0.0	0.0	0.0	1084180.0	36138.799999999996	4.7124999999999995	4.425000000000001	9.0625	12.750000000000002	34.3625
