concurrency	elapsed-r	errors-r	ops(total)-r	ops/sec(cum)-r	avg(ms)-r	p50(ms)-r	p95(ms)-r	p99(ms)-r	pMax(ms)-r	total-r	elapsed	errors	ops(total)	ops/sec(cum)	avg(ms)	p50(ms)	p95(ms)	p99(ms)	pMax(ms)
47	0.0	0.0	957879.0	31928.200000000004	11.9375	10.549999999999999	25.950000000000003	38.1125	98.60000000000001	0.0	0.0	0.0	957879.0	31928.200000000004	11.9375	10.549999999999999	25.950000000000003	38.1125	98.60000000000001
