concurrency	elapsed-r	errors-r	ops(total)-r	ops/sec(cum)-r	avg(ms)-r	p50(ms)-r	p95(ms)-r	p99(ms)-r	pMax(ms)-r	total-r	elapsed-w	errors-w	ops(total)-w	ops/sec(cum)-w	avg(ms)-w	p50(ms)-w	p95(ms)-w	p99(ms)-w	pMax(ms)-w	total-w	elapsed	errors	ops(total)	ops/sec(cum)	avg(ms)	p50(ms)	p95(ms)	p99(ms)	pMax(ms)
5	0.0	0.0	307359.0	10244.999999999998	3.1250000000000004	2.625	6.325	8.0	15.087499999999999	0.0	0.0	0.0	16176.0	539.3	10.387500000000001	6.3	30.425	40.0625	58.175	0.0	0.0	0.0	323535.0	10784.3	3.475	2.7249999999999996	6.975	18.625	58.175
