concurrency	elapsed-r	errors-r	ops(total)-r	ops/sec(cum)-r	avg(ms)-r	p50(ms)-r	p95(ms)-r	p99(ms)-r	pMax(ms)-r	total-r	elapsed-w	errors-w	ops(total)-w	ops/sec(cum)-w	avg(ms)-w	p50(ms)-w	p95(ms)-w	p99(ms)-w	pMax(ms)-w	total-w	elapsed	errors	ops(total)	ops/sec(cum)	avg(ms)	p50(ms)	p95(ms)	p99(ms)	pMax(ms)
147	0.0	0.0	2641619.0	88047.4	9.079999999999998	6.9	25.46	38.160000000000004	503.32000000000005	0.0	0.0	0.0	139020.0	4633.7	27.52	24.98	60.42	79.25999999999999	439.56000000000006	0.0	0.0	0.0	2780639.0	92681.0	9.979999999999999	7.239999999999999	29.32	47.18	503.32000000000005
