concurrency	elapsed-r	errors-r	ops(total)-r	ops/sec(cum)-r	avg(ms)-r	p50(ms)-r	p95(ms)-r	p99(ms)-r	pMax(ms)-r	total-r	elapsed-w	errors-w	ops(total)-w	ops/sec(cum)-w	avg(ms)-w	p50(ms)-w	p95(ms)-w	p99(ms)-w	pMax(ms)-w	total-w	elapsed	errors	ops(total)	ops/sec(cum)	avg(ms)	p50(ms)	p95(ms)	p99(ms)	pMax(ms)
31	0.0	0.0	568658.0	18954.699999999997	7.6625	2.45	12.2625	165.7	373.3	0.0	0.0	0.0	30021.0	1000.7	98.1625	96.5	120.55000000000001	253.7625	455.0875	0.0	0.0	0.0	598679.0	19955.199999999997	12.1875	2.6250000000000004	95.44999999999999	167.79999999999998	455.0875
