concurrency	elapsed-r	errors-r	ops(total)-r	ops/sec(cum)-r	avg(ms)-r	p50(ms)-r	p95(ms)-r	p99(ms)-r	pMax(ms)-r	total-r	elapsed-w	errors-w	ops(total)-w	ops/sec(cum)-w	avg(ms)-w	p50(ms)-w	p95(ms)-w	p99(ms)-w	pMax(ms)-w	total-w	elapsed	errors	ops(total)	ops/sec(cum)	avg(ms)	p50(ms)	p95(ms)	p99(ms)	pMax(ms)
78	0.0	0.0	46014.0	766.8	3.1999999999999997	1.9249999999999998	9.975	24.125	88.10000000000001	0.0	0.0	0.0	2091.0	34.7	8.425	4.2	31.475	44.0	62.9	0.0	0.0	0.0	48105.0	801.8000000000001	3.4000000000000004	1.975	11.125	27.799999999999997	88.10000000000001
