concurrency	elapsed-r	errors-r	ops(total)-r	ops/sec(cum)-r	avg(ms)-r	p50(ms)-r	p95(ms)-r	p99(ms)-r	pMax(ms)-r	total-r	elapsed-w	errors-w	ops(total)-w	ops/sec(cum)-w	avg(ms)-w	p50(ms)-w	p95(ms)-w	p99(ms)-w	pMax(ms)-w	total-w	elapsed	errors	ops(total)	ops/sec(cum)	avg(ms)	p50(ms)	p95(ms)	p99(ms)	pMax(ms)
53	0.0	0.0	3185125.0	106168.4	3.4874999999999994	3.2750000000000004	6.325	10.35	123.46250000000002	0.0	0.0	0.0	168174.0	5605.700000000001	3.4999999999999996	3.2750000000000004	6.249999999999999	10.2875	24.0	0.0	0.0	0.0	3353299.0	111773.79999999999	3.4874999999999994	3.2750000000000004	6.325	10.35	123.60000000000001
