concurrency	elapsed-r	errors-r	ops(total)-r	ops/sec(cum)-r	avg(ms)-r	p50(ms)-r	p95(ms)-r	p99(ms)-r	pMax(ms)-r	total-r	elapsed	errors	ops(total)	ops/sec(cum)	avg(ms)	p50(ms)	p95(ms)	p99(ms)	pMax(ms)
23	0.0	0.0	979629.0	32653.800000000003	5.5	5.1	10.837499999999999	14.725	41.64999999999999	0.0	0.0	0.0	979629.0	32653.800000000003	5.5	5.1	10.837499999999999	14.725	41.64999999999999
