concurrency	elapsed-r	errors-r	ops(total)-r	ops/sec(cum)-r	avg(ms)-r	p50(ms)-r	p95(ms)-r	p99(ms)-r	pMax(ms)-r	total-r	elapsed	errors	ops(total)	ops/sec(cum)	avg(ms)	p50(ms)	p95(ms)	p99(ms)	pMax(ms)
20	0.0	0.0	969277.0	32308.600000000006	4.7875000000000005	4.45	9.2625	12.299999999999999	30.549999999999997	0.0	0.0	0.0	969277.0	32308.600000000006	4.7875000000000005	4.45	9.2625	12.299999999999999	30.549999999999997
