concurrency	elapsed-r	errors-r	ops(total)-r	ops/sec(cum)-r	avg(ms)-r	p50(ms)-r	p95(ms)-r	p99(ms)-r	pMax(ms)-r	total-r	elapsed-w	errors-w	ops(total)-w	ops/sec(cum)-w	avg(ms)-w	p50(ms)-w	p95(ms)-w	p99(ms)-w	pMax(ms)-w	total-w	elapsed	errors	ops(total)	ops/sec(cum)	avg(ms)	p50(ms)	p95(ms)	p99(ms)	pMax(ms)
19	0.0	0.0	294626.0	9820.6	3.6250000000000004	3.15	7.3875	9.7875	21.087500000000002	0.0	0.0	0.0	15293.0	509.80000000000007	221.93749999999997	16.900000000000002	503.30000000000007	520.1	532.7	0.0	0.0	0.0	309919.0	10330.4	14.374999999999998	3.2624999999999997	8.5375	469.80000000000007	532.7
