concurrency	elapsed-r	errors-r	ops(total)-r	ops/sec(cum)-r	avg(ms)-r	p50(ms)-r	p95(ms)-r	p99(ms)-r	pMax(ms)-r	total-r	elapsed-w	errors-w	ops(total)-w	ops/sec(cum)-w	avg(ms)-w	p50(ms)-w	p95(ms)-w	p99(ms)-w	pMax(ms)-w	total-w	elapsed	errors	ops(total)	ops/sec(cum)	avg(ms)	p50(ms)	p95(ms)	p99(ms)	pMax(ms)
39	0.0	0.0	1066355.0	35544.200000000004	15.1625	15.55	33.0	33.525	61.85	0.0	0.0	0.0	55873.0	1862.3999999999999	24.700000000000003	22.599999999999998	47.37500000000001	73.5375	148.90000000000003	0.0	0.0	0.0	1122228.0	37406.6	15.6125	15.55	33.0	36.9375	148.90000000000003
