concurrency	elapsed-w	errors-w	ops(total)-w	ops/sec(cum)-w	avg(ms)-w	p50(ms)-w	p95(ms)-w	p99(ms)-w	pMax(ms)-w	total-w	elapsed	errors	ops(total)	ops/sec(cum)	avg(ms)	p50(ms)	p95(ms)	p99(ms)	pMax(ms)
48	0.0	0.0	750807.0	25026.2	14.850000000000001	12.974999999999998	35.699999999999996	48.199999999999996	160.95	0.0	0.0	0.0	750807.0	25026.2	14.850000000000001	12.974999999999998	35.699999999999996	48.199999999999996	160.95
