concurrency	elapsed-r	errors-r	ops(total)-r	ops/sec(cum)-r	avg(ms)-r	p50(ms)-r	p95(ms)-r	p99(ms)-r	pMax(ms)-r	total-r	elapsed-w	errors-w	ops(total)-w	ops/sec(cum)-w	avg(ms)-w	p50(ms)-w	p95(ms)-w	p99(ms)-w	pMax(ms)-w	total-w	elapsed	errors	ops(total)	ops/sec(cum)	avg(ms)	p50(ms)	p95(ms)	p99(ms)	pMax(ms)
14	0.0	0.0	653103.0	21769.600000000002	3.3375	2.45	6.549999999999999	21.225	103.8375	0.0	0.0	0.0	34495.0	1149.9	29.8875	29.750000000000004	44.0	56.07500000000001	124.23749999999998	0.0	0.0	0.0	687598.0	22919.4	4.6499999999999995	2.6250000000000004	23.3375	41.375	124.76249999999999
