concurrency	elapsed-r	errors-r	ops(total)-r	ops/sec(cum)-r	avg(ms)-r	p50(ms)-r	p95(ms)-r	p99(ms)-r	pMax(ms)-r	total-r	elapsed-w	errors-w	ops(total)-w	ops/sec(cum)-w	avg(ms)-w	p50(ms)-w	p95(ms)-w	p99(ms)-w	pMax(ms)-w	total-w	elapsed	errors	ops(total)	ops/sec(cum)	avg(ms)	p50(ms)	p95(ms)	p99(ms)	pMax(ms)
63	0.0	0.0	2235086.0	74500.40000000001	5.737500000000001	4.7875	13.275	20.95	93.0625	0.0	0.0	0.0	117341.0	3911.2	7.45	5.0875	21.5	31.075000000000003	65.525	0.0	0.0	0.0	2352427.0	78411.5	5.8374999999999995	4.7875	13.775	22.049999999999997	95.94999999999999
