concurrency	elapsed-r	errors-r	ops(total)-r	ops/sec(cum)-r	avg(ms)-r	p50(ms)-r	p95(ms)-r	p99(ms)-r	pMax(ms)-r	total-r	elapsed	errors	ops(total)	ops/sec(cum)	avg(ms)	p50(ms)	p95(ms)	p99(ms)	pMax(ms)
48	0.0	0.0	1557181.0	51904.7	6.887500000000001	6.25	14.950000000000001	21.5	56.8625	0.0	0.0	0.0	1557181.0	51904.7	6.887500000000001	6.25	14.950000000000001	21.5	56.8625
