concurrency	elapsed-r	errors-r	ops(total)-r	ops/sec(cum)-r	avg(ms)-r	p50(ms)-r	p95(ms)-r	p99(ms)-r	pMax(ms)-r	total-r	elapsed-w	errors-w	ops(total)-w	ops/sec(cum)-w	avg(ms)-w	p50(ms)-w	p95(ms)-w	p99(ms)-w	pMax(ms)-w	total-w	elapsed	errors	ops(total)	ops/sec(cum)	avg(ms)	p50(ms)	p95(ms)	p99(ms)	pMax(ms)
62	0.0	0.0	1937730.0	64588.40000000001	6.4125	5.625	15.325000000000001	23.749999999999996	143.1125	0.0	0.0	0.0	101794.0	3392.9999999999995	11.675	11.0	25.824999999999996	36.1875	73.6625	0.0	0.0	0.0	2039524.0	67981.2	6.6875	5.625	16.349999999999998	25.449999999999996	144.6875
