concurrency	elapsed-r	errors-r	ops(total)-r	ops/sec(cum)-r	avg(ms)-r	p50(ms)-r	p95(ms)-r	p99(ms)-r	pMax(ms)-r	total-r	elapsed-w	errors-w	ops(total)-w	ops/sec(cum)-w	avg(ms)-w	p50(ms)-w	p95(ms)-w	p99(ms)-w	pMax(ms)-w	total-w	elapsed	errors	ops(total)	ops/sec(cum)	avg(ms)	p50(ms)	p95(ms)	p99(ms)	pMax(ms)
39	0.0	0.0	595134.0	19837.0	9.375	2.4375	28.5875	195.0	438.31249999999994	0.0	0.0	0.0	31555.0	1051.8	115.22500000000002	111.15000000000002	147.85	310.4	515.9	0.0	0.0	0.0	626689.0	20888.9	14.674999999999999	2.575	113.20000000000002	201.29999999999998	520.0875
