concurrency	elapsed-r	errors-r	ops(total)-r	ops/sec(cum)-r	avg(ms)-r	p50(ms)-r	p95(ms)-r	p99(ms)-r	pMax(ms)-r	total-r	elapsed-w	errors-w	ops(total)-w	ops/sec(cum)-w	avg(ms)-w	p50(ms)-w	p95(ms)-w	p99(ms)-w	pMax(ms)-w	total-w	elapsed	errors	ops(total)	ops/sec(cum)	avg(ms)	p50(ms)	p95(ms)	p99(ms)	pMax(ms)
63	0.0	0.0	1907451.0	63579.0	6.662499999999999	5.625000000000001	16.25	26.099999999999998	101.725	0.0	0.0	0.0	100975.0	3365.6999999999994	12.2625	11.1375	28.325000000000003	40.849999999999994	88.625	0.0	0.0	0.0	2008426.0	66944.7	6.9375	5.7625	17.425	27.5375	108.025
