concurrency	elapsed-r	errors-r	ops(total)-r	ops/sec(cum)-r	avg(ms)-r	p50(ms)-r	p95(ms)-r	p99(ms)-r	pMax(ms)-r	total-r	elapsed	errors	ops(total)	ops/sec(cum)	avg(ms)	p50(ms)	p95(ms)	p99(ms)	pMax(ms)
128	0.0	0.0	1837447.0	61244.299999999996	15.575	13.187500000000002	37.975	54.50000000000001	144.70000000000002	0.0	0.0	0.0	1837447.0	61244.299999999996	15.575	13.187500000000002	37.975	54.50000000000001	144.70000000000002
