concurrency	elapsed-w	errors-w	ops(total)-w	ops/sec(cum)-w	avg(ms)-w	p50(ms)-w	p95(ms)-w	p99(ms)-w	pMax(ms)-w	total-w	elapsed	errors	ops(total)	ops/sec(cum)	avg(ms)	p50(ms)	p95(ms)	p99(ms)	pMax(ms)
11	0.0	0.0	101690.0	3389.6	12.700000000000001	2.775	88.1	99.64999999999999	120.54999999999998	0.0	0.0	0.0	101690.0	3389.6	12.700000000000001	2.775	88.1	99.64999999999999	120.54999999999998
