concurrency	elapsed-r	errors-r	ops(total)-r	ops/sec(cum)-r	avg(ms)-r	p50(ms)-r	p95(ms)-r	p99(ms)-r	pMax(ms)-r	total-r	elapsed-w	errors-w	ops(total)-w	ops/sec(cum)-w	avg(ms)-w	p50(ms)-w	p95(ms)-w	p99(ms)-w	pMax(ms)-w	total-w	elapsed	errors	ops(total)	ops/sec(cum)	avg(ms)	p50(ms)	p95(ms)	p99(ms)	pMax(ms)
43	0.0	0.0	3486309.0	116207.30000000002	2.575	2.25	7.187500000000001	9.85	192.93749999999997	0.0	0.0	0.0	183930.0	6130.9	2.6374999999999997	2.275	7.2	10.1125	33.1375	0.0	0.0	0.0	3670239.0	122337.9	2.575	2.25	7.187500000000001	9.85	193.84999999999997
