concurrency	elapsed-r	errors-r	ops(total)-r	ops/sec(cum)-r	avg(ms)-r	p50(ms)-r	p95(ms)-r	p99(ms)-r	pMax(ms)-r	total-r	elapsed	errors	ops(total)	ops/sec(cum)	avg(ms)	p50(ms)	p95(ms)	p99(ms)	pMax(ms)
46	0.0	0.0	1519770.0	50657.5	6.7749999999999995	6.1499999999999995	14.887500000000001	22.0	113.5	0.0	0.0	0.0	1519770.0	50657.5	6.7749999999999995	6.1499999999999995	14.887500000000001	22.0	113.5
