concurrency	elapsed-r	errors-r	ops(total)-r	ops/sec(cum)-r	avg(ms)-r	p50(ms)-r	p95(ms)-r	p99(ms)-r	pMax(ms)-r	total-r	elapsed-w	errors-w	ops(total)-w	ops/sec(cum)-w	avg(ms)-w	p50(ms)-w	p95(ms)-w	p99(ms)-w	pMax(ms)-w	total-w	elapsed	errors	ops(total)	ops/sec(cum)	avg(ms)	p50(ms)	p95(ms)	p99(ms)	pMax(ms)
15	0.0	0.0	3044327.0	101476.3	0.95	0.9	1.2625000000000002	2.95	93.05000000000001	0.0	0.0	0.0	159902.0	5330.0	0.95	0.8625	1.2375000000000003	2.9125000000000005	14.35	0.0	0.0	0.0	3204229.0	106806.2	0.95	0.9	1.2625000000000002	2.95	93.05000000000001
