concurrency	elapsed-r	errors-r	ops(total)-r	ops/sec(cum)-r	avg(ms)-r	p50(ms)-r	p95(ms)-r	p99(ms)-r	pMax(ms)-r	total-r	elapsed-w	errors-w	ops(total)-w	ops/sec(cum)-w	avg(ms)-w	p50(ms)-w	p95(ms)-w	p99(ms)-w	pMax(ms)-w	total-w	elapsed	errors	ops(total)	ops/sec(cum)	avg(ms)	p50(ms)	p95(ms)	p99(ms)	pMax(ms)
84	0.0	0.0	2939554.0	97982.3	1.3	1.05	3.05	6.949999999999999	28.799999999999997	0.0	0.0	0.0	154515.0	5150.299999999999	2.3499999999999996	1.7	6.85	11.55	30.950000000000003	0.0	0.0	0.0	3094069.0	103132.7	1.4	1.1	3.2	7.449999999999999	33.0
