concurrency	elapsed-r	errors-r	ops(total)-r	ops/sec(cum)-r	avg(ms)-r	p50(ms)-r	p95(ms)-r	p99(ms)-r	pMax(ms)-r	total-r	elapsed-w	errors-w	ops(total)-w	ops/sec(cum)-w	avg(ms)-w	p50(ms)-w	p95(ms)-w	p99(ms)-w	pMax(ms)-w	total-w	elapsed	errors	ops(total)	ops/sec(cum)	avg(ms)	p50(ms)	p95(ms)	p99(ms)	pMax(ms)
52	0.0	0.0	3416417.0	113877.69999999998	3.1499999999999995	3.0500000000000003	5.2125	10.0625	146.8	0.0	0.0	0.0	179903.0	5996.500000000001	3.1499999999999995	3.0500000000000003	5.25	9.975	47.050000000000004	0.0	0.0	0.0	3596320.0	119874.19999999998	3.1499999999999995	3.0500000000000003	5.2125	10.0375	146.8
