concurrency	elapsed-r	errors-r	ops(total)-r	ops/sec(cum)-r	avg(ms)-r	p50(ms)-r	p95(ms)-r	p99(ms)-r	pMax(ms)-r	total-r	elapsed-w	errors-w	ops(total)-w	ops/sec(cum)-w	avg(ms)-w	p50(ms)-w	p95(ms)-w	p99(ms)-w	pMax(ms)-w	total-w	elapsed	errors	ops(total)	ops/sec(cum)	avg(ms)	p50(ms)	p95(ms)	p99(ms)	pMax(ms)
142	0.0	0.0	4593357.0	153101.59999999998	4.24	3.5200000000000005	10.04	18.66	218.51999999999998	0.0	0.0	0.0	241610.0	8053.1	13.62	12.559999999999999	27.3	35.760000000000005	150.36	0.0	0.0	0.0	4834967.0	161154.80000000002	4.7	3.6399999999999997	13.62	23.259999999999998	219.35999999999999
