concurrency	elapsed-r	errors-r	ops(total)-r	ops/sec(cum)-r	avg(ms)-r	p50(ms)-r	p95(ms)-r	p99(ms)-r	pMax(ms)-r	total-r	elapsed-w	errors-w	ops(total)-w	ops/sec(cum)-w	avg(ms)-w	p50(ms)-w	p95(ms)-w	p99(ms)-w	pMax(ms)-w	total-w	elapsed	errors	ops(total)	ops/sec(cum)	avg(ms)	p50(ms)	p95(ms)	p99(ms)	pMax(ms)
35	0.0	0.0	3279786.0	109324.2	2.1	2.0	3.4499999999999997	7.0	26.224999999999998	0.0	0.0	0.0	172213.0	5740.4	2.3	2.1125	4.4	7.612499999999999	20.05	0.0	0.0	0.0	3451999.0	115064.70000000001	2.1125000000000003	2.0	3.475	7.0	26.224999999999998
