concurrency	elapsed-r	errors-r	ops(total)-r	ops/sec(cum)-r	avg(ms)-r	p50(ms)-r	p95(ms)-r	p99(ms)-r	pMax(ms)-r	total-r	elapsed-w	errors-w	ops(total)-w	ops/sec(cum)-w	avg(ms)-w	p50(ms)-w	p95(ms)-w	p99(ms)-w	pMax(ms)-w	total-w	elapsed	errors	ops(total)	ops/sec(cum)	avg(ms)	p50(ms)	p95(ms)	p99(ms)	pMax(ms)
33	0.0	0.0	1590897.0	53028.399999999994	1.8625	1.3875000000000002	5.262499999999999	9.025	53.449999999999996	0.0	0.0	0.0	83335.0	2777.8	54.975	2.5124999999999997	692.0375000000001	767.6	830.4999999999999	0.0	0.0	0.0	1674232.0	55806.200000000004	4.5	1.4000000000000001	5.4624999999999995	10.375	830.4999999999999
