concurrency	elapsed-r	errors-r	ops(total)-r	ops/sec(cum)-r	avg(ms)-r	p50(ms)-r	p95(ms)-r	p99(ms)-r	pMax(ms)-r	total-r	elapsed-w	errors-w	ops(total)-w	ops/sec(cum)-w	avg(ms)-w	p50(ms)-w	p95(ms)-w	p99(ms)-w	pMax(ms)-w	total-w	elapsed	errors	ops(total)	ops/sec(cum)	avg(ms)	p50(ms)	p95(ms)	p99(ms)	pMax(ms)
48	0.0	0.0	1402754.0	46757.200000000004	12.8125	15.4375	31.824999999999996	35.625	73.92499999999998	0.0	0.0	0.0	73570.0	2452.2999999999997	12.8	15.45	32.012499999999996	35.75	65.2625	0.0	0.0	0.0	1476324.0	49209.4	12.8125	15.4375	32.0875	35.625	74.44999999999999
