concurrency	elapsed-r	errors-r	ops(total)-r	ops/sec(cum)-r	avg(ms)-r	p50(ms)-r	p95(ms)-r	p99(ms)-r	pMax(ms)-r	total-r	elapsed-w	errors-w	ops(total)-w	ops/sec(cum)-w	avg(ms)-w	p50(ms)-w	p95(ms)-w	p99(ms)-w	pMax(ms)-w	total-w	elapsed	errors	ops(total)	ops/sec(cum)	avg(ms)	p50(ms)	p95(ms)	p99(ms)	pMax(ms)
36	0.0	0.0	2855651.0	95186.3	2.5	2.3	4.6	8.325	25.962499999999995	0.0	0.0	0.0	150828.0	5027.599999999999	2.8625000000000003	2.4000000000000004	6.824999999999999	10.6	24.525	0.0	0.0	0.0	3006479.0	100213.90000000001	2.525	2.3	4.625	8.375	26.874999999999996
