concurrency	elapsed-r	errors-r	ops(total)-r	ops/sec(cum)-r	avg(ms)-r	p50(ms)-r	p95(ms)-r	p99(ms)-r	pMax(ms)-r	total-r	elapsed-w	errors-w	ops(total)-w	ops/sec(cum)-w	avg(ms)-w	p50(ms)-w	p95(ms)-w	p99(ms)-w	pMax(ms)-w	total-w	elapsed	errors	ops(total)	ops/sec(cum)	avg(ms)	p50(ms)	p95(ms)	p99(ms)	pMax(ms)
55	0.0	0.0	3413322.0	113774.40000000001	3.3875	3.2125	6.9750000000000005	10.7875	52.5625	0.0	0.0	0.0	179578.0	5985.8	3.4000000000000004	3.2375	6.9750000000000005	10.725	21.1	0.0	0.0	0.0	3592900.0	119760.2	3.3875	3.2125	6.9750000000000005	10.7875	52.5625
