concurrency	elapsed-r	errors-r	ops(total)-r	ops/sec(cum)-r	avg(ms)-r	p50(ms)-r	p95(ms)-r	p99(ms)-r	pMax(ms)-r	total-r	elapsed-w	errors-w	ops(total)-w	ops/sec(cum)-w	avg(ms)-w	p50(ms)-w	p95(ms)-w	p99(ms)-w	pMax(ms)-w	total-w	elapsed	errors	ops(total)	ops/sec(cum)	avg(ms)	p50(ms)	p95(ms)	p99(ms)	pMax(ms)
47	0.0	0.0	1270843.0	42359.7	7.575	6.749999999999999	16.925	24.65	94.63749999999999	0.0	0.0	0.0	66710.0	2223.6000000000004	13.9	13.174999999999997	27.537500000000005	37.449999999999996	73.925	0.0	0.0	0.0	1337553.0	44583.299999999996	7.8875	6.949999999999999	18.075	26.349999999999998	101.725
