concurrency	elapsed-r	errors-r	ops(total)-r	ops/sec(cum)-r	avg(ms)-r	p50(ms)-r	p95(ms)-r	p99(ms)-r	pMax(ms)-r	total-r	elapsed-w	errors-w	ops(total)-w	ops/sec(cum)-w	avg(ms)-w	p50(ms)-w	p95(ms)-w	p99(ms)-w	pMax(ms)-w	total-w	elapsed	errors	ops(total)	ops/sec(cum)	avg(ms)	p50(ms)	p95(ms)	p99(ms)	pMax(ms)
48	0.0	0.0	578548.0	19284.200000000004	13.5875	2.6999999999999997	90.2	241.20000000000002	578.8	0.0	0.0	0.0	30506.0	1016.8000000000001	115.21250000000002	105.95	197.11249999999998	369.09999999999997	1346.375	0.0	0.0	0.0	609054.0	20300.9	18.687499999999996	2.825	117.39999999999999	249.60000000000002	1346.375
