concurrency	elapsed-r	errors-r	ops(total)-r	ops/sec(cum)-r	avg(ms)-r	p50(ms)-r	p95(ms)-r	p99(ms)-r	pMax(ms)-r	total-r	elapsed-w	errors-w	ops(total)-w	ops/sec(cum)-w	avg(ms)-w	p50(ms)-w	p95(ms)-w	p99(ms)-w	pMax(ms)-w	total-w	elapsed	errors	ops(total)	ops/sec(cum)	avg(ms)	p50(ms)	p95(ms)	p99(ms)	pMax(ms)
39	0.0	0.0	3443012.0	114763.40000000001	2.3	2.2	3.5749999999999997	7.7124999999999995	143.9125	0.0	0.0	0.0	180448.0	6014.8	2.2874999999999996	2.2	3.5749999999999997	7.5625	19.875	0.0	0.0	0.0	3623460.0	120777.90000000001	2.3	2.2	3.5749999999999997	7.7124999999999995	143.9125
