concurrency	elapsed-r	errors-r	ops(total)-r	ops/sec(cum)-r	avg(ms)-r	p50(ms)-r	p95(ms)-r	p99(ms)-r	pMax(ms)-r	total-r	elapsed	errors	ops(total)	ops/sec(cum)	avg(ms)	p50(ms)	p95(ms)	p99(ms)	pMax(ms)
14	0.0	0.0	1357657.0	45254.600000000006	2.3125	2.1750000000000003	4.0125	6.574999999999999	17.299999999999997	0.0	0.0	0.0	1357657.0	45254.600000000006	2.3125	2.1750000000000003	4.0125	6.574999999999999	17.299999999999997
