concurrency	elapsed-r	errors-r	ops(total)-r	ops/sec(cum)-r	avg(ms)-r	p50(ms)-r	p95(ms)-r	p99(ms)-r	pMax(ms)-r	total-r	elapsed-w	errors-w	ops(total)-w	ops/sec(cum)-w	avg(ms)-w	p50(ms)-w	p95(ms)-w	p99(ms)-w	pMax(ms)-w	total-w	elapsed	errors	ops(total)	ops/sec(cum)	avg(ms)	p50(ms)	p95(ms)	p99(ms)	pMax(ms)
15	0.0	0.0	1229861.0	27329.999999999996	1.98	1.4600000000000002	4.7	11.86	37.739999999999995	0.0	0.0	0.0	65312.0	1451.3999999999999	4.5200000000000005	2.5799999999999996	17.2	29.580000000000002	50.3	0.0	0.0	0.0	1295173.0	28781.399999999998	2.1	1.48	5.0	13.839999999999998	50.3
