concurrency	elapsed-r	errors-r	ops(total)-r	ops/sec(cum)-r	avg(ms)-r	p50(ms)-r	p95(ms)-r	p99(ms)-r	pMax(ms)-r	total-r	elapsed-w	errors-w	ops(total)-w	ops/sec(cum)-w	avg(ms)-w	p50(ms)-w	p95(ms)-w	p99(ms)-w	pMax(ms)-w	total-w	elapsed	errors	ops(total)	ops/sec(cum)	avg(ms)	p50(ms)	p95(ms)	p99(ms)	pMax(ms)
44	0.0	0.0	422636.0	14087.5	3.2999999999999994	2.4	10.0	15.199999999999998	46.1	0.0	0.0	0.0	21988.0	732.9000000000001	94.56666666666668	4.8	503.3	570.4	604.0	0.0	0.0	0.0	444624.0	14820.3	7.833333333333333	2.4	10.5	28.333333333333332	604.0
