concurrency	elapsed-r	errors-r	ops(total)-r	ops/sec(cum)-r	avg(ms)-r	p50(ms)-r	p95(ms)-r	p99(ms)-r	pMax(ms)-r	total-r	elapsed-w	errors-w	ops(total)-w	ops/sec(cum)-w	avg(ms)-w	p50(ms)-w	p95(ms)-w	p99(ms)-w	pMax(ms)-w	total-w	elapsed	errors	ops(total)	ops/sec(cum)	avg(ms)	p50(ms)	p95(ms)	p99(ms)	pMax(ms)
7	0.0	0.0	309292.0	10309.5	2.8125	2.625	5.25	6.475	12.0	0.0	0.0	0.0	16304.0	543.4999999999999	45.45	60.275000000000006	88.10000000000001	98.075	108.57500000000002	0.0	0.0	0.0	325596.0	10852.900000000001	4.925	2.6750000000000003	6.0625	76.55000000000001	108.57500000000002
