concurrency	elapsed-w	errors-w	ops(total)-w	ops/sec(cum)-w	avg(ms)-w	p50(ms)-w	p95(ms)-w	p99(ms)-w	pMax(ms)-w	total-w	elapsed	errors	ops(total)	ops/sec(cum)	avg(ms)	p50(ms)	p95(ms)	p99(ms)	pMax(ms)
54	0.0	0.0	3504592.0	116816.99999999999	3.3875000000000006	3.1874999999999996	5.95	10.1	28.4625	0.0	0.0	0.0	3504592.0	116816.99999999999	3.3875000000000006	3.1874999999999996	5.95	10.1	28.4625
