concurrency	elapsed-w	errors-w	ops(total)-w	ops/sec(cum)-w	avg(ms)-w	p50(ms)-w	p95(ms)-w	p99(ms)-w	pMax(ms)-w	total-w	elapsed	errors	ops(total)	ops/sec(cum)	avg(ms)	p50(ms)	p95(ms)	p99(ms)	pMax(ms)
36	0.0	0.0	3424296.0	114140.8	2.3499999999999996	2.3	5.1	7.049999999999999	58.574999999999996	0.0	0.0	0.0	3424296.0	114140.8	2.3499999999999996	2.3	5.1	7.049999999999999	58.574999999999996
