concurrency	elapsed-r	errors-r	ops(total)-r	ops/sec(cum)-r	avg(ms)-r	p50(ms)-r	p95(ms)-r	p99(ms)-r	pMax(ms)-r	total-r	elapsed-w	errors-w	ops(total)-w	ops/sec(cum)-w	avg(ms)-w	p50(ms)-w	p95(ms)-w	p99(ms)-w	pMax(ms)-w	total-w	elapsed	errors	ops(total)	ops/sec(cum)	avg(ms)	p50(ms)	p95(ms)	p99(ms)	pMax(ms)
40	0.0	0.0	734439.0	16320.300000000001	2.5	1.8199999999999998	5.8	9.52	73.82000000000001	0.0	0.0	0.0	38547.0	856.6	141.42000000000002	3.2600000000000002	419.4	436.2	463.08000000000004	0.0	0.0	0.0	772986.0	17176.9	9.440000000000001	1.9	6.3	385.9	463.08000000000004
