concurrency	elapsed-r	errors-r	ops(total)-r	ops/sec(cum)-r	avg(ms)-r	p50(ms)-r	p95(ms)-r	p99(ms)-r	pMax(ms)-r	total-r	elapsed-w	errors-w	ops(total)-w	ops/sec(cum)-w	avg(ms)-w	p50(ms)-w	p95(ms)-w	p99(ms)-w	pMax(ms)-w	total-w	elapsed	errors	ops(total)	ops/sec(cum)	avg(ms)	p50(ms)	p95(ms)	p99(ms)	pMax(ms)
11	0.0	0.0	673500.0	22449.6	2.95	2.625	5.800000000000001	9.112499999999999	78.36249999999998	0.0	0.0	0.0	35471.0	1182.3999999999999	13.537500000000001	13.037499999999998	23.575	29.625	64.73750000000001	0.0	0.0	0.0	708971.0	23632.0	3.525	2.65	9.112499999999999	19.125000000000004	85.1875
