concurrency	elapsed-r	errors-r	ops(total)-r	ops/sec(cum)-r	avg(ms)-r	p50(ms)-r	p95(ms)-r	p99(ms)-r	pMax(ms)-r	total-r	elapsed-w	errors-w	ops(total)-w	ops/sec(cum)-w	avg(ms)-w	p50(ms)-w	p95(ms)-w	p99(ms)-w	pMax(ms)-w	total-w	elapsed	errors	ops(total)	ops/sec(cum)	avg(ms)	p50(ms)	p95(ms)	p99(ms)	pMax(ms)
56	0.0	0.0	3501138.0	116700.9	3.325	3.1874999999999996	5.625	10.4625	120.325	0.0	0.0	0.0	184371.0	6145.4	3.3375000000000004	3.1999999999999997	5.6875	10.4375	21.237499999999997	0.0	0.0	0.0	3685509.0	122846.5	3.325	3.1874999999999996	5.625	10.4625	120.325
