concurrency	elapsed-r	errors-r	ops(total)-r	ops/sec(cum)-r	avg(ms)-r	p50(ms)-r	p95(ms)-r	p99(ms)-r	pMax(ms)-r	total-r	elapsed-w	errors-w	ops(total)-w	ops/sec(cum)-w	avg(ms)-w	p50(ms)-w	p95(ms)-w	p99(ms)-w	pMax(ms)-w	total-w	elapsed	errors	ops(total)	ops/sec(cum)	avg(ms)	p50(ms)	p95(ms)	p99(ms)	pMax(ms)
90	0.0	0.0	98635.0	1643.9	5.475	2.0	13.774999999999999	99.65	331.325	0.0	0.0	0.0	4809.0	80.10000000000001	53.175	44.0	120.54999999999998	398.45	1258.3249999999998	0.0	0.0	0.0	103444.0	1724.1	7.7	2.0749999999999997	40.325	111.14999999999999	1258.3249999999998
