concurrency	elapsed-r	errors-r	ops(total)-r	ops/sec(cum)-r	avg(ms)-r	p50(ms)-r	p95(ms)-r	p99(ms)-r	pMax(ms)-r	total-r	elapsed-w	errors-w	ops(total)-w	ops/sec(cum)-w	avg(ms)-w	p50(ms)-w	p95(ms)-w	p99(ms)-w	pMax(ms)-w	total-w	elapsed	errors	ops(total)	ops/sec(cum)	avg(ms)	p50(ms)	p95(ms)	p99(ms)	pMax(ms)
40	0.0	0.0	799146.0	26637.500000000004	2.6	1.7	7.039999999999999	14.7	78.83999999999999	0.0	0.0	0.0	41764.0	1392.1000000000001	65.76	3.5799999999999996	359.02	402.7	439.56000000000006	0.0	0.0	0.0	840910.0	28029.5	5.7	1.8	7.840000000000001	31.060000000000002	439.56000000000006
