concurrency	elapsed-r	errors-r	ops(total)-r	ops/sec(cum)-r	avg(ms)-r	p50(ms)-r	p95(ms)-r	p99(ms)-r	pMax(ms)-r	total-r	elapsed-w	errors-w	ops(total)-w	ops/sec(cum)-w	avg(ms)-w	p50(ms)-w	p95(ms)-w	p99(ms)-w	pMax(ms)-w	total-w	elapsed	errors	ops(total)	ops/sec(cum)	avg(ms)	p50(ms)	p95(ms)	p99(ms)	pMax(ms)
80	0.0	0.0	2806427.0	93543.4	2.24	1.48	6.279999999999999	9.819999999999999	70.9	0.0	0.0	0.0	147437.0	4914.4	74.4	2.8400000000000003	420.69999999999993	443.73999999999995	501.66	0.0	0.0	0.0	2953864.0	98457.70000000001	5.840000000000001	1.58	6.62	16.799999999999997	501.66
