concurrency	elapsed-w	errors-w	ops(total)-w	ops/sec(cum)-w	avg(ms)-w	p50(ms)-w	p95(ms)-w	p99(ms)-w	pMax(ms)-w	total-w	elapsed	errors	ops(total)	ops/sec(cum)	avg(ms)	p50(ms)	p95(ms)	p99(ms)	pMax(ms)
47	0.0	0.0	3451946.0	115062.00000000001	3.075	2.9	7.937499999999999	11.275	51.1	0.0	0.0	0.0	3451946.0	115062.00000000001	3.075	2.9	7.937499999999999	11.275	51.1
