concurrency	elapsed-w	errors-w	ops(total)-w	ops/sec(cum)-w	avg(ms)-w	p50(ms)-w	p95(ms)-w	p99(ms)-w	pMax(ms)-w	total-w	elapsed	errors	ops(total)	ops/sec(cum)	avg(ms)	p50(ms)	p95(ms)	p99(ms)	pMax(ms)
56	0.0	0.0	3608217.0	120271.1	3.4125	3.25	5.675	10.1625	28.712500000000002	0.0	0.0	0.0	3608217.0	120271.1	3.4125	3.25	5.675	10.1625	28.712500000000002
