concurrency	elapsed-r	errors-r	ops(total)-r	ops/sec(cum)-r	avg(ms)-r	p50(ms)-r	p95(ms)-r	p99(ms)-r	pMax(ms)-r	total-r	elapsed-w	errors-w	ops(total)-w	ops/sec(cum)-w	avg(ms)-w	p50(ms)-w	p95(ms)-w	p99(ms)-w	pMax(ms)-w	total-w	elapsed	errors	ops(total)	ops/sec(cum)	avg(ms)	p50(ms)	p95(ms)	p99(ms)	pMax(ms)
104	0.0	0.0	2683727.0	89453.2	6.08	4.76	16.46	26.020000000000003	270.97999999999996	0.0	0.0	0.0	141137.0	4704.400000000001	16.56	15.12	34.8	44.46	187.92000000000002	0.0	0.0	0.0	2824864.0	94157.3	6.619999999999999	4.92	18.779999999999998	30.18	270.97999999999996
