concurrency	elapsed-r	errors-r	ops(total)-r	ops/sec(cum)-r	avg(ms)-r	p50(ms)-r	p95(ms)-r	p99(ms)-r	pMax(ms)-r	total-r	elapsed-w	errors-w	ops(total)-w	ops/sec(cum)-w	avg(ms)-w	p50(ms)-w	p95(ms)-w	p99(ms)-w	pMax(ms)-w	total-w	elapsed	errors	ops(total)	ops/sec(cum)	avg(ms)	p50(ms)	p95(ms)	p99(ms)	pMax(ms)
62	0.0	0.0	1904584.0	63483.600000000006	6.050000000000001	5.025	15.350000000000001	25.025	159.925	0.0	0.0	0.0	100623.0	3353.8	22.5875	9.825000000000001	27.800000000000004	125.82499999999999	3690.9750000000004	0.0	0.0	0.0	2005207.0	66837.40000000001	6.875	5.0625	16.25	26.875	3690.9750000000004
