concurrency	elapsed-r	errors-r	ops(total)-r	ops/sec(cum)-r	avg(ms)-r	p50(ms)-r	p95(ms)-r	p99(ms)-r	pMax(ms)-r	total-r	elapsed-w	errors-w	ops(total)-w	ops/sec(cum)-w	avg(ms)-w	p50(ms)-w	p95(ms)-w	p99(ms)-w	pMax(ms)-w	total-w	elapsed	errors	ops(total)	ops/sec(cum)	avg(ms)	p50(ms)	p95(ms)	p99(ms)	pMax(ms)
31	0.0	0.0	607491.0	20248.9	7.125	2.35	10.6625	154.15	343.9375	0.0	0.0	0.0	31842.0	1061.3999999999999	93.68749999999999	92.29999999999998	114.775	238.05	415.25000000000006	0.0	0.0	0.0	639333.0	21310.4	11.4125	2.45	91.24999999999999	159.4	415.25000000000006
