concurrency	elapsed-r	errors-r	ops(total)-r	ops/sec(cum)-r	avg(ms)-r	p50(ms)-r	p95(ms)-r	p99(ms)-r	pMax(ms)-r	total-r	elapsed-w	errors-w	ops(total)-w	ops/sec(cum)-w	avg(ms)-w	p50(ms)-w	p95(ms)-w	p99(ms)-w	pMax(ms)-w	total-w	elapsed	errors	ops(total)	ops/sec(cum)	avg(ms)	p50(ms)	p95(ms)	p99(ms)	pMax(ms)
30	0.0	0.0	3122441.0	104079.40000000001	1.9874999999999998	1.875	3.5	6.35	139.85	0.0	0.0	0.0	164370.0	5479.000000000001	1.9874999999999998	1.875	3.45	6.2749999999999995	20.7375	0.0	0.0	0.0	3286811.0	109558.4	1.9874999999999998	1.875	3.5	6.35	139.85
