concurrency	elapsed-w	errors-w	ops(total)-w	ops/sec(cum)-w	avg(ms)-w	p50(ms)-w	p95(ms)-w	p99(ms)-w	pMax(ms)-w	total-w	elapsed	errors	ops(total)	ops/sec(cum)	avg(ms)	p50(ms)	p95(ms)	p99(ms)	pMax(ms)
47	0.0	0.0	758475.0	25281.6	14.412499999999998	11.8	34.875	47.9375	116.9375	0.0	0.0	0.0	758475.0	25281.6	14.412499999999998	11.8	34.875	47.9375	116.9375
