concurrency	elapsed-r	errors-r	ops(total)-r	ops/sec(cum)-r	avg(ms)-r	p50(ms)-r	p95(ms)-r	p99(ms)-r	pMax(ms)-r	total-r	elapsed-w	errors-w	ops(total)-w	ops/sec(cum)-w	avg(ms)-w	p50(ms)-w	p95(ms)-w	p99(ms)-w	pMax(ms)-w	total-w	elapsed	errors	ops(total)	ops/sec(cum)	avg(ms)	p50(ms)	p95(ms)	p99(ms)	pMax(ms)
60	0.0	0.0	989271.0	32974.100000000006	4.0	3.0	10.5	25.2	181.73333333333335	0.0	0.0	0.0	52153.0	1738.3000000000002	10.233333333333333	7.966666666666666	29.03333333333333	51.0	125.83333333333333	0.0	0.0	0.0	1041424.0	34712.4	4.3	3.1	12.1	27.3	181.73333333333335
