concurrency	elapsed-r	errors-r	ops(total)-r	ops/sec(cum)-r	avg(ms)-r	p50(ms)-r	p95(ms)-r	p99(ms)-r	pMax(ms)-r	total-r	elapsed-w	errors-w	ops(total)-w	ops/sec(cum)-w	avg(ms)-w	p50(ms)-w	p95(ms)-w	p99(ms)-w	pMax(ms)-w	total-w	elapsed	errors	ops(total)	ops/sec(cum)	avg(ms)	p50(ms)	p95(ms)	p99(ms)	pMax(ms)
51	0.0	0.0	2406397.0	80210.9	4.2875000000000005	3.65	9.4625	15.812499999999998	51.0875	0.0	0.0	0.0	126571.0	4218.9	5.6125	3.9499999999999997	15.4125	23.849999999999998	53.974999999999994	0.0	0.0	0.0	2532968.0	84429.59999999999	4.3500000000000005	3.7	9.9	16.525	54.49999999999999
