concurrency	elapsed-r	errors-r	ops(total)-r	ops/sec(cum)-r	avg(ms)-r	p50(ms)-r	p95(ms)-r	p99(ms)-r	pMax(ms)-r	total-r	elapsed	errors	ops(total)	ops/sec(cum)	avg(ms)	p50(ms)	p95(ms)	p99(ms)	pMax(ms)
39	0.0	0.0	1095973.0	36531.5	8.5625	7.7250000000000005	17.825	26.1375	68.9375	0.0	0.0	0.0	1095973.0	36531.5	8.5625	7.7250000000000005	17.825	26.1375	68.9375
