concurrency	elapsed-r	errors-r	ops(total)-r	ops/sec(cum)-r	avg(ms)-r	p50(ms)-r	p95(ms)-r	p99(ms)-r	pMax(ms)-r	total-r	elapsed-w	errors-w	ops(total)-w	ops/sec(cum)-w	avg(ms)-w	p50(ms)-w	p95(ms)-w	p99(ms)-w	pMax(ms)-w	total-w	elapsed	errors	ops(total)	ops/sec(cum)	avg(ms)	p50(ms)	p95(ms)	p99(ms)	pMax(ms)
51	0.0	0.0	4313767.0	143787.90000000002	2.3375	1.9875000000000003	4.987500000000001	8.5625	219.14999999999998	0.0	0.0	0.0	226899.0	7562.9	2.375	2.0	5.15	9.15	61.18749999999999	0.0	0.0	0.0	4540666.0	151351.1	2.3375	1.9875000000000003	5.025	8.6	219.14999999999998
