concurrency	elapsed-r	errors-r	ops(total)-r	ops/sec(cum)-r	avg(ms)-r	p50(ms)-r	p95(ms)-r	p99(ms)-r	pMax(ms)-r	total-r	elapsed	errors	ops(total)	ops/sec(cum)	avg(ms)	p50(ms)	p95(ms)	p99(ms)	pMax(ms)
51	0.0	0.0	5499741.0	183319.6	1.8250000000000002	1.6500000000000001	3.25	6.5874999999999995	218.09999999999997	0.0	0.0	0.0	5499741.0	183319.6	1.8250000000000002	1.6500000000000001	3.25	6.5874999999999995	218.09999999999997
