concurrency	elapsed-w	errors-w	ops(total)-w	ops/sec(cum)-w	avg(ms)-w	p50(ms)-w	p95(ms)-w	p99(ms)-w	pMax(ms)-w	total-w	elapsed	errors	ops(total)	ops/sec(cum)	avg(ms)	p50(ms)	p95(ms)	p99(ms)	pMax(ms)
16	0.0	0.0	3458941.0	115296.79999999999	0.95	0.8875000000000001	1.5875	2.575	26.474999999999998	0.0	0.0	0.0	3458941.0	115296.79999999999	0.95	0.8875000000000001	1.5875	2.575	26.474999999999998
