concurrency	elapsed-r	errors-r	ops(total)-r	ops/sec(cum)-r	avg(ms)-r	p50(ms)-r	p95(ms)-r	p99(ms)-r	pMax(ms)-r	total-r	elapsed-w	errors-w	ops(total)-w	ops/sec(cum)-w	avg(ms)-w	p50(ms)-w	p95(ms)-w	p99(ms)-w	pMax(ms)-w	total-w	elapsed	errors	ops(total)	ops/sec(cum)	avg(ms)	p50(ms)	p95(ms)	p99(ms)	pMax(ms)
6	0.0	0.0	873004.0	29099.899999999994	1.325	1.225	2.65	3.6125000000000003	156.25	0.0	0.0	0.0	46023.0	1534.1999999999998	2.2875	2.125	4.4624999999999995	7.162499999999999	38.1375	0.0	0.0	0.0	919027.0	30634.0	1.375	1.25	2.7499999999999996	3.925	156.25
