concurrency	elapsed-r	errors-r	ops(total)-r	ops/sec(cum)-r	avg(ms)-r	p50(ms)-r	p95(ms)-r	p99(ms)-r	pMax(ms)-r	total-r	elapsed-w	errors-w	ops(total)-w	ops/sec(cum)-w	avg(ms)-w	p50(ms)-w	p95(ms)-w	p99(ms)-w	pMax(ms)-w	total-w	elapsed	errors	ops(total)	ops/sec(cum)	avg(ms)	p50(ms)	p95(ms)	p99(ms)	pMax(ms)
51	0.0	0.0	801365.0	26710.7	3.4333333333333336	2.2	8.4	18.9	123.03333333333332	0.0	0.0	0.0	42282.0	1409.3999999999999	1.3999999999999997	1.0	3.3333333333333335	9.066666666666668	51.0	0.0	0.0	0.0	843647.0	28120.0	3.3333333333333335	2.0	8.299999999999999	18.166666666666668	123.03333333333332
