concurrency	elapsed-r	errors-r	ops(total)-r	ops/sec(cum)-r	avg(ms)-r	p50(ms)-r	p95(ms)-r	p99(ms)-r	pMax(ms)-r	total-r	elapsed-w	errors-w	ops(total)-w	ops/sec(cum)-w	avg(ms)-w	p50(ms)-w	p95(ms)-w	p99(ms)-w	pMax(ms)-w	total-w	elapsed	errors	ops(total)	ops/sec(cum)	avg(ms)	p50(ms)	p95(ms)	p99(ms)	pMax(ms)
23	0.0	0.0	1040954.0	23132.0	2.14	1.48	5.159999999999999	12.1	35.24	0.0	0.0	0.0	54964.0	1221.3999999999999	35.04	2.5	142.6	159.4	189.54000000000002	0.0	0.0	0.0	1095918.0	24353.4	3.7800000000000002	1.52	5.8	117.4	189.54000000000002
