concurrency	elapsed-w	errors-w	ops(total)-w	ops/sec(cum)-w	avg(ms)-w	p50(ms)-w	p95(ms)-w	p99(ms)-w	pMax(ms)-w	total-w	elapsed	errors	ops(total)	ops/sec(cum)	avg(ms)	p50(ms)	p95(ms)	p99(ms)	pMax(ms)
32	0.0	0.0	3315091.0	110501.20000000001	2.1	1.9749999999999999	3.7	6.125000000000001	22.925	0.0	0.0	0.0	3315091.0	110501.20000000001	2.1	1.9749999999999999	3.7	6.125000000000001	22.925
