concurrency	elapsed-r	errors-r	ops(total)-r	ops/sec(cum)-r	avg(ms)-r	p50(ms)-r	p95(ms)-r	p99(ms)-r	pMax(ms)-r	total-r	elapsed-w	errors-w	ops(total)-w	ops/sec(cum)-w	avg(ms)-w	p50(ms)-w	p95(ms)-w	p99(ms)-w	pMax(ms)-w	total-w	elapsed	errors	ops(total)	ops/sec(cum)	avg(ms)	p50(ms)	p95(ms)	p99(ms)	pMax(ms)
29	0.0	0.0	1139838.0	37993.59999999999	5.2124999999999995	4.6625000000000005	11.7625	17.5625	65.7875	0.0	0.0	0.0	60292.0	2009.8000000000002	10.2	9.6	22.675	30.2875	52.400000000000006	0.0	0.0	0.0	1200130.0	40003.1	5.450000000000001	4.824999999999999	12.9625	19.787499999999998	66.8375
