concurrency	elapsed-r	errors-r	ops(total)-r	ops/sec(cum)-r	avg(ms)-r	p50(ms)-r	p95(ms)-r	p99(ms)-r	pMax(ms)-r	total-r	elapsed	errors	ops(total)	ops/sec(cum)	avg(ms)	p50(ms)	p95(ms)	p99(ms)	pMax(ms)
23	0.0	0.0	1369982.0	45665.200000000004	3.8749999999999996	3.5749999999999993	7.3875	10.962499999999999	27.812500000000004	0.0	0.0	0.0	1369982.0	45665.200000000004	3.8749999999999996	3.5749999999999993	7.3875	10.962499999999999	27.812500000000004
