concurrency	elapsed-r	errors-r	ops(total)-r	ops/sec(cum)-r	avg(ms)-r	p50(ms)-r	p95(ms)-r	p99(ms)-r	pMax(ms)-r	total-r	elapsed-w	errors-w	ops(total)-w	ops/sec(cum)-w	avg(ms)-w	p50(ms)-w	p95(ms)-w	p99(ms)-w	pMax(ms)-w	total-w	elapsed	errors	ops(total)	ops/sec(cum)	avg(ms)	p50(ms)	p95(ms)	p99(ms)	pMax(ms)
129	0.0	0.0	2985151.0	99495.5	5.659999999999999	4.26	15.219999999999999	27.660000000000004	468.08000000000004	0.0	0.0	0.0	156829.0	5227.099999999999	19.259999999999998	16.759999999999998	42.760000000000005	57.46	449.64	0.0	0.0	0.0	3141980.0	104722.6	6.32	4.4	19.939999999999998	35.44	469.76000000000005
