concurrency	elapsed-r	errors-r	ops(total)-r	ops/sec(cum)-r	avg(ms)-r	p50(ms)-r	p95(ms)-r	p99(ms)-r	pMax(ms)-r	total-r	elapsed-w	errors-w	ops(total)-w	ops/sec(cum)-w	avg(ms)-w	p50(ms)-w	p95(ms)-w	p99(ms)-w	pMax(ms)-w	total-w	elapsed	errors	ops(total)	ops/sec(cum)	avg(ms)	p50(ms)	p95(ms)	p99(ms)	pMax(ms)
49	0.0	0.0	2423723.0	80788.2	4.0625	3.4874999999999994	8.825	14.6125	41.387499999999996	0.0	0.0	0.0	127174.0	4238.999999999999	5.2125	3.775	13.65	20.85	43.737500000000004	0.0	0.0	0.0	2550897.0	85027.4	4.125	3.4874999999999994	9.325	15.125	44.262499999999996
