concurrency	elapsed-r	errors-r	ops(total)-r	ops/sec(cum)-r	avg(ms)-r	p50(ms)-r	p95(ms)-r	p99(ms)-r	pMax(ms)-r	total-r	elapsed	errors	ops(total)	ops/sec(cum)	avg(ms)	p50(ms)	p95(ms)	p99(ms)	pMax(ms)
62	0.0	0.0	1537371.0	51243.799999999996	9.0625	8.2	19.650000000000002	28.712500000000002	102.775	0.0	0.0	0.0	1537371.0	51243.799999999996	9.0625	8.2	19.650000000000002	28.712500000000002	102.775
