concurrency	elapsed-r	errors-r	ops(total)-r	ops/sec(cum)-r	avg(ms)-r	p50(ms)-r	p95(ms)-r	p99(ms)-r	pMax(ms)-r	total-r	elapsed-w	errors-w	ops(total)-w	ops/sec(cum)-w	avg(ms)-w	p50(ms)-w	p95(ms)-w	p99(ms)-w	pMax(ms)-w	total-w	elapsed	errors	ops(total)	ops/sec(cum)	avg(ms)	p50(ms)	p95(ms)	p99(ms)	pMax(ms)
39	0.0	0.0	1949191.0	64971.3	4.0	3.475	9.475000000000001	14.762500000000001	58.43749999999999	0.0	0.0	0.0	102552.0	3418.5	7.1625000000000005	6.7125	15.712500000000002	22.412499999999998	57.9125	0.0	0.0	0.0	2051743.0	68389.59999999999	4.125	3.5124999999999997	10.125	15.600000000000001	63.1625
