concurrency	elapsed-r	errors-r	ops(total)-r	ops/sec(cum)-r	avg(ms)-r	p50(ms)-r	p95(ms)-r	p99(ms)-r	pMax(ms)-r	total-r	elapsed-w	errors-w	ops(total)-w	ops/sec(cum)-w	avg(ms)-w	p50(ms)-w	p95(ms)-w	p99(ms)-w	pMax(ms)-w	total-w	elapsed	errors	ops(total)	ops/sec(cum)	avg(ms)	p50(ms)	p95(ms)	p99(ms)	pMax(ms)
76	0.0	0.0	1877240.0	62572.3	2.1999999999999997	1.5	5.833333333333333	9.333333333333334	47.166666666666664	0.0	0.0	0.0	98593.0	3286.2999999999997	60.46666666666667	2.6	329.76666666666665	355.4666666666667	395.6333333333334	0.0	0.0	0.0	1975833.0	65858.7	5.1000000000000005	1.5333333333333332	6.233333333333333	16.433333333333334	395.6333333333334
