concurrency	elapsed-r	errors-r	ops(total)-r	ops/sec(cum)-r	avg(ms)-r	p50(ms)-r	p95(ms)-r	p99(ms)-r	pMax(ms)-r	total-r	elapsed	errors	ops(total)	ops/sec(cum)	avg(ms)	p50(ms)	p95(ms)	p99(ms)	pMax(ms)
23	0.0	0.0	967755.0	32257.899999999998	5.562499999999999	5.125	11.024999999999999	14.975	42.425	0.0	0.0	0.0	967755.0	32257.899999999998	5.562499999999999	5.125	11.024999999999999	14.975	42.425
