concurrency	elapsed-r	errors-r	ops(total)-r	ops/sec(cum)-r	avg(ms)-r	p50(ms)-r	p95(ms)-r	p99(ms)-r	pMax(ms)-r	total-r	elapsed-w	errors-w	ops(total)-w	ops/sec(cum)-w	avg(ms)-w	p50(ms)-w	p95(ms)-w	p99(ms)-w	pMax(ms)-w	total-w	elapsed	errors	ops(total)	ops/sec(cum)	avg(ms)	p50(ms)	p95(ms)	p99(ms)	pMax(ms)
53	0.0	0.0	4308503.0	143612.80000000002	2.45	2.0749999999999997	5.387499999999999	8.975	218.09999999999997	0.0	0.0	0.0	226732.0	7557.6	2.5625	2.125	5.3999999999999995	9.6375	127.92499999999998	0.0	0.0	0.0	4535235.0	151170.4	2.4625	2.0749999999999997	5.387499999999999	8.975	218.09999999999997
