concurrency	elapsed-r	errors-r	ops(total)-r	ops/sec(cum)-r	avg(ms)-r	p50(ms)-r	p95(ms)-r	p99(ms)-r	pMax(ms)-r	total-r	elapsed	errors	ops(total)	ops/sec(cum)	avg(ms)	p50(ms)	p95(ms)	p99(ms)	pMax(ms)
23	0.0	0.0	1273141.0	42437.2	4.1625	3.9375	8.05	12.049999999999999	31.7375	0.0	0.0	0.0	1273141.0	42437.2	4.1625	3.9375	8.05	12.049999999999999	31.7375
