concurrency	elapsed-r	errors-r	ops(total)-r	ops/sec(cum)-r	avg(ms)-r	p50(ms)-r	p95(ms)-r	p99(ms)-r	pMax(ms)-r	total-r	elapsed-w	errors-w	ops(total)-w	ops/sec(cum)-w	avg(ms)-w	p50(ms)-w	p95(ms)-w	p99(ms)-w	pMax(ms)-w	total-w	elapsed	errors	ops(total)	ops/sec(cum)	avg(ms)	p50(ms)	p95(ms)	p99(ms)	pMax(ms)
48	0.0	0.0	577534.0	19250.5	2.7000000000000006	1.8	7.3	11.5	90.86666666666667	0.0	0.0	0.0	30892.0	1029.6999999999998	74.13333333333334	3.5	402.7	436.2	486.5	0.0	0.0	0.0	608426.0	20280.1	6.333333333333333	1.8	7.900000000000001	27.3	486.5
