concurrency	elapsed-r	errors-r	ops(total)-r	ops/sec(cum)-r	avg(ms)-r	p50(ms)-r	p95(ms)-r	p99(ms)-r	pMax(ms)-r	total-r	elapsed-w	errors-w	ops(total)-w	ops/sec(cum)-w	avg(ms)-w	p50(ms)-w	p95(ms)-w	p99(ms)-w	pMax(ms)-w	total-w	elapsed	errors	ops(total)	ops/sec(cum)	avg(ms)	p50(ms)	p95(ms)	p99(ms)	pMax(ms)
70	0.0	0.0	22089.0	368.0	5.125	2.15	20.299999999999997	64.475	127.9	0.0	0.0	0.0	934.0	15.700000000000001	21.625	13.75	68.15	127.92500000000001	203.425	0.0	0.0	0.0	23023.0	383.70000000000005	5.825	2.175	24.924999999999997	70.25	203.425
