concurrency	elapsed-r	errors-r	ops(total)-r	ops/sec(cum)-r	avg(ms)-r	p50(ms)-r	p95(ms)-r	p99(ms)-r	pMax(ms)-r	total-r	elapsed	errors	ops(total)	ops/sec(cum)	avg(ms)	p50(ms)	p95(ms)	p99(ms)	pMax(ms)
12	0.0	0.0	1042461.0	34748.4	1.25	1.2	1.6749999999999998	2.9749999999999996	14.55	0.0	0.0	0.0	1042461.0	34748.4	1.25	1.2	1.6749999999999998	2.9749999999999996	14.55
