concurrency	elapsed-r	errors-r	ops(total)-r	ops/sec(cum)-r	avg(ms)-r	p50(ms)-r	p95(ms)-r	p99(ms)-r	pMax(ms)-r	total-r	elapsed-w	errors-w	ops(total)-w	ops/sec(cum)-w	avg(ms)-w	p50(ms)-w	p95(ms)-w	p99(ms)-w	pMax(ms)-w	total-w	elapsed	errors	ops(total)	ops/sec(cum)	avg(ms)	p50(ms)	p95(ms)	p99(ms)	pMax(ms)
91	0.0	0.0	2205731.0	73521.70000000001	2.533333333333333	1.6333333333333335	6.933333333333334	12.0	35.46666666666667	0.0	0.0	0.0	115930.0	3864.2000000000003	32.0	3.233333333333333	174.0666666666667	203.4	258.6666666666667	0.0	0.0	0.0	2321661.0	77385.9	4.0	1.7	7.533333333333334	20.8	258.6666666666667
