concurrency	elapsed-r	errors-r	ops(total)-r	ops/sec(cum)-r	avg(ms)-r	p50(ms)-r	p95(ms)-r	p99(ms)-r	pMax(ms)-r	total-r	elapsed-w	errors-w	ops(total)-w	ops/sec(cum)-w	avg(ms)-w	p50(ms)-w	p95(ms)-w	p99(ms)-w	pMax(ms)-w	total-w	elapsed	errors	ops(total)	ops/sec(cum)	avg(ms)	p50(ms)	p95(ms)	p99(ms)	pMax(ms)
55	0.0	0.0	1632271.0	36271.9	2.5	1.6	7.839999999999999	17.8	176.16	0.0	0.0	0.0	85579.0	1901.7000000000003	69.78	3.34	906.0	1087.14	4214.42	0.0	0.0	0.0	1717850.0	38173.700000000004	5.880000000000001	1.6400000000000001	8.28	21.8	4214.42
