concurrency	elapsed-r	errors-r	ops(total)-r	ops/sec(cum)-r	avg(ms)-r	p50(ms)-r	p95(ms)-r	p99(ms)-r	pMax(ms)-r	total-r	elapsed-w	errors-w	ops(total)-w	ops/sec(cum)-w	avg(ms)-w	p50(ms)-w	p95(ms)-w	p99(ms)-w	pMax(ms)-w	total-w	elapsed	errors	ops(total)	ops/sec(cum)	avg(ms)	p50(ms)	p95(ms)	p99(ms)	pMax(ms)
39	0.0	0.0	1938219.0	64605.5	4.012499999999999	3.4375	9.925	15.65	47.675000000000004	0.0	0.0	0.0	101586.0	3386.1000000000004	7.387499999999999	6.575	16.55	27.1375	200.25000000000003	0.0	0.0	0.0	2039805.0	67991.5	4.1625	3.4875	10.375	16.55	200.25000000000003
