concurrency	elapsed-r	errors-r	ops(total)-r	ops/sec(cum)-r	avg(ms)-r	p50(ms)-r	p95(ms)-r	p99(ms)-r	pMax(ms)-r	total-r	elapsed-w	errors-w	ops(total)-w	ops/sec(cum)-w	avg(ms)-w	p50(ms)-w	p95(ms)-w	p99(ms)-w	pMax(ms)-w	total-w	elapsed	errors	ops(total)	ops/sec(cum)	avg(ms)	p50(ms)	p95(ms)	p99(ms)	pMax(ms)
28	0.0	0.0	2871568.0	95716.80000000002	2.025	1.8250000000000002	4.1	6.325	94.51249999999999	0.0	0.0	0.0	151296.0	5043.199999999999	1.9625	1.7375	3.95	6.1499999999999995	17.8375	0.0	0.0	0.0	3022864.0	100759.9	2.025	1.8250000000000002	4.1	6.325	94.9125
