concurrency	elapsed-r	errors-r	ops(total)-r	ops/sec(cum)-r	avg(ms)-r	p50(ms)-r	p95(ms)-r	p99(ms)-r	pMax(ms)-r	total-r	elapsed	errors	ops(total)	ops/sec(cum)	avg(ms)	p50(ms)	p95(ms)	p99(ms)	pMax(ms)
19	0.0	0.0	1395920.0	46530.00000000001	3.0999999999999996	2.8750000000000004	5.699999999999999	8.899999999999999	22.825	0.0	0.0	0.0	1395920.0	46530.00000000001	3.0999999999999996	2.8750000000000004	5.699999999999999	8.899999999999999	22.825
