concurrency	elapsed-r	errors-r	ops(total)-r	ops/sec(cum)-r	avg(ms)-r	p50(ms)-r	p95(ms)-r	p99(ms)-r	pMax(ms)-r	total-r	elapsed-w	errors-w	ops(total)-w	ops/sec(cum)-w	avg(ms)-w	p50(ms)-w	p95(ms)-w	p99(ms)-w	pMax(ms)-w	total-w	elapsed	errors	ops(total)	ops/sec(cum)	avg(ms)	p50(ms)	p95(ms)	p99(ms)	pMax(ms)
27	0.0	0.0	768445.0	25614.200000000004	2.68	2.1	7.220000000000001	14.080000000000002	216.45999999999998	0.0	0.0	0.0	40376.0	1345.8	24.759999999999998	3.94	142.6	169.48000000000002	261.72	0.0	0.0	0.0	808821.0	26960.199999999997	3.78	2.16	7.9799999999999995	28.54	270.12
