concurrency	elapsed-r	errors-r	ops(total)-r	ops/sec(cum)-r	avg(ms)-r	p50(ms)-r	p95(ms)-r	p99(ms)-r	pMax(ms)-r	total-r	elapsed-w	errors-w	ops(total)-w	ops/sec(cum)-w	avg(ms)-w	p50(ms)-w	p95(ms)-w	p99(ms)-w	pMax(ms)-w	total-w	elapsed	errors	ops(total)	ops/sec(cum)	avg(ms)	p50(ms)	p95(ms)	p99(ms)	pMax(ms)
43	0.0	0.0	2592851.0	86426.4	3.3000000000000003	2.9875000000000003	6.75	10.85	30.287499999999998	0.0	0.0	0.0	136176.0	4539.1	3.9124999999999996	3.0999999999999996	10.2875	15.412499999999998	29.250000000000004	0.0	0.0	0.0	2729027.0	90965.5	3.3625	3.0000000000000004	6.85	11.424999999999999	31.212500000000002
