concurrency	elapsed-r	errors-r	ops(total)-r	ops/sec(cum)-r	avg(ms)-r	p50(ms)-r	p95(ms)-r	p99(ms)-r	pMax(ms)-r	total-r	elapsed-w	errors-w	ops(total)-w	ops/sec(cum)-w	avg(ms)-w	p50(ms)-w	p95(ms)-w	p99(ms)-w	pMax(ms)-w	total-w	elapsed	errors	ops(total)	ops/sec(cum)	avg(ms)	p50(ms)	p95(ms)	p99(ms)	pMax(ms)
144	0.0	0.0	2767322.0	92238.09999999999	7.5	5.68	20.8	34.8	647.58	0.0	0.0	0.0	146095.0	4869.5	25.299999999999997	22.639999999999997	54.54	72.17999999999999	562.04	0.0	0.0	0.0	2913417.0	97107.80000000002	8.379999999999999	5.860000000000001	26.020000000000003	44.04	647.58
