concurrency	elapsed-r	errors-r	ops(total)-r	ops/sec(cum)-r	avg(ms)-r	p50(ms)-r	p95(ms)-r	p99(ms)-r	pMax(ms)-r	total-r	elapsed-w	errors-w	ops(total)-w	ops/sec(cum)-w	avg(ms)-w	p50(ms)-w	p95(ms)-w	p99(ms)-w	pMax(ms)-w	total-w	elapsed	errors	ops(total)	ops/sec(cum)	avg(ms)	p50(ms)	p95(ms)	p99(ms)	pMax(ms)
40	0.0	0.0	1663937.0	55462.700000000004	2.075	1.4875	6.0249999999999995	10.6125	88.10000000000001	0.0	0.0	0.0	87548.0	2918.2999999999997	64.86250000000001	2.7500000000000004	956.3000000000001	1115.7	1208.0	0.0	0.0	0.0	1751485.0	58380.7	5.225	1.5	6.2625	11.95	1208.0
