concurrency	elapsed-r	errors-r	ops(total)-r	ops/sec(cum)-r	avg(ms)-r	p50(ms)-r	p95(ms)-r	p99(ms)-r	pMax(ms)-r	total-r	elapsed-w	errors-w	ops(total)-w	ops/sec(cum)-w	avg(ms)-w	p50(ms)-w	p95(ms)-w	p99(ms)-w	pMax(ms)-w	total-w	elapsed	errors	ops(total)	ops/sec(cum)	avg(ms)	p50(ms)	p95(ms)	p99(ms)	pMax(ms)
144	0.0	0.0	4646863.0	154881.19999999998	4.32	3.56	11.28	19.2	214.76	0.0	0.0	0.0	244369.0	8144.8	12.819999999999999	11.58	26.560000000000002	34.7	152.68	0.0	0.0	0.0	4891232.0	163026.1	4.74	3.5799999999999996	14.080000000000002	22.56	215.18
