concurrency	elapsed-r	errors-r	ops(total)-r	ops/sec(cum)-r	avg(ms)-r	p50(ms)-r	p95(ms)-r	p99(ms)-r	pMax(ms)-r	total-r	elapsed-w	errors-w	ops(total)-w	ops/sec(cum)-w	avg(ms)-w	p50(ms)-w	p95(ms)-w	p99(ms)-w	pMax(ms)-w	total-w	elapsed	errors	ops(total)	ops/sec(cum)	avg(ms)	p50(ms)	p95(ms)	p99(ms)	pMax(ms)
19	0.0	0.0	713265.0	23774.9	1.875	1.4000000000000001	4.15	5.6	14.674999999999999	0.0	0.0	0.0	37450.0	1248.5	82.14999999999999	2.475	268.40000000000003	285.2	302.0	0.0	0.0	0.0	750715.0	25023.2	5.875	1.4375	4.45	251.70000000000002	302.0
