concurrency	elapsed-r	errors-r	ops(total)-r	ops/sec(cum)-r	avg(ms)-r	p50(ms)-r	p95(ms)-r	p99(ms)-r	pMax(ms)-r	total-r	elapsed-w	errors-w	ops(total)-w	ops/sec(cum)-w	avg(ms)-w	p50(ms)-w	p95(ms)-w	p99(ms)-w	pMax(ms)-w	total-w	elapsed	errors	ops(total)	ops/sec(cum)	avg(ms)	p50(ms)	p95(ms)	p99(ms)	pMax(ms)
48	0.0	0.0	866981.0	28898.5	3.7999999999999994	3.2999999999999994	7.900000000000001	17.8	127.23333333333333	0.0	0.0	0.0	45399.0	1513.3000000000002	8.3	7.5	18.166666666666668	24.46666666666667	58.0	0.0	0.0	0.0	912380.0	30411.8	4.033333333333333	3.3333333333333335	9.4	18.533333333333335	127.23333333333333
