concurrency	elapsed-r	errors-r	ops(total)-r	ops/sec(cum)-r	avg(ms)-r	p50(ms)-r	p95(ms)-r	p99(ms)-r	pMax(ms)-r	total-r	elapsed	errors	ops(total)	ops/sec(cum)	avg(ms)	p50(ms)	p95(ms)	p99(ms)	pMax(ms)
70	0.0	0.0	1520982.0	50696.99999999999	10.35	9.3	22.549999999999997	33.324999999999996	115.87500000000001	0.0	0.0	0.0	1520982.0	50696.99999999999	10.35	9.3	22.549999999999997	33.324999999999996	115.87500000000001
