concurrency	elapsed-r	errors-r	ops(total)-r	ops/sec(cum)-r	avg(ms)-r	p50(ms)-r	p95(ms)-r	p99(ms)-r	pMax(ms)-r	total-r	elapsed-w	errors-w	ops(total)-w	ops/sec(cum)-w	avg(ms)-w	p50(ms)-w	p95(ms)-w	p99(ms)-w	pMax(ms)-w	total-w	elapsed	errors	ops(total)	ops/sec(cum)	avg(ms)	p50(ms)	p95(ms)	p99(ms)	pMax(ms)
120	0.0	0.0	4605930.0	153522.3	3.5200000000000005	3.04	7.619999999999999	15.639999999999997	147.42000000000002	0.0	0.0	0.0	242957.0	8098.1	10.08	9.139999999999999	19.96	28.0	107.58	0.0	0.0	0.0	4848887.0	161620.6	3.84	3.04	10.94	17.88	147.42000000000002
