concurrency	elapsed-r	errors-r	ops(total)-r	ops/sec(cum)-r	avg(ms)-r	p50(ms)-r	p95(ms)-r	p99(ms)-r	pMax(ms)-r	total-r	elapsed-w	errors-w	ops(total)-w	ops/sec(cum)-w	avg(ms)-w	p50(ms)-w	p95(ms)-w	p99(ms)-w	pMax(ms)-w	total-w	elapsed	errors	ops(total)	ops/sec(cum)	avg(ms)	p50(ms)	p95(ms)	p99(ms)	pMax(ms)
44	0.0	0.0	1056845.0	35227.2	2.5	2.0	5.8	15.199999999999998	74.1	0.0	0.0	0.0	56021.0	1867.3	1.3333333333333333	0.9	2.4333333333333336	6.8999999999999995	42.6	0.0	0.0	0.0	1112866.0	37094.5	2.5	2.0	5.3999999999999995	15.199999999999998	74.1
