concurrency	elapsed-r	errors-r	ops(total)-r	ops/sec(cum)-r	avg(ms)-r	p50(ms)-r	p95(ms)-r	p99(ms)-r	pMax(ms)-r	total-r	elapsed	errors	ops(total)	ops/sec(cum)	avg(ms)	p50(ms)	p95(ms)	p99(ms)	pMax(ms)
54	0.0	0.0	1514641.0	50486.1	8.0	7.199999999999999	17.55	25.174999999999997	188.72500000000002	0.0	0.0	0.0	1514641.0	50486.1	8.0	7.199999999999999	17.55	25.174999999999997	188.72500000000002
