concurrency	elapsed-r	errors-r	ops(total)-r	ops/sec(cum)-r	avg(ms)-r	p50(ms)-r	p95(ms)-r	p99(ms)-r	pMax(ms)-r	total-r	elapsed-w	errors-w	ops(total)-w	ops/sec(cum)-w	avg(ms)-w	p50(ms)-w	p95(ms)-w	p99(ms)-w	pMax(ms)-w	total-w	elapsed	errors	ops(total)	ops/sec(cum)	avg(ms)	p50(ms)	p95(ms)	p99(ms)	pMax(ms)
136	0.0	0.0	2683416.0	89442.09999999999	4.966666666666666	4.2	11.333333333333334	21.833333333333332	175.46666666666667	0.0	0.0	0.0	140999.0	4699.7	15.9	14.833333333333334	30.900000000000002	39.833333333333336	122.7	0.0	0.0	0.0	2824415.0	94141.90000000001	5.533333333333334	4.3999999999999995	15.633333333333333	26.76666666666667	175.46666666666667
