concurrency	elapsed-r	errors-r	ops(total)-r	ops/sec(cum)-r	avg(ms)-r	p50(ms)-r	p95(ms)-r	p99(ms)-r	pMax(ms)-r	total-r	elapsed-w	errors-w	ops(total)-w	ops/sec(cum)-w	avg(ms)-w	p50(ms)-w	p95(ms)-w	p99(ms)-w	pMax(ms)-w	total-w	elapsed	errors	ops(total)	ops/sec(cum)	avg(ms)	p50(ms)	p95(ms)	p99(ms)	pMax(ms)
113	0.0	0.0	4499842.0	149984.7	3.66	2.9799999999999995	8.48	16.779999999999998	140.3	0.0	0.0	0.0	237078.0	7902.0999999999985	9.559999999999999	8.5	20.2	27.78	131.26	0.0	0.0	0.0	4736920.0	157886.9	3.94	3.12	10.879999999999999	18.3	142.18
