concurrency	elapsed-w	errors-w	ops(total)-w	ops/sec(cum)-w	avg(ms)-w	p50(ms)-w	p95(ms)-w	p99(ms)-w	pMax(ms)-w	total-w	elapsed	errors	ops(total)	ops/sec(cum)	avg(ms)	p50(ms)	p95(ms)	p99(ms)	pMax(ms)
7	0.0	0.0	2141073.0	71368.20000000001	0.6124999999999999	0.7000000000000001	0.8125	1.1624999999999999	18.2375	0.0	0.0	0.0	2141073.0	71368.20000000001	0.6124999999999999	0.7000000000000001	0.8125	1.1624999999999999	18.2375
