concurrency	elapsed-r	errors-r	ops(total)-r	ops/sec(cum)-r	avg(ms)-r	p50(ms)-r	p95(ms)-r	p99(ms)-r	pMax(ms)-r	total-r	elapsed-w	errors-w	ops(total)-w	ops/sec(cum)-w	avg(ms)-w	p50(ms)-w	p95(ms)-w	p99(ms)-w	pMax(ms)-w	total-w	elapsed	errors	ops(total)	ops/sec(cum)	avg(ms)	p50(ms)	p95(ms)	p99(ms)	pMax(ms)
112	0.0	0.0	2722469.0	90744.20000000001	6.659999999999999	5.139999999999999	17.8	28.060000000000002	215.6	0.0	0.0	0.0	143758.0	4791.700000000001	17.9	16.04	37.72	51.17999999999999	196.28	0.0	0.0	0.0	2866227.0	95535.9	7.18	5.26	20.02	31.639999999999997	215.6
