concurrency	elapsed-r	errors-r	ops(total)-r	ops/sec(cum)-r	avg(ms)-r	p50(ms)-r	p95(ms)-r	p99(ms)-r	pMax(ms)-r	total-r	elapsed-w	errors-w	ops(total)-w	ops/sec(cum)-w	avg(ms)-w	p50(ms)-w	p95(ms)-w	p99(ms)-w	pMax(ms)-w	total-w	elapsed	errors	ops(total)	ops/sec(cum)	avg(ms)	p50(ms)	p95(ms)	p99(ms)	pMax(ms)
88	0.0	0.0	4491744.0	149717.8	2.6399999999999997	2.2600000000000002	5.279999999999999	12.7	73.2	0.0	0.0	0.0	235666.0	7855.099999999999	6.459999999999999	5.72	13.919999999999998	19.94	67.73999999999998	0.0	0.0	0.0	4727410.0	157572.9	2.88	2.32	6.9799999999999995	13.540000000000001	74.03999999999999
