concurrency	elapsed-r	errors-r	ops(total)-r	ops/sec(cum)-r	avg(ms)-r	p50(ms)-r	p95(ms)-r	p99(ms)-r	pMax(ms)-r	total-r	elapsed-w	errors-w	ops(total)-w	ops/sec(cum)-w	avg(ms)-w	p50(ms)-w	p95(ms)-w	p99(ms)-w	pMax(ms)-w	total-w	elapsed	errors	ops(total)	ops/sec(cum)	avg(ms)	p50(ms)	p95(ms)	p99(ms)	pMax(ms)
39	0.0	0.0	1920344.0	64009.7	4.0249999999999995	3.5	9.55	14.950000000000001	98.82499999999999	0.0	0.0	0.0	101153.0	3371.9	7.8875	7.175	17.425	24.787499999999998	59.225	0.0	0.0	0.0	2021497.0	67381.40000000001	4.2124999999999995	3.525	10.375	16.125	101.7125
