concurrency	elapsed-r	errors-r	ops(total)-r	ops/sec(cum)-r	avg(ms)-r	p50(ms)-r	p95(ms)-r	p99(ms)-r	pMax(ms)-r	total-r	elapsed-w	errors-w	ops(total)-w	ops/sec(cum)-w	avg(ms)-w	p50(ms)-w	p95(ms)-w	p99(ms)-w	pMax(ms)-w	total-w	elapsed	errors	ops(total)	ops/sec(cum)	avg(ms)	p50(ms)	p95(ms)	p99(ms)	pMax(ms)
39	0.0	0.0	4585609.0	152849.9	1.6375000000000002	1.45	2.825	5.05	217.04999999999995	0.0	0.0	0.0	241335.0	8044.3	1.7625000000000002	1.45	3.0749999999999993	6.65	170.925	0.0	0.0	0.0	4826944.0	160894.1	1.6375000000000002	1.45	2.825	5.175	217.04999999999995
