concurrency	elapsed-r	errors-r	ops(total)-r	ops/sec(cum)-r	avg(ms)-r	p50(ms)-r	p95(ms)-r	p99(ms)-r	pMax(ms)-r	total-r	elapsed-w	errors-w	ops(total)-w	ops/sec(cum)-w	avg(ms)-w	p50(ms)-w	p95(ms)-w	p99(ms)-w	pMax(ms)-w	total-w	elapsed	errors	ops(total)	ops/sec(cum)	avg(ms)	p50(ms)	p95(ms)	p99(ms)	pMax(ms)
5	0.0	0.0	611952.0	20398.100000000002	1.5999999999999996	1.375	3.2499999999999996	4.3	15.4125	0.0	0.0	0.0	32506.0	1083.5	3.0375000000000005	2.3625	7.512499999999999	12.3875	22.437499999999996	0.0	0.0	0.0	644458.0	21481.7	1.6875	1.375	3.35	5.025	22.437499999999996
