concurrency	elapsed-r	errors-r	ops(total)-r	ops/sec(cum)-r	avg(ms)-r	p50(ms)-r	p95(ms)-r	p99(ms)-r	pMax(ms)-r	total-r	elapsed-w	errors-w	ops(total)-w	ops/sec(cum)-w	avg(ms)-w	p50(ms)-w	p95(ms)-w	p99(ms)-w	pMax(ms)-w	total-w	elapsed	errors	ops(total)	ops/sec(cum)	avg(ms)	p50(ms)	p95(ms)	p99(ms)	pMax(ms)
56	0.0	0.0	587725.0	19590.1	2.9	2.0	7.900000000000001	14.366666666666665	68.5	0.0	0.0	0.0	30981.0	1032.7	80.13333333333333	3.7000000000000006	453.0	486.5	570.4	0.0	0.0	0.0	618706.0	20622.8	6.733333333333333	2.0	8.4	31.133333333333336	570.4
