concurrency	elapsed-r	errors-r	ops(total)-r	ops/sec(cum)-r	avg(ms)-r	p50(ms)-r	p95(ms)-r	p99(ms)-r	pMax(ms)-r	total-r	elapsed-w	errors-w	ops(total)-w	ops/sec(cum)-w	avg(ms)-w	p50(ms)-w	p95(ms)-w	p99(ms)-w	pMax(ms)-w	total-w	elapsed	errors	ops(total)	ops/sec(cum)	avg(ms)	p50(ms)	p95(ms)	p99(ms)	pMax(ms)
49	0.0	0.0	3351328.0	111708.3	2.925	2.75	4.975	9.7125	40.35	0.0	0.0	0.0	176417.0	5880.4	3.0999999999999996	2.8375000000000004	5.4875	10.15	30.425000000000004	0.0	0.0	0.0	3527745.0	117588.8	2.9499999999999997	2.75	4.975	9.8375	40.35
