ops/sec(cum)	p50(ms)	p99(ms)	read_tp	read_p50	read_p99	write_tp	write_p50	write_p99
311886.2833333333	0.20783333333333334	1.0168333333333335	298638.4166666667	0.2075	1.0168333333333335	13246.866666666667	0.20816666666666667	1.015
