ops/sec(cum)	p50(ms)	p99(ms)	read_tp	read_p50	read_p99	write_tp	write_p50	write_p99
248681.39999999997	0.28683333333333333	2.025	236263.88333333336	0.285	2.025	12416.516666666666	0.2886666666666667	2.0526666666666666
