concurrency	elapsed-w	errors-w	ops(total)-w	ops/sec(cum)-w	avg(ms)-w	p50(ms)-w	p95(ms)-w	p99(ms)-w	pMax(ms)-w	total-w	elapsed	errors	ops(total)	ops/sec(cum)	avg(ms)	p50(ms)	p95(ms)	p99(ms)	pMax(ms)
49	0.0	0.0	4982048.0	166064.6	1.9375	1.8250000000000002	3.5749999999999997	5.8375	203.9375	0.0	0.0	0.0	4982048.0	166064.6	1.9375	1.8250000000000002	3.5749999999999997	5.8375	203.9375
