concurrency	elapsed-r	errors-r	ops(total)-r	ops/sec(cum)-r	avg(ms)-r	p50(ms)-r	p95(ms)-r	p99(ms)-r	pMax(ms)-r	total-r	elapsed-w	errors-w	ops(total)-w	ops/sec(cum)-w	avg(ms)-w	p50(ms)-w	p95(ms)-w	p99(ms)-w	pMax(ms)-w	total-w	elapsed	errors	ops(total)	ops/sec(cum)	avg(ms)	p50(ms)	p95(ms)	p99(ms)	pMax(ms)
48	0.0	0.0	690132.0	23003.699999999997	19.3375	16.65	36.675	47.15	129.5	0.0	0.0	0.0	36531.0	1217.7000000000003	23.762500000000003	17.799999999999997	58.0625	93.32499999999999	168.825	0.0	0.0	0.0	726663.0	24221.3	19.562500000000004	16.65	36.675	53.975	175.1125
