concurrency	elapsed-r	errors-r	ops(total)-r	ops/sec(cum)-r	avg(ms)-r	p50(ms)-r	p95(ms)-r	p99(ms)-r	pMax(ms)-r	total-r	elapsed-w	errors-w	ops(total)-w	ops/sec(cum)-w	avg(ms)-w	p50(ms)-w	p95(ms)-w	p99(ms)-w	pMax(ms)-w	total-w	elapsed	errors	ops(total)	ops/sec(cum)	avg(ms)	p50(ms)	p95(ms)	p99(ms)	pMax(ms)
11	0.0	0.0	825914.0	18353.5	2.1800000000000006	1.6800000000000002	4.76	9.4	35.260000000000005	0.0	0.0	0.0	43414.0	964.6999999999998	4.94	2.8	15.819999999999999	23.9	39.379999999999995	0.0	0.0	0.0	869328.0	19318.3	2.3	1.6800000000000002	5.2	11.5	39.379999999999995
