concurrency	elapsed-r	errors-r	ops(total)-r	ops/sec(cum)-r	avg(ms)-r	p50(ms)-r	p95(ms)-r	p99(ms)-r	pMax(ms)-r	total-r	elapsed-w	errors-w	ops(total)-w	ops/sec(cum)-w	avg(ms)-w	p50(ms)-w	p95(ms)-w	p99(ms)-w	pMax(ms)-w	total-w	elapsed	errors	ops(total)	ops/sec(cum)	avg(ms)	p50(ms)	p95(ms)	p99(ms)	pMax(ms)
152	0.0	0.0	2723854.0	90788.9	5.433333333333334	4.566666666666666	12.866666666666667	22.566666666666663	340.43333333333334	0.0	0.0	0.0	144211.0	4806.700000000001	17.233333333333334	15.966666666666669	34.06666666666667	44.36666666666667	275.43333333333334	0.0	0.0	0.0	2868065.0	95595.59999999999	6.066666666666666	4.766666666666667	16.866666666666667	28.26666666666667	342.5333333333333
