concurrency	elapsed-r	errors-r	ops(total)-r	ops/sec(cum)-r	avg(ms)-r	p50(ms)-r	p95(ms)-r	p99(ms)-r	pMax(ms)-r	total-r	elapsed-w	errors-w	ops(total)-w	ops/sec(cum)-w	avg(ms)-w	p50(ms)-w	p95(ms)-w	p99(ms)-w	pMax(ms)-w	total-w	elapsed	errors	ops(total)	ops/sec(cum)	avg(ms)	p50(ms)	p95(ms)	p99(ms)	pMax(ms)
39	0.0	0.0	4410422.0	147010.9	1.7125000000000001	1.4999999999999998	3.2375	5.6625	215.99999999999997	0.0	0.0	0.0	232476.0	7749.0	1.7875	1.525	3.45	6.6875	158.32500000000002	0.0	0.0	0.0	4642898.0	154759.99999999997	1.7125000000000001	1.4999999999999998	3.2375	5.7749999999999995	215.99999999999997
