concurrency	elapsed-r	errors-r	ops(total)-r	ops/sec(cum)-r	avg(ms)-r	p50(ms)-r	p95(ms)-r	p99(ms)-r	pMax(ms)-r	total-r	elapsed-w	errors-w	ops(total)-w	ops/sec(cum)-w	avg(ms)-w	p50(ms)-w	p95(ms)-w	p99(ms)-w	pMax(ms)-w	total-w	elapsed	errors	ops(total)	ops/sec(cum)	avg(ms)	p50(ms)	p95(ms)	p99(ms)	pMax(ms)
27	0.0	0.0	672436.0	22414.1	2.4333333333333336	1.6666666666666667	6.3999999999999995	10.5	28.333333333333332	0.0	0.0	0.0	35433.0	1181.1	16.0	3.0	83.9	102.10000000000001	123.0	0.0	0.0	0.0	707869.0	23595.2	3.1333333333333333	1.7333333333333334	6.8	19.23333333333333	123.0
