concurrency	elapsed-r	errors-r	ops(total)-r	ops/sec(cum)-r	avg(ms)-r	p50(ms)-r	p95(ms)-r	p99(ms)-r	pMax(ms)-r	total-r	elapsed-w	errors-w	ops(total)-w	ops/sec(cum)-w	avg(ms)-w	p50(ms)-w	p95(ms)-w	p99(ms)-w	pMax(ms)-w	total-w	elapsed	errors	ops(total)	ops/sec(cum)	avg(ms)	p50(ms)	p95(ms)	p99(ms)	pMax(ms)
32	0.0	0.0	2468518.0	54854.3	1.86	1.44	4.64	12.5	94.8	0.0	0.0	0.0	130362.0	2896.8	3.3600000000000003	2.66	9.76	22.660000000000004	70.46000000000001	0.0	0.0	0.0	2598880.0	57751.200000000004	1.9600000000000002	1.46	4.86	13.419999999999998	94.8
