ops/sec(cum)	p50(ms)	p99(ms)	read_tp	read_p50	read_p99	write_tp	write_p50	write_p99
276411.9	0.24307142857142858	1.1184285714285713	264057.7166666667	0.2432857142857143	1.1184285714285713	12353.183333333332	0.24285714285714285	1.078
