concurrency	elapsed-r	errors-r	ops(total)-r	ops/sec(cum)-r	avg(ms)-r	p50(ms)-r	p95(ms)-r	p99(ms)-r	pMax(ms)-r	total-r	elapsed-w	errors-w	ops(total)-w	ops/sec(cum)-w	avg(ms)-w	p50(ms)-w	p95(ms)-w	p99(ms)-w	pMax(ms)-w	total-w	elapsed	errors	ops(total)	ops/sec(cum)	avg(ms)	p50(ms)	p95(ms)	p99(ms)	pMax(ms)
30	0.0	0.0	1211132.0	40369.9	4.9375	3.5749999999999997	12.075	27.412499999999998	184.53750000000002	0.0	0.0	0.0	63775.0	2125.8	12.85	6.7875	61.324999999999996	124.225	191.85000000000002	0.0	0.0	0.0	1274907.0	42495.6	5.324999999999999	3.5999999999999996	12.599999999999998	39.8	195.00000000000003
