concurrency	elapsed-r	errors-r	ops(total)-r	ops/sec(cum)-r	avg(ms)-r	p50(ms)-r	p95(ms)-r	p99(ms)-r	pMax(ms)-r	total-r	elapsed-w	errors-w	ops(total)-w	ops/sec(cum)-w	avg(ms)-w	p50(ms)-w	p95(ms)-w	p99(ms)-w	pMax(ms)-w	total-w	elapsed	errors	ops(total)	ops/sec(cum)	avg(ms)	p50(ms)	p95(ms)	p99(ms)	pMax(ms)
5	0.0	0.0	151397.0	5046.5	4.6	4.375	8.3125	9.975	15.862499999999999	0.0	0.0	0.0	7952.0	265.09999999999997	57.425	60.0125	90.19999999999999	104.9	113.73750000000001	0.0	0.0	0.0	159349.0	5311.700000000001	7.275	4.525	11.6625	74.975	113.73750000000001
