concurrency	elapsed-r	errors-r	ops(total)-r	ops/sec(cum)-r	avg(ms)-r	p50(ms)-r	p95(ms)-r	p99(ms)-r	pMax(ms)-r	total-r	elapsed-w	errors-w	ops(total)-w	ops/sec(cum)-w	avg(ms)-w	p50(ms)-w	p95(ms)-w	p99(ms)-w	pMax(ms)-w	total-w	elapsed	errors	ops(total)	ops/sec(cum)	avg(ms)	p50(ms)	p95(ms)	p99(ms)	pMax(ms)
31	0.0	0.0	1420648.0	47353.299999999996	5.1499999999999995	3.4625	16.95	26.475	56.22500000000001	0.0	0.0	0.0	74486.0	2482.7	5.2	3.4625	16.912499999999998	26.475	42.25	0.0	0.0	0.0	1495134.0	49836.200000000004	5.1375	3.4625	16.912499999999998	26.475	56.22500000000001
