concurrency	elapsed-r	errors-r	ops(total)-r	ops/sec(cum)-r	avg(ms)-r	p50(ms)-r	p95(ms)-r	p99(ms)-r	pMax(ms)-r	total-r	elapsed-w	errors-w	ops(total)-w	ops/sec(cum)-w	avg(ms)-w	p50(ms)-w	p95(ms)-w	p99(ms)-w	pMax(ms)-w	total-w	elapsed	errors	ops(total)	ops/sec(cum)	avg(ms)	p50(ms)	p95(ms)	p99(ms)	pMax(ms)
44	0.0	0.0	1428045.0	47600.1	6.275	5.449999999999999	14.7375	22.549999999999997	94.1	0.0	0.0	0.0	75619.0	2520.6000000000004	11.125	10.0375	27.525000000000002	38.375	78.89999999999999	0.0	0.0	0.0	1503664.0	50120.50000000001	6.5375000000000005	5.55	15.937499999999998	24.775	101.7
