concurrency	elapsed-r	errors-r	ops(total)-r	ops/sec(cum)-r	avg(ms)-r	p50(ms)-r	p95(ms)-r	p99(ms)-r	pMax(ms)-r	total-r	elapsed-w	errors-w	ops(total)-w	ops/sec(cum)-w	avg(ms)-w	p50(ms)-w	p95(ms)-w	p99(ms)-w	pMax(ms)-w	total-w	elapsed	errors	ops(total)	ops/sec(cum)	avg(ms)	p50(ms)	p95(ms)	p99(ms)	pMax(ms)
11	0.0	0.0	671010.0	22366.6	2.9875000000000003	2.5749999999999997	5.874999999999999	10.0375	59.4875	0.0	0.0	0.0	35411.0	1180.3999999999999	13.475	12.912499999999998	22.7	28.325000000000003	65.0	0.0	0.0	0.0	706421.0	23547.0	3.55	2.65	9.725	19.650000000000002	67.3625
