concurrency	elapsed-r	errors-r	ops(total)-r	ops/sec(cum)-r	avg(ms)-r	p50(ms)-r	p95(ms)-r	p99(ms)-r	pMax(ms)-r	total-r	elapsed-w	errors-w	ops(total)-w	ops/sec(cum)-w	avg(ms)-w	p50(ms)-w	p95(ms)-w	p99(ms)-w	pMax(ms)-w	total-w	elapsed	errors	ops(total)	ops/sec(cum)	avg(ms)	p50(ms)	p95(ms)	p99(ms)	pMax(ms)
142	0.0	0.0	4559595.0	151974.9	4.58	3.7600000000000002	11.42	19.4	194.00000000000003	0.0	0.0	0.0	240020.0	8000.1	13.6	12.48	27.160000000000004	36.17999999999999	149.96	0.0	0.0	0.0	4799615.0	159975.1	5.04	3.8600000000000003	14.460000000000003	23.259999999999998	194.00000000000003
