concurrency	elapsed-r	errors-r	ops(total)-r	ops/sec(cum)-r	avg(ms)-r	p50(ms)-r	p95(ms)-r	p99(ms)-r	pMax(ms)-r	total-r	elapsed	errors	ops(total)	ops/sec(cum)	avg(ms)	p50(ms)	p95(ms)	p99(ms)	pMax(ms)
17	0.0	0.0	986268.0	32875.2	3.95	3.7375	7.250000000000001	9.95	30.950000000000003	0.0	0.0	0.0	986268.0	32875.2	3.95	3.7375	7.250000000000001	9.95	30.950000000000003
