concurrency	elapsed-r	errors-r	ops(total)-r	ops/sec(cum)-r	avg(ms)-r	p50(ms)-r	p95(ms)-r	p99(ms)-r	pMax(ms)-r	total-r	elapsed-w	errors-w	ops(total)-w	ops/sec(cum)-w	avg(ms)-w	p50(ms)-w	p95(ms)-w	p99(ms)-w	pMax(ms)-w	total-w	elapsed	errors	ops(total)	ops/sec(cum)	avg(ms)	p50(ms)	p95(ms)	p99(ms)	pMax(ms)
8	0.0	0.0	1048682.0	34955.5	1.5	1.2249999999999999	3.2624999999999993	4.7375	160.45000000000002	0.0	0.0	0.0	54545.0	1818.2	2.9375	2.1750000000000003	8.2875	14.75	47.724999999999994	0.0	0.0	0.0	1103227.0	36773.7	1.5624999999999998	1.2625	3.3625	5.6	160.45000000000002
