concurrency	elapsed-w	errors-w	ops(total)-w	ops/sec(cum)-w	avg(ms)-w	p50(ms)-w	p95(ms)-w	p99(ms)-w	pMax(ms)-w	total-w	elapsed	errors	ops(total)	ops/sec(cum)	avg(ms)	p50(ms)	p95(ms)	p99(ms)	pMax(ms)
48	0.0	0.0	4811968.0	160395.59999999998	2.0374999999999996	1.8250000000000002	4.125	6.6875	158.58749999999998	0.0	0.0	0.0	4811968.0	160395.59999999998	2.0374999999999996	1.8250000000000002	4.125	6.6875	158.58749999999998
