concurrency	elapsed-r	errors-r	ops(total)-r	ops/sec(cum)-r	avg(ms)-r	p50(ms)-r	p95(ms)-r	p99(ms)-r	pMax(ms)-r	total-r	elapsed-w	errors-w	ops(total)-w	ops/sec(cum)-w	avg(ms)-w	p50(ms)-w	p95(ms)-w	p99(ms)-w	pMax(ms)-w	total-w	elapsed	errors	ops(total)	ops/sec(cum)	avg(ms)	p50(ms)	p95(ms)	p99(ms)	pMax(ms)
30	0.0	0.0	1179999.0	39332.2	5.075000000000001	3.55	12.25	31.075	318.7875	0.0	0.0	0.0	62021.0	2067.4	13.325	6.874999999999999	67.1	123.175	373.2875	0.0	0.0	0.0	1242020.0	41399.4	5.4750000000000005	3.725	12.974999999999998	45.3125	375.3875
