concurrency	elapsed-r	errors-r	ops(total)-r	ops/sec(cum)-r	avg(ms)-r	p50(ms)-r	p95(ms)-r	p99(ms)-r	pMax(ms)-r	total-r	elapsed-w	errors-w	ops(total)-w	ops/sec(cum)-w	avg(ms)-w	p50(ms)-w	p95(ms)-w	p99(ms)-w	pMax(ms)-w	total-w	elapsed	errors	ops(total)	ops/sec(cum)	avg(ms)	p50(ms)	p95(ms)	p99(ms)	pMax(ms)
49	0.0	0.0	1958330.0	65274.8	5.0125	4.45	11.8	18.4875	61.85	0.0	0.0	0.0	103241.0	3441.2	9.0875	8.45	20.175	27.937500000000004	58.175	0.0	0.0	0.0	2061571.0	68716.1	5.2125	4.475	12.662499999999998	19.650000000000002	67.10000000000001
