concurrency	elapsed-w	errors-w	ops(total)-w	ops/sec(cum)-w	avg(ms)-w	p50(ms)-w	p95(ms)-w	p99(ms)-w	pMax(ms)-w	total-w	elapsed	errors	ops(total)	ops/sec(cum)	avg(ms)	p50(ms)	p95(ms)	p99(ms)	pMax(ms)
51	0.0	0.0	708723.0	23623.2	16.85	13.249999999999998	44.26250000000001	59.75	204.46249999999998	0.0	0.0	0.0	708723.0	23623.2	16.85	13.249999999999998	44.26250000000001	59.75	204.46249999999998
