concurrency	elapsed-r	errors-r	ops(total)-r	ops/sec(cum)-r	avg(ms)-r	p50(ms)-r	p95(ms)-r	p99(ms)-r	pMax(ms)-r	total-r	elapsed-w	errors-w	ops(total)-w	ops/sec(cum)-w	avg(ms)-w	p50(ms)-w	p95(ms)-w	p99(ms)-w	pMax(ms)-w	total-w	elapsed	errors	ops(total)	ops/sec(cum)	avg(ms)	p50(ms)	p95(ms)	p99(ms)	pMax(ms)
24	0.0	0.0	826315.0	27542.9	1.8250000000000002	1.35	4.325	6.2124999999999995	39.574999999999996	0.0	0.0	0.0	43315.0	1443.8	93.9875	2.375	385.90000000000003	402.69999999999993	434.0999999999999	0.0	0.0	0.0	869630.0	28986.699999999997	6.3999999999999995	1.3750000000000002	4.55	352.30000000000007	434.0999999999999
