concurrency	elapsed-r	errors-r	ops(total)-r	ops/sec(cum)-r	avg(ms)-r	p50(ms)-r	p95(ms)-r	p99(ms)-r	pMax(ms)-r	total-r	elapsed	errors	ops(total)	ops/sec(cum)	avg(ms)	p50(ms)	p95(ms)	p99(ms)	pMax(ms)
15	0.0	0.0	1395100.0	46502.7	2.4125	2.2625	4.199999999999999	6.75	18.337500000000002	0.0	0.0	0.0	1395100.0	46502.7	2.4125	2.2625	4.199999999999999	6.75	18.337500000000002
