concurrency	elapsed-r	errors-r	ops(total)-r	ops/sec(cum)-r	avg(ms)-r	p50(ms)-r	p95(ms)-r	p99(ms)-r	pMax(ms)-r	total-r	elapsed-w	errors-w	ops(total)-w	ops/sec(cum)-w	avg(ms)-w	p50(ms)-w	p95(ms)-w	p99(ms)-w	pMax(ms)-w	total-w	elapsed	errors	ops(total)	ops/sec(cum)	avg(ms)	p50(ms)	p95(ms)	p99(ms)	pMax(ms)
33	0.0	0.0	144629.0	4820.8	39.4125	2.9125	270.5125	692.0375000000001	1728.0249999999996	0.0	0.0	0.0	7485.0	249.40000000000003	288.20000000000005	56.087500000000006	1044.35	1652.5375	2701.1499999999996	0.0	0.0	0.0	152114.0	5070.3	51.650000000000006	3.0875000000000004	362.8	834.6999999999999	2701.1499999999996
