concurrency	elapsed-w	errors-w	ops(total)-w	ops/sec(cum)-w	avg(ms)-w	p50(ms)-w	p95(ms)-w	p99(ms)-w	pMax(ms)-w	total-w	elapsed	errors	ops(total)	ops/sec(cum)	avg(ms)	p50(ms)	p95(ms)	p99(ms)	pMax(ms)
57	0.0	0.0	3287414.0	109578.00000000001	3.8625	3.6250000000000004	7.025	10.7875	31.6125	0.0	0.0	0.0	3287414.0	109578.00000000001	3.8625	3.6250000000000004	7.025	10.7875	31.6125
