concurrency	elapsed-r	errors-r	ops(total)-r	ops/sec(cum)-r	avg(ms)-r	p50(ms)-r	p95(ms)-r	p99(ms)-r	pMax(ms)-r	total-r	elapsed-w	errors-w	ops(total)-w	ops/sec(cum)-w	avg(ms)-w	p50(ms)-w	p95(ms)-w	p99(ms)-w	pMax(ms)-w	total-w	elapsed	errors	ops(total)	ops/sec(cum)	avg(ms)	p50(ms)	p95(ms)	p99(ms)	pMax(ms)
12	0.0	0.0	910517.0	30350.0	1.7000000000000002	1.3375	3.7499999999999996	5.2375	13.5125	0.0	0.0	0.0	47732.0	1591.1	24.2625	2.35	100.17500000000001	109.10000000000001	124.74999999999999	0.0	0.0	0.0	958249.0	31941.2	2.8124999999999996	1.3375	4.025	81.27499999999999	124.74999999999999
