concurrency	elapsed-r	errors-r	ops(total)-r	ops/sec(cum)-r	avg(ms)-r	p50(ms)-r	p95(ms)-r	p99(ms)-r	pMax(ms)-r	total-r	elapsed	errors	ops(total)	ops/sec(cum)	avg(ms)	p50(ms)	p95(ms)	p99(ms)	pMax(ms)
51	0.0	0.0	1871635.0	62386.09999999999	6.075	5.1875	14.6125	22.424999999999997	58.9625	0.0	0.0	0.0	1871635.0	62386.09999999999	6.075	5.1875	14.6125	22.424999999999997	58.9625
