concurrency	elapsed-r	errors-r	ops(total)-r	ops/sec(cum)-r	avg(ms)-r	p50(ms)-r	p95(ms)-r	p99(ms)-r	pMax(ms)-r	total-r	elapsed	errors	ops(total)	ops/sec(cum)	avg(ms)	p50(ms)	p95(ms)	p99(ms)	pMax(ms)
57	0.0	0.0	1898124.0	63268.6	6.612499999999999	5.737500000000001	15.687499999999998	23.7375	93.8625	0.0	0.0	0.0	1898124.0	63268.6	6.612499999999999	5.737500000000001	15.687499999999998	23.7375	93.8625
