ops/sec(cum)	p50(ms)	p99(ms)	read_tp	read_p50	read_p99	write_tp	write_p50	write_p99
76726.7	2.3238333333333334	11.336833333333333	73303.46666666667	2.413	11.336833333333333	3422.233333333333	2.2346666666666666	10.149666666666667
