concurrency	elapsed-r	errors-r	ops(total)-r	ops/sec(cum)-r	avg(ms)-r	p50(ms)-r	p95(ms)-r	p99(ms)-r	pMax(ms)-r	total-r	elapsed-w	errors-w	ops(total)-w	ops/sec(cum)-w	avg(ms)-w	p50(ms)-w	p95(ms)-w	p99(ms)-w	pMax(ms)-w	total-w	elapsed	errors	ops(total)	ops/sec(cum)	avg(ms)	p50(ms)	p95(ms)	p99(ms)	pMax(ms)
136	0.0	0.0	4349157.0	144962.2	4.76	3.8	12.32	20.34	159.35999999999999	0.0	0.0	0.0	228958.0	7631.4	11.52	10.260000000000002	24.419999999999998	33.44	147.64000000000001	0.0	0.0	0.0	4578115.0	152593.69999999998	5.1000000000000005	3.94	14.3	22.34	161.01999999999998
