concurrency	elapsed-r	errors-r	ops(total)-r	ops/sec(cum)-r	avg(ms)-r	p50(ms)-r	p95(ms)-r	p99(ms)-r	pMax(ms)-r	total-r	elapsed-w	errors-w	ops(total)-w	ops/sec(cum)-w	avg(ms)-w	p50(ms)-w	p95(ms)-w	p99(ms)-w	pMax(ms)-w	total-w	elapsed	errors	ops(total)	ops/sec(cum)	avg(ms)	p50(ms)	p95(ms)	p99(ms)	pMax(ms)
55	0.0	0.0	3245068.0	108165.9	3.4375	3.0999999999999996	6.074999999999999	12.062499999999998	93.325	0.0	0.0	0.0	170438.0	5681.099999999999	3.7	3.4	7.025	13.000000000000002	86.1125	0.0	0.0	0.0	3415506.0	113847.10000000002	3.45	3.1499999999999995	6.074999999999999	12.062499999999998	93.325
