concurrency	elapsed-r	errors-r	ops(total)-r	ops/sec(cum)-r	avg(ms)-r	p50(ms)-r	p95(ms)-r	p99(ms)-r	pMax(ms)-r	total-r	elapsed-w	errors-w	ops(total)-w	ops/sec(cum)-w	avg(ms)-w	p50(ms)-w	p95(ms)-w	p99(ms)-w	pMax(ms)-w	total-w	elapsed	errors	ops(total)	ops/sec(cum)	avg(ms)	p50(ms)	p95(ms)	p99(ms)	pMax(ms)
45	0.0	0.0	901953.0	30063.5	2.9	2.2	7.900000000000001	17.46666666666667	148.16666666666666	0.0	0.0	0.0	47220.0	1573.9	1.6000000000000003	1.0	2.9333333333333336	9.799999999999999	52.4	0.0	0.0	0.0	949173.0	31637.4	2.8666666666666667	2.166666666666667	7.8	17.133333333333336	148.16666666666666
