concurrency	elapsed-r	errors-r	ops(total)-r	ops/sec(cum)-r	avg(ms)-r	p50(ms)-r	p95(ms)-r	p99(ms)-r	pMax(ms)-r	total-r	elapsed-w	errors-w	ops(total)-w	ops/sec(cum)-w	avg(ms)-w	p50(ms)-w	p95(ms)-w	p99(ms)-w	pMax(ms)-w	total-w	elapsed	errors	ops(total)	ops/sec(cum)	avg(ms)	p50(ms)	p95(ms)	p99(ms)	pMax(ms)
18	0.0	0.0	1070854.0	35694.5	3.6250000000000004	3.525	6.4875	7.6000000000000005	24.237499999999997	0.0	0.0	0.0	56461.0	1882.1	3.725	3.55	6.6000000000000005	8.1375	32.175	0.0	0.0	0.0	1127315.0	37576.5	3.6250000000000004	3.55	6.525	7.6000000000000005	35.900000000000006
