concurrency	elapsed-r	errors-r	ops(total)-r	ops/sec(cum)-r	avg(ms)-r	p50(ms)-r	p95(ms)-r	p99(ms)-r	pMax(ms)-r	total-r	elapsed	errors	ops(total)	ops/sec(cum)	avg(ms)	p50(ms)	p95(ms)	p99(ms)	pMax(ms)
63	0.0	0.0	1543391.0	51444.0	9.1375	8.2	19.900000000000002	28.575000000000006	197.1	0.0	0.0	0.0	1543391.0	51444.0	9.1375	8.2	19.900000000000002	28.575000000000006	197.1
