concurrency	elapsed-r	errors-r	ops(total)-r	ops/sec(cum)-r	avg(ms)-r	p50(ms)-r	p95(ms)-r	p99(ms)-r	pMax(ms)-r	total-r	elapsed	errors	ops(total)	ops/sec(cum)	avg(ms)	p50(ms)	p95(ms)	p99(ms)	pMax(ms)
55	0.0	0.0	1116532.0	37216.399999999994	12.012500000000001	10.5125	25.95	39.2875	90.725	0.0	0.0	0.0	1116532.0	37216.399999999994	12.012500000000001	10.5125	25.95	39.2875	90.725
