concurrency	elapsed-r	errors-r	ops(total)-r	ops/sec(cum)-r	avg(ms)-r	p50(ms)-r	p95(ms)-r	p99(ms)-r	pMax(ms)-r	total-r	elapsed-w	errors-w	ops(total)-w	ops/sec(cum)-w	avg(ms)-w	p50(ms)-w	p95(ms)-w	p99(ms)-w	pMax(ms)-w	total-w	elapsed	errors	ops(total)	ops/sec(cum)	avg(ms)	p50(ms)	p95(ms)	p99(ms)	pMax(ms)
112	0.0	0.0	4625795.0	154184.4	3.3	2.82	6.82	15.040000000000001	104.24000000000001	0.0	0.0	0.0	243916.0	8129.899999999999	9.040000000000001	8.180000000000001	18.22	24.72	100.26	0.0	0.0	0.0	4869711.0	162314.4	3.5799999999999996	2.8800000000000003	9.399999999999999	16.639999999999997	105.92
