concurrency	elapsed-r	errors-r	ops(total)-r	ops/sec(cum)-r	avg(ms)-r	p50(ms)-r	p95(ms)-r	p99(ms)-r	pMax(ms)-r	total-r	elapsed-w	errors-w	ops(total)-w	ops/sec(cum)-w	avg(ms)-w	p50(ms)-w	p95(ms)-w	p99(ms)-w	pMax(ms)-w	total-w	elapsed	errors	ops(total)	ops/sec(cum)	avg(ms)	p50(ms)	p95(ms)	p99(ms)	pMax(ms)
10	0.0	0.0	224548.0	7484.699999999999	3.8750000000000004	3.6875	7.1625000000000005	9.025	15.5875	0.0	0.0	0.0	11608.0	386.90000000000003	126.21249999999999	181.38750000000002	218.09999999999997	233.85000000000002	253.775	0.0	0.0	0.0	236156.0	7871.6	9.899999999999999	3.7624999999999993	8.5	201.29999999999998	253.775
