concurrency	elapsed-r	errors-r	ops(total)-r	ops/sec(cum)-r	avg(ms)-r	p50(ms)-r	p95(ms)-r	p99(ms)-r	pMax(ms)-r	total-r	elapsed	errors	ops(total)	ops/sec(cum)	avg(ms)	p50(ms)	p95(ms)	p99(ms)	pMax(ms)
55	0.0	0.0	904295.0	30141.9	15.350000000000001	13.425	32.675	50.05	109.075	0.0	0.0	0.0	904295.0	30141.9	15.350000000000001	13.425	32.675	50.05	109.075
