concurrency	elapsed-r	errors-r	ops(total)-r	ops/sec(cum)-r	avg(ms)-r	p50(ms)-r	p95(ms)-r	p99(ms)-r	pMax(ms)-r	total-r	elapsed-w	errors-w	ops(total)-w	ops/sec(cum)-w	avg(ms)-w	p50(ms)-w	p95(ms)-w	p99(ms)-w	pMax(ms)-w	total-w	elapsed	errors	ops(total)	ops/sec(cum)	avg(ms)	p50(ms)	p95(ms)	p99(ms)	pMax(ms)
15	0.0	0.0	646190.0	21539.3	4.1375	2.6250000000000004	12.724999999999998	36.199999999999996	81.8	0.0	0.0	0.0	33892.0	1129.8	23.250000000000004	17.425	35.275	252.7	683.6625	0.0	0.0	0.0	680082.0	22668.800000000003	5.074999999999999	2.6999999999999997	19.650000000000002	38.225	683.6625
