concurrency	elapsed-r	errors-r	ops(total)-r	ops/sec(cum)-r	avg(ms)-r	p50(ms)-r	p95(ms)-r	p99(ms)-r	pMax(ms)-r	total-r	elapsed-w	errors-w	ops(total)-w	ops/sec(cum)-w	avg(ms)-w	p50(ms)-w	p95(ms)-w	p99(ms)-w	pMax(ms)-w	total-w	elapsed	errors	ops(total)	ops/sec(cum)	avg(ms)	p50(ms)	p95(ms)	p99(ms)	pMax(ms)
45	0.0	0.0	1058876.0	35294.7	8.6375	7.5625	19.650000000000002	28.737500000000004	133.16250000000002	0.0	0.0	0.0	55290.0	1843.0	19.012499999999996	18.375	40.0875	51.875	105.41250000000001	0.0	0.0	0.0	1114166.0	37137.700000000004	9.1375	7.8	21.75	33.325	151.525
