concurrency	elapsed-r	errors-r	ops(total)-r	ops/sec(cum)-r	avg(ms)-r	p50(ms)-r	p95(ms)-r	p99(ms)-r	pMax(ms)-r	total-r	elapsed-w	errors-w	ops(total)-w	ops/sec(cum)-w	avg(ms)-w	p50(ms)-w	p95(ms)-w	p99(ms)-w	pMax(ms)-w	total-w	elapsed	errors	ops(total)	ops/sec(cum)	avg(ms)	p50(ms)	p95(ms)	p99(ms)	pMax(ms)
151	0.0	0.0	4621478.0	154033.90000000002	4.52	3.7199999999999998	11.48	19.419999999999998	226.70000000000005	0.0	0.0	0.0	242842.0	8094.0	14.48	13.540000000000001	28.660000000000004	37.64	218.11999999999998	0.0	0.0	0.0	4864320.0	162127.9	5.02	3.78	14.52	24.619999999999997	231.74
