concurrency	elapsed-r	errors-r	ops(total)-r	ops/sec(cum)-r	avg(ms)-r	p50(ms)-r	p95(ms)-r	p99(ms)-r	pMax(ms)-r	total-r	elapsed-w	errors-w	ops(total)-w	ops/sec(cum)-w	avg(ms)-w	p50(ms)-w	p95(ms)-w	p99(ms)-w	pMax(ms)-w	total-w	elapsed	errors	ops(total)	ops/sec(cum)	avg(ms)	p50(ms)	p95(ms)	p99(ms)	pMax(ms)
152	0.0	0.0	4603512.0	153440.4	4.22	3.2399999999999998	12.579999999999998	24.199999999999996	165.85999999999999	0.0	0.0	0.0	242852.0	8094.499999999999	24.6	10.42	28.139999999999997	848.0199999999999	1721.7400000000002	0.0	0.0	0.0	4846364.0	161534.9	5.26	3.3	14.74	26.82	1722.78
