concurrency	elapsed-r	errors-r	ops(total)-r	ops/sec(cum)-r	avg(ms)-r	p50(ms)-r	p95(ms)-r	p99(ms)-r	pMax(ms)-r	total-r	elapsed-w	errors-w	ops(total)-w	ops/sec(cum)-w	avg(ms)-w	p50(ms)-w	p95(ms)-w	p99(ms)-w	pMax(ms)-w	total-w	elapsed	errors	ops(total)	ops/sec(cum)	avg(ms)	p50(ms)	p95(ms)	p99(ms)	pMax(ms)
112	0.0	0.0	3437902.0	114591.2	4.625	3.7750000000000004	11.524999999999999	20.275	129.525	0.0	0.0	0.0	181402.0	6046.499999999999	10.95	9.524999999999999	22.575000000000003	31.95	105.4	0.0	0.0	0.0	3619304.0	120637.6	4.925	3.9	12.975	21.9	129.525
