concurrency	elapsed-r	errors-r	ops(total)-r	ops/sec(cum)-r	avg(ms)-r	p50(ms)-r	p95(ms)-r	p99(ms)-r	pMax(ms)-r	total-r	elapsed-w	errors-w	ops(total)-w	ops/sec(cum)-w	avg(ms)-w	p50(ms)-w	p95(ms)-w	p99(ms)-w	pMax(ms)-w	total-w	elapsed	errors	ops(total)	ops/sec(cum)	avg(ms)	p50(ms)	p95(ms)	p99(ms)	pMax(ms)
9	0.0	0.0	661911.0	22063.4	2.6750000000000003	2.45	5.025	6.925	28.05	0.0	0.0	0.0	34679.0	1156.0	6.937500000000001	6.549999999999999	11.7	14.8	26.75	0.0	0.0	0.0	696590.0	23219.4	2.875	2.4625	6.0249999999999995	9.225000000000001	28.949999999999996
