ops/sec(cum)	p50(ms)	p99(ms)	read_tp	read_p50	read_p99	write_tp	write_p50	write_p99
274404.8333333333	0.2791666666666667	2.126333333333333	260702.9	0.277	2.126333333333333	13700.933333333334	0.2813333333333333	2.195666666666667
