concurrency	elapsed-r	errors-r	ops(total)-r	ops/sec(cum)-r	avg(ms)-r	p50(ms)-r	p95(ms)-r	p99(ms)-r	pMax(ms)-r	total-r	elapsed	errors	ops(total)	ops/sec(cum)	avg(ms)	p50(ms)	p95(ms)	p99(ms)	pMax(ms)
19	0.0	0.0	1355129.0	45170.100000000006	3.2	2.9625000000000004	5.9	9.325	23.3375	0.0	0.0	0.0	1355129.0	45170.100000000006	3.2	2.9625000000000004	5.9	9.325	23.3375
