concurrency	elapsed-r	errors-r	ops(total)-r	ops/sec(cum)-r	avg(ms)-r	p50(ms)-r	p95(ms)-r	p99(ms)-r	pMax(ms)-r	total-r	elapsed-w	errors-w	ops(total)-w	ops/sec(cum)-w	avg(ms)-w	p50(ms)-w	p95(ms)-w	p99(ms)-w	pMax(ms)-w	total-w	elapsed	errors	ops(total)	ops/sec(cum)	avg(ms)	p50(ms)	p95(ms)	p99(ms)	pMax(ms)
150	0.0	0.0	4597404.0	153234.3	4.76	3.8200000000000003	12.04	20.14	203.64	0.0	0.0	0.0	241563.0	8051.6	13.719999999999999	12.62	28.3	36.9	158.33999999999997	0.0	0.0	0.0	4838967.0	161285.8	5.159999999999999	3.9199999999999995	14.719999999999999	23.779999999999998	203.64
