concurrency	elapsed-r	errors-r	ops(total)-r	ops/sec(cum)-r	avg(ms)-r	p50(ms)-r	p95(ms)-r	p99(ms)-r	pMax(ms)-r	total-r	elapsed-w	errors-w	ops(total)-w	ops/sec(cum)-w	avg(ms)-w	p50(ms)-w	p95(ms)-w	p99(ms)-w	pMax(ms)-w	total-w	elapsed	errors	ops(total)	ops/sec(cum)	avg(ms)	p50(ms)	p95(ms)	p99(ms)	pMax(ms)
31	0.0	0.0	176550.0	5884.7	4.9125	4.925	8.75	11.075	48.362500000000004	0.0	0.0	0.0	9082.0	302.7	705.575	906.0	973.1000000000001	985.6625000000001	1006.6000000000001	0.0	0.0	0.0	185632.0	6187.3	39.212500000000006	5.025	11.6125	939.5	1006.6000000000001
