concurrency	elapsed-r	errors-r	ops(total)-r	ops/sec(cum)-r	avg(ms)-r	p50(ms)-r	p95(ms)-r	p99(ms)-r	pMax(ms)-r	total-r	elapsed-w	errors-w	ops(total)-w	ops/sec(cum)-w	avg(ms)-w	p50(ms)-w	p95(ms)-w	p99(ms)-w	pMax(ms)-w	total-w	elapsed	errors	ops(total)	ops/sec(cum)	avg(ms)	p50(ms)	p95(ms)	p99(ms)	pMax(ms)
63	0.0	0.0	1042050.0	34733.6	3.7999999999999994	2.6	11.333333333333334	27.3	178.96666666666667	0.0	0.0	0.0	55195.0	1839.6999999999998	9.433333333333334	6.599999999999999	30.066666666666663	53.1	185.93333333333337	0.0	0.0	0.0	1097245.0	36573.3	4.1	2.7999999999999994	13.1	29.399999999999995	204.13333333333335
