ops/sec(cum)	p50(ms)	p99(ms)	read_tp	read_p50	read_p99	write_tp	write_p50	write_p99
305507.1833333333	0.23158333333333334	1.2478333333333333	294018.56666666665	0.23116666666666666	1.2478333333333333	11487.616666666667	0.232	1.246
