concurrency	elapsed-r	errors-r	ops(total)-r	ops/sec(cum)-r	avg(ms)-r	p50(ms)-r	p95(ms)-r	p99(ms)-r	pMax(ms)-r	total-r	elapsed-w	errors-w	ops(total)-w	ops/sec(cum)-w	avg(ms)-w	p50(ms)-w	p95(ms)-w	p99(ms)-w	pMax(ms)-w	total-w	elapsed	errors	ops(total)	ops/sec(cum)	avg(ms)	p50(ms)	p95(ms)	p99(ms)	pMax(ms)
47	0.0	0.0	1285729.0	42856.40000000001	7.4750000000000005	6.749999999999999	16.375	23.874999999999996	67.625	0.0	0.0	0.0	67797.0	2259.8999999999996	14.075	13.312499999999998	27.800000000000004	36.699999999999996	88.8625	0.0	0.0	0.0	1353526.0	45116.2	7.824999999999999	6.9375	17.825	25.562499999999996	91.225
