ops/sec(cum)	p50(ms)	p99(ms)	read_tp	read_p50	read_p99	write_tp	write_p50	write_p99
288930.44999999995	0.20658333333333334	0.9725	278115.9333333333	0.20616666666666666	0.9725	10813.516666666666	0.207	0.987
