concurrency	elapsed-w	errors-w	ops(total)-w	ops/sec(cum)-w	avg(ms)-w	p50(ms)-w	p95(ms)-w	p99(ms)-w	pMax(ms)-w	total-w	elapsed	errors	ops(total)	ops/sec(cum)	avg(ms)	p50(ms)	p95(ms)	p99(ms)	pMax(ms)
35	0.0	0.0	3870242.0	129006.1	1.975	1.3	5.5	7.174999999999999	107.46249999999998	0.0	0.0	0.0	3870242.0	129006.1	1.975	1.3	5.5	7.174999999999999	107.46249999999998
