concurrency	elapsed-r	errors-r	ops(total)-r	ops/sec(cum)-r	avg(ms)-r	p50(ms)-r	p95(ms)-r	p99(ms)-r	pMax(ms)-r	total-r	elapsed-w	errors-w	ops(total)-w	ops/sec(cum)-w	avg(ms)-w	p50(ms)-w	p95(ms)-w	p99(ms)-w	pMax(ms)-w	total-w	elapsed	errors	ops(total)	ops/sec(cum)	avg(ms)	p50(ms)	p95(ms)	p99(ms)	pMax(ms)
23	0.0	0.0	411541.0	13717.5	3.1625	2.3	6.999999999999999	9.5125	26.099999999999994	0.0	0.0	0.0	21562.0	718.6999999999999	189.78750000000002	4.525	604.0	637.5	650.1	0.0	0.0	0.0	433103.0	14436.4	12.450000000000001	2.3875	7.662499999999999	570.4	650.1
