concurrency	elapsed-r	errors-r	ops(total)-r	ops/sec(cum)-r	avg(ms)-r	p50(ms)-r	p95(ms)-r	p99(ms)-r	pMax(ms)-r	total-r	elapsed-w	errors-w	ops(total)-w	ops/sec(cum)-w	avg(ms)-w	p50(ms)-w	p95(ms)-w	p99(ms)-w	pMax(ms)-w	total-w	elapsed	errors	ops(total)	ops/sec(cum)	avg(ms)	p50(ms)	p95(ms)	p99(ms)	pMax(ms)
154	0.0	0.0	4664527.0	155473.0	4.58	3.7600000000000002	11.139999999999999	19.52	300.3	0.0	0.0	0.0	244399.0	8146.0	13.74	12.419999999999998	27.579999999999995	36.9	223.95999999999998	0.0	0.0	0.0	4908926.0	163619.1	5.04	3.9199999999999995	14.1	23.88	300.3
