concurrency	elapsed-r	errors-r	ops(total)-r	ops/sec(cum)-r	avg(ms)-r	p50(ms)-r	p95(ms)-r	p99(ms)-r	pMax(ms)-r	total-r	elapsed-w	errors-w	ops(total)-w	ops/sec(cum)-w	avg(ms)-w	p50(ms)-w	p95(ms)-w	p99(ms)-w	pMax(ms)-w	total-w	elapsed	errors	ops(total)	ops/sec(cum)	avg(ms)	p50(ms)	p95(ms)	p99(ms)	pMax(ms)
135	0.0	0.0	2688000.0	89595.79999999999	2.65	2.3	4.8	13.100000000000001	142.6	0.0	0.0	0.0	142011.0	4733.5	5.550000000000001	5.05	11.25	17.3	148.89999999999998	0.0	0.0	0.0	2830011.0	94329.2	2.8	2.3	5.9	13.350000000000001	148.89999999999998
