concurrency	elapsed-r	errors-r	ops(total)-r	ops/sec(cum)-r	avg(ms)-r	p50(ms)-r	p95(ms)-r	p99(ms)-r	pMax(ms)-r	total-r	elapsed-w	errors-w	ops(total)-w	ops/sec(cum)-w	avg(ms)-w	p50(ms)-w	p95(ms)-w	p99(ms)-w	pMax(ms)-w	total-w	elapsed	errors	ops(total)	ops/sec(cum)	avg(ms)	p50(ms)	p95(ms)	p99(ms)	pMax(ms)
6	0.0	0.0	235141.0	7837.999999999999	3.6625	3.4499999999999997	6.6625	8.2	17.8375	0.0	0.0	0.0	12274.0	409.20000000000005	42.4	51.0875	83.89999999999999	95.975	112.17500000000001	0.0	0.0	0.0	247415.0	8246.9	5.5874999999999995	3.5875000000000004	7.825	71.3	112.17500000000001
