concurrency	elapsed-r	errors-r	ops(total)-r	ops/sec(cum)-r	avg(ms)-r	p50(ms)-r	p95(ms)-r	p99(ms)-r	pMax(ms)-r	total-r	elapsed-w	errors-w	ops(total)-w	ops/sec(cum)-w	avg(ms)-w	p50(ms)-w	p95(ms)-w	p99(ms)-w	pMax(ms)-w	total-w	elapsed	errors	ops(total)	ops/sec(cum)	avg(ms)	p50(ms)	p95(ms)	p99(ms)	pMax(ms)
111	0.0	0.0	4283983.0	142792.4	4.0600000000000005	3.06	11.559999999999999	19.36	100.64	0.0	0.0	0.0	225698.0	7522.800000000001	10.92	8.02	25.000000000000004	67.41999999999999	283.34000000000003	0.0	0.0	0.0	4509681.0	150315.3	4.4	3.22	12.7	22.060000000000002	283.56
