concurrency	elapsed-r	errors-r	ops(total)-r	ops/sec(cum)-r	avg(ms)-r	p50(ms)-r	p95(ms)-r	p99(ms)-r	pMax(ms)-r	total-r	elapsed-w	errors-w	ops(total)-w	ops/sec(cum)-w	avg(ms)-w	p50(ms)-w	p95(ms)-w	p99(ms)-w	pMax(ms)-w	total-w	elapsed	errors	ops(total)	ops/sec(cum)	avg(ms)	p50(ms)	p95(ms)	p99(ms)	pMax(ms)
47	0.0	0.0	594816.0	19826.3	11.1	2.675	76.025	165.7	438.29999999999995	0.0	0.0	0.0	31107.0	1036.8999999999999	125.3125	66.05000000000001	160.45000000000002	2013.2624999999998	12012.499999999998	0.0	0.0	0.0	625923.0	20863.199999999997	16.8	2.8	83.89999999999999	173.05	12012.499999999998
