concurrency	elapsed-r	errors-r	ops(total)-r	ops/sec(cum)-r	avg(ms)-r	p50(ms)-r	p95(ms)-r	p99(ms)-r	pMax(ms)-r	total-r	elapsed-w	errors-w	ops(total)-w	ops/sec(cum)-w	avg(ms)-w	p50(ms)-w	p95(ms)-w	p99(ms)-w	pMax(ms)-w	total-w	elapsed	errors	ops(total)	ops/sec(cum)	avg(ms)	p50(ms)	p95(ms)	p99(ms)	pMax(ms)
48	0.0	0.0	358878.0	11961.9	4.025	2.6500000000000004	12.1	17.8	59.224999999999994	0.0	0.0	0.0	18736.0	624.5999999999999	217.04999999999998	5.1	1258.3249999999998	1275.1	1342.2	0.0	0.0	0.0	377614.0	12586.4	14.575	2.8249999999999997	12.6	34.625	1342.2
