concurrency	elapsed-r	errors-r	ops(total)-r	ops/sec(cum)-r	avg(ms)-r	p50(ms)-r	p95(ms)-r	p99(ms)-r	pMax(ms)-r	total-r	elapsed	errors	ops(total)	ops/sec(cum)	avg(ms)	p50(ms)	p95(ms)	p99(ms)	pMax(ms)
26	0.0	0.0	981954.0	32731.100000000006	6.25	5.8	12.549999999999999	17.05	46.362500000000004	0.0	0.0	0.0	981954.0	32731.100000000006	6.25	5.8	12.549999999999999	17.05	46.362500000000004
