concurrency	elapsed-r	errors-r	ops(total)-r	ops/sec(cum)-r	avg(ms)-r	p50(ms)-r	p95(ms)-r	p99(ms)-r	pMax(ms)-r	total-r	elapsed-w	errors-w	ops(total)-w	ops/sec(cum)-w	avg(ms)-w	p50(ms)-w	p95(ms)-w	p99(ms)-w	pMax(ms)-w	total-w	elapsed	errors	ops(total)	ops/sec(cum)	avg(ms)	p50(ms)	p95(ms)	p99(ms)	pMax(ms)
39	0.0	0.0	1908168.0	63603.90000000001	4.074999999999999	3.5	9.7	15.387500000000001	143.4	0.0	0.0	0.0	100792.0	3359.8	7.6	6.874999999999999	17.05	24.374999999999996	44.78750000000001	0.0	0.0	0.0	2008960.0	66963.5	4.237500000000001	3.55	10.75	16.4	143.4
