concurrency	elapsed-r	errors-r	ops(total)-r	ops/sec(cum)-r	avg(ms)-r	p50(ms)-r	p95(ms)-r	p99(ms)-r	pMax(ms)-r	total-r	elapsed-w	errors-w	ops(total)-w	ops/sec(cum)-w	avg(ms)-w	p50(ms)-w	p95(ms)-w	p99(ms)-w	pMax(ms)-w	total-w	elapsed	errors	ops(total)	ops/sec(cum)	avg(ms)	p50(ms)	p95(ms)	p99(ms)	pMax(ms)
160	0.0	0.0	4653705.0	155105.2	4.92	4.1	12.2	20.58	215.58	0.0	0.0	0.0	244938.0	8163.700000000001	14.139999999999997	12.86	28.3	38.08	186.02	0.0	0.0	0.0	4898643.0	163268.7	5.359999999999999	4.24	14.680000000000001	24.5	217.26000000000005
