concurrency	elapsed-w	errors-w	ops(total)-w	ops/sec(cum)-w	avg(ms)-w	p50(ms)-w	p95(ms)-w	p99(ms)-w	pMax(ms)-w	total-w	elapsed	errors	ops(total)	ops/sec(cum)	avg(ms)	p50(ms)	p95(ms)	p99(ms)	pMax(ms)
38	0.0	0.0	4816401.0	160544.1	1.625	1.45	3.1874999999999996	4.9625	91.72500000000001	0.0	0.0	0.0	4816401.0	160544.1	1.625	1.45	3.1874999999999996	4.9625	91.72500000000001
