concurrency	elapsed-r	errors-r	ops(total)-r	ops/sec(cum)-r	avg(ms)-r	p50(ms)-r	p95(ms)-r	p99(ms)-r	pMax(ms)-r	total-r	elapsed-w	errors-w	ops(total)-w	ops/sec(cum)-w	avg(ms)-w	p50(ms)-w	p95(ms)-w	p99(ms)-w	pMax(ms)-w	total-w	elapsed	errors	ops(total)	ops/sec(cum)	avg(ms)	p50(ms)	p95(ms)	p99(ms)	pMax(ms)
150	0.0	0.0	2519164.0	83967.20000000001	5.18	3.6	16.419999999999998	30.160000000000004	141.34	0.0	0.0	0.0	132016.0	4400.3	119.08	8.5	38.160000000000004	4348.7	4805.0	0.0	0.0	0.0	2651180.0	88367.4	10.84	3.72	17.840000000000003	32.9	4805.0
