concurrency	elapsed-r	errors-r	ops(total)-r	ops/sec(cum)-r	avg(ms)-r	p50(ms)-r	p95(ms)-r	p99(ms)-r	pMax(ms)-r	total-r	elapsed-w	errors-w	ops(total)-w	ops/sec(cum)-w	avg(ms)-w	p50(ms)-w	p95(ms)-w	p99(ms)-w	pMax(ms)-w	total-w	elapsed	errors	ops(total)	ops/sec(cum)	avg(ms)	p50(ms)	p95(ms)	p99(ms)	pMax(ms)
43	0.0	0.0	1947652.0	64919.399999999994	4.387499999999999	3.8999999999999995	10.25	15.799999999999999	44.537499999999994	0.0	0.0	0.0	101872.0	3395.6000000000004	7.9375	7.4624999999999995	17.425	24.25	45.575	0.0	0.0	0.0	2049524.0	68314.9	4.5874999999999995	3.9625	10.8125	16.925	48.2
