concurrency	elapsed-r	errors-r	ops(total)-r	ops/sec(cum)-r	avg(ms)-r	p50(ms)-r	p95(ms)-r	p99(ms)-r	pMax(ms)-r	total-r	elapsed-w	errors-w	ops(total)-w	ops/sec(cum)-w	avg(ms)-w	p50(ms)-w	p95(ms)-w	p99(ms)-w	pMax(ms)-w	total-w	elapsed	errors	ops(total)	ops/sec(cum)	avg(ms)	p50(ms)	p95(ms)	p99(ms)	pMax(ms)
49	0.0	0.0	1889599.0	62984.700000000004	4.575	3.6875	11.8	20.3125	173.525	0.0	0.0	0.0	100337.0	3344.5000000000005	22.4625	7.4	23.2125	348.13750000000005	2072.0125	0.0	0.0	0.0	1989936.0	66329.1	5.4750000000000005	3.825	12.724999999999998	22.025	2072.0125
