concurrency	elapsed-r	errors-r	ops(total)-r	ops/sec(cum)-r	avg(ms)-r	p50(ms)-r	p95(ms)-r	p99(ms)-r	pMax(ms)-r	total-r	elapsed-w	errors-w	ops(total)-w	ops/sec(cum)-w	avg(ms)-w	p50(ms)-w	p95(ms)-w	p99(ms)-w	pMax(ms)-w	total-w	elapsed	errors	ops(total)	ops/sec(cum)	avg(ms)	p50(ms)	p95(ms)	p99(ms)	pMax(ms)
39	0.0	0.0	1266719.0	42222.6	6.2749999999999995	5.5	14.05	20.725	127.41250000000001	0.0	0.0	0.0	66830.0	2227.7	11.875000000000002	11.0	23.85	31.087500000000002	56.3375	0.0	0.0	0.0	1333549.0	44450.1	6.525	5.7749999999999995	15.012500000000001	22.025	128.98750000000004
