concurrency	elapsed-r	errors-r	ops(total)-r	ops/sec(cum)-r	avg(ms)-r	p50(ms)-r	p95(ms)-r	p99(ms)-r	pMax(ms)-r	total-r	elapsed-w	errors-w	ops(total)-w	ops/sec(cum)-w	avg(ms)-w	p50(ms)-w	p95(ms)-w	p99(ms)-w	pMax(ms)-w	total-w	elapsed	errors	ops(total)	ops/sec(cum)	avg(ms)	p50(ms)	p95(ms)	p99(ms)	pMax(ms)
47	0.0	0.0	1943409.0	64778.399999999994	4.7749999999999995	4.25	11.125	17.675	60.8	0.0	0.0	0.0	102174.0	3405.7999999999993	8.899999999999999	8.4125	19.650000000000002	27.012500000000003	55.025	0.0	0.0	0.0	2045583.0	68184.1	4.975	4.4	12.162499999999998	18.762500000000003	63.6875
