concurrency	elapsed-r	errors-r	ops(total)-r	ops/sec(cum)-r	avg(ms)-r	p50(ms)-r	p95(ms)-r	p99(ms)-r	pMax(ms)-r	total-r	elapsed-w	errors-w	ops(total)-w	ops/sec(cum)-w	avg(ms)-w	p50(ms)-w	p95(ms)-w	p99(ms)-w	pMax(ms)-w	total-w	elapsed	errors	ops(total)	ops/sec(cum)	avg(ms)	p50(ms)	p95(ms)	p99(ms)	pMax(ms)
44	0.0	0.0	1638903.0	54628.8	1.9666666666666668	1.4333333333333333	5.1	8.233333333333333	43.699999999999996	0.0	0.0	0.0	86614.0	2887.1000000000004	17.533333333333335	2.466666666666667	93.53333333333335	108.36666666666667	150.96666666666667	0.0	0.0	0.0	1725517.0	57515.9	2.766666666666667	1.4333333333333333	5.366666666666667	14.533333333333331	150.96666666666667
