concurrency	elapsed-r	errors-r	ops(total)-r	ops/sec(cum)-r	avg(ms)-r	p50(ms)-r	p95(ms)-r	p99(ms)-r	pMax(ms)-r	total-r	elapsed-w	errors-w	ops(total)-w	ops/sec(cum)-w	avg(ms)-w	p50(ms)-w	p95(ms)-w	p99(ms)-w	pMax(ms)-w	total-w	elapsed	errors	ops(total)	ops/sec(cum)	avg(ms)	p50(ms)	p95(ms)	p99(ms)	pMax(ms)
31	0.0	0.0	1084872.0	36161.49999999999	6.6625000000000005	5.05	17.85	27.425	54.637499999999996	0.0	0.0	0.0	56736.0	1891.2	9.1625	6.387499999999999	25.2375	39.55	67.1	0.0	0.0	0.0	1141608.0	38052.6	6.8	5.0625	17.975	29.262499999999996	67.88749999999999
