concurrency	elapsed-r	errors-r	ops(total)-r	ops/sec(cum)-r	avg(ms)-r	p50(ms)-r	p95(ms)-r	p99(ms)-r	pMax(ms)-r	total-r	elapsed-w	errors-w	ops(total)-w	ops/sec(cum)-w	avg(ms)-w	p50(ms)-w	p95(ms)-w	p99(ms)-w	pMax(ms)-w	total-w	elapsed	errors	ops(total)	ops/sec(cum)	avg(ms)	p50(ms)	p95(ms)	p99(ms)	pMax(ms)
139	0.0	0.0	4588681.0	152943.9	4.6	3.6999999999999993	11.58	19.72	234.04000000000002	0.0	0.0	0.0	241501.0	8049.4	12.2	11.18	26.4	35.86	141.95999999999998	0.0	0.0	0.0	4830182.0	160993.3	4.98	3.8	13.819999999999999	22.240000000000002	234.04000000000002
