concurrency	elapsed-r	errors-r	ops(total)-r	ops/sec(cum)-r	avg(ms)-r	p50(ms)-r	p95(ms)-r	p99(ms)-r	pMax(ms)-r	total-r	elapsed-w	errors-w	ops(total)-w	ops/sec(cum)-w	avg(ms)-w	p50(ms)-w	p95(ms)-w	p99(ms)-w	pMax(ms)-w	total-w	elapsed	errors	ops(total)	ops/sec(cum)	avg(ms)	p50(ms)	p95(ms)	p99(ms)	pMax(ms)
38	0.0	0.0	1424177.0	47471.3	5.475	4.675000000000001	12.7	19.537499999999998	51.875	0.0	0.0	0.0	75235.0	2507.9	9.425	8.3125	23.224999999999998	32.4125	56.074999999999996	0.0	0.0	0.0	1499412.0	49979.00000000001	5.6625000000000005	4.825	13.7125	21.3625	58.175
