ops/sec(cum)	p50(ms)	p99(ms)	read_tp	read_p50	read_p99	write_tp	write_p50	write_p99
111122.08333333334	3.259714285714286	8.169714285714285	106099.86666666665	3.3025714285714285	8.169714285714285	5021.216666666667	3.2168571428571426	7.691857142857143
