concurrency	elapsed-r	errors-r	ops(total)-r	ops/sec(cum)-r	avg(ms)-r	p50(ms)-r	p95(ms)-r	p99(ms)-r	pMax(ms)-r	total-r	elapsed-w	errors-w	ops(total)-w	ops/sec(cum)-w	avg(ms)-w	p50(ms)-w	p95(ms)-w	p99(ms)-w	pMax(ms)-w	total-w	elapsed	errors	ops(total)	ops/sec(cum)	avg(ms)	p50(ms)	p95(ms)	p99(ms)	pMax(ms)
31	0.0	0.0	1912971.0	63764.2	3.225	2.8375000000000004	7.3625	12.1375	79.7	0.0	0.0	0.0	100754.0	3358.4	5.925000000000001	5.3	13.224999999999998	18.900000000000002	38.537499999999994	0.0	0.0	0.0	2013725.0	67122.7	3.35	2.85	7.9625	12.912499999999998	80.225
