concurrency	elapsed-r	errors-r	ops(total)-r	ops/sec(cum)-r	avg(ms)-r	p50(ms)-r	p95(ms)-r	p99(ms)-r	pMax(ms)-r	total-r	elapsed-w	errors-w	ops(total)-w	ops/sec(cum)-w	avg(ms)-w	p50(ms)-w	p95(ms)-w	p99(ms)-w	pMax(ms)-w	total-w	elapsed	errors	ops(total)	ops/sec(cum)	avg(ms)	p50(ms)	p95(ms)	p99(ms)	pMax(ms)
8	0.0	0.0	651538.0	21717.6	2.45	2.2750000000000004	4.3	6.0249999999999995	19.537499999999998	0.0	0.0	0.0	34213.0	1140.3999999999999	5.4125000000000005	5.25	8.6375	11.549999999999999	18.950000000000003	0.0	0.0	0.0	685751.0	22858.1	2.5999999999999996	2.3499999999999996	5.025	7.312500000000001	20.9125
