concurrency	elapsed-r	errors-r	ops(total)-r	ops/sec(cum)-r	avg(ms)-r	p50(ms)-r	p95(ms)-r	p99(ms)-r	pMax(ms)-r	total-r	elapsed	errors	ops(total)	ops/sec(cum)	avg(ms)	p50(ms)	p95(ms)	p99(ms)	pMax(ms)
12	0.0	0.0	1046235.0	34874.0	2.5500000000000003	2.525	4.2875	6.050000000000001	17.450000000000003	0.0	0.0	0.0	1046235.0	34874.0	2.5500000000000003	2.525	4.2875	6.050000000000001	17.450000000000003
