concurrency	elapsed-r	errors-r	ops(total)-r	ops/sec(cum)-r	avg(ms)-r	p50(ms)-r	p95(ms)-r	p99(ms)-r	pMax(ms)-r	total-r	elapsed-w	errors-w	ops(total)-w	ops/sec(cum)-w	avg(ms)-w	p50(ms)-w	p95(ms)-w	p99(ms)-w	pMax(ms)-w	total-w	elapsed	errors	ops(total)	ops/sec(cum)	avg(ms)	p50(ms)	p95(ms)	p99(ms)	pMax(ms)
42	0.0	0.0	3707909.0	123594.20000000001	2.3249999999999997	1.6750000000000003	6.6000000000000005	9.275	193.2	0.0	0.0	0.0	195016.0	6500.300000000001	2.3874999999999997	1.7000000000000002	6.6000000000000005	9.5	65.525	0.0	0.0	0.0	3902925.0	130094.59999999999	2.3249999999999997	1.6750000000000003	6.6000000000000005	9.275	193.2
