concurrency	elapsed-r	errors-r	ops(total)-r	ops/sec(cum)-r	avg(ms)-r	p50(ms)-r	p95(ms)-r	p99(ms)-r	pMax(ms)-r	total-r	elapsed-w	errors-w	ops(total)-w	ops/sec(cum)-w	avg(ms)-w	p50(ms)-w	p95(ms)-w	p99(ms)-w	pMax(ms)-w	total-w	elapsed	errors	ops(total)	ops/sec(cum)	avg(ms)	p50(ms)	p95(ms)	p99(ms)	pMax(ms)
23	0.0	0.0	1191944.0	39730.799999999996	4.2124999999999995	4.074999999999999	7.5249999999999995	8.9	22.012500000000003	0.0	0.0	0.0	63072.0	2102.5	4.225	4.125	7.374999999999999	8.9625	16.3375	0.0	0.0	0.0	1255016.0	41833.2	4.2124999999999995	4.1	7.5249999999999995	8.9	22.150000000000002
