ops/sec(cum)	p50(ms)	p99(ms)	read_tp	read_p50	read_p99	write_tp	write_p50	write_p99
125770.56666666667	1.5236666666666667	6.693	119482.6	1.5213333333333334	6.693	6286.966666666667	1.526	6.685666666666667
