concurrency	elapsed-r	errors-r	ops(total)-r	ops/sec(cum)-r	avg(ms)-r	p50(ms)-r	p95(ms)-r	p99(ms)-r	pMax(ms)-r	total-r	elapsed-w	errors-w	ops(total)-w	ops/sec(cum)-w	avg(ms)-w	p50(ms)-w	p95(ms)-w	p99(ms)-w	pMax(ms)-w	total-w	elapsed	errors	ops(total)	ops/sec(cum)	avg(ms)	p50(ms)	p95(ms)	p99(ms)	pMax(ms)
72	0.0	0.0	2655915.0	88527.8	4.46	3.6	11.88	20.14	134.64000000000001	0.0	0.0	0.0	139641.0	4654.499999999999	9.959999999999999	8.66	22.660000000000004	30.380000000000003	100.66	0.0	0.0	0.0	2795556.0	93182.40000000001	4.76	3.72	13.580000000000002	21.4	135.45999999999998
