concurrency	elapsed-r	errors-r	ops(total)-r	ops/sec(cum)-r	avg(ms)-r	p50(ms)-r	p95(ms)-r	p99(ms)-r	pMax(ms)-r	total-r	elapsed-w	errors-w	ops(total)-w	ops/sec(cum)-w	avg(ms)-w	p50(ms)-w	p95(ms)-w	p99(ms)-w	pMax(ms)-w	total-w	elapsed	errors	ops(total)	ops/sec(cum)	avg(ms)	p50(ms)	p95(ms)	p99(ms)	pMax(ms)
12	0.0	0.0	825986.0	18355.100000000002	2.12	1.6599999999999997	4.66	9.76	31.060000000000002	0.0	0.0	0.0	44054.0	979.0	5.699999999999999	2.8200000000000003	19.9	28.52	52.4	0.0	0.0	0.0	870040.0	19334.0	2.3	1.6599999999999997	5.0	13.2	52.4
