concurrency	elapsed-r	errors-r	ops(total)-r	ops/sec(cum)-r	avg(ms)-r	p50(ms)-r	p95(ms)-r	p99(ms)-r	pMax(ms)-r	total-r	elapsed	errors	ops(total)	ops/sec(cum)	avg(ms)	p50(ms)	p95(ms)	p99(ms)	pMax(ms)
21	0.0	0.0	1393757.0	46457.6	3.4624999999999995	3.15	6.3999999999999995	9.837499999999999	25.174999999999997	0.0	0.0	0.0	1393757.0	46457.6	3.4624999999999995	3.15	6.3999999999999995	9.837499999999999	25.174999999999997
