concurrency	elapsed-r	errors-r	ops(total)-r	ops/sec(cum)-r	avg(ms)-r	p50(ms)-r	p95(ms)-r	p99(ms)-r	pMax(ms)-r	total-r	elapsed-w	errors-w	ops(total)-w	ops/sec(cum)-w	avg(ms)-w	p50(ms)-w	p95(ms)-w	p99(ms)-w	pMax(ms)-w	total-w	elapsed	errors	ops(total)	ops/sec(cum)	avg(ms)	p50(ms)	p95(ms)	p99(ms)	pMax(ms)
33	0.0	0.0	471216.0	15706.800000000001	3.1	2.0	8.9	14.2	163.60000000000002	0.0	0.0	0.0	24906.0	830.1999999999999	71.72500000000001	4.5	385.9	427.79999999999995	494.9	0.0	0.0	0.0	496122.0	16536.9	6.5	2.1500000000000004	9.7	32.25	494.9
