concurrency	elapsed-r	errors-r	ops(total)-r	ops/sec(cum)-r	avg(ms)-r	p50(ms)-r	p95(ms)-r	p99(ms)-r	pMax(ms)-r	total-r	elapsed-w	errors-w	ops(total)-w	ops/sec(cum)-w	avg(ms)-w	p50(ms)-w	p95(ms)-w	p99(ms)-w	pMax(ms)-w	total-w	elapsed	errors	ops(total)	ops/sec(cum)	avg(ms)	p50(ms)	p95(ms)	p99(ms)	pMax(ms)
40	0.0	0.0	1201551.0	40050.6	1.3999999999999997	1.0	3.7000000000000006	6.0	16.26666666666667	0.0	0.0	0.0	62843.0	2094.7	26.166666666666668	1.6000000000000003	142.6	151.0	176.19999999999996	0.0	0.0	0.0	1264394.0	42145.3	2.6666666666666665	1.0	3.9	11.333333333333334	176.19999999999996
