concurrency	elapsed-r	errors-r	ops(total)-r	ops/sec(cum)-r	avg(ms)-r	p50(ms)-r	p95(ms)-r	p99(ms)-r	pMax(ms)-r	total-r	elapsed-w	errors-w	ops(total)-w	ops/sec(cum)-w	avg(ms)-w	p50(ms)-w	p95(ms)-w	p99(ms)-w	pMax(ms)-w	total-w	elapsed	errors	ops(total)	ops/sec(cum)	avg(ms)	p50(ms)	p95(ms)	p99(ms)	pMax(ms)
103	0.0	0.0	793335.0	26443.199999999997	9.1	7.099999999999999	25.53333333333333	39.8	257.26666666666665	0.0	0.0	0.0	41887.0	1396.1	19.333333333333332	16.633333333333336	44.0	59.4	197.1	0.0	0.0	0.0	835222.0	27839.300000000003	9.6	7.3	27.3	41.9	262.8333333333333
