concurrency	elapsed-r	errors-r	ops(total)-r	ops/sec(cum)-r	avg(ms)-r	p50(ms)-r	p95(ms)-r	p99(ms)-r	pMax(ms)-r	total-r	elapsed-w	errors-w	ops(total)-w	ops/sec(cum)-w	avg(ms)-w	p50(ms)-w	p95(ms)-w	p99(ms)-w	pMax(ms)-w	total-w	elapsed	errors	ops(total)	ops/sec(cum)	avg(ms)	p50(ms)	p95(ms)	p99(ms)	pMax(ms)
61	0.0	0.0	945566.0	31517.9	3.733333333333333	3.0	7.3	21.666666666666668	145.43333333333337	0.0	0.0	0.0	49631.0	1654.3	8.366666666666667	7.233333333333333	19.566666666666666	43.300000000000004	110.46666666666665	0.0	0.0	0.0	995197.0	33172.3	4.0	3.1	9.4	23.100000000000005	145.43333333333337
