concurrency	elapsed-r	errors-r	ops(total)-r	ops/sec(cum)-r	avg(ms)-r	p50(ms)-r	p95(ms)-r	p99(ms)-r	pMax(ms)-r	total-r	elapsed-w	errors-w	ops(total)-w	ops/sec(cum)-w	avg(ms)-w	p50(ms)-w	p95(ms)-w	p99(ms)-w	pMax(ms)-w	total-w	elapsed	errors	ops(total)	ops/sec(cum)	avg(ms)	p50(ms)	p95(ms)	p99(ms)	pMax(ms)
15	0.0	0.0	986882.0	32895.3	3.025	1.9875	7.825	18.7625	282.05	0.0	0.0	0.0	51619.0	1720.7000000000003	7.324999999999999	3.625	30.1625	49.775000000000006	299.88749999999993	0.0	0.0	0.0	1038501.0	34616.1	3.25	2.0374999999999996	8.4	23.599999999999998	299.88749999999993
