concurrency	elapsed-r	errors-r	ops(total)-r	ops/sec(cum)-r	avg(ms)-r	p50(ms)-r	p95(ms)-r	p99(ms)-r	pMax(ms)-r	total-r	elapsed-w	errors-w	ops(total)-w	ops/sec(cum)-w	avg(ms)-w	p50(ms)-w	p95(ms)-w	p99(ms)-w	pMax(ms)-w	total-w	elapsed	errors	ops(total)	ops/sec(cum)	avg(ms)	p50(ms)	p95(ms)	p99(ms)	pMax(ms)
40	0.0	0.0	1948954.0	64963.2	4.062499999999999	3.6249999999999996	9.4	14.887500000000001	68.15	0.0	0.0	0.0	102121.0	3404.1	7.4375	7.025	16.0	22.825	56.6	0.0	0.0	0.0	2051075.0	68367.3	4.2375	3.6499999999999995	10.25	15.775000000000002	73.39999999999999
