concurrency	elapsed-r	errors-r	ops(total)-r	ops/sec(cum)-r	avg(ms)-r	p50(ms)-r	p95(ms)-r	p99(ms)-r	pMax(ms)-r	total-r	elapsed-w	errors-w	ops(total)-w	ops/sec(cum)-w	avg(ms)-w	p50(ms)-w	p95(ms)-w	p99(ms)-w	pMax(ms)-w	total-w	elapsed	errors	ops(total)	ops/sec(cum)	avg(ms)	p50(ms)	p95(ms)	p99(ms)	pMax(ms)
91	0.0	0.0	2736585.0	91215.8	5.3	4.32	13.580000000000002	22.439999999999998	125.84	0.0	0.0	0.0	143963.0	4798.6	12.98	11.420000000000002	28.179999999999996	37.540000000000006	101.1	0.0	0.0	0.0	2880548.0	96014.3	5.720000000000001	4.52	15.4	24.560000000000002	126.25999999999999
