concurrency	elapsed-r	errors-r	ops(total)-r	ops/sec(cum)-r	avg(ms)-r	p50(ms)-r	p95(ms)-r	p99(ms)-r	pMax(ms)-r	total-r	elapsed-w	errors-w	ops(total)-w	ops/sec(cum)-w	avg(ms)-w	p50(ms)-w	p95(ms)-w	p99(ms)-w	pMax(ms)-w	total-w	elapsed	errors	ops(total)	ops/sec(cum)	avg(ms)	p50(ms)	p95(ms)	p99(ms)	pMax(ms)
30	0.0	0.0	1948526.0	64949.0	3.3249999999999997	3.0875000000000004	6.075	8.3875	48.775000000000006	0.0	0.0	0.0	102652.0	3421.9	3.2375	3.05	5.949999999999999	8.299999999999999	18.625	0.0	0.0	0.0	2051178.0	68370.8	3.3249999999999997	3.0875000000000004	6.0375	8.3875	48.775000000000006
