concurrency	elapsed-r	errors-r	ops(total)-r	ops/sec(cum)-r	avg(ms)-r	p50(ms)-r	p95(ms)-r	p99(ms)-r	pMax(ms)-r	total-r	elapsed-w	errors-w	ops(total)-w	ops/sec(cum)-w	avg(ms)-w	p50(ms)-w	p95(ms)-w	p99(ms)-w	pMax(ms)-w	total-w	elapsed	errors	ops(total)	ops/sec(cum)	avg(ms)	p50(ms)	p95(ms)	p99(ms)	pMax(ms)
151	0.0	0.0	2684974.0	89494.9	4.180000000000001	2.88	12.8	26.02	134.24	0.0	0.0	0.0	141369.0	4712.099999999999	106.78	7.74	38.16	3623.9	4026.5	0.0	0.0	0.0	2826343.0	94207.00000000001	9.3	2.94	14.259999999999996	29.860000000000003	4026.5
