concurrency	elapsed-r	errors-r	ops(total)-r	ops/sec(cum)-r	avg(ms)-r	p50(ms)-r	p95(ms)-r	p99(ms)-r	pMax(ms)-r	total-r	elapsed-w	errors-w	ops(total)-w	ops/sec(cum)-w	avg(ms)-w	p50(ms)-w	p95(ms)-w	p99(ms)-w	pMax(ms)-w	total-w	elapsed	errors	ops(total)	ops/sec(cum)	avg(ms)	p50(ms)	p95(ms)	p99(ms)	pMax(ms)
52	0.0	0.0	851572.0	28384.5	2.16	1.6	5.8	11.0	99.82000000000001	0.0	0.0	0.0	44497.0	1483.3	112.94000000000001	2.84	637.5	671.1	791.9	0.0	0.0	0.0	896069.0	29867.699999999997	7.660000000000001	1.6400000000000001	6.0	23.080000000000002	791.9
