concurrency	elapsed-r	errors-r	ops(total)-r	ops/sec(cum)-r	avg(ms)-r	p50(ms)-r	p95(ms)-r	p99(ms)-r	pMax(ms)-r	total-r	elapsed	errors	ops(total)	ops/sec(cum)	avg(ms)	p50(ms)	p95(ms)	p99(ms)	pMax(ms)
64	0.0	0.0	1287226.0	42905.799999999996	12.212499999999999	10.5625	27.424999999999997	42.575	108.55	0.0	0.0	0.0	1287226.0	42905.799999999996	12.212499999999999	10.5625	27.424999999999997	42.575	108.55
