concurrency	elapsed-r	errors-r	ops(total)-r	ops/sec(cum)-r	avg(ms)-r	p50(ms)-r	p95(ms)-r	p99(ms)-r	pMax(ms)-r	total-r	elapsed-w	errors-w	ops(total)-w	ops/sec(cum)-w	avg(ms)-w	p50(ms)-w	p95(ms)-w	p99(ms)-w	pMax(ms)-w	total-w	elapsed	errors	ops(total)	ops/sec(cum)	avg(ms)	p50(ms)	p95(ms)	p99(ms)	pMax(ms)
128	0.0	0.0	4399984.0	146656.4	4.539999999999999	3.7199999999999998	10.94	19.32	140.94	0.0	0.0	0.0	231888.0	7729.0	11.84	10.739999999999998	24.32	32.08	99.84	0.0	0.0	0.0	4631872.0	154385.5	4.8999999999999995	3.9	13.440000000000001	21.720000000000002	140.94
