concurrency	elapsed-r	errors-r	ops(total)-r	ops/sec(cum)-r	avg(ms)-r	p50(ms)-r	p95(ms)-r	p99(ms)-r	pMax(ms)-r	total-r	elapsed-w	errors-w	ops(total)-w	ops/sec(cum)-w	avg(ms)-w	p50(ms)-w	p95(ms)-w	p99(ms)-w	pMax(ms)-w	total-w	elapsed	errors	ops(total)	ops/sec(cum)	avg(ms)	p50(ms)	p95(ms)	p99(ms)	pMax(ms)
31	0.0	0.0	3184282.0	106140.2	1.9999999999999998	1.85	3.6	6.512499999999999	165.4125	0.0	0.0	0.0	167592.0	5586.3	1.95	1.8375000000000001	3.4999999999999996	6.512499999999999	21.0	0.0	0.0	0.0	3351874.0	111726.39999999998	1.9999999999999998	1.85	3.6	6.512499999999999	165.67499999999998
