concurrency	elapsed-r	errors-r	ops(total)-r	ops/sec(cum)-r	avg(ms)-r	p50(ms)-r	p95(ms)-r	p99(ms)-r	pMax(ms)-r	total-r	elapsed-w	errors-w	ops(total)-w	ops/sec(cum)-w	avg(ms)-w	p50(ms)-w	p95(ms)-w	p99(ms)-w	pMax(ms)-w	total-w	elapsed	errors	ops(total)	ops/sec(cum)	avg(ms)	p50(ms)	p95(ms)	p99(ms)	pMax(ms)
48	0.0	0.0	905246.0	30174.0	3.1333333333333333	2.2	7.599999999999999	18.166666666666668	215.29999999999998	0.0	0.0	0.0	47707.0	1590.2	1.3999999999999997	0.9333333333333332	3.0666666666666664	8.033333333333333	55.199999999999996	0.0	0.0	0.0	952953.0	31764.1	3.033333333333333	2.0	7.3	17.8	215.29999999999998
