concurrency	elapsed-r	errors-r	ops(total)-r	ops/sec(cum)-r	avg(ms)-r	p50(ms)-r	p95(ms)-r	p99(ms)-r	pMax(ms)-r	total-r	elapsed	errors	ops(total)	ops/sec(cum)	avg(ms)	p50(ms)	p95(ms)	p99(ms)	pMax(ms)
39	0.0	0.0	1562268.0	52074.0	5.525	5.074999999999999	12.099999999999998	17.675	108.51250000000002	0.0	0.0	0.0	1562268.0	52074.0	5.525	5.074999999999999	12.099999999999998	17.675	108.51250000000002
