concurrency	elapsed-r	errors-r	ops(total)-r	ops/sec(cum)-r	avg(ms)-r	p50(ms)-r	p95(ms)-r	p99(ms)-r	pMax(ms)-r	total-r	elapsed-w	errors-w	ops(total)-w	ops/sec(cum)-w	avg(ms)-w	p50(ms)-w	p95(ms)-w	p99(ms)-w	pMax(ms)-w	total-w	elapsed	errors	ops(total)	ops/sec(cum)	avg(ms)	p50(ms)	p95(ms)	p99(ms)	pMax(ms)
15	0.0	0.0	604139.0	20137.399999999998	3.3499999999999996	2.35	10.1625	14.762500000000001	50.18749999999999	0.0	0.0	0.0	31727.0	1057.6	45.2125	5.25	390.09999999999997	440.3999999999999	497.00000000000006	0.0	0.0	0.0	635866.0	21195.0	5.425	2.3875	10.5625	17.05	497.00000000000006
