concurrency	elapsed-r	errors-r	ops(total)-r	ops/sec(cum)-r	avg(ms)-r	p50(ms)-r	p95(ms)-r	p99(ms)-r	pMax(ms)-r	total-r	elapsed-w	errors-w	ops(total)-w	ops/sec(cum)-w	avg(ms)-w	p50(ms)-w	p95(ms)-w	p99(ms)-w	pMax(ms)-w	total-w	elapsed	errors	ops(total)	ops/sec(cum)	avg(ms)	p50(ms)	p95(ms)	p99(ms)	pMax(ms)
104	0.0	0.0	2833483.0	94444.5	5.159999999999999	4.279999999999999	13.219999999999999	22.04	239.9	0.0	0.0	0.0	149223.0	4974.000000000001	17.6	16.5	34.8	45.3	202.58	0.0	0.0	0.0	2982706.0	99418.4	5.779999999999999	4.319999999999999	17.1	28.71999999999999	240.32
