concurrency	elapsed-w	errors-w	ops(total)-w	ops/sec(cum)-w	avg(ms)-w	p50(ms)-w	p95(ms)-w	p99(ms)-w	pMax(ms)-w	total-w	elapsed	errors	ops(total)	ops/sec(cum)	avg(ms)	p50(ms)	p95(ms)	p99(ms)	pMax(ms)
48	0.0	0.0	3485789.0	116190.6	3.025	2.9000000000000004	5.15	9.1	28.574999999999996	0.0	0.0	0.0	3485789.0	116190.6	3.025	2.9000000000000004	5.15	9.1	28.574999999999996
