concurrency	elapsed-r	errors-r	ops(total)-r	ops/sec(cum)-r	avg(ms)-r	p50(ms)-r	p95(ms)-r	p99(ms)-r	pMax(ms)-r	total-r	elapsed	errors	ops(total)	ops/sec(cum)	avg(ms)	p50(ms)	p95(ms)	p99(ms)	pMax(ms)
120	0.0	0.0	1828965.0	60961.3	14.737499999999999	12.112499999999999	37.45	54.50000000000001	127.925	0.0	0.0	0.0	1828965.0	60961.3	14.737499999999999	12.112499999999999	37.45	54.50000000000001	127.925
