concurrency	elapsed-r	errors-r	ops(total)-r	ops/sec(cum)-r	avg(ms)-r	p50(ms)-r	p95(ms)-r	p99(ms)-r	pMax(ms)-r	total-r	elapsed	errors	ops(total)	ops/sec(cum)	avg(ms)	p50(ms)	p95(ms)	p99(ms)	pMax(ms)
12	0.0	0.0	1363244.0	45440.99999999999	1.9249999999999998	1.8	3.0999999999999996	5.5625	16.012500000000003	0.0	0.0	0.0	1363244.0	45440.99999999999	1.9249999999999998	1.8	3.0999999999999996	5.5625	16.012500000000003
