concurrency	elapsed-r	errors-r	ops(total)-r	ops/sec(cum)-r	avg(ms)-r	p50(ms)-r	p95(ms)-r	p99(ms)-r	pMax(ms)-r	total-r	elapsed-w	errors-w	ops(total)-w	ops/sec(cum)-w	avg(ms)-w	p50(ms)-w	p95(ms)-w	p99(ms)-w	pMax(ms)-w	total-w	elapsed	errors	ops(total)	ops/sec(cum)	avg(ms)	p50(ms)	p95(ms)	p99(ms)	pMax(ms)
55	0.0	0.0	1949420.0	64978.50000000001	5.6625000000000005	4.9375	13.624999999999998	21.1125	69.9875	0.0	0.0	0.0	103464.0	3448.7999999999997	10.4125	9.55	23.349999999999998	32.775	72.875	0.0	0.0	0.0	2052884.0	68427.20000000001	5.9	4.9750000000000005	14.450000000000001	22.55	74.7125
