concurrency	elapsed-r	errors-r	ops(total)-r	ops/sec(cum)-r	avg(ms)-r	p50(ms)-r	p95(ms)-r	p99(ms)-r	pMax(ms)-r	total-r	elapsed-w	errors-w	ops(total)-w	ops/sec(cum)-w	avg(ms)-w	p50(ms)-w	p95(ms)-w	p99(ms)-w	pMax(ms)-w	total-w	elapsed	errors	ops(total)	ops/sec(cum)	avg(ms)	p50(ms)	p95(ms)	p99(ms)	pMax(ms)
139	0.0	0.0	4588309.0	152933.7	4.119999999999999	3.46	10.18	18.36	177.62	0.0	0.0	0.0	241469.0	8048.5	12.3	11.26	24.880000000000003	32.6	148.92000000000002	0.0	0.0	0.0	4829778.0	160982.09999999998	4.5200000000000005	3.46	13.059999999999999	22.240000000000002	178.26000000000002
