concurrency	elapsed-r	errors-r	ops(total)-r	ops/sec(cum)-r	avg(ms)-r	p50(ms)-r	p95(ms)-r	p99(ms)-r	pMax(ms)-r	total-r	elapsed-w	errors-w	ops(total)-w	ops/sec(cum)-w	avg(ms)-w	p50(ms)-w	p95(ms)-w	p99(ms)-w	pMax(ms)-w	total-w	elapsed	errors	ops(total)	ops/sec(cum)	avg(ms)	p50(ms)	p95(ms)	p99(ms)	pMax(ms)
39	0.0	0.0	3386346.0	112875.79999999999	2.375	2.2	3.8624999999999994	8.1875	78.48749999999998	0.0	0.0	0.0	178304.0	5943.299999999999	2.3625	2.2	3.9749999999999996	8.3375	27.125000000000004	0.0	0.0	0.0	3564650.0	118819.2	2.375	2.2	3.8624999999999994	8.1875	78.625
