ops/sec(cum)	p50(ms)	p99(ms)	read_tp	read_p50	read_p99	write_tp	write_p50	write_p99
268360.0	0.18442857142857141	0.653	256236.25	0.18385714285714286	0.653	12122.75	0.185	0.6408571428571429
