concurrency	elapsed-w	errors-w	ops(total)-w	ops/sec(cum)-w	avg(ms)-w	p50(ms)-w	p95(ms)-w	p99(ms)-w	pMax(ms)-w	total-w	elapsed	errors	ops(total)	ops/sec(cum)	avg(ms)	p50(ms)	p95(ms)	p99(ms)	pMax(ms)
58	0.0	0.0	749166.0	24971.1	18.05	15.7875	42.425	57.387499999999996	232.78750000000002	0.0	0.0	0.0	749166.0	24971.1	18.05	15.7875	42.425	57.387499999999996	232.78750000000002
