concurrency	elapsed-r	errors-r	ops(total)-r	ops/sec(cum)-r	avg(ms)-r	p50(ms)-r	p95(ms)-r	p99(ms)-r	pMax(ms)-r	total-r	elapsed-w	errors-w	ops(total)-w	ops/sec(cum)-w	avg(ms)-w	p50(ms)-w	p95(ms)-w	p99(ms)-w	pMax(ms)-w	total-w	elapsed	errors	ops(total)	ops/sec(cum)	avg(ms)	p50(ms)	p95(ms)	p99(ms)	pMax(ms)
72	0.0	0.0	4446539.0	148213.30000000002	2.2	1.94	3.72	11.28	56.019999999999996	0.0	0.0	0.0	234155.0	7804.9	4.82	4.3	10.16	15.939999999999998	53.720000000000006	0.0	0.0	0.0	4680694.0	156018.19999999998	2.32	1.94	4.9	11.68	56.019999999999996
