concurrency	elapsed-r	errors-r	ops(total)-r	ops/sec(cum)-r	avg(ms)-r	p50(ms)-r	p95(ms)-r	p99(ms)-r	pMax(ms)-r	total-r	elapsed-w	errors-w	ops(total)-w	ops/sec(cum)-w	avg(ms)-w	p50(ms)-w	p95(ms)-w	p99(ms)-w	pMax(ms)-w	total-w	elapsed	errors	ops(total)	ops/sec(cum)	avg(ms)	p50(ms)	p95(ms)	p99(ms)	pMax(ms)
144	0.0	0.0	4515479.0	150504.1	4.959999999999999	4.02	12.56	21.62	157.9	0.0	0.0	0.0	238531.0	7950.4	13.780000000000001	12.86	27.72	37.0	132.72	0.0	0.0	0.0	4754010.0	158454.40000000002	5.42	4.139999999999999	15.080000000000002	24.2	158.74
