concurrency	elapsed-r	errors-r	ops(total)-r	ops/sec(cum)-r	avg(ms)-r	p50(ms)-r	p95(ms)-r	p99(ms)-r	pMax(ms)-r	total-r	elapsed-w	errors-w	ops(total)-w	ops/sec(cum)-w	avg(ms)-w	p50(ms)-w	p95(ms)-w	p99(ms)-w	pMax(ms)-w	total-w	elapsed	errors	ops(total)	ops/sec(cum)	avg(ms)	p50(ms)	p95(ms)	p99(ms)	pMax(ms)
78	0.0	0.0	2390557.0	79682.59999999999	2.575	1.85	7.125	11.075000000000001	33.275	0.0	0.0	0.0	125328.0	4177.400000000001	71.57499999999999	3.2750000000000004	393.75	418.95	446.15	0.0	0.0	0.0	2515885.0	83860.0	5.975	1.875	7.575	19.0	446.15
