concurrency	elapsed-r	errors-r	ops(total)-r	ops/sec(cum)-r	avg(ms)-r	p50(ms)-r	p95(ms)-r	p99(ms)-r	pMax(ms)-r	total-r	elapsed-w	errors-w	ops(total)-w	ops/sec(cum)-w	avg(ms)-w	p50(ms)-w	p95(ms)-w	p99(ms)-w	pMax(ms)-w	total-w	elapsed	errors	ops(total)	ops/sec(cum)	avg(ms)	p50(ms)	p95(ms)	p99(ms)	pMax(ms)
17	0.0	0.0	1156181.0	38538.9	3.1375	3.0625	6.0	7.1000000000000005	21.1125	0.0	0.0	0.0	60775.0	2025.8	3.8875	3.7125	7.4125	10.4125	30.937500000000007	0.0	0.0	0.0	1216956.0	40564.6	3.1750000000000003	3.1000000000000005	6.0	7.249999999999999	30.937500000000007
