concurrency	elapsed-w	errors-w	ops(total)-w	ops/sec(cum)-w	avg(ms)-w	p50(ms)-w	p95(ms)-w	p99(ms)-w	pMax(ms)-w	total-w	elapsed	errors	ops(total)	ops/sec(cum)	avg(ms)	p50(ms)	p95(ms)	p99(ms)	pMax(ms)
37	0.0	0.0	4797843.0	159925.29999999996	1.5749999999999997	1.3875	3.175	4.8625	188.7375	0.0	0.0	0.0	4797843.0	159925.29999999996	1.5749999999999997	1.3875	3.175	4.8625	188.7375
