ops/sec(cum)	p50(ms)	p99(ms)	read_tp	read_p50	read_p99	write_tp	write_p50	write_p99
129896.83333333334	1.1103333333333334	5.746666666666666	123402.91666666666	1.1096666666666666	5.746666666666666	6492.916666666666	1.111	5.762
