concurrency	elapsed-r	errors-r	ops(total)-r	ops/sec(cum)-r	avg(ms)-r	p50(ms)-r	p95(ms)-r	p99(ms)-r	pMax(ms)-r	total-r	elapsed-w	errors-w	ops(total)-w	ops/sec(cum)-w	avg(ms)-w	p50(ms)-w	p95(ms)-w	p99(ms)-w	pMax(ms)-w	total-w	elapsed	errors	ops(total)	ops/sec(cum)	avg(ms)	p50(ms)	p95(ms)	p99(ms)	pMax(ms)
104	0.0	0.0	4473548.0	149109.3	3.2	2.7	6.74	14.52	96.9	0.0	0.0	0.0	236221.0	7873.6	8.64	7.839999999999999	17.72	24.919999999999998	76.74	0.0	0.0	0.0	4709769.0	156982.9	3.4800000000000004	2.7800000000000002	9.0	16.259999999999998	96.9
