concurrency	elapsed-r	errors-r	ops(total)-r	ops/sec(cum)-r	avg(ms)-r	p50(ms)-r	p95(ms)-r	p99(ms)-r	pMax(ms)-r	total-r	elapsed-w	errors-w	ops(total)-w	ops/sec(cum)-w	avg(ms)-w	p50(ms)-w	p95(ms)-w	p99(ms)-w	pMax(ms)-w	total-w	elapsed	errors	ops(total)	ops/sec(cum)	avg(ms)	p50(ms)	p95(ms)	p99(ms)	pMax(ms)
39	0.0	0.0	1020940.0	34030.6	16.9	16.25	32.925	33.4	76.38749999999999	0.0	0.0	0.0	53677.0	1789.3000000000002	22.2125	16.424999999999997	50.225	74.97500000000001	119.01250000000002	0.0	0.0	0.0	1074617.0	35819.7	17.1625	16.25	32.925	37.125	119.01250000000002
