concurrency	elapsed-r	errors-r	ops(total)-r	ops/sec(cum)-r	avg(ms)-r	p50(ms)-r	p95(ms)-r	p99(ms)-r	pMax(ms)-r	total-r	elapsed-w	errors-w	ops(total)-w	ops/sec(cum)-w	avg(ms)-w	p50(ms)-w	p95(ms)-w	p99(ms)-w	pMax(ms)-w	total-w	elapsed	errors	ops(total)	ops/sec(cum)	avg(ms)	p50(ms)	p95(ms)	p99(ms)	pMax(ms)
43	0.0	0.0	3180875.0	106026.49999999999	2.725	2.5625	4.675000000000001	9.0	29.637500000000003	0.0	0.0	0.0	167884.0	5596.0	2.825	2.575	5.475	9.8	25.55	0.0	0.0	0.0	3348759.0	111622.40000000001	2.725	2.5625	4.675000000000001	9.075	29.637500000000003
