concurrency	elapsed-r	errors-r	ops(total)-r	ops/sec(cum)-r	avg(ms)-r	p50(ms)-r	p95(ms)-r	p99(ms)-r	pMax(ms)-r	total-r	elapsed-w	errors-w	ops(total)-w	ops/sec(cum)-w	avg(ms)-w	p50(ms)-w	p95(ms)-w	p99(ms)-w	pMax(ms)-w	total-w	elapsed	errors	ops(total)	ops/sec(cum)	avg(ms)	p50(ms)	p95(ms)	p99(ms)	pMax(ms)
40	0.0	0.0	1928904.0	64294.49999999999	4.124999999999999	3.5999999999999996	9.7625	15.6	70.25	0.0	0.0	0.0	101100.0	3369.7999999999997	7.4625	6.9	16.662499999999998	23.862499999999997	49.5125	0.0	0.0	0.0	2030004.0	67664.59999999999	4.3125	3.65	10.375	16.55	70.775
