concurrency	elapsed-w	errors-w	ops(total)-w	ops/sec(cum)-w	avg(ms)-w	p50(ms)-w	p95(ms)-w	p99(ms)-w	pMax(ms)-w	total-w	elapsed	errors	ops(total)	ops/sec(cum)	avg(ms)	p50(ms)	p95(ms)	p99(ms)	pMax(ms)
40	0.0	0.0	714605.0	23819.7	12.687500000000002	6.637499999999999	20.3125	31.475	4328.55	0.0	0.0	0.0	714605.0	23819.7	12.687500000000002	6.637499999999999	20.3125	31.475	4328.55
