concurrency	elapsed-r	errors-r	ops(total)-r	ops/sec(cum)-r	avg(ms)-r	p50(ms)-r	p95(ms)-r	p99(ms)-r	pMax(ms)-r	total-r	elapsed-w	errors-w	ops(total)-w	ops/sec(cum)-w	avg(ms)-w	p50(ms)-w	p95(ms)-w	p99(ms)-w	pMax(ms)-w	total-w	elapsed	errors	ops(total)	ops/sec(cum)	avg(ms)	p50(ms)	p95(ms)	p99(ms)	pMax(ms)
152	0.0	0.0	4515228.0	150498.19999999998	5.180000000000001	4.24	12.860000000000003	22.04	222.08	0.0	0.0	0.0	236599.0	7886.0	15.080000000000002	13.919999999999998	30.3	39.0	194.82	0.0	0.0	0.0	4751827.0	158384.4	5.66	4.3999999999999995	15.780000000000001	25.56	222.08
