concurrency	elapsed-w	errors-w	ops(total)-w	ops/sec(cum)-w	avg(ms)-w	p50(ms)-w	p95(ms)-w	p99(ms)-w	pMax(ms)-w	total-w	elapsed	errors	ops(total)	ops/sec(cum)	avg(ms)	p50(ms)	p95(ms)	p99(ms)	pMax(ms)
40	0.0	0.0	3503802.0	116791.0	2.5500000000000003	2.4	6.462499999999999	8.775	23.975	0.0	0.0	0.0	3503802.0	116791.0	2.5500000000000003	2.4	6.462499999999999	8.775	23.975
