concurrency	elapsed-r	errors-r	ops(total)-r	ops/sec(cum)-r	avg(ms)-r	p50(ms)-r	p95(ms)-r	p99(ms)-r	pMax(ms)-r	total-r	elapsed-w	errors-w	ops(total)-w	ops/sec(cum)-w	avg(ms)-w	p50(ms)-w	p95(ms)-w	p99(ms)-w	pMax(ms)-w	total-w	elapsed	errors	ops(total)	ops/sec(cum)	avg(ms)	p50(ms)	p95(ms)	p99(ms)	pMax(ms)
144	0.0	0.0	4538263.0	151264.80000000002	4.7	3.8	11.96	19.5	165.26	0.0	0.0	0.0	238301.0	7942.800000000001	12.86	11.719999999999999	26.4	34.92	101.52000000000001	0.0	0.0	0.0	4776564.0	159207.6	5.1	3.9	14.260000000000002	22.46	165.26
