concurrency	elapsed-r	errors-r	ops(total)-r	ops/sec(cum)-r	avg(ms)-r	p50(ms)-r	p95(ms)-r	p99(ms)-r	pMax(ms)-r	total-r	elapsed-w	errors-w	ops(total)-w	ops/sec(cum)-w	avg(ms)-w	p50(ms)-w	p95(ms)-w	p99(ms)-w	pMax(ms)-w	total-w	elapsed	errors	ops(total)	ops/sec(cum)	avg(ms)	p50(ms)	p95(ms)	p99(ms)	pMax(ms)
160	0.0	0.0	2812327.0	93738.0	7.779999999999999	6.18	20.96	32.68	597.28	0.0	0.0	0.0	148094.0	4936.2	31.139999999999997	29.74	61.26000000000001	78.86000000000001	325.48	0.0	0.0	0.0	2960421.0	98674.3	8.940000000000001	6.58	26.660000000000004	47.4	597.28
