concurrency	elapsed-r	errors-r	ops(total)-r	ops/sec(cum)-r	avg(ms)-r	p50(ms)-r	p95(ms)-r	p99(ms)-r	pMax(ms)-r	total-r	elapsed-w	errors-w	ops(total)-w	ops/sec(cum)-w	avg(ms)-w	p50(ms)-w	p95(ms)-w	p99(ms)-w	pMax(ms)-w	total-w	elapsed	errors	ops(total)	ops/sec(cum)	avg(ms)	p50(ms)	p95(ms)	p99(ms)	pMax(ms)
39	0.0	0.0	4495442.0	149844.8	1.6500000000000001	1.4874999999999998	2.9875000000000003	5.2625	218.09999999999997	0.0	0.0	0.0	236237.0	7874.400000000001	1.7500000000000002	1.4999999999999998	3.0875	6.35	173.4	0.0	0.0	0.0	4731679.0	157719.00000000003	1.6500000000000001	1.4874999999999998	2.9875000000000003	5.3	218.09999999999997
