concurrency	elapsed-r	errors-r	ops(total)-r	ops/sec(cum)-r	avg(ms)-r	p50(ms)-r	p95(ms)-r	p99(ms)-r	pMax(ms)-r	total-r	elapsed-w	errors-w	ops(total)-w	ops/sec(cum)-w	avg(ms)-w	p50(ms)-w	p95(ms)-w	p99(ms)-w	pMax(ms)-w	total-w	elapsed	errors	ops(total)	ops/sec(cum)	avg(ms)	p50(ms)	p95(ms)	p99(ms)	pMax(ms)
39	0.0	0.0	3238933.0	107961.5	2.4875000000000003	2.4125	4.325	8.1375	72.625	0.0	0.0	0.0	169981.0	5665.999999999999	2.5000000000000004	2.4	4.325	8.087499999999999	19.0	0.0	0.0	0.0	3408914.0	113627.3	2.4875000000000003	2.4125	4.325	8.1375	72.625
