concurrency	elapsed-r	errors-r	ops(total)-r	ops/sec(cum)-r	avg(ms)-r	p50(ms)-r	p95(ms)-r	p99(ms)-r	pMax(ms)-r	total-r	elapsed	errors	ops(total)	ops/sec(cum)	avg(ms)	p50(ms)	p95(ms)	p99(ms)	pMax(ms)
18	0.0	0.0	1096784.0	36558.5	3.75	3.474999999999999	7.0125	9.774999999999999	26.475	0.0	0.0	0.0	1096784.0	36558.5	3.75	3.474999999999999	7.0125	9.774999999999999	26.475
