concurrency	elapsed-r	errors-r	ops(total)-r	ops/sec(cum)-r	avg(ms)-r	p50(ms)-r	p95(ms)-r	p99(ms)-r	pMax(ms)-r	total-r	elapsed-w	errors-w	ops(total)-w	ops/sec(cum)-w	avg(ms)-w	p50(ms)-w	p95(ms)-w	p99(ms)-w	pMax(ms)-w	total-w	elapsed	errors	ops(total)	ops/sec(cum)	avg(ms)	p50(ms)	p95(ms)	p99(ms)	pMax(ms)
10	0.0	0.0	910562.0	30351.6	2.2125	1.7500000000000002	5.125	9.55	123.175	0.0	0.0	0.0	47970.0	1599.0	3.8999999999999995	3.025	9.6375	15.875	106.9375	0.0	0.0	0.0	958532.0	31950.6	2.3000000000000003	1.7500000000000002	5.3500000000000005	10.125	124.225
