concurrency	elapsed-r	errors-r	ops(total)-r	ops/sec(cum)-r	avg(ms)-r	p50(ms)-r	p95(ms)-r	p99(ms)-r	pMax(ms)-r	total-r	elapsed-w	errors-w	ops(total)-w	ops/sec(cum)-w	avg(ms)-w	p50(ms)-w	p95(ms)-w	p99(ms)-w	pMax(ms)-w	total-w	elapsed	errors	ops(total)	ops/sec(cum)	avg(ms)	p50(ms)	p95(ms)	p99(ms)	pMax(ms)
47	0.0	0.0	1276582.0	42551.200000000004	7.512500000000001	6.624999999999999	16.8	24.924999999999997	141.5625	0.0	0.0	0.0	67079.0	2235.9999999999995	14.075000000000001	13.162499999999998	28.050000000000004	38.225	92.52499999999998	0.0	0.0	0.0	1343661.0	44787.100000000006	7.8500000000000005	6.8999999999999995	17.9375	26.474999999999998	146.275
