concurrency	elapsed-r	errors-r	ops(total)-r	ops/sec(cum)-r	avg(ms)-r	p50(ms)-r	p95(ms)-r	p99(ms)-r	pMax(ms)-r	total-r	elapsed-w	errors-w	ops(total)-w	ops/sec(cum)-w	avg(ms)-w	p50(ms)-w	p95(ms)-w	p99(ms)-w	pMax(ms)-w	total-w	elapsed	errors	ops(total)	ops/sec(cum)	avg(ms)	p50(ms)	p95(ms)	p99(ms)	pMax(ms)
53	0.0	0.0	832448.0	27747.4	3.4	2.1	8.4	18.9	135.63333333333333	0.0	0.0	0.0	43307.0	1443.6	1.6333333333333335	0.9333333333333332	6.166666666666667	13.799999999999999	66.39999999999999	0.0	0.0	0.0	875755.0	29191.0	3.2999999999999994	1.8999999999999997	8.299999999999999	18.9	135.63333333333333
