concurrency	elapsed-r	errors-r	ops(total)-r	ops/sec(cum)-r	avg(ms)-r	p50(ms)-r	p95(ms)-r	p99(ms)-r	pMax(ms)-r	total-r	elapsed-w	errors-w	ops(total)-w	ops/sec(cum)-w	avg(ms)-w	p50(ms)-w	p95(ms)-w	p99(ms)-w	pMax(ms)-w	total-w	elapsed	errors	ops(total)	ops/sec(cum)	avg(ms)	p50(ms)	p95(ms)	p99(ms)	pMax(ms)
43	0.0	0.0	1077823.0	35926.299999999996	8.15	6.975	19.0	28.875000000000004	177.725	0.0	0.0	0.0	56711.0	1890.3	16.8625	15.325000000000001	37.0625	51.87500000000001	126.8875	0.0	0.0	0.0	1134534.0	37816.799999999996	8.575000000000001	7.1125	20.475	32.0	178.775
