concurrency	elapsed-w	errors-w	ops(total)-w	ops/sec(cum)-w	avg(ms)-w	p50(ms)-w	p95(ms)-w	p99(ms)-w	pMax(ms)-w	total-w	elapsed	errors	ops(total)	ops/sec(cum)	avg(ms)	p50(ms)	p95(ms)	p99(ms)	pMax(ms)
63	0.0	0.0	744435.0	24813.300000000003	19.7625	16.75	47.675000000000004	66.3125	293.5875	0.0	0.0	0.0	744435.0	24813.300000000003	19.7625	16.75	47.675000000000004	66.3125	293.5875
