concurrency	elapsed-r	errors-r	ops(total)-r	ops/sec(cum)-r	avg(ms)-r	p50(ms)-r	p95(ms)-r	p99(ms)-r	pMax(ms)-r	total-r	elapsed-w	errors-w	ops(total)-w	ops/sec(cum)-w	avg(ms)-w	p50(ms)-w	p95(ms)-w	p99(ms)-w	pMax(ms)-w	total-w	elapsed	errors	ops(total)	ops/sec(cum)	avg(ms)	p50(ms)	p95(ms)	p99(ms)	pMax(ms)
87	0.0	0.0	2520841.0	84024.4	2.1666666666666665	1.4666666666666668	5.533333333333334	9.433333333333334	33.56666666666667	0.0	0.0	0.0	133244.0	4441.299999999999	20.03333333333333	2.6	104.13333333333333	123.03333333333335	155.16666666666666	0.0	0.0	0.0	2654085.0	88465.7	3.033333333333333	1.4666666666666668	6.0	17.466666666666665	155.16666666666666
