concurrency	elapsed-w	errors-w	ops(total)-w	ops/sec(cum)-w	avg(ms)-w	p50(ms)-w	p95(ms)-w	p99(ms)-w	pMax(ms)-w	total-w	elapsed	errors	ops(total)	ops/sec(cum)	avg(ms)	p50(ms)	p95(ms)	p99(ms)	pMax(ms)
47	0.0	0.0	735081.0	24501.9	14.912499999999998	11.425	38.5	51.349999999999994	127.3875	0.0	0.0	0.0	735081.0	24501.9	14.912499999999998	11.425	38.5	51.349999999999994	127.3875
