concurrency	elapsed-r	errors-r	ops(total)-r	ops/sec(cum)-r	avg(ms)-r	p50(ms)-r	p95(ms)-r	p99(ms)-r	pMax(ms)-r	total-r	elapsed	errors	ops(total)	ops/sec(cum)	avg(ms)	p50(ms)	p95(ms)	p99(ms)	pMax(ms)
39	0.0	0.0	1127930.0	37596.0	8.287500000000001	7.475	17.55	26.212500000000002	70.775	0.0	0.0	0.0	1127930.0	37596.0	8.287500000000001	7.475	17.55	26.212500000000002	70.775
