concurrency	elapsed-r	errors-r	ops(total)-r	ops/sec(cum)-r	avg(ms)-r	p50(ms)-r	p95(ms)-r	p99(ms)-r	pMax(ms)-r	total-r	elapsed-w	errors-w	ops(total)-w	ops/sec(cum)-w	avg(ms)-w	p50(ms)-w	p95(ms)-w	p99(ms)-w	pMax(ms)-w	total-w	elapsed	errors	ops(total)	ops/sec(cum)	avg(ms)	p50(ms)	p95(ms)	p99(ms)	pMax(ms)
30	0.0	0.0	1803006.0	60098.7	3.3625000000000007	2.825	7.55	12.825	37.725	0.0	0.0	0.0	95284.0	3176.2	5.325	4.325	13.224999999999998	19.125	37.987500000000004	0.0	0.0	0.0	1898290.0	63274.8	3.4499999999999997	2.825	8.3125	13.45	40.337500000000006
