concurrency	elapsed-r	errors-r	ops(total)-r	ops/sec(cum)-r	avg(ms)-r	p50(ms)-r	p95(ms)-r	p99(ms)-r	pMax(ms)-r	total-r	elapsed	errors	ops(total)	ops/sec(cum)	avg(ms)	p50(ms)	p95(ms)	p99(ms)	pMax(ms)
15	0.0	0.0	1225999.0	40866.0	2.7750000000000004	2.5999999999999996	5.137499999999999	7.975	20.9875	0.0	0.0	0.0	1225999.0	40866.0	2.7750000000000004	2.5999999999999996	5.137499999999999	7.975	20.9875
