concurrency	elapsed-r	errors-r	ops(total)-r	ops/sec(cum)-r	avg(ms)-r	p50(ms)-r	p95(ms)-r	p99(ms)-r	pMax(ms)-r	total-r	elapsed-w	errors-w	ops(total)-w	ops/sec(cum)-w	avg(ms)-w	p50(ms)-w	p95(ms)-w	p99(ms)-w	pMax(ms)-w	total-w	elapsed	errors	ops(total)	ops/sec(cum)	avg(ms)	p50(ms)	p95(ms)	p99(ms)	pMax(ms)
30	0.0	0.0	1562492.0	52081.50000000001	1.8250000000000004	1.35	5.375	9.049999999999999	62.112500000000004	0.0	0.0	0.0	82306.0	2743.5	48.1875	2.45	595.5999999999999	671.1	738.1999999999999	0.0	0.0	0.0	1644798.0	54825.0	4.175	1.3625	5.6499999999999995	10.425	738.1999999999999
