concurrency	elapsed-r	errors-r	ops(total)-r	ops/sec(cum)-r	avg(ms)-r	p50(ms)-r	p95(ms)-r	p99(ms)-r	pMax(ms)-r	total-r	elapsed-w	errors-w	ops(total)-w	ops/sec(cum)-w	avg(ms)-w	p50(ms)-w	p95(ms)-w	p99(ms)-w	pMax(ms)-w	total-w	elapsed	errors	ops(total)	ops/sec(cum)	avg(ms)	p50(ms)	p95(ms)	p99(ms)	pMax(ms)
18	0.0	0.0	1343412.0	44779.700000000004	2.7375	2.7000000000000006	5.799999999999999	7.175	32.125	0.0	0.0	0.0	70314.0	2343.7999999999997	5.4	4.35	15.925	33.987500000000004	63.1625	0.0	0.0	0.0	1413726.0	47123.5	2.8625	2.8000000000000003	5.925	8.0625	63.1625
