concurrency	elapsed-r	errors-r	ops(total)-r	ops/sec(cum)-r	avg(ms)-r	p50(ms)-r	p95(ms)-r	p99(ms)-r	pMax(ms)-r	total-r	elapsed	errors	ops(total)	ops/sec(cum)	avg(ms)	p50(ms)	p95(ms)	p99(ms)	pMax(ms)
32	0.0	0.0	1067050.0	35567.6	7.137499999999999	6.3999999999999995	14.562499999999998	21.487499999999997	59.74999999999999	0.0	0.0	0.0	1067050.0	35567.6	7.137499999999999	6.3999999999999995	14.562499999999998	21.487499999999997	59.74999999999999
