concurrency	elapsed-r	errors-r	ops(total)-r	ops/sec(cum)-r	avg(ms)-r	p50(ms)-r	p95(ms)-r	p99(ms)-r	pMax(ms)-r	total-r	elapsed-w	errors-w	ops(total)-w	ops/sec(cum)-w	avg(ms)-w	p50(ms)-w	p95(ms)-w	p99(ms)-w	pMax(ms)-w	total-w	elapsed	errors	ops(total)	ops/sec(cum)	avg(ms)	p50(ms)	p95(ms)	p99(ms)	pMax(ms)
56	0.0	0.0	3927491.0	130911.4	2.04	1.7200000000000002	3.7600000000000002	10.879999999999999	44.239999999999995	0.0	0.0	0.0	206563.0	6885.1	3.9199999999999995	3.5	7.640000000000001	14.440000000000001	33.66	0.0	0.0	0.0	4134054.0	137796.6	2.1599999999999997	1.8199999999999998	4.3	11.02	44.239999999999995
