concurrency	elapsed-r	errors-r	ops(total)-r	ops/sec(cum)-r	avg(ms)-r	p50(ms)-r	p95(ms)-r	p99(ms)-r	pMax(ms)-r	total-r	elapsed-w	errors-w	ops(total)-w	ops/sec(cum)-w	avg(ms)-w	p50(ms)-w	p95(ms)-w	p99(ms)-w	pMax(ms)-w	total-w	elapsed	errors	ops(total)	ops/sec(cum)	avg(ms)	p50(ms)	p95(ms)	p99(ms)	pMax(ms)
35	0.0	0.0	1567524.0	52249.4	1.9000000000000001	1.375	5.5	9.287500000000001	49.775	0.0	0.0	0.0	81989.0	2733.0000000000005	61.324999999999996	2.575	771.8000000000001	864.0249999999999	973.1000000000001	0.0	0.0	0.0	1649513.0	54982.299999999996	4.85	1.4500000000000002	5.6875	10.75	973.1000000000001
