concurrency	elapsed-r	errors-r	ops(total)-r	ops/sec(cum)-r	avg(ms)-r	p50(ms)-r	p95(ms)-r	p99(ms)-r	pMax(ms)-r	total-r	elapsed	errors	ops(total)	ops/sec(cum)	avg(ms)	p50(ms)	p95(ms)	p99(ms)	pMax(ms)
19	0.0	0.0	1368989.0	45632.299999999996	3.1500000000000004	2.9250000000000003	5.875	9.125	22.55	0.0	0.0	0.0	1368989.0	45632.299999999996	3.1500000000000004	2.9250000000000003	5.875	9.125	22.55
