concurrency	elapsed-r	errors-r	ops(total)-r	ops/sec(cum)-r	avg(ms)-r	p50(ms)-r	p95(ms)-r	p99(ms)-r	pMax(ms)-r	total-r	elapsed-w	errors-w	ops(total)-w	ops/sec(cum)-w	avg(ms)-w	p50(ms)-w	p95(ms)-w	p99(ms)-w	pMax(ms)-w	total-w	elapsed	errors	ops(total)	ops/sec(cum)	avg(ms)	p50(ms)	p95(ms)	p99(ms)	pMax(ms)
47	0.0	0.0	1289026.0	42966.100000000006	7.475	6.65	16.4875	24.099999999999998	68.93750000000001	0.0	0.0	0.0	67827.0	2260.8999999999996	13.600000000000001	12.787499999999998	27.025	36.699999999999996	60.012499999999996	0.0	0.0	0.0	1356853.0	45226.99999999999	7.775	6.825	17.8	25.949999999999996	68.93750000000001
