ops/sec(cum)	p50(ms)	p99(ms)	read_tp	read_p50	read_p99	write_tp	write_p50	write_p99
257400.46666666667	0.2115	0.9143333333333333	246547.21666666665	0.21116666666666667	0.9143333333333333	10852.25	0.21183333333333332	0.9133333333333333
