concurrency	elapsed-r	errors-r	ops(total)-r	ops/sec(cum)-r	avg(ms)-r	p50(ms)-r	p95(ms)-r	p99(ms)-r	pMax(ms)-r	total-r	elapsed-w	errors-w	ops(total)-w	ops/sec(cum)-w	avg(ms)-w	p50(ms)-w	p95(ms)-w	p99(ms)-w	pMax(ms)-w	total-w	elapsed	errors	ops(total)	ops/sec(cum)	avg(ms)	p50(ms)	p95(ms)	p99(ms)	pMax(ms)
144	0.0	0.0	4651235.0	155030.6	4.260000000000001	3.44	9.999999999999998	18.759999999999998	243.7	0.0	0.0	0.0	244793.0	8159.2	13.319999999999999	12.139999999999999	26.98	35.12	175.92000000000002	0.0	0.0	0.0	4896028.0	163189.8	4.68	3.5400000000000005	13.62	22.56	243.9
