concurrency	elapsed-r	errors-r	ops(total)-r	ops/sec(cum)-r	avg(ms)-r	p50(ms)-r	p95(ms)-r	p99(ms)-r	pMax(ms)-r	total-r	elapsed	errors	ops(total)	ops/sec(cum)	avg(ms)	p50(ms)	p95(ms)	p99(ms)	pMax(ms)
50	0.0	0.0	1545331.0	51509.6	7.2124999999999995	6.575	15.725000000000001	23.075	60.800000000000004	0.0	0.0	0.0	1545331.0	51509.6	7.2124999999999995	6.575	15.725000000000001	23.075	60.800000000000004
