concurrency	elapsed-r	errors-r	ops(total)-r	ops/sec(cum)-r	avg(ms)-r	p50(ms)-r	p95(ms)-r	p99(ms)-r	pMax(ms)-r	total-r	elapsed-w	errors-w	ops(total)-w	ops/sec(cum)-w	avg(ms)-w	p50(ms)-w	p95(ms)-w	p99(ms)-w	pMax(ms)-w	total-w	elapsed	errors	ops(total)	ops/sec(cum)	avg(ms)	p50(ms)	p95(ms)	p99(ms)	pMax(ms)
49	0.0	0.0	1276920.0	42562.5	7.8374999999999995	7.025	17.3	25.574999999999996	109.58750000000002	0.0	0.0	0.0	67538.0	2251.2	14.650000000000002	13.687499999999998	29.125000000000004	39.800000000000004	82.3125	0.0	0.0	0.0	1344458.0	44813.5	8.200000000000001	7.1875	18.35	27.150000000000006	111.16250000000001
