concurrency	elapsed-w	errors-w	ops(total)-w	ops/sec(cum)-w	avg(ms)-w	p50(ms)-w	p95(ms)-w	p99(ms)-w	pMax(ms)-w	total-w	elapsed	errors	ops(total)	ops/sec(cum)	avg(ms)	p50(ms)	p95(ms)	p99(ms)	pMax(ms)
44	0.0	0.0	3501148.0	116702.40000000001	2.7874999999999996	2.6874999999999996	5.1875	8.6375	25.837499999999995	0.0	0.0	0.0	3501148.0	116702.40000000001	2.7874999999999996	2.6874999999999996	5.1875	8.6375	25.837499999999995
