concurrency	elapsed-r	errors-r	ops(total)-r	ops/sec(cum)-r	avg(ms)-r	p50(ms)-r	p95(ms)-r	p99(ms)-r	pMax(ms)-r	total-r	elapsed	errors	ops(total)	ops/sec(cum)	avg(ms)	p50(ms)	p95(ms)	p99(ms)	pMax(ms)
17	0.0	0.0	990452.0	33014.6	3.95	3.7124999999999995	7.225000000000001	9.8625	27.675000000000004	0.0	0.0	0.0	990452.0	33014.6	3.95	3.7124999999999995	7.225000000000001	9.8625	27.675000000000004
