concurrency	elapsed-r	errors-r	ops(total)-r	ops/sec(cum)-r	avg(ms)-r	p50(ms)-r	p95(ms)-r	p99(ms)-r	pMax(ms)-r	total-r	elapsed-w	errors-w	ops(total)-w	ops/sec(cum)-w	avg(ms)-w	p50(ms)-w	p95(ms)-w	p99(ms)-w	pMax(ms)-w	total-w	elapsed	errors	ops(total)	ops/sec(cum)	avg(ms)	p50(ms)	p95(ms)	p99(ms)	pMax(ms)
47	0.0	0.0	2034197.0	45203.6	3.4	2.1	10.0	26.639999999999997	115.78000000000002	0.0	0.0	0.0	107163.0	2381.2999999999997	6.859999999999999	4.7	24.120000000000005	43.58	81.38	0.0	0.0	0.0	2141360.0	47584.8	3.6	2.2	10.9	27.9	115.78000000000002
