concurrency	elapsed-r	errors-r	ops(total)-r	ops/sec(cum)-r	avg(ms)-r	p50(ms)-r	p95(ms)-r	p99(ms)-r	pMax(ms)-r	total-r	elapsed	errors	ops(total)	ops/sec(cum)	avg(ms)	p50(ms)	p95(ms)	p99(ms)	pMax(ms)
26	0.0	0.0	999288.0	33309.0	6.1375	5.662499999999999	12.325	16.925	43.73749999999999	0.0	0.0	0.0	999288.0	33309.0	6.1375	5.662499999999999	12.325	16.925	43.73749999999999
