concurrency	elapsed-r	errors-r	ops(total)-r	ops/sec(cum)-r	avg(ms)-r	p50(ms)-r	p95(ms)-r	p99(ms)-r	pMax(ms)-r	total-r	elapsed-w	errors-w	ops(total)-w	ops/sec(cum)-w	avg(ms)-w	p50(ms)-w	p95(ms)-w	p99(ms)-w	pMax(ms)-w	total-w	elapsed	errors	ops(total)	ops/sec(cum)	avg(ms)	p50(ms)	p95(ms)	p99(ms)	pMax(ms)
54	0.0	0.0	4419266.0	147304.6	2.375	2.175	4.550000000000001	8.4625	217.04999999999995	0.0	0.0	0.0	232501.0	7749.7	2.4625	2.1875	4.7	9.25	114.275	0.0	0.0	0.0	4651767.0	155054.6	2.375	2.175	4.550000000000001	8.4625	217.04999999999995
