concurrency	elapsed-w	errors-w	ops(total)-w	ops/sec(cum)-w	avg(ms)-w	p50(ms)-w	p95(ms)-w	p99(ms)-w	pMax(ms)-w	total-w	elapsed	errors	ops(total)	ops/sec(cum)	avg(ms)	p50(ms)	p95(ms)	p99(ms)	pMax(ms)
58	0.0	0.0	724719.0	24156.399999999998	18.7625	12.9125	51.6125	70.25	335.525	0.0	0.0	0.0	724719.0	24156.399999999998	18.7625	12.9125	51.6125	70.25	335.525
