concurrency	elapsed-r	errors-r	ops(total)-r	ops/sec(cum)-r	avg(ms)-r	p50(ms)-r	p95(ms)-r	p99(ms)-r	pMax(ms)-r	total-r	elapsed	errors	ops(total)	ops/sec(cum)	avg(ms)	p50(ms)	p95(ms)	p99(ms)	pMax(ms)
32	0.0	0.0	996959.0	33231.200000000004	7.65	6.949999999999999	15.85	22.412499999999998	54.5	0.0	0.0	0.0	996959.0	33231.200000000004	7.65	6.949999999999999	15.85	22.412499999999998	54.5
