concurrency	elapsed-r	errors-r	ops(total)-r	ops/sec(cum)-r	avg(ms)-r	p50(ms)-r	p95(ms)-r	p99(ms)-r	pMax(ms)-r	total-r	elapsed-w	errors-w	ops(total)-w	ops/sec(cum)-w	avg(ms)-w	p50(ms)-w	p95(ms)-w	p99(ms)-w	pMax(ms)-w	total-w	elapsed	errors	ops(total)	ops/sec(cum)	avg(ms)	p50(ms)	p95(ms)	p99(ms)	pMax(ms)
67	0.0	0.0	2715154.0	90502.70000000001	3.6799999999999997	3.06	8.02	17.419999999999998	50.76	0.0	0.0	0.0	142694.0	4756.299999999999	10.4	9.360000000000001	21.059999999999995	28.479999999999997	50.34	0.0	0.0	0.0	2857848.0	95259.1	4.0200000000000005	3.2600000000000002	11.02	19.28	53.7
