concurrency	elapsed-r	errors-r	ops(total)-r	ops/sec(cum)-r	avg(ms)-r	p50(ms)-r	p95(ms)-r	p99(ms)-r	pMax(ms)-r	total-r	elapsed-w	errors-w	ops(total)-w	ops/sec(cum)-w	avg(ms)-w	p50(ms)-w	p95(ms)-w	p99(ms)-w	pMax(ms)-w	total-w	elapsed	errors	ops(total)	ops/sec(cum)	avg(ms)	p50(ms)	p95(ms)	p99(ms)	pMax(ms)
3	0.0	0.0	193528.0	6450.899999999999	3.125	2.7125	6.074999999999999	7.625	13.324999999999998	0.0	0.0	0.0	10251.0	341.70000000000005	6.4750000000000005	4.825	16.25	22.55	30.5625	0.0	0.0	0.0	203779.0	6792.599999999999	3.3	2.8125	6.512499999999999	10.1	30.5625
