ops/sec(cum)	p50(ms)	p99(ms)	read_tp	read_p50	read_p99	write_tp	write_p50	write_p99
252824.51666666666	0.24457142857142858	1.020142857142857	241930.0833333333	0.24457142857142858	1.020142857142857	10893.433333333334	0.24457142857142858	1.0007142857142857
