concurrency	elapsed-r	errors-r	ops(total)-r	ops/sec(cum)-r	avg(ms)-r	p50(ms)-r	p95(ms)-r	p99(ms)-r	pMax(ms)-r	total-r	elapsed-w	errors-w	ops(total)-w	ops/sec(cum)-w	avg(ms)-w	p50(ms)-w	p95(ms)-w	p99(ms)-w	pMax(ms)-w	total-w	elapsed	errors	ops(total)	ops/sec(cum)	avg(ms)	p50(ms)	p95(ms)	p99(ms)	pMax(ms)
36	0.0	0.0	618215.0	20606.6	2.7999999999999994	1.8333333333333333	7.599999999999999	14.866666666666665	176.19999999999996	0.0	0.0	0.0	32327.0	1077.6	25.73333333333333	3.6333333333333333	162.20000000000002	190.1	220.9	0.0	0.0	0.0	650542.0	21684.1	3.966666666666667	1.9333333333333333	8.4	29.0	220.9
