concurrency	elapsed-r	errors-r	ops(total)-r	ops/sec(cum)-r	avg(ms)-r	p50(ms)-r	p95(ms)-r	p99(ms)-r	pMax(ms)-r	total-r	elapsed-w	errors-w	ops(total)-w	ops/sec(cum)-w	avg(ms)-w	p50(ms)-w	p95(ms)-w	p99(ms)-w	pMax(ms)-w	total-w	elapsed	errors	ops(total)	ops/sec(cum)	avg(ms)	p50(ms)	p95(ms)	p99(ms)	pMax(ms)
160	0.0	0.0	4522308.0	150730.6	5.159999999999999	4.180000000000001	13.4	21.82	263.4	0.0	0.0	0.0	237480.0	7915.3	15.98	14.540000000000001	32.36	44.38	258.36	0.0	0.0	0.0	4759788.0	158645.9	5.72	4.279999999999999	15.940000000000001	27.04	263.4
