ops/sec(cum)	p50(ms)	p99(ms)	read_tp	read_p50	read_p99	write_tp	write_p50	write_p99
148885.23333333334	0.4809285714285714	2.5917142857142856	142068.65	0.4857142857142857	2.5917142857142856	6815.583333333334	0.47614285714285715	2.5095714285714283
