concurrency	elapsed-r	errors-r	ops(total)-r	ops/sec(cum)-r	avg(ms)-r	p50(ms)-r	p95(ms)-r	p99(ms)-r	pMax(ms)-r	total-r	elapsed-w	errors-w	ops(total)-w	ops/sec(cum)-w	avg(ms)-w	p50(ms)-w	p95(ms)-w	p99(ms)-w	pMax(ms)-w	total-w	elapsed	errors	ops(total)	ops/sec(cum)	avg(ms)	p50(ms)	p95(ms)	p99(ms)	pMax(ms)
23	0.0	0.0	636294.0	21209.100000000002	5.8375	2.35	23.8375	88.10000000000001	188.7375	0.0	0.0	0.0	33647.0	1121.6	48.9125	41.375	68.9375	168.82500000000002	1769.9624999999999	0.0	0.0	0.0	669941.0	22330.7	8.0	2.45	44.0	89.67499999999998	1769.9624999999999
