concurrency	elapsed-r	errors-r	ops(total)-r	ops/sec(cum)-r	avg(ms)-r	p50(ms)-r	p95(ms)-r	p99(ms)-r	pMax(ms)-r	total-r	elapsed-w	errors-w	ops(total)-w	ops/sec(cum)-w	avg(ms)-w	p50(ms)-w	p95(ms)-w	p99(ms)-w	pMax(ms)-w	total-w	elapsed	errors	ops(total)	ops/sec(cum)	avg(ms)	p50(ms)	p95(ms)	p99(ms)	pMax(ms)
48	0.0	0.0	2131379.0	71044.4	2.3499999999999996	1.7000000000000002	6.025	9.525	29.599999999999998	0.0	0.0	0.0	111493.0	3716.4	25.65	3.1000000000000005	137.34999999999997	156.375	187.825	0.0	0.0	0.0	2242872.0	74760.59999999999	3.5	1.7750000000000001	6.574999999999999	14.975000000000001	187.825
