concurrency	elapsed-r	errors-r	ops(total)-r	ops/sec(cum)-r	avg(ms)-r	p50(ms)-r	p95(ms)-r	p99(ms)-r	pMax(ms)-r	total-r	elapsed	errors	ops(total)	ops/sec(cum)	avg(ms)	p50(ms)	p95(ms)	p99(ms)	pMax(ms)
45	0.0	0.0	1094328.0	36476.5	10.024999999999999	8.9875	21.65	32.5	84.94999999999999	0.0	0.0	0.0	1094328.0	36476.5	10.024999999999999	8.9875	21.65	32.5	84.94999999999999
