concurrency	elapsed-r	errors-r	ops(total)-r	ops/sec(cum)-r	avg(ms)-r	p50(ms)-r	p95(ms)-r	p99(ms)-r	pMax(ms)-r	total-r	elapsed-w	errors-w	ops(total)-w	ops/sec(cum)-w	avg(ms)-w	p50(ms)-w	p95(ms)-w	p99(ms)-w	pMax(ms)-w	total-w	elapsed	errors	ops(total)	ops/sec(cum)	avg(ms)	p50(ms)	p95(ms)	p99(ms)	pMax(ms)
128	0.0	0.0	2680290.0	89337.6	7.7	5.9799999999999995	20.759999999999998	31.639999999999997	404.32	0.0	0.0	0.0	141160.0	4705.0	20.98	19.28	44.04	58.3	323.82	0.0	0.0	0.0	2821450.0	94042.70000000001	8.4	6.340000000000001	24.160000000000004	36.260000000000005	404.32
