concurrency	elapsed-r	errors-r	ops(total)-r	ops/sec(cum)-r	avg(ms)-r	p50(ms)-r	p95(ms)-r	p99(ms)-r	pMax(ms)-r	total-r	elapsed-w	errors-w	ops(total)-w	ops/sec(cum)-w	avg(ms)-w	p50(ms)-w	p95(ms)-w	p99(ms)-w	pMax(ms)-w	total-w	elapsed	errors	ops(total)	ops/sec(cum)	avg(ms)	p50(ms)	p95(ms)	p99(ms)	pMax(ms)
64	0.0	0.0	2707788.0	90256.7	3.5199999999999996	2.64	9.719999999999999	17.82	114.05999999999999	0.0	0.0	0.0	142277.0	4742.4	9.120000000000001	7.76	20.76	28.919999999999995	142.18	0.0	0.0	0.0	2850065.0	94999.2	3.8	2.7800000000000002	11.680000000000001	19.48	143.42
