concurrency	elapsed-r	errors-r	ops(total)-r	ops/sec(cum)-r	avg(ms)-r	p50(ms)-r	p95(ms)-r	p99(ms)-r	pMax(ms)-r	total-r	elapsed-w	errors-w	ops(total)-w	ops/sec(cum)-w	avg(ms)-w	p50(ms)-w	p95(ms)-w	p99(ms)-w	pMax(ms)-w	total-w	elapsed	errors	ops(total)	ops/sec(cum)	avg(ms)	p50(ms)	p95(ms)	p99(ms)	pMax(ms)
40	0.0	0.0	1866398.0	62211.4	3.5125	2.8000000000000003	9.275	15.725000000000001	53.975	0.0	0.0	0.0	98021.0	3267.4	23.9875	5.3875	18.35	759.1999999999999	918.5625	0.0	0.0	0.0	1964419.0	65478.59999999999	4.5375000000000005	2.9000000000000004	9.85	16.975	918.5625
