concurrency	elapsed-r	errors-r	ops(total)-r	ops/sec(cum)-r	avg(ms)-r	p50(ms)-r	p95(ms)-r	p99(ms)-r	pMax(ms)-r	total-r	elapsed-w	errors-w	ops(total)-w	ops/sec(cum)-w	avg(ms)-w	p50(ms)-w	p95(ms)-w	p99(ms)-w	pMax(ms)-w	total-w	elapsed	errors	ops(total)	ops/sec(cum)	avg(ms)	p50(ms)	p95(ms)	p99(ms)	pMax(ms)
39	0.0	0.0	557531.0	18583.7	10.5	2.7749999999999995	66.8375	158.35000000000002	402.65	0.0	0.0	0.0	29344.0	978.2	109.08749999999999	66.8375	148.375	1218.45	7616.849999999999	0.0	0.0	0.0	586875.0	19561.8	15.412500000000001	2.8625	80.22500000000001	166.75	7616.849999999999
