concurrency	elapsed-w	errors-w	ops(total)-w	ops/sec(cum)-w	avg(ms)-w	p50(ms)-w	p95(ms)-w	p99(ms)-w	pMax(ms)-w	total-w	elapsed	errors	ops(total)	ops/sec(cum)	avg(ms)	p50(ms)	p95(ms)	p99(ms)	pMax(ms)
24	0.0	0.0	3555682.0	118521.40000000001	1.4625000000000001	1.2625000000000002	3.6249999999999996	4.6875	25.175000000000004	0.0	0.0	0.0	3555682.0	118521.40000000001	1.4625000000000001	1.2625000000000002	3.6249999999999996	4.6875	25.175000000000004
