concurrency	elapsed-r	errors-r	ops(total)-r	ops/sec(cum)-r	avg(ms)-r	p50(ms)-r	p95(ms)-r	p99(ms)-r	pMax(ms)-r	total-r	elapsed-w	errors-w	ops(total)-w	ops/sec(cum)-w	avg(ms)-w	p50(ms)-w	p95(ms)-w	p99(ms)-w	pMax(ms)-w	total-w	elapsed	errors	ops(total)	ops/sec(cum)	avg(ms)	p50(ms)	p95(ms)	p99(ms)	pMax(ms)
25	0.0	0.0	1046939.0	34897.1	5.25	5.275	9.55	10.8125	51.349999999999994	0.0	0.0	0.0	55284.0	1842.8000000000002	5.7250000000000005	5.425000000000001	10.0	12.212499999999999	139.975	0.0	0.0	0.0	1102223.0	36739.700000000004	5.275	5.275	9.55	11.0	139.975
