concurrency	elapsed-r	errors-r	ops(total)-r	ops/sec(cum)-r	avg(ms)-r	p50(ms)-r	p95(ms)-r	p99(ms)-r	pMax(ms)-r	total-r	elapsed	errors	ops(total)	ops/sec(cum)	avg(ms)	p50(ms)	p95(ms)	p99(ms)	pMax(ms)
32	0.0	0.0	1126774.0	37558.5	6.7375	6.0375	13.674999999999999	20.2	50.0375	0.0	0.0	0.0	1126774.0	37558.5	6.7375	6.0375	13.674999999999999	20.2	50.0375
