concurrency	elapsed-r	errors-r	ops(total)-r	ops/sec(cum)-r	avg(ms)-r	p50(ms)-r	p95(ms)-r	p99(ms)-r	pMax(ms)-r	total-r	elapsed-w	errors-w	ops(total)-w	ops/sec(cum)-w	avg(ms)-w	p50(ms)-w	p95(ms)-w	p99(ms)-w	pMax(ms)-w	total-w	elapsed	errors	ops(total)	ops/sec(cum)	avg(ms)	p50(ms)	p95(ms)	p99(ms)	pMax(ms)
45	0.0	0.0	1268639.0	42286.5	7.199999999999999	6.1499999999999995	16.925	26.474999999999998	296.725	0.0	0.0	0.0	66782.0	2226.1	14.774999999999999	11.8625	29.925	93.875	331.325	0.0	0.0	0.0	1335421.0	44512.600000000006	7.5875	6.35	18.075	28.450000000000003	331.325
