concurrency	elapsed-w	errors-w	ops(total)-w	ops/sec(cum)-w	avg(ms)-w	p50(ms)-w	p95(ms)-w	p99(ms)-w	pMax(ms)-w	total-w	elapsed	errors	ops(total)	ops/sec(cum)	avg(ms)	p50(ms)	p95(ms)	p99(ms)	pMax(ms)
55	0.0	0.0	753153.0	25104.2	17.0	14.424999999999999	40.85	55.81250000000001	202.36249999999998	0.0	0.0	0.0	753153.0	25104.2	17.0	14.424999999999999	40.85	55.81250000000001	202.36249999999998
