concurrency	elapsed-r	errors-r	ops(total)-r	ops/sec(cum)-r	avg(ms)-r	p50(ms)-r	p95(ms)-r	p99(ms)-r	pMax(ms)-r	total-r	elapsed-w	errors-w	ops(total)-w	ops/sec(cum)-w	avg(ms)-w	p50(ms)-w	p95(ms)-w	p99(ms)-w	pMax(ms)-w	total-w	elapsed	errors	ops(total)	ops/sec(cum)	avg(ms)	p50(ms)	p95(ms)	p99(ms)	pMax(ms)
39	0.0	0.0	4565801.0	152190.1	1.6375000000000002	1.4625	2.825	5.012499999999999	213.89999999999998	0.0	0.0	0.0	239922.0	7997.200000000001	1.7250000000000003	1.4625	3.0624999999999996	6.55	146.01250000000002	0.0	0.0	0.0	4805723.0	160187.1	1.6375000000000002	1.4625	2.8500000000000005	5.1625	214.95
