concurrency	elapsed-r	errors-r	ops(total)-r	ops/sec(cum)-r	avg(ms)-r	p50(ms)-r	p95(ms)-r	p99(ms)-r	pMax(ms)-r	total-r	elapsed-w	errors-w	ops(total)-w	ops/sec(cum)-w	avg(ms)-w	p50(ms)-w	p95(ms)-w	p99(ms)-w	pMax(ms)-w	total-w	elapsed	errors	ops(total)	ops/sec(cum)	avg(ms)	p50(ms)	p95(ms)	p99(ms)	pMax(ms)
24	0.0	0.0	862758.0	28758.2	1.8999999999999997	1.7666666666666666	2.733333333333333	7.099999999999999	75.5	0.0	0.0	0.0	45273.0	1509.1000000000001	1.0	0.8666666666666667	2.1666666666666665	4.366666666666666	32.9	0.0	0.0	0.0	908031.0	30267.300000000003	1.8	1.6000000000000003	2.6666666666666665	7.099999999999999	75.5
