concurrency	elapsed-r	errors-r	ops(total)-r	ops/sec(cum)-r	avg(ms)-r	p50(ms)-r	p95(ms)-r	p99(ms)-r	pMax(ms)-r	total-r	elapsed	errors	ops(total)	ops/sec(cum)	avg(ms)	p50(ms)	p95(ms)	p99(ms)	pMax(ms)
47	0.0	0.0	964202.0	32139.1	11.875	10.487499999999999	25.700000000000003	36.925	88.62499999999999	0.0	0.0	0.0	964202.0	32139.1	11.875	10.487499999999999	25.700000000000003	36.925	88.62499999999999
