ops/sec(cum)	p50(ms)	p99(ms)	read_tp	read_p50	read_p99	write_tp	write_p50	write_p99
189555.45	0.169	0.5965	181045.11666666664	0.16833333333333333	0.5965	8509.333333333334	0.1696666666666667	0.5993333333333333
