concurrency	elapsed-r	errors-r	ops(total)-r	ops/sec(cum)-r	avg(ms)-r	p50(ms)-r	p95(ms)-r	p99(ms)-r	pMax(ms)-r	total-r	elapsed-w	errors-w	ops(total)-w	ops/sec(cum)-w	avg(ms)-w	p50(ms)-w	p95(ms)-w	p99(ms)-w	pMax(ms)-w	total-w	elapsed	errors	ops(total)	ops/sec(cum)	avg(ms)	p50(ms)	p95(ms)	p99(ms)	pMax(ms)
48	0.0	0.0	3339803.0	111322.90000000001	2.9125	2.6875	4.925000000000001	9.575	37.325	0.0	0.0	0.0	175648.0	5854.7	3.125	2.8375000000000004	5.575	10.45	35.37499999999999	0.0	0.0	0.0	3515451.0	117177.6	2.9125	2.6999999999999997	4.975	9.7	37.325
