concurrency	elapsed-r	errors-r	ops(total)-r	ops/sec(cum)-r	avg(ms)-r	p50(ms)-r	p95(ms)-r	p99(ms)-r	pMax(ms)-r	total-r	elapsed	errors	ops(total)	ops/sec(cum)	avg(ms)	p50(ms)	p95(ms)	p99(ms)	pMax(ms)
19	0.0	0.0	1114474.0	37148.5	3.9000000000000004	3.675	7.250000000000001	10.175	27.412500000000005	0.0	0.0	0.0	1114474.0	37148.5	3.9000000000000004	3.675	7.250000000000001	10.175	27.412500000000005
