concurrency	elapsed-r	errors-r	ops(total)-r	ops/sec(cum)-r	avg(ms)-r	p50(ms)-r	p95(ms)-r	p99(ms)-r	pMax(ms)-r	total-r	elapsed-w	errors-w	ops(total)-w	ops/sec(cum)-w	avg(ms)-w	p50(ms)-w	p95(ms)-w	p99(ms)-w	pMax(ms)-w	total-w	elapsed	errors	ops(total)	ops/sec(cum)	avg(ms)	p50(ms)	p95(ms)	p99(ms)	pMax(ms)
23	0.0	0.0	1677947.0	55930.50000000001	2.7625	2.3874999999999997	5.8999999999999995	10.6	130.16250000000002	0.0	0.0	0.0	88718.0	2957.2	4.3625	3.125	11.2	16.7125	31.987499999999997	0.0	0.0	0.0	1766665.0	58887.8	2.8375000000000004	2.3874999999999997	6.3999999999999995	11.2	130.16250000000002
