concurrency	elapsed-w	errors-w	ops(total)-w	ops/sec(cum)-w	avg(ms)-w	p50(ms)-w	p95(ms)-w	p99(ms)-w	pMax(ms)-w	total-w	elapsed	errors	ops(total)	ops/sec(cum)	avg(ms)	p50(ms)	p95(ms)	p99(ms)	pMax(ms)
48	0.0	0.0	4985233.0	166171.1	1.9249999999999998	1.7750000000000001	3.475	5.637499999999999	186.65	0.0	0.0	0.0	4985233.0	166171.1	1.9249999999999998	1.7750000000000001	3.475	5.637499999999999	186.65
