concurrency	elapsed-r	errors-r	ops(total)-r	ops/sec(cum)-r	avg(ms)-r	p50(ms)-r	p95(ms)-r	p99(ms)-r	pMax(ms)-r	total-r	elapsed	errors	ops(total)	ops/sec(cum)	avg(ms)	p50(ms)	p95(ms)	p99(ms)	pMax(ms)
6	0.0	0.0	918954.0	30631.6	1.375	1.3	1.9124999999999999	3.1375	12.799999999999997	0.0	0.0	0.0	918954.0	30631.6	1.375	1.3	1.9124999999999999	3.1375	12.799999999999997
