concurrency	elapsed-r	errors-r	ops(total)-r	ops/sec(cum)-r	avg(ms)-r	p50(ms)-r	p95(ms)-r	p99(ms)-r	pMax(ms)-r	total-r	elapsed-w	errors-w	ops(total)-w	ops/sec(cum)-w	avg(ms)-w	p50(ms)-w	p95(ms)-w	p99(ms)-w	pMax(ms)-w	total-w	elapsed	errors	ops(total)	ops/sec(cum)	avg(ms)	p50(ms)	p95(ms)	p99(ms)	pMax(ms)
24	0.0	0.0	1880567.0	62684.4	2.525	2.1999999999999997	5.8125	10.125	43.8875	0.0	0.0	0.0	98958.0	3298.6000000000004	4.525	4.1499999999999995	10.25	14.887500000000001	43.762499999999996	0.0	0.0	0.0	1979525.0	65982.90000000001	2.6250000000000004	2.1999999999999997	6.15	10.625	47.56249999999999
