concurrency	elapsed-w	errors-w	ops(total)-w	ops/sec(cum)-w	avg(ms)-w	p50(ms)-w	p95(ms)-w	p99(ms)-w	pMax(ms)-w	total-w	elapsed	errors	ops(total)	ops/sec(cum)	avg(ms)	p50(ms)	p95(ms)	p99(ms)	pMax(ms)
56	0.0	0.0	746663.0	24887.800000000003	17.487499999999997	14.850000000000001	41.637499999999996	57.650000000000006	455.0875	0.0	0.0	0.0	746663.0	24887.800000000003	17.487499999999997	14.850000000000001	41.637499999999996	57.650000000000006	455.0875
