concurrency	elapsed-w	errors-w	ops(total)-w	ops/sec(cum)-w	avg(ms)-w	p50(ms)-w	p95(ms)-w	p99(ms)-w	pMax(ms)-w	total-w	elapsed	errors	ops(total)	ops/sec(cum)	avg(ms)	p50(ms)	p95(ms)	p99(ms)	pMax(ms)
48	0.0	0.0	666543.0	22217.499999999996	16.512500000000003	4.975	16.224999999999998	33.0625	2818.5999999999995	0.0	0.0	0.0	666543.0	22217.499999999996	16.512500000000003	4.975	16.224999999999998	33.0625	2818.5999999999995
