ops/sec(cum)	p50(ms)	p99(ms)	read_tp	read_p50	read_p99	write_tp	write_p50	write_p99
164043.20000000004	0.36857142857142855	3.209285714285714	156211.6666666667	0.3712857142857143	3.209285714285714	7830.533333333333	0.3658571428571428	3.025571428571429
