concurrency	elapsed-r	errors-r	ops(total)-r	ops/sec(cum)-r	avg(ms)-r	p50(ms)-r	p95(ms)-r	p99(ms)-r	pMax(ms)-r	total-r	elapsed	errors	ops(total)	ops/sec(cum)	avg(ms)	p50(ms)	p95(ms)	p99(ms)	pMax(ms)
40	0.0	0.0	1346901.0	44895.6	7.0625	6.225	15.124999999999998	23.4875	56.074999999999996	0.0	0.0	0.0	1346901.0	44895.6	7.0625	6.225	15.124999999999998	23.4875	56.074999999999996
