concurrency	elapsed-r	errors-r	ops(total)-r	ops/sec(cum)-r	avg(ms)-r	p50(ms)-r	p95(ms)-r	p99(ms)-r	pMax(ms)-r	total-r	elapsed-w	errors-w	ops(total)-w	ops/sec(cum)-w	avg(ms)-w	p50(ms)-w	p95(ms)-w	p99(ms)-w	pMax(ms)-w	total-w	elapsed	errors	ops(total)	ops/sec(cum)	avg(ms)	p50(ms)	p95(ms)	p99(ms)	pMax(ms)
62	0.0	0.0	1945452.0	64845.59999999999	6.3875	5.562500000000001	15.3375	23.737499999999997	75.2375	0.0	0.0	0.0	102216.0	3406.9999999999995	11.975000000000001	11.1875	26.75	37.2125	69.725	0.0	0.0	0.0	2047668.0	68252.6	6.6625	5.625	16.525	25.699999999999996	77.07499999999999
