concurrency	elapsed-w	errors-w	ops(total)-w	ops/sec(cum)-w	avg(ms)-w	p50(ms)-w	p95(ms)-w	p99(ms)-w	pMax(ms)-w	total-w	elapsed	errors	ops(total)	ops/sec(cum)	avg(ms)	p50(ms)	p95(ms)	p99(ms)	pMax(ms)
24	0.0	0.0	4954049.0	165133.1	0.9375000000000001	0.925	1.6500000000000001	2.3	209.70000000000002	0.0	0.0	0.0	4954049.0	165133.1	0.9375000000000001	0.925	1.6500000000000001	2.3	209.70000000000002
