concurrency	elapsed-w	errors-w	ops(total)-w	ops/sec(cum)-w	avg(ms)-w	p50(ms)-w	p95(ms)-w	p99(ms)-w	pMax(ms)-w	total-w	elapsed	errors	ops(total)	ops/sec(cum)	avg(ms)	p50(ms)	p95(ms)	p99(ms)	pMax(ms)
42	0.0	0.0	4976952.0	165895.0	1.6625	1.5499999999999998	3.0375	4.65	191.87499999999997	0.0	0.0	0.0	4976952.0	165895.0	1.6625	1.5499999999999998	3.0375	4.65	191.87499999999997
