concurrency	elapsed-r	errors-r	ops(total)-r	ops/sec(cum)-r	avg(ms)-r	p50(ms)-r	p95(ms)-r	p99(ms)-r	pMax(ms)-r	total-r	elapsed-w	errors-w	ops(total)-w	ops/sec(cum)-w	avg(ms)-w	p50(ms)-w	p95(ms)-w	p99(ms)-w	pMax(ms)-w	total-w	elapsed	errors	ops(total)	ops/sec(cum)	avg(ms)	p50(ms)	p95(ms)	p99(ms)	pMax(ms)
15	0.0	0.0	1406759.0	46891.1	1.6249999999999998	1.2249999999999999	4.375	6.6	27.650000000000002	0.0	0.0	0.0	73506.0	2450.3	14.1	2.1874999999999996	104.89999999999999	121.60000000000001	145.75	0.0	0.0	0.0	1480265.0	49341.200000000004	2.25	1.2499999999999998	4.575	8.5875	145.75
