concurrency	elapsed-r	errors-r	ops(total)-r	ops/sec(cum)-r	avg(ms)-r	p50(ms)-r	p95(ms)-r	p99(ms)-r	pMax(ms)-r	total-r	elapsed-w	errors-w	ops(total)-w	ops/sec(cum)-w	avg(ms)-w	p50(ms)-w	p95(ms)-w	p99(ms)-w	pMax(ms)-w	total-w	elapsed	errors	ops(total)	ops/sec(cum)	avg(ms)	p50(ms)	p95(ms)	p99(ms)	pMax(ms)
16	0.0	0.0	680921.0	22697.1	1.6000000000000003	1.3999999999999997	2.2	9.233333333333334	33.23333333333334	0.0	0.0	0.0	35762.0	1192.1	1.2	0.8666666666666667	2.0	4.5	25.5	0.0	0.0	0.0	716683.0	23889.1	1.6000000000000003	1.3999999999999997	2.2	9.066666666666668	33.23333333333334
