concurrency	elapsed-r	errors-r	ops(total)-r	ops/sec(cum)-r	avg(ms)-r	p50(ms)-r	p95(ms)-r	p99(ms)-r	pMax(ms)-r	total-r	elapsed-w	errors-w	ops(total)-w	ops/sec(cum)-w	avg(ms)-w	p50(ms)-w	p95(ms)-w	p99(ms)-w	pMax(ms)-w	total-w	elapsed	errors	ops(total)	ops/sec(cum)	avg(ms)	p50(ms)	p95(ms)	p99(ms)	pMax(ms)
39	0.0	0.0	1249259.0	41640.7	6.362500000000001	5.625	14.450000000000001	22.025	69.2	0.0	0.0	0.0	65468.0	2182.3999999999996	12.112499999999999	11.15	24.924999999999997	35.425	69.725	0.0	0.0	0.0	1314727.0	43822.899999999994	6.6625	5.7	15.475000000000001	23.724999999999998	76.02499999999999
