concurrency	elapsed-r	errors-r	ops(total)-r	ops/sec(cum)-r	avg(ms)-r	p50(ms)-r	p95(ms)-r	p99(ms)-r	pMax(ms)-r	total-r	elapsed-w	errors-w	ops(total)-w	ops/sec(cum)-w	avg(ms)-w	p50(ms)-w	p95(ms)-w	p99(ms)-w	pMax(ms)-w	total-w	elapsed	errors	ops(total)	ops/sec(cum)	avg(ms)	p50(ms)	p95(ms)	p99(ms)	pMax(ms)
22	0.0	0.0	1073946.0	35797.7	4.475	4.4625	7.949999999999999	9.4	30.2875	0.0	0.0	0.0	56482.0	1882.7	4.612500000000001	4.525	7.949999999999999	9.7625	56.7375	0.0	0.0	0.0	1130428.0	37680.299999999996	4.475	4.4625	7.949999999999999	9.4	57.0
