concurrency	elapsed-r	errors-r	ops(total)-r	ops/sec(cum)-r	avg(ms)-r	p50(ms)-r	p95(ms)-r	p99(ms)-r	pMax(ms)-r	total-r	elapsed-w	errors-w	ops(total)-w	ops/sec(cum)-w	avg(ms)-w	p50(ms)-w	p95(ms)-w	p99(ms)-w	pMax(ms)-w	total-w	elapsed	errors	ops(total)	ops/sec(cum)	avg(ms)	p50(ms)	p95(ms)	p99(ms)	pMax(ms)
63	0.0	0.0	1945921.0	64861.299999999996	6.4624999999999995	5.625	15.5375	23.599999999999998	150.475	0.0	0.0	0.0	102440.0	3414.5999999999995	12.175	11.337499999999999	27.162500000000005	37.9625	90.175	0.0	0.0	0.0	2048361.0	68275.9	6.75	5.85	16.724999999999998	25.424999999999997	154.13750000000002
