concurrency	elapsed-r	errors-r	ops(total)-r	ops/sec(cum)-r	avg(ms)-r	p50(ms)-r	p95(ms)-r	p99(ms)-r	pMax(ms)-r	total-r	elapsed-w	errors-w	ops(total)-w	ops/sec(cum)-w	avg(ms)-w	p50(ms)-w	p95(ms)-w	p99(ms)-w	pMax(ms)-w	total-w	elapsed	errors	ops(total)	ops/sec(cum)	avg(ms)	p50(ms)	p95(ms)	p99(ms)	pMax(ms)
160	0.0	0.0	4604445.0	153465.8	5.340000000000001	4.38	13.38	22.16	233.82	0.0	0.0	0.0	242696.0	8088.9	13.74	12.5	29.079999999999995	39.31999999999999	211.4	0.0	0.0	0.0	4847141.0	161555.0	5.739999999999999	4.46	15.36	25.259999999999998	240.54000000000002
