concurrency	elapsed-r	errors-r	ops(total)-r	ops/sec(cum)-r	avg(ms)-r	p50(ms)-r	p95(ms)-r	p99(ms)-r	pMax(ms)-r	total-r	elapsed-w	errors-w	ops(total)-w	ops/sec(cum)-w	avg(ms)-w	p50(ms)-w	p95(ms)-w	p99(ms)-w	pMax(ms)-w	total-w	elapsed	errors	ops(total)	ops/sec(cum)	avg(ms)	p50(ms)	p95(ms)	p99(ms)	pMax(ms)
51	0.0	0.0	2580631.0	86018.4	3.9750000000000005	3.4749999999999996	8.25	13.174999999999999	56.075	0.0	0.0	0.0	135823.0	4527.400000000001	4.6875	3.625	12.2	18.475	42.175	0.0	0.0	0.0	2716454.0	90545.7	4.0	3.4749999999999996	8.575	13.7125	56.075
