concurrency	elapsed-r	errors-r	ops(total)-r	ops/sec(cum)-r	avg(ms)-r	p50(ms)-r	p95(ms)-r	p99(ms)-r	pMax(ms)-r	total-r	elapsed-w	errors-w	ops(total)-w	ops/sec(cum)-w	avg(ms)-w	p50(ms)-w	p95(ms)-w	p99(ms)-w	pMax(ms)-w	total-w	elapsed	errors	ops(total)	ops/sec(cum)	avg(ms)	p50(ms)	p95(ms)	p99(ms)	pMax(ms)
99	0.0	0.0	854441.0	28479.7	7.599999999999999	6.0	19.9	31.5	397.09999999999997	0.0	0.0	0.0	44881.0	1495.9	24.066666666666666	22.0	48.20000000000001	62.9	346.7333333333333	0.0	0.0	0.0	899322.0	29975.6	8.466666666666667	6.3	24.100000000000005	39.8	397.09999999999997
