concurrency	elapsed-w	errors-w	ops(total)-w	ops/sec(cum)-w	avg(ms)-w	p50(ms)-w	p95(ms)-w	p99(ms)-w	pMax(ms)-w	total-w	elapsed	errors	ops(total)	ops/sec(cum)	avg(ms)	p50(ms)	p95(ms)	p99(ms)	pMax(ms)
46	0.0	0.0	3489566.0	116315.3	2.9375	2.7749999999999995	6.0375	8.8375	30.8	0.0	0.0	0.0	3489566.0	116315.3	2.9375	2.7749999999999995	6.0375	8.8375	30.8
