concurrency	elapsed-r	errors-r	ops(total)-r	ops/sec(cum)-r	avg(ms)-r	p50(ms)-r	p95(ms)-r	p99(ms)-r	pMax(ms)-r	total-r	elapsed	errors	ops(total)	ops/sec(cum)	avg(ms)	p50(ms)	p95(ms)	p99(ms)	pMax(ms)
40	0.0	0.0	1535634.0	51186.299999999996	5.8125	5.325	12.724999999999998	18.875	106.69999999999999	0.0	0.0	0.0	1535634.0	51186.299999999996	5.8125	5.325	12.724999999999998	18.875	106.69999999999999
