concurrency	elapsed-r	errors-r	ops(total)-r	ops/sec(cum)-r	avg(ms)-r	p50(ms)-r	p95(ms)-r	p99(ms)-r	pMax(ms)-r	total-r	elapsed	errors	ops(total)	ops/sec(cum)	avg(ms)	p50(ms)	p95(ms)	p99(ms)	pMax(ms)
24	0.0	0.0	1363008.0	45432.899999999994	4.0625	3.7499999999999996	7.85	11.549999999999999	28.725000000000005	0.0	0.0	0.0	1363008.0	45432.899999999994	4.0625	3.7499999999999996	7.85	11.549999999999999	28.725000000000005
