concurrency	elapsed-r	errors-r	ops(total)-r	ops/sec(cum)-r	avg(ms)-r	p50(ms)-r	p95(ms)-r	p99(ms)-r	pMax(ms)-r	total-r	elapsed-w	errors-w	ops(total)-w	ops/sec(cum)-w	avg(ms)-w	p50(ms)-w	p95(ms)-w	p99(ms)-w	pMax(ms)-w	total-w	elapsed	errors	ops(total)	ops/sec(cum)	avg(ms)	p50(ms)	p95(ms)	p99(ms)	pMax(ms)
39	0.0	0.0	2574629.0	85818.7	3.0624999999999996	2.7	6.125000000000001	10.35	36.0375	0.0	0.0	0.0	135592.0	4519.5	3.5999999999999996	2.8000000000000003	9.5	14.3	29.375	0.0	0.0	0.0	2710221.0	90338.2	3.0749999999999997	2.7	6.35	10.6625	36.6875
