concurrency	elapsed-r	errors-r	ops(total)-r	ops/sec(cum)-r	avg(ms)-r	p50(ms)-r	p95(ms)-r	p99(ms)-r	pMax(ms)-r	total-r	elapsed-w	errors-w	ops(total)-w	ops/sec(cum)-w	avg(ms)-w	p50(ms)-w	p95(ms)-w	p99(ms)-w	pMax(ms)-w	total-w	elapsed	errors	ops(total)	ops/sec(cum)	avg(ms)	p50(ms)	p95(ms)	p99(ms)	pMax(ms)
160	0.0	0.0	3619317.0	120636.49999999999	5.7749999999999995	4.75	14.725000000000001	24.65	336.625	0.0	0.0	0.0	189857.0	6328.200000000001	18.099999999999998	16.55	36.175	47.599999999999994	241.2	0.0	0.0	0.0	3809174.0	126964.7	6.375	4.875	17.575	30.125	336.625
