concurrency	elapsed-r	errors-r	ops(total)-r	ops/sec(cum)-r	avg(ms)-r	p50(ms)-r	p95(ms)-r	p99(ms)-r	pMax(ms)-r	total-r	elapsed-w	errors-w	ops(total)-w	ops/sec(cum)-w	avg(ms)-w	p50(ms)-w	p95(ms)-w	p99(ms)-w	pMax(ms)-w	total-w	elapsed	errors	ops(total)	ops/sec(cum)	avg(ms)	p50(ms)	p95(ms)	p99(ms)	pMax(ms)
23	0.0	0.0	3276606.0	109218.5	1.3875	1.3	2.325	4.9125	141.6875	0.0	0.0	0.0	172207.0	5740.2	1.375	1.2875	2.2375000000000003	4.762499999999999	20.187500000000004	0.0	0.0	0.0	3448813.0	114958.50000000001	1.3875	1.3	2.325	4.8875	141.6875
