concurrency	elapsed-r	errors-r	ops(total)-r	ops/sec(cum)-r	avg(ms)-r	p50(ms)-r	p95(ms)-r	p99(ms)-r	pMax(ms)-r	total-r	elapsed-w	errors-w	ops(total)-w	ops/sec(cum)-w	avg(ms)-w	p50(ms)-w	p95(ms)-w	p99(ms)-w	pMax(ms)-w	total-w	elapsed	errors	ops(total)	ops/sec(cum)	avg(ms)	p50(ms)	p95(ms)	p99(ms)	pMax(ms)
32	0.0	0.0	2475228.0	55004.3	2.0	1.5	5.0	14.2	77.58	0.0	0.0	0.0	129724.0	2882.6000000000004	3.7199999999999998	2.9	10.5	22.659999999999997	61.220000000000006	0.0	0.0	0.0	2604952.0	57887.0	2.0599999999999996	1.5599999999999998	5.2	14.7	80.52000000000001
