concurrency	elapsed-w	errors-w	ops(total)-w	ops/sec(cum)-w	avg(ms)-w	p50(ms)-w	p95(ms)-w	p99(ms)-w	pMax(ms)-w	total-w	elapsed	errors	ops(total)	ops/sec(cum)	avg(ms)	p50(ms)	p95(ms)	p99(ms)	pMax(ms)
56	0.0	0.0	3694683.0	123153.09999999999	3.3500000000000005	3.1874999999999996	5.525	9.9125	34.225	0.0	0.0	0.0	3694683.0	123153.09999999999	3.3500000000000005	3.1874999999999996	5.525	9.9125	34.225
