ops/sec(cum)	p50(ms)	p99(ms)	read_tp	read_p50	read_p99	write_tp	write_p50	write_p99
315551.3666666667	0.20785714285714285	0.8612857142857143	301846.63333333336	0.2077142857142857	0.8612857142857143	13703.733333333334	0.20800000000000002	0.8631428571428572
