concurrency	elapsed-r	errors-r	ops(total)-r	ops/sec(cum)-r	avg(ms)-r	p50(ms)-r	p95(ms)-r	p99(ms)-r	pMax(ms)-r	total-r	elapsed-w	errors-w	ops(total)-w	ops/sec(cum)-w	avg(ms)-w	p50(ms)-w	p95(ms)-w	p99(ms)-w	pMax(ms)-w	total-w	elapsed	errors	ops(total)	ops/sec(cum)	avg(ms)	p50(ms)	p95(ms)	p99(ms)	pMax(ms)
51	0.0	0.0	2529419.0	56208.399999999994	2.9400000000000004	1.9600000000000002	9.4	22.0	77.6	0.0	0.0	0.0	133574.0	2968.3999999999996	5.78	4.1	19.7	34.86	67.94	0.0	0.0	0.0	2662993.0	59176.399999999994	3.1	2.0	10.0	23.1	78.85999999999999
