concurrency	elapsed-r	errors-r	ops(total)-r	ops/sec(cum)-r	avg(ms)-r	p50(ms)-r	p95(ms)-r	p99(ms)-r	pMax(ms)-r	total-r	elapsed	errors	ops(total)	ops/sec(cum)	avg(ms)	p50(ms)	p95(ms)	p99(ms)	pMax(ms)
57	0.0	0.0	1886718.0	62888.700000000004	6.6875	5.7875	15.874999999999998	24.275	60.8	0.0	0.0	0.0	1886718.0	62888.700000000004	6.6875	5.7875	15.874999999999998	24.275	60.8
