concurrency	elapsed-r	errors-r	ops(total)-r	ops/sec(cum)-r	avg(ms)-r	p50(ms)-r	p95(ms)-r	p99(ms)-r	pMax(ms)-r	total-r	elapsed-w	errors-w	ops(total)-w	ops/sec(cum)-w	avg(ms)-w	p50(ms)-w	p95(ms)-w	p99(ms)-w	pMax(ms)-w	total-w	elapsed	errors	ops(total)	ops/sec(cum)	avg(ms)	p50(ms)	p95(ms)	p99(ms)	pMax(ms)
157	0.0	0.0	3427131.0	114230.90000000001	6.875	5.449999999999999	17.549999999999997	28.275	204.45	0.0	0.0	0.0	180196.0	6006.2	16.224999999999998	14.325000000000001	35.199999999999996	49.55	195.575	0.0	0.0	0.0	3607327.0	120237.0	7.35	5.725	19.675	31.425	217.05
