concurrency	elapsed-r	errors-r	ops(total)-r	ops/sec(cum)-r	avg(ms)-r	p50(ms)-r	p95(ms)-r	p99(ms)-r	pMax(ms)-r	total-r	elapsed	errors	ops(total)	ops/sec(cum)	avg(ms)	p50(ms)	p95(ms)	p99(ms)	pMax(ms)
55	0.0	0.0	1556542.0	51882.899999999994	7.8875	7.1125	17.425	24.924999999999997	157.275	0.0	0.0	0.0	1556542.0	51882.899999999994	7.8875	7.1125	17.425	24.924999999999997	157.275
