concurrency	elapsed-w	errors-w	ops(total)-w	ops/sec(cum)-w	avg(ms)-w	p50(ms)-w	p95(ms)-w	p99(ms)-w	pMax(ms)-w	total-w	elapsed	errors	ops(total)	ops/sec(cum)	avg(ms)	p50(ms)	p95(ms)	p99(ms)	pMax(ms)
11	0.0	0.0	640063.0	21335.1	3.8749999999999996	2.85	7.374999999999999	40.6125	120.55000000000001	0.0	0.0	0.0	640063.0	21335.1	3.8749999999999996	2.85	7.374999999999999	40.6125	120.55000000000001
