concurrency	elapsed-r	errors-r	ops(total)-r	ops/sec(cum)-r	avg(ms)-r	p50(ms)-r	p95(ms)-r	p99(ms)-r	pMax(ms)-r	total-r	elapsed-w	errors-w	ops(total)-w	ops/sec(cum)-w	avg(ms)-w	p50(ms)-w	p95(ms)-w	p99(ms)-w	pMax(ms)-w	total-w	elapsed	errors	ops(total)	ops/sec(cum)	avg(ms)	p50(ms)	p95(ms)	p99(ms)	pMax(ms)
50	0.0	0.0	3173188.0	105770.2	3.3	3.1374999999999997	5.8	10.0	31.062499999999996	0.0	0.0	0.0	166140.0	5537.799999999999	3.3	3.1125000000000003	5.75	9.875	25.3125	0.0	0.0	0.0	3339328.0	111308.0	3.3	3.125	5.775	10.0	31.062499999999996
