concurrency	elapsed-r	errors-r	ops(total)-r	ops/sec(cum)-r	avg(ms)-r	p50(ms)-r	p95(ms)-r	p99(ms)-r	pMax(ms)-r	total-r	elapsed-w	errors-w	ops(total)-w	ops/sec(cum)-w	avg(ms)-w	p50(ms)-w	p95(ms)-w	p99(ms)-w	pMax(ms)-w	total-w	elapsed	errors	ops(total)	ops/sec(cum)	avg(ms)	p50(ms)	p95(ms)	p99(ms)	pMax(ms)
32	0.0	0.0	3273670.0	109120.40000000001	1.9875	1.8375000000000001	3.4999999999999996	6.6625	172.2125	0.0	0.0	0.0	172019.0	5733.999999999999	1.9374999999999998	1.8250000000000002	3.375	6.612499999999999	54.324999999999996	0.0	0.0	0.0	3445689.0	114854.2	1.9875	1.8375000000000001	3.4874999999999994	6.6625	172.2125
