concurrency	elapsed-r	errors-r	ops(total)-r	ops/sec(cum)-r	avg(ms)-r	p50(ms)-r	p95(ms)-r	p99(ms)-r	pMax(ms)-r	total-r	elapsed-w	errors-w	ops(total)-w	ops/sec(cum)-w	avg(ms)-w	p50(ms)-w	p95(ms)-w	p99(ms)-w	pMax(ms)-w	total-w	elapsed	errors	ops(total)	ops/sec(cum)	avg(ms)	p50(ms)	p95(ms)	p99(ms)	pMax(ms)
51	0.0	0.0	3429181.0	114302.99999999999	3.0000000000000004	2.75	5.0874999999999995	9.8375	41.0	0.0	0.0	0.0	179677.0	5988.999999999999	3.2875000000000005	3.0749999999999997	5.699999999999999	10.5375	33.5375	0.0	0.0	0.0	3608858.0	120292.09999999999	3.0000000000000004	2.7625	5.1625	9.8375	41.2625
