concurrency	elapsed-r	errors-r	ops(total)-r	ops/sec(cum)-r	avg(ms)-r	p50(ms)-r	p95(ms)-r	p99(ms)-r	pMax(ms)-r	total-r	elapsed-w	errors-w	ops(total)-w	ops/sec(cum)-w	avg(ms)-w	p50(ms)-w	p95(ms)-w	p99(ms)-w	pMax(ms)-w	total-w	elapsed	errors	ops(total)	ops/sec(cum)	avg(ms)	p50(ms)	p95(ms)	p99(ms)	pMax(ms)
32	0.0	0.0	767406.0	25579.699999999997	2.7999999999999994	2.2	6.3	14.199999999999998	107.66666666666667	0.0	0.0	0.0	40305.0	1343.5	1.4666666666666668	1.0	4.266666666666667	9.433333333333332	47.5	0.0	0.0	0.0	807711.0	26923.2	2.733333333333333	2.1	6.3	13.6	107.66666666666667
