concurrency	elapsed-r	errors-r	ops(total)-r	ops/sec(cum)-r	avg(ms)-r	p50(ms)-r	p95(ms)-r	p99(ms)-r	pMax(ms)-r	total-r	elapsed-w	errors-w	ops(total)-w	ops/sec(cum)-w	avg(ms)-w	p50(ms)-w	p95(ms)-w	p99(ms)-w	pMax(ms)-w	total-w	elapsed	errors	ops(total)	ops/sec(cum)	avg(ms)	p50(ms)	p95(ms)	p99(ms)	pMax(ms)
6	0.0	0.0	314501.0	10483.1	3.2375	2.7624999999999997	6.462499999999999	8.075	18.162499999999998	0.0	0.0	0.0	16500.0	549.9	21.1	11.4125	58.699999999999996	70.25	90.2	0.0	0.0	0.0	331001.0	11033.0	4.1375	2.875	7.1625	42.949999999999996	90.2
