concurrency	elapsed-r	errors-r	ops(total)-r	ops/sec(cum)-r	avg(ms)-r	p50(ms)-r	p95(ms)-r	p99(ms)-r	pMax(ms)-r	total-r	elapsed-w	errors-w	ops(total)-w	ops/sec(cum)-w	avg(ms)-w	p50(ms)-w	p95(ms)-w	p99(ms)-w	pMax(ms)-w	total-w	elapsed	errors	ops(total)	ops/sec(cum)	avg(ms)	p50(ms)	p95(ms)	p99(ms)	pMax(ms)
6	0.0	0.0	272304.0	9076.6	4.275	2.4625000000000004	11.1875	26.762500000000003	376.4125	0.0	0.0	0.0	14342.0	478.1	14.287500000000001	7.737500000000001	31.75	149.95	466.6	0.0	0.0	0.0	286646.0	9554.7	4.7749999999999995	2.5500000000000003	13.824999999999998	31.475	490.71250000000003
