concurrency	elapsed-w	errors-w	ops(total)-w	ops/sec(cum)-w	avg(ms)-w	p50(ms)-w	p95(ms)-w	p99(ms)-w	pMax(ms)-w	total-w	elapsed	errors	ops(total)	ops/sec(cum)	avg(ms)	p50(ms)	p95(ms)	p99(ms)	pMax(ms)
47	0.0	0.0	521833.0	17393.8	21.1875	19.662499999999998	50.3	63.68749999999999	127.9	0.0	0.0	0.0	521833.0	17393.8	21.1875	19.662499999999998	50.3	63.68749999999999	127.9
