concurrency	elapsed-w	errors-w	ops(total)-w	ops/sec(cum)-w	avg(ms)-w	p50(ms)-w	p95(ms)-w	p99(ms)-w	pMax(ms)-w	total-w	elapsed	errors	ops(total)	ops/sec(cum)	avg(ms)	p50(ms)	p95(ms)	p99(ms)	pMax(ms)
32	0.0	0.0	729154.0	24304.5	10.1625	7.675000000000001	24.4	36.925	392.18749999999994	0.0	0.0	0.0	729154.0	24304.5	10.1625	7.675000000000001	24.4	36.925	392.18749999999994
