concurrency	elapsed-r	errors-r	ops(total)-r	ops/sec(cum)-r	avg(ms)-r	p50(ms)-r	p95(ms)-r	p99(ms)-r	pMax(ms)-r	total-r	elapsed-w	errors-w	ops(total)-w	ops/sec(cum)-w	avg(ms)-w	p50(ms)-w	p95(ms)-w	p99(ms)-w	pMax(ms)-w	total-w	elapsed	errors	ops(total)	ops/sec(cum)	avg(ms)	p50(ms)	p95(ms)	p99(ms)	pMax(ms)
31	0.0	0.0	501905.0	16729.6	2.55	1.7500000000000002	5.8	8.6375	43.08749999999999	0.0	0.0	0.0	26006.0	866.8000000000001	230.33749999999995	3.15	704.6000000000001	738.1999999999999	775.9875000000001	0.0	0.0	0.0	527911.0	17596.5	13.7625	1.85	6.362500000000001	671.1	775.9875000000001
