concurrency	elapsed-r	errors-r	ops(total)-r	ops/sec(cum)-r	avg(ms)-r	p50(ms)-r	p95(ms)-r	p99(ms)-r	pMax(ms)-r	total-r	elapsed-w	errors-w	ops(total)-w	ops/sec(cum)-w	avg(ms)-w	p50(ms)-w	p95(ms)-w	p99(ms)-w	pMax(ms)-w	total-w	elapsed	errors	ops(total)	ops/sec(cum)	avg(ms)	p50(ms)	p95(ms)	p99(ms)	pMax(ms)
47	0.0	0.0	3377166.0	112567.70000000001	2.8375000000000004	2.5875000000000004	4.7625	10.649999999999999	55.95	0.0	0.0	0.0	177332.0	5910.8	3.0000000000000004	2.75	5.137499999999999	11.1375	42.85	0.0	0.0	0.0	3554498.0	118478.4	2.8375000000000004	2.625	4.7625	10.675	55.95
