concurrency	elapsed-r	errors-r	ops(total)-r	ops/sec(cum)-r	avg(ms)-r	p50(ms)-r	p95(ms)-r	p99(ms)-r	pMax(ms)-r	total-r	elapsed-w	errors-w	ops(total)-w	ops/sec(cum)-w	avg(ms)-w	p50(ms)-w	p95(ms)-w	p99(ms)-w	pMax(ms)-w	total-w	elapsed	errors	ops(total)	ops/sec(cum)	avg(ms)	p50(ms)	p95(ms)	p99(ms)	pMax(ms)
62	0.0	0.0	1945710.0	64854.399999999994	6.375	5.550000000000001	15.200000000000001	23.349999999999998	106.16250000000001	0.0	0.0	0.0	102662.0	3421.9	11.774999999999999	11.0	26.199999999999996	36.949999999999996	134.225	0.0	0.0	0.0	2048372.0	68276.40000000001	6.6625	5.7	16.275	25.324999999999996	146.8
