concurrency	elapsed-r	errors-r	ops(total)-r	ops/sec(cum)-r	avg(ms)-r	p50(ms)-r	p95(ms)-r	p99(ms)-r	pMax(ms)-r	total-r	elapsed	errors	ops(total)	ops/sec(cum)	avg(ms)	p50(ms)	p95(ms)	p99(ms)	pMax(ms)
23	0.0	0.0	1383216.0	46106.4	3.8375	3.4999999999999996	7.3125	10.75	27.662500000000005	0.0	0.0	0.0	1383216.0	46106.4	3.8375	3.4999999999999996	7.3125	10.75	27.662500000000005
