concurrency	elapsed-r	errors-r	ops(total)-r	ops/sec(cum)-r	avg(ms)-r	p50(ms)-r	p95(ms)-r	p99(ms)-r	pMax(ms)-r	total-r	elapsed-w	errors-w	ops(total)-w	ops/sec(cum)-w	avg(ms)-w	p50(ms)-w	p95(ms)-w	p99(ms)-w	pMax(ms)-w	total-w	elapsed	errors	ops(total)	ops/sec(cum)	avg(ms)	p50(ms)	p95(ms)	p99(ms)	pMax(ms)
96	0.0	0.0	4439058.0	147962.5	3.0	2.54	6.32	13.459999999999999	80.72	0.0	0.0	0.0	233793.0	7792.799999999999	6.9399999999999995	6.16	14.86	22.04	58.919999999999995	0.0	0.0	0.0	4672851.0	155755.3	3.2	2.62	7.9	14.540000000000001	80.72
