concurrency	elapsed-r	errors-r	ops(total)-r	ops/sec(cum)-r	avg(ms)-r	p50(ms)-r	p95(ms)-r	p99(ms)-r	pMax(ms)-r	total-r	elapsed	errors	ops(total)	ops/sec(cum)	avg(ms)	p50(ms)	p95(ms)	p99(ms)	pMax(ms)
15	0.0	0.0	1367835.0	45593.799999999996	2.4375	2.3249999999999997	4.2875	6.95	19.925	0.0	0.0	0.0	1367835.0	45593.799999999996	2.4375	2.3249999999999997	4.2875	6.95	19.925
