concurrency	elapsed-r	errors-r	ops(total)-r	ops/sec(cum)-r	avg(ms)-r	p50(ms)-r	p95(ms)-r	p99(ms)-r	pMax(ms)-r	total-r	elapsed-w	errors-w	ops(total)-w	ops/sec(cum)-w	avg(ms)-w	p50(ms)-w	p95(ms)-w	p99(ms)-w	pMax(ms)-w	total-w	elapsed	errors	ops(total)	ops/sec(cum)	avg(ms)	p50(ms)	p95(ms)	p99(ms)	pMax(ms)
9	0.0	0.0	655019.0	21833.7	2.75	2.425	5.2250000000000005	8.7625	34.349999999999994	0.0	0.0	0.0	34150.0	1138.3	6.775	6.4624999999999995	11.337499999999999	15.0	35.6375	0.0	0.0	0.0	689169.0	22972.0	2.95	2.45	6.425	10.225	38.387499999999996
