concurrency	elapsed-r	errors-r	ops(total)-r	ops/sec(cum)-r	avg(ms)-r	p50(ms)-r	p95(ms)-r	p99(ms)-r	pMax(ms)-r	total-r	elapsed-w	errors-w	ops(total)-w	ops/sec(cum)-w	avg(ms)-w	p50(ms)-w	p95(ms)-w	p99(ms)-w	pMax(ms)-w	total-w	elapsed	errors	ops(total)	ops/sec(cum)	avg(ms)	p50(ms)	p95(ms)	p99(ms)	pMax(ms)
45	0.0	0.0	1930469.0	64347.00000000001	4.6625000000000005	3.9625	11.587499999999999	18.6125	85.45000000000002	0.0	0.0	0.0	101449.0	3381.6	8.737499999999999	7.575	19.775000000000002	35.1375	130.0	0.0	0.0	0.0	2031918.0	67728.6	4.875	4.075	12.224999999999998	19.7875	130.0
