concurrency	elapsed-r	errors-r	ops(total)-r	ops/sec(cum)-r	avg(ms)-r	p50(ms)-r	p95(ms)-r	p99(ms)-r	pMax(ms)-r	total-r	elapsed-w	errors-w	ops(total)-w	ops/sec(cum)-w	avg(ms)-w	p50(ms)-w	p95(ms)-w	p99(ms)-w	pMax(ms)-w	total-w	elapsed	errors	ops(total)	ops/sec(cum)	avg(ms)	p50(ms)	p95(ms)	p99(ms)	pMax(ms)
152	0.0	0.0	2613480.0	87110.2	7.5	5.08	22.440000000000005	42.760000000000005	287.73999999999995	0.0	0.0	0.0	137199.0	4572.999999999999	59.260000000000005	16.44	47.4	1798.5199999999998	5207.62	0.0	0.0	0.0	2750679.0	91683.1	10.08	5.360000000000001	25.4	47.18	5207.62
