concurrency	elapsed-w	errors-w	ops(total)-w	ops/sec(cum)-w	avg(ms)-w	p50(ms)-w	p95(ms)-w	p99(ms)-w	pMax(ms)-w	total-w	elapsed	errors	ops(total)	ops/sec(cum)	avg(ms)	p50(ms)	p95(ms)	p99(ms)	pMax(ms)
38	0.0	0.0	3322899.0	110761.40000000001	2.5125	2.3875	4.35	7.449999999999999	25.425	0.0	0.0	0.0	3322899.0	110761.40000000001	2.5125	2.3875	4.35	7.449999999999999	25.425
