concurrency	elapsed-r	errors-r	ops(total)-r	ops/sec(cum)-r	avg(ms)-r	p50(ms)-r	p95(ms)-r	p99(ms)-r	pMax(ms)-r	total-r	elapsed-w	errors-w	ops(total)-w	ops/sec(cum)-w	avg(ms)-w	p50(ms)-w	p95(ms)-w	p99(ms)-w	pMax(ms)-w	total-w	elapsed	errors	ops(total)	ops/sec(cum)	avg(ms)	p50(ms)	p95(ms)	p99(ms)	pMax(ms)
15	0.0	0.0	1133496.0	37782.7	2.65	2.4375	5.475	9.725	26.075	0.0	0.0	0.0	59690.0	1989.7	5.0249999999999995	4.825	10.6	14.55	25.974999999999998	0.0	0.0	0.0	1193186.0	39772.2	2.7499999999999996	2.45	6.250000000000001	10.225	27.137500000000003
