concurrency	elapsed-r	errors-r	ops(total)-r	ops/sec(cum)-r	avg(ms)-r	p50(ms)-r	p95(ms)-r	p99(ms)-r	pMax(ms)-r	total-r	elapsed-w	errors-w	ops(total)-w	ops/sec(cum)-w	avg(ms)-w	p50(ms)-w	p95(ms)-w	p99(ms)-w	pMax(ms)-w	total-w	elapsed	errors	ops(total)	ops/sec(cum)	avg(ms)	p50(ms)	p95(ms)	p99(ms)	pMax(ms)
47	0.0	0.0	4517060.0	150564.6	2.0	1.8250000000000002	3.5625	6.7875000000000005	215.99999999999997	0.0	0.0	0.0	237743.0	7924.4	2.1	1.8250000000000002	3.8249999999999997	8.1	157.5375	0.0	0.0	0.0	4754803.0	158488.9	2.0	1.8250000000000002	3.6375	6.8625	215.99999999999997
