concurrency	elapsed-r	errors-r	ops(total)-r	ops/sec(cum)-r	avg(ms)-r	p50(ms)-r	p95(ms)-r	p99(ms)-r	pMax(ms)-r	total-r	elapsed-w	errors-w	ops(total)-w	ops/sec(cum)-w	avg(ms)-w	p50(ms)-w	p95(ms)-w	p99(ms)-w	pMax(ms)-w	total-w	elapsed	errors	ops(total)	ops/sec(cum)	avg(ms)	p50(ms)	p95(ms)	p99(ms)	pMax(ms)
60	0.0	0.0	1963886.0	65460.700000000004	6.125	5.375	14.575000000000001	22.549999999999997	53.975	0.0	0.0	0.0	103031.0	3434.2	11.05	10.375	24.124999999999996	32.9375	57.3875	0.0	0.0	0.0	2066917.0	68895.0	6.35	5.4624999999999995	15.450000000000001	23.849999999999998	58.175000000000004
