concurrency	elapsed-r	errors-r	ops(total)-r	ops/sec(cum)-r	avg(ms)-r	p50(ms)-r	p95(ms)-r	p99(ms)-r	pMax(ms)-r	total-r	elapsed-w	errors-w	ops(total)-w	ops/sec(cum)-w	avg(ms)-w	p50(ms)-w	p95(ms)-w	p99(ms)-w	pMax(ms)-w	total-w	elapsed	errors	ops(total)	ops/sec(cum)	avg(ms)	p50(ms)	p95(ms)	p99(ms)	pMax(ms)
88	0.0	0.0	2863574.0	95448.8	4.34	3.54	10.24	19.720000000000002	170.3	0.0	0.0	0.0	150945.0	5031.3	13.819999999999999	12.559999999999999	28.479999999999997	36.46	132.54000000000002	0.0	0.0	0.0	3014519.0	100480.10000000002	4.8	3.72	14.680000000000001	23.3	170.3
