concurrency	elapsed-r	errors-r	ops(total)-r	ops/sec(cum)-r	avg(ms)-r	p50(ms)-r	p95(ms)-r	p99(ms)-r	pMax(ms)-r	total-r	elapsed	errors	ops(total)	ops/sec(cum)	avg(ms)	p50(ms)	p95(ms)	p99(ms)	pMax(ms)
28	0.0	0.0	1396174.0	46538.2	2.25	2.15	3.8	6.2749999999999995	19.924999999999997	0.0	0.0	0.0	1396174.0	46538.2	2.25	2.15	3.8	6.2749999999999995	19.924999999999997
