concurrency	elapsed-r	errors-r	ops(total)-r	ops/sec(cum)-r	avg(ms)-r	p50(ms)-r	p95(ms)-r	p99(ms)-r	pMax(ms)-r	total-r	elapsed-w	errors-w	ops(total)-w	ops/sec(cum)-w	avg(ms)-w	p50(ms)-w	p95(ms)-w	p99(ms)-w	pMax(ms)-w	total-w	elapsed	errors	ops(total)	ops/sec(cum)	avg(ms)	p50(ms)	p95(ms)	p99(ms)	pMax(ms)
48	0.0	0.0	3176133.0	105868.40000000001	3.05	2.85	5.4375	10.075	35.25	0.0	0.0	0.0	167183.0	5572.6	3.3749999999999996	3.075	6.987499999999999	11.575	30.812500000000004	0.0	0.0	0.0	3343316.0	111441.09999999999	3.0875	2.8625000000000003	5.562499999999999	10.15	35.6375
