concurrency	elapsed-r	errors-r	ops(total)-r	ops/sec(cum)-r	avg(ms)-r	p50(ms)-r	p95(ms)-r	p99(ms)-r	pMax(ms)-r	total-r	elapsed-w	errors-w	ops(total)-w	ops/sec(cum)-w	avg(ms)-w	p50(ms)-w	p95(ms)-w	p99(ms)-w	pMax(ms)-w	total-w	elapsed	errors	ops(total)	ops/sec(cum)	avg(ms)	p50(ms)	p95(ms)	p99(ms)	pMax(ms)
39	0.0	0.0	587806.0	19592.7	9.950000000000001	2.475	42.6875	195.00000000000003	438.3	0.0	0.0	0.0	30927.0	1030.8999999999999	108.9	104.89999999999999	144.175	295.70000000000005	564.1375	0.0	0.0	0.0	618733.0	20623.699999999997	14.9	2.6625	108.05	201.29999999999998	564.1375
