concurrency	elapsed-r	errors-r	ops(total)-r	ops/sec(cum)-r	avg(ms)-r	p50(ms)-r	p95(ms)-r	p99(ms)-r	pMax(ms)-r	total-r	elapsed-w	errors-w	ops(total)-w	ops/sec(cum)-w	avg(ms)-w	p50(ms)-w	p95(ms)-w	p99(ms)-w	pMax(ms)-w	total-w	elapsed	errors	ops(total)	ops/sec(cum)	avg(ms)	p50(ms)	p95(ms)	p99(ms)	pMax(ms)
50	0.0	0.0	3483268.0	116105.6	3.0250000000000004	2.625	8.425	12.662499999999998	103.67500000000001	0.0	0.0	0.0	183559.0	6118.4	3.075	2.6875000000000004	8.5	12.599999999999998	57.53750000000001	0.0	0.0	0.0	3666827.0	122224.2	3.0250000000000004	2.625	8.425	12.662499999999998	106.28750000000001
