concurrency	elapsed-r	errors-r	ops(total)-r	ops/sec(cum)-r	avg(ms)-r	p50(ms)-r	p95(ms)-r	p99(ms)-r	pMax(ms)-r	total-r	elapsed-w	errors-w	ops(total)-w	ops/sec(cum)-w	avg(ms)-w	p50(ms)-w	p95(ms)-w	p99(ms)-w	pMax(ms)-w	total-w	elapsed	errors	ops(total)	ops/sec(cum)	avg(ms)	p50(ms)	p95(ms)	p99(ms)	pMax(ms)
31	0.0	0.0	1073489.0	35782.200000000004	6.7875	5.125	18.1	28.175000000000004	60.0125	0.0	0.0	0.0	56606.0	1886.8999999999999	9.3375	6.4	25.699999999999996	42.449999999999996	98.60000000000001	0.0	0.0	0.0	1130095.0	37669.0	6.9125000000000005	5.125	18.35	30.4625	98.60000000000001
