concurrency	elapsed-r	errors-r	ops(total)-r	ops/sec(cum)-r	avg(ms)-r	p50(ms)-r	p95(ms)-r	p99(ms)-r	pMax(ms)-r	total-r	elapsed	errors	ops(total)	ops/sec(cum)	avg(ms)	p50(ms)	p95(ms)	p99(ms)	pMax(ms)
19	0.0	0.0	1006651.0	33554.5	4.3625	4.137499999999999	8.35	11.187499999999998	29.000000000000004	0.0	0.0	0.0	1006651.0	33554.5	4.3625	4.137499999999999	8.35	11.187499999999998	29.000000000000004
