concurrency	elapsed-r	errors-r	ops(total)-r	ops/sec(cum)-r	avg(ms)-r	p50(ms)-r	p95(ms)-r	p99(ms)-r	pMax(ms)-r	total-r	elapsed-w	errors-w	ops(total)-w	ops/sec(cum)-w	avg(ms)-w	p50(ms)-w	p95(ms)-w	p99(ms)-w	pMax(ms)-w	total-w	elapsed	errors	ops(total)	ops/sec(cum)	avg(ms)	p50(ms)	p95(ms)	p99(ms)	pMax(ms)
21	0.0	0.0	1368898.0	45629.1	3.175	3.1250000000000004	6.6000000000000005	8.0	41.8	0.0	0.0	0.0	72209.0	2407.0	6.0874999999999995	4.9375	12.2625	46.62500000000001	94.925	0.0	0.0	0.0	1441107.0	48036.0	3.3249999999999997	3.2500000000000004	6.799999999999999	8.737499999999999	94.925
