ops/sec(cum)	p50(ms)	p99(ms)	read_tp	read_p50	read_p99	write_tp	write_p50	write_p99
256203.36666666667	0.19858333333333333	0.8223333333333334	245307.48333333334	0.19816666666666666	0.8223333333333334	10894.883333333333	0.199	0.8255
