concurrency	elapsed-r	errors-r	ops(total)-r	ops/sec(cum)-r	avg(ms)-r	p50(ms)-r	p95(ms)-r	p99(ms)-r	pMax(ms)-r	total-r	elapsed-w	errors-w	ops(total)-w	ops/sec(cum)-w	avg(ms)-w	p50(ms)-w	p95(ms)-w	p99(ms)-w	pMax(ms)-w	total-w	elapsed	errors	ops(total)	ops/sec(cum)	avg(ms)	p50(ms)	p95(ms)	p99(ms)	pMax(ms)
11	0.0	0.0	672236.0	22407.6	3.0500000000000003	2.6374999999999997	6.0249999999999995	9.225000000000001	55.025	0.0	0.0	0.0	35230.0	1174.3000000000002	12.999999999999998	12.6375	22.4375	27.8	61.587500000000006	0.0	0.0	0.0	707466.0	23581.700000000004	3.525	2.7249999999999996	9.075	18.099999999999998	61.587500000000006
