concurrency	elapsed-r	errors-r	ops(total)-r	ops/sec(cum)-r	avg(ms)-r	p50(ms)-r	p95(ms)-r	p99(ms)-r	pMax(ms)-r	total-r	elapsed	errors	ops(total)	ops/sec(cum)	avg(ms)	p50(ms)	p95(ms)	p99(ms)	pMax(ms)
17	0.0	0.0	1316404.0	43879.700000000004	1.4249999999999998	1.325	2.0	3.7750000000000004	14.149999999999999	0.0	0.0	0.0	1316404.0	43879.700000000004	1.4249999999999998	1.325	2.0	3.7750000000000004	14.149999999999999
