concurrency	elapsed-r	errors-r	ops(total)-r	ops/sec(cum)-r	avg(ms)-r	p50(ms)-r	p95(ms)-r	p99(ms)-r	pMax(ms)-r	total-r	elapsed-w	errors-w	ops(total)-w	ops/sec(cum)-w	avg(ms)-w	p50(ms)-w	p95(ms)-w	p99(ms)-w	pMax(ms)-w	total-w	elapsed	errors	ops(total)	ops/sec(cum)	avg(ms)	p50(ms)	p95(ms)	p99(ms)	pMax(ms)
15	0.0	0.0	1483146.0	49437.600000000006	2.0	1.8000000000000003	4.55	5.737499999999999	25.8375	0.0	0.0	0.0	77877.0	2595.8999999999996	4.7250000000000005	3.725	14.149999999999999	24.387499999999996	47.93749999999999	0.0	0.0	0.0	1561023.0	52033.3	2.125	1.85	4.8125	7.3125	47.93749999999999
