concurrency	elapsed-r	errors-r	ops(total)-r	ops/sec(cum)-r	avg(ms)-r	p50(ms)-r	p95(ms)-r	p99(ms)-r	pMax(ms)-r	total-r	elapsed-w	errors-w	ops(total)-w	ops/sec(cum)-w	avg(ms)-w	p50(ms)-w	p95(ms)-w	p99(ms)-w	pMax(ms)-w	total-w	elapsed	errors	ops(total)	ops/sec(cum)	avg(ms)	p50(ms)	p95(ms)	p99(ms)	pMax(ms)
47	0.0	0.0	3201192.0	106703.59999999999	3.0875	2.9250000000000003	5.3	9.325	97.26249999999999	0.0	0.0	0.0	168587.0	5619.400000000001	3.0875	2.9250000000000003	5.3	9.325	20.525	0.0	0.0	0.0	3369779.0	112323.1	3.0875	2.9250000000000003	5.3	9.325	97.26249999999999
