concurrency	elapsed-r	errors-r	ops(total)-r	ops/sec(cum)-r	avg(ms)-r	p50(ms)-r	p95(ms)-r	p99(ms)-r	pMax(ms)-r	total-r	elapsed-w	errors-w	ops(total)-w	ops/sec(cum)-w	avg(ms)-w	p50(ms)-w	p95(ms)-w	p99(ms)-w	pMax(ms)-w	total-w	elapsed	errors	ops(total)	ops/sec(cum)	avg(ms)	p50(ms)	p95(ms)	p99(ms)	pMax(ms)
37	0.0	0.0	1943369.0	64777.2	3.8750000000000004	3.225	8.75	14.3	98.56249999999999	0.0	0.0	0.0	102516.0	3417.2	5.45	3.6125	14.6125	21.6375	44.537499999999994	0.0	0.0	0.0	2045885.0	68194.29999999999	3.95	3.225	9.325	14.8625	99.08749999999999
