concurrency	elapsed-w	errors-w	ops(total)-w	ops/sec(cum)-w	avg(ms)-w	p50(ms)-w	p95(ms)-w	p99(ms)-w	pMax(ms)-w	total-w	elapsed	errors	ops(total)	ops/sec(cum)	avg(ms)	p50(ms)	p95(ms)	p99(ms)	pMax(ms)
64	0.0	0.0	3210974.0	107029.79999999999	4.4875	4.324999999999999	8.05	12.075	29.500000000000004	0.0	0.0	0.0	3210974.0	107029.79999999999	4.4875	4.324999999999999	8.05	12.075	29.500000000000004
