concurrency	elapsed-r	errors-r	ops(total)-r	ops/sec(cum)-r	avg(ms)-r	p50(ms)-r	p95(ms)-r	p99(ms)-r	pMax(ms)-r	total-r	elapsed-w	errors-w	ops(total)-w	ops/sec(cum)-w	avg(ms)-w	p50(ms)-w	p95(ms)-w	p99(ms)-w	pMax(ms)-w	total-w	elapsed	errors	ops(total)	ops/sec(cum)	avg(ms)	p50(ms)	p95(ms)	p99(ms)	pMax(ms)
107	0.0	0.0	4363029.0	145426.0	3.66	3.02	8.14	15.940000000000001	92.48	0.0	0.0	0.0	228913.0	7629.999999999999	9.120000000000001	8.0	18.939999999999998	27.240000000000002	87.02000000000001	0.0	0.0	0.0	4591942.0	153056.0	3.9200000000000004	3.0599999999999996	10.219999999999999	17.66	93.32000000000001
