concurrency	elapsed-r	errors-r	ops(total)-r	ops/sec(cum)-r	avg(ms)-r	p50(ms)-r	p95(ms)-r	p99(ms)-r	pMax(ms)-r	total-r	elapsed	errors	ops(total)	ops/sec(cum)	avg(ms)	p50(ms)	p95(ms)	p99(ms)	pMax(ms)
20	0.0	0.0	1372566.0	45751.2	3.3125	3.0624999999999996	6.125	9.6125	25.3125	0.0	0.0	0.0	1372566.0	45751.2	3.3125	3.0624999999999996	6.125	9.6125	25.3125
