concurrency	elapsed-w	errors-w	ops(total)-w	ops/sec(cum)-w	avg(ms)-w	p50(ms)-w	p95(ms)-w	p99(ms)-w	pMax(ms)-w	total-w	elapsed	errors	ops(total)	ops/sec(cum)	avg(ms)	p50(ms)	p95(ms)	p99(ms)	pMax(ms)
60	0.0	0.0	703214.0	23439.6	18.987499999999997	9.75	34.9	53.449999999999996	7247.800000000001	0.0	0.0	0.0	703214.0	23439.6	18.987499999999997	9.75	34.9	53.449999999999996	7247.800000000001
