concurrency	elapsed-r	errors-r	ops(total)-r	ops/sec(cum)-r	avg(ms)-r	p50(ms)-r	p95(ms)-r	p99(ms)-r	pMax(ms)-r	total-r	elapsed-w	errors-w	ops(total)-w	ops/sec(cum)-w	avg(ms)-w	p50(ms)-w	p95(ms)-w	p99(ms)-w	pMax(ms)-w	total-w	elapsed	errors	ops(total)	ops/sec(cum)	avg(ms)	p50(ms)	p95(ms)	p99(ms)	pMax(ms)
80	0.0	0.0	4224726.0	140818.4	2.84	2.3400000000000003	6.28	13.680000000000001	67.1	0.0	0.0	0.0	222461.0	7415.100000000001	5.92	5.14	13.66	19.619999999999997	50.76	0.0	0.0	0.0	4447187.0	148233.40000000002	3.0	2.42	7.12	13.940000000000001	67.1
