concurrency	elapsed-r	errors-r	ops(total)-r	ops/sec(cum)-r	avg(ms)-r	p50(ms)-r	p95(ms)-r	p99(ms)-r	pMax(ms)-r	total-r	elapsed	errors	ops(total)	ops/sec(cum)	avg(ms)	p50(ms)	p95(ms)	p99(ms)	pMax(ms)
23	0.0	0.0	1008294.0	33609.1	5.325000000000001	4.9125	10.275	14.125	38.525	0.0	0.0	0.0	1008294.0	33609.1	5.325000000000001	4.9125	10.275	14.125	38.525
