concurrency	elapsed-r	errors-r	ops(total)-r	ops/sec(cum)-r	avg(ms)-r	p50(ms)-r	p95(ms)-r	p99(ms)-r	pMax(ms)-r	total-r	elapsed	errors	ops(total)	ops/sec(cum)	avg(ms)	p50(ms)	p95(ms)	p99(ms)	pMax(ms)
52	0.0	0.0	1555133.0	51836.2	7.4750000000000005	6.749999999999999	16.275	23.474999999999998	51.6125	0.0	0.0	0.0	1555133.0	51836.2	7.4750000000000005	6.749999999999999	16.275	23.474999999999998	51.6125
