concurrency	elapsed-r	errors-r	ops(total)-r	ops/sec(cum)-r	avg(ms)-r	p50(ms)-r	p95(ms)-r	p99(ms)-r	pMax(ms)-r	total-r	elapsed-w	errors-w	ops(total)-w	ops/sec(cum)-w	avg(ms)-w	p50(ms)-w	p95(ms)-w	p99(ms)-w	pMax(ms)-w	total-w	elapsed	errors	ops(total)	ops/sec(cum)	avg(ms)	p50(ms)	p95(ms)	p99(ms)	pMax(ms)
88	0.0	0.0	2531801.0	84389.7	2.1333333333333333	1.4333333333333333	5.6000000000000005	9.366666666666667	41.2	0.0	0.0	0.0	133013.0	4433.6	19.933333333333334	2.6	106.23333333333333	122.33333333333333	155.2	0.0	0.0	0.0	2664814.0	88823.20000000001	3.033333333333333	1.4666666666666668	5.8999999999999995	16.933333333333334	155.2
