concurrency	elapsed-r	errors-r	ops(total)-r	ops/sec(cum)-r	avg(ms)-r	p50(ms)-r	p95(ms)-r	p99(ms)-r	pMax(ms)-r	total-r	elapsed-w	errors-w	ops(total)-w	ops/sec(cum)-w	avg(ms)-w	p50(ms)-w	p95(ms)-w	p99(ms)-w	pMax(ms)-w	total-w	elapsed	errors	ops(total)	ops/sec(cum)	avg(ms)	p50(ms)	p95(ms)	p99(ms)	pMax(ms)
128	0.0	0.0	2862502.0	95411.9	6.08	4.84	16.28	26.660000000000004	448.76000000000005	0.0	0.0	0.0	150296.0	5009.699999999999	20.72	19.32	43.620000000000005	55.379999999999995	268.46	0.0	0.0	0.0	3012798.0	100421.4	6.8	5.0200000000000005	20.16	33.74	448.76000000000005
