concurrency	elapsed-w	errors-w	ops(total)-w	ops/sec(cum)-w	avg(ms)-w	p50(ms)-w	p95(ms)-w	p99(ms)-w	pMax(ms)-w	total-w	elapsed	errors	ops(total)	ops/sec(cum)	avg(ms)	p50(ms)	p95(ms)	p99(ms)	pMax(ms)
39	0.0	0.0	4807755.0	160255.7	1.6500000000000001	1.45	3.1499999999999995	5.0375000000000005	172.475	0.0	0.0	0.0	4807755.0	160255.7	1.6500000000000001	1.45	3.1499999999999995	5.0375000000000005	172.475
