concurrency	elapsed-r	errors-r	ops(total)-r	ops/sec(cum)-r	avg(ms)-r	p50(ms)-r	p95(ms)-r	p99(ms)-r	pMax(ms)-r	total-r	elapsed-w	errors-w	ops(total)-w	ops/sec(cum)-w	avg(ms)-w	p50(ms)-w	p95(ms)-w	p99(ms)-w	pMax(ms)-w	total-w	elapsed	errors	ops(total)	ops/sec(cum)	avg(ms)	p50(ms)	p95(ms)	p99(ms)	pMax(ms)
86	0.0	0.0	46071.0	767.8000000000001	5.375	1.9	20.725	80.75	224.4	0.0	0.0	0.0	2189.0	36.400000000000006	36.150000000000006	24.674999999999997	94.375	354.45	520.075	0.0	0.0	0.0	48260.0	804.3000000000001	6.75	1.975	32.525000000000006	87.05000000000001	520.075
