concurrency	elapsed-r	errors-r	ops(total)-r	ops/sec(cum)-r	avg(ms)-r	p50(ms)-r	p95(ms)-r	p99(ms)-r	pMax(ms)-r	total-r	elapsed-w	errors-w	ops(total)-w	ops/sec(cum)-w	avg(ms)-w	p50(ms)-w	p95(ms)-w	p99(ms)-w	pMax(ms)-w	total-w	elapsed	errors	ops(total)	ops/sec(cum)	avg(ms)	p50(ms)	p95(ms)	p99(ms)	pMax(ms)
72	0.0	0.0	4371645.0	145716.4	2.2600000000000002	1.9599999999999997	4.0600000000000005	11.68	51.6	0.0	0.0	0.0	230123.0	7670.5	4.880000000000001	4.26	10.819999999999999	16.419999999999998	49.52	0.0	0.0	0.0	4601768.0	153387.0	2.38	2.0	5.14	11.72	53.28000000000001
