concurrency	elapsed-r	errors-r	ops(total)-r	ops/sec(cum)-r	avg(ms)-r	p50(ms)-r	p95(ms)-r	p99(ms)-r	pMax(ms)-r	total-r	elapsed-w	errors-w	ops(total)-w	ops/sec(cum)-w	avg(ms)-w	p50(ms)-w	p95(ms)-w	p99(ms)-w	pMax(ms)-w	total-w	elapsed	errors	ops(total)	ops/sec(cum)	avg(ms)	p50(ms)	p95(ms)	p99(ms)	pMax(ms)
27	0.0	0.0	963623.0	32119.799999999996	2.2	1.72	5.74	11.98	48.620000000000005	0.0	0.0	0.0	50476.0	1682.3999999999999	22.7	3.0	125.8	151.0	187.85999999999999	0.0	0.0	0.0	1014099.0	33802.3	3.2	1.7600000000000002	6.3	23.7	187.85999999999999
