concurrency	elapsed-r	errors-r	ops(total)-r	ops/sec(cum)-r	avg(ms)-r	p50(ms)-r	p95(ms)-r	p99(ms)-r	pMax(ms)-r	total-r	elapsed-w	errors-w	ops(total)-w	ops/sec(cum)-w	avg(ms)-w	p50(ms)-w	p95(ms)-w	p99(ms)-w	pMax(ms)-w	total-w	elapsed	errors	ops(total)	ops/sec(cum)	avg(ms)	p50(ms)	p95(ms)	p99(ms)	pMax(ms)
40	0.0	0.0	756238.0	25207.300000000003	3.2000000000000006	2.3333333333333335	7.599999999999999	18.9	83.9	0.0	0.0	0.0	39680.0	1322.7	6.233333333333333	5.0	16.46666666666667	37.733333333333334	81.1	0.0	0.0	0.0	795918.0	26529.9	3.3333333333333335	2.4	8.4	19.9	85.3
