concurrency	elapsed-r	errors-r	ops(total)-r	ops/sec(cum)-r	avg(ms)-r	p50(ms)-r	p95(ms)-r	p99(ms)-r	pMax(ms)-r	total-r	elapsed-w	errors-w	ops(total)-w	ops/sec(cum)-w	avg(ms)-w	p50(ms)-w	p95(ms)-w	p99(ms)-w	pMax(ms)-w	total-w	elapsed	errors	ops(total)	ops/sec(cum)	avg(ms)	p50(ms)	p95(ms)	p99(ms)	pMax(ms)
32	0.0	0.0	1911408.0	63711.100000000006	3.3	2.8000000000000003	8.1875	13.412499999999998	42.162499999999994	0.0	0.0	0.0	100919.0	3363.9	6.2625	5.3500000000000005	14.375	28.062499999999996	88.62499999999999	0.0	0.0	0.0	2012327.0	67075.0	3.4749999999999996	2.8875	8.775	14.3	88.62499999999999
