concurrency	elapsed-r	errors-r	ops(total)-r	ops/sec(cum)-r	avg(ms)-r	p50(ms)-r	p95(ms)-r	p99(ms)-r	pMax(ms)-r	total-r	elapsed-w	errors-w	ops(total)-w	ops/sec(cum)-w	avg(ms)-w	p50(ms)-w	p95(ms)-w	p99(ms)-w	pMax(ms)-w	total-w	elapsed	errors	ops(total)	ops/sec(cum)	avg(ms)	p50(ms)	p95(ms)	p99(ms)	pMax(ms)
23	0.0	0.0	599692.0	19989.199999999997	3.375	2.25	10.375	15.512500000000001	61.5875	0.0	0.0	0.0	31566.0	1052.2	104.71249999999998	5.275	973.1000000000001	1040.2	1140.8999999999999	0.0	0.0	0.0	631258.0	21041.4	8.4375	2.35	10.875	19.025000000000002	1140.8999999999999
