concurrency	elapsed-w	errors-w	ops(total)-w	ops/sec(cum)-w	avg(ms)-w	p50(ms)-w	p95(ms)-w	p99(ms)-w	pMax(ms)-w	total-w	elapsed	errors	ops(total)	ops/sec(cum)	avg(ms)	p50(ms)	p95(ms)	p99(ms)	pMax(ms)
48	0.0	0.0	5005204.0	166836.3	1.9249999999999998	1.7625000000000002	3.4875000000000003	5.6	193.98749999999998	0.0	0.0	0.0	5005204.0	166836.3	1.9249999999999998	1.7625000000000002	3.4875000000000003	5.6	193.98749999999998
