concurrency	elapsed-r	errors-r	ops(total)-r	ops/sec(cum)-r	avg(ms)-r	p50(ms)-r	p95(ms)-r	p99(ms)-r	pMax(ms)-r	total-r	elapsed-w	errors-w	ops(total)-w	ops/sec(cum)-w	avg(ms)-w	p50(ms)-w	p95(ms)-w	p99(ms)-w	pMax(ms)-w	total-w	elapsed	errors	ops(total)	ops/sec(cum)	avg(ms)	p50(ms)	p95(ms)	p99(ms)	pMax(ms)
54	0.0	0.0	3192063.0	106399.0	3.4625	3.0999999999999996	6.375	15.6	83.89999999999999	0.0	0.0	0.0	167740.0	5591.1	3.6875	3.2249999999999996	7.0875	16.025	77.6	0.0	0.0	0.0	3359803.0	111989.99999999999	3.4749999999999996	3.0999999999999996	6.449999999999999	15.6	83.89999999999999
