concurrency	elapsed-r	errors-r	ops(total)-r	ops/sec(cum)-r	avg(ms)-r	p50(ms)-r	p95(ms)-r	p99(ms)-r	pMax(ms)-r	total-r	elapsed-w	errors-w	ops(total)-w	ops/sec(cum)-w	avg(ms)-w	p50(ms)-w	p95(ms)-w	p99(ms)-w	pMax(ms)-w	total-w	elapsed	errors	ops(total)	ops/sec(cum)	avg(ms)	p50(ms)	p95(ms)	p99(ms)	pMax(ms)
21	0.0	0.0	1277008.0	42566.1	1.625	1.3499999999999999	3.8	5.8999999999999995	20.175	0.0	0.0	0.0	67506.0	2250.2	3.15	2.525	8.0	15.850000000000001	36.175000000000004	0.0	0.0	0.0	1344514.0	44816.200000000004	1.725	1.3499999999999999	3.875	6.699999999999999	36.175000000000004
