concurrency	elapsed-r	errors-r	ops(total)-r	ops/sec(cum)-r	avg(ms)-r	p50(ms)-r	p95(ms)-r	p99(ms)-r	pMax(ms)-r	total-r	elapsed-w	errors-w	ops(total)-w	ops/sec(cum)-w	avg(ms)-w	p50(ms)-w	p95(ms)-w	p99(ms)-w	pMax(ms)-w	total-w	elapsed	errors	ops(total)	ops/sec(cum)	avg(ms)	p50(ms)	p95(ms)	p99(ms)	pMax(ms)
11	0.0	0.0	619232.0	20640.7	1.9374999999999998	1.4749999999999999	4.0625	5.3	37.0875	0.0	0.0	0.0	32447.0	1081.7	40.575	2.7125	117.39999999999999	125.79999999999998	143.65	0.0	0.0	0.0	651679.0	21722.300000000003	3.8625000000000003	1.525	4.475	103.325	143.65
