concurrency	elapsed-r	errors-r	ops(total)-r	ops/sec(cum)-r	avg(ms)-r	p50(ms)-r	p95(ms)-r	p99(ms)-r	pMax(ms)-r	total-r	elapsed-w	errors-w	ops(total)-w	ops/sec(cum)-w	avg(ms)-w	p50(ms)-w	p95(ms)-w	p99(ms)-w	pMax(ms)-w	total-w	elapsed	errors	ops(total)	ops/sec(cum)	avg(ms)	p50(ms)	p95(ms)	p99(ms)	pMax(ms)
53	0.0	0.0	1715465.0	57179.899999999994	6.4	5.1125	15.749999999999998	24.9	66.05000000000001	0.0	0.0	0.0	90116.0	3003.8	9.6375	5.999999999999999	27.125000000000004	39.0375	70.5125	0.0	0.0	0.0	1805581.0	60183.799999999996	6.575	5.137499999999999	16.75	26.625000000000004	72.0875
