concurrency	elapsed-r	errors-r	ops(total)-r	ops/sec(cum)-r	avg(ms)-r	p50(ms)-r	p95(ms)-r	p99(ms)-r	pMax(ms)-r	total-r	elapsed-w	errors-w	ops(total)-w	ops/sec(cum)-w	avg(ms)-w	p50(ms)-w	p95(ms)-w	p99(ms)-w	pMax(ms)-w	total-w	elapsed	errors	ops(total)	ops/sec(cum)	avg(ms)	p50(ms)	p95(ms)	p99(ms)	pMax(ms)
43	0.0	0.0	725712.0	24189.9	3.2000000000000006	2.0	7.900000000000001	19.9	195.69999999999996	0.0	0.0	0.0	38230.0	1274.3	1.6666666666666667	1.1	3.6333333333333333	12.066666666666668	53.800000000000004	0.0	0.0	0.0	763942.0	25464.2	3.1	1.8	7.599999999999999	19.9	195.69999999999996
