concurrency	elapsed-r	errors-r	ops(total)-r	ops/sec(cum)-r	avg(ms)-r	p50(ms)-r	p95(ms)-r	p99(ms)-r	pMax(ms)-r	total-r	elapsed-w	errors-w	ops(total)-w	ops/sec(cum)-w	avg(ms)-w	p50(ms)-w	p95(ms)-w	p99(ms)-w	pMax(ms)-w	total-w	elapsed	errors	ops(total)	ops/sec(cum)	avg(ms)	p50(ms)	p95(ms)	p99(ms)	pMax(ms)
71	0.0	0.0	1151191.0	19186.4	2.3499999999999996	1.6250000000000002	6.300000000000001	17.825000000000003	115.325	0.0	0.0	0.0	60260.0	1004.3	4.6	2.9	15.724999999999998	31.475	110.1	0.0	0.0	0.0	1211451.0	20190.699999999997	2.4499999999999997	1.6500000000000001	6.824999999999999	18.875	122.64999999999999
