concurrency	elapsed-r	errors-r	ops(total)-r	ops/sec(cum)-r	avg(ms)-r	p50(ms)-r	p95(ms)-r	p99(ms)-r	pMax(ms)-r	total-r	elapsed	errors	ops(total)	ops/sec(cum)	avg(ms)	p50(ms)	p95(ms)	p99(ms)	pMax(ms)
47	0.0	0.0	1097239.0	36573.200000000004	10.362499999999999	9.375	22.4	32.75	83.89999999999999	0.0	0.0	0.0	1097239.0	36573.200000000004	10.362499999999999	9.375	22.4	32.75	83.89999999999999
