concurrency	elapsed-r	errors-r	ops(total)-r	ops/sec(cum)-r	avg(ms)-r	p50(ms)-r	p95(ms)-r	p99(ms)-r	pMax(ms)-r	total-r	elapsed-w	errors-w	ops(total)-w	ops/sec(cum)-w	avg(ms)-w	p50(ms)-w	p95(ms)-w	p99(ms)-w	pMax(ms)-w	total-w	elapsed	errors	ops(total)	ops/sec(cum)	avg(ms)	p50(ms)	p95(ms)	p99(ms)	pMax(ms)
43	0.0	0.0	1937082.0	64567.4	4.4	3.8749999999999996	10.5	16.7375	107.19999999999999	0.0	0.0	0.0	101608.0	3386.9	8.0875	7.487499999999999	17.95	25.175	56.599999999999994	0.0	0.0	0.0	2038690.0	67954.3	4.6	3.9750000000000005	11.25	17.95	107.19999999999999
