concurrency	elapsed-w	errors-w	ops(total)-w	ops/sec(cum)-w	avg(ms)-w	p50(ms)-w	p95(ms)-w	p99(ms)-w	pMax(ms)-w	total-w	elapsed	errors	ops(total)	ops/sec(cum)	avg(ms)	p50(ms)	p95(ms)	p99(ms)	pMax(ms)
48	0.0	0.0	640882.0	21361.9	17.5375	9.7	49.77499999999999	65.52499999999999	241.15	0.0	0.0	0.0	640882.0	21361.9	17.5375	9.7	49.77499999999999	65.52499999999999	241.15
