concurrency	elapsed-r	errors-r	ops(total)-r	ops/sec(cum)-r	avg(ms)-r	p50(ms)-r	p95(ms)-r	p99(ms)-r	pMax(ms)-r	total-r	elapsed-w	errors-w	ops(total)-w	ops/sec(cum)-w	avg(ms)-w	p50(ms)-w	p95(ms)-w	p99(ms)-w	pMax(ms)-w	total-w	elapsed	errors	ops(total)	ops/sec(cum)	avg(ms)	p50(ms)	p95(ms)	p99(ms)	pMax(ms)
31	0.0	0.0	3413164.0	113770.09999999999	1.8625	1.7625000000000002	3.2624999999999993	6.225	119.27499999999998	0.0	0.0	0.0	180139.0	6004.6	1.8625	1.7625000000000002	3.2874999999999996	6.2625	19.9875	0.0	0.0	0.0	3593303.0	119774.7	1.8625	1.7625000000000002	3.2624999999999993	6.225	119.27499999999998
