concurrency	elapsed-r	errors-r	ops(total)-r	ops/sec(cum)-r	avg(ms)-r	p50(ms)-r	p95(ms)-r	p99(ms)-r	pMax(ms)-r	total-r	elapsed-w	errors-w	ops(total)-w	ops/sec(cum)-w	avg(ms)-w	p50(ms)-w	p95(ms)-w	p99(ms)-w	pMax(ms)-w	total-w	elapsed	errors	ops(total)	ops/sec(cum)	avg(ms)	p50(ms)	p95(ms)	p99(ms)	pMax(ms)
16	0.0	0.0	1185868.0	39528.6	0.9	0.9	1.1	3.7000000000000006	9.233333333333334	0.0	0.0	0.0	62080.0	2069.4	1.5	1.3999999999999997	1.8	5.066666666666666	9.066666666666668	0.0	0.0	0.0	1247948.0	41597.8	1.0	0.9	1.3999999999999997	3.7000000000000006	9.233333333333334
