concurrency	elapsed-r	errors-r	ops(total)-r	ops/sec(cum)-r	avg(ms)-r	p50(ms)-r	p95(ms)-r	p99(ms)-r	pMax(ms)-r	total-r	elapsed-w	errors-w	ops(total)-w	ops/sec(cum)-w	avg(ms)-w	p50(ms)-w	p95(ms)-w	p99(ms)-w	pMax(ms)-w	total-w	elapsed	errors	ops(total)	ops/sec(cum)	avg(ms)	p50(ms)	p95(ms)	p99(ms)	pMax(ms)
10	0.0	0.0	298688.0	9956.1	3.325	2.95	6.549999999999999	8.1625	14.625	0.0	0.0	0.0	15742.0	524.8	84.2375	30.587499999999995	192.90000000000003	209.70000000000002	233.85000000000002	0.0	0.0	0.0	314430.0	10480.800000000001	7.4125	3.075	7.3125	176.20000000000002	233.85000000000002
