concurrency	elapsed-r	errors-r	ops(total)-r	ops/sec(cum)-r	avg(ms)-r	p50(ms)-r	p95(ms)-r	p99(ms)-r	pMax(ms)-r	total-r	elapsed-w	errors-w	ops(total)-w	ops/sec(cum)-w	avg(ms)-w	p50(ms)-w	p95(ms)-w	p99(ms)-w	pMax(ms)-w	total-w	elapsed	errors	ops(total)	ops/sec(cum)	avg(ms)	p50(ms)	p95(ms)	p99(ms)	pMax(ms)
114	0.0	0.0	4367191.0	145563.6	3.46	2.62	10.3	17.56	96.9	0.0	0.0	0.0	229245.0	7641.000000000001	18.16	7.140000000000001	21.82	403.8	596.6600000000001	0.0	0.0	0.0	4596436.0	153204.69999999998	4.199999999999999	2.66	11.4	19.419999999999998	596.6600000000001
