concurrency	elapsed-r	errors-r	ops(total)-r	ops/sec(cum)-r	avg(ms)-r	p50(ms)-r	p95(ms)-r	p99(ms)-r	pMax(ms)-r	total-r	elapsed-w	errors-w	ops(total)-w	ops/sec(cum)-w	avg(ms)-w	p50(ms)-w	p95(ms)-w	p99(ms)-w	pMax(ms)-w	total-w	elapsed	errors	ops(total)	ops/sec(cum)	avg(ms)	p50(ms)	p95(ms)	p99(ms)	pMax(ms)
19	0.0	0.0	1345178.0	44838.3	1.6999999999999997	1.3125000000000002	4.55	7.025	47.0375	0.0	0.0	0.0	70468.0	2348.9	28.35	2.2624999999999997	224.39999999999998	243.29999999999998	285.2	0.0	0.0	0.0	1415646.0	47187.299999999996	3.0125	1.3125000000000002	4.7625	9.0875	285.2
