concurrency	elapsed-r	errors-r	ops(total)-r	ops/sec(cum)-r	avg(ms)-r	p50(ms)-r	p95(ms)-r	p99(ms)-r	pMax(ms)-r	total-r	elapsed-w	errors-w	ops(total)-w	ops/sec(cum)-w	avg(ms)-w	p50(ms)-w	p95(ms)-w	p99(ms)-w	pMax(ms)-w	total-w	elapsed	errors	ops(total)	ops/sec(cum)	avg(ms)	p50(ms)	p95(ms)	p99(ms)	pMax(ms)
38	0.0	0.0	1950213.0	65004.899999999994	3.9750000000000005	3.3000000000000003	8.9	14.4875	60.28750000000001	0.0	0.0	0.0	102947.0	3431.4999999999995	5.574999999999999	3.6874999999999996	15.15	21.875	44.012499999999996	0.0	0.0	0.0	2053160.0	68436.3	4.0625	3.3000000000000003	9.4625	15.325	65.0
