concurrency	elapsed-r	errors-r	ops(total)-r	ops/sec(cum)-r	avg(ms)-r	p50(ms)-r	p95(ms)-r	p99(ms)-r	pMax(ms)-r	total-r	elapsed-w	errors-w	ops(total)-w	ops/sec(cum)-w	avg(ms)-w	p50(ms)-w	p95(ms)-w	p99(ms)-w	pMax(ms)-w	total-w	elapsed	errors	ops(total)	ops/sec(cum)	avg(ms)	p50(ms)	p95(ms)	p99(ms)	pMax(ms)
152	0.0	0.0	4511718.0	150376.7	5.34	4.3	13.780000000000001	22.740000000000002	215.8	0.0	0.0	0.0	237859.0	7927.9	14.959999999999999	13.9	31.02	41.94	179.96	0.0	0.0	0.0	4749577.0	158304.5	5.840000000000001	4.4399999999999995	16.419999999999998	26.6	216.01999999999998
