concurrency	elapsed-r	errors-r	ops(total)-r	ops/sec(cum)-r	avg(ms)-r	p50(ms)-r	p95(ms)-r	p99(ms)-r	pMax(ms)-r	total-r	elapsed-w	errors-w	ops(total)-w	ops/sec(cum)-w	avg(ms)-w	p50(ms)-w	p95(ms)-w	p99(ms)-w	pMax(ms)-w	total-w	elapsed	errors	ops(total)	ops/sec(cum)	avg(ms)	p50(ms)	p95(ms)	p99(ms)	pMax(ms)
29	0.0	0.0	1169763.0	38991.100000000006	4.8875	3.0749999999999997	12.075	47.15000000000001	295.70000000000005	0.0	0.0	0.0	62055.0	2068.3999999999996	13.9125	5.9750000000000005	85.47500000000001	142.6	328.2	0.0	0.0	0.0	1231818.0	41059.5	5.350000000000001	3.15	12.724999999999998	63.949999999999996	335.55
