concurrency	elapsed-r	errors-r	ops(total)-r	ops/sec(cum)-r	avg(ms)-r	p50(ms)-r	p95(ms)-r	p99(ms)-r	pMax(ms)-r	total-r	elapsed-w	errors-w	ops(total)-w	ops/sec(cum)-w	avg(ms)-w	p50(ms)-w	p95(ms)-w	p99(ms)-w	pMax(ms)-w	total-w	elapsed	errors	ops(total)	ops/sec(cum)	avg(ms)	p50(ms)	p95(ms)	p99(ms)	pMax(ms)
48	0.0	0.0	1942020.0	64731.7	4.9375	4.3	11.9375	19.400000000000002	84.93749999999999	0.0	0.0	0.0	102114.0	3403.9000000000005	9.025	8.262500000000001	20.587500000000002	30.5625	111.1625	0.0	0.0	0.0	2044134.0	68135.40000000001	5.137499999999999	4.375	12.849999999999998	20.3125	113.2625
