concurrency	elapsed-r	errors-r	ops(total)-r	ops/sec(cum)-r	avg(ms)-r	p50(ms)-r	p95(ms)-r	p99(ms)-r	pMax(ms)-r	total-r	elapsed	errors	ops(total)	ops/sec(cum)	avg(ms)	p50(ms)	p95(ms)	p99(ms)	pMax(ms)
53	0.0	0.0	1870277.0	62340.59999999999	6.2875000000000005	5.3625	15.149999999999999	23.049999999999997	59.225	0.0	0.0	0.0	1870277.0	62340.59999999999	6.2875000000000005	5.3625	15.149999999999999	23.049999999999997	59.225
