concurrency	elapsed-r	errors-r	ops(total)-r	ops/sec(cum)-r	avg(ms)-r	p50(ms)-r	p95(ms)-r	p99(ms)-r	pMax(ms)-r	total-r	elapsed	errors	ops(total)	ops/sec(cum)	avg(ms)	p50(ms)	p95(ms)	p99(ms)	pMax(ms)
19	0.0	0.0	1095416.0	36513.3	4.0	3.7375	7.4375	10.749999999999998	34.862500000000004	0.0	0.0	0.0	1095416.0	36513.3	4.0	3.7375	7.4375	10.749999999999998	34.862500000000004
