concurrency	elapsed-r	errors-r	ops(total)-r	ops/sec(cum)-r	avg(ms)-r	p50(ms)-r	p95(ms)-r	p99(ms)-r	pMax(ms)-r	total-r	elapsed	errors	ops(total)	ops/sec(cum)	avg(ms)	p50(ms)	p95(ms)	p99(ms)	pMax(ms)
14	0.0	0.0	1276302.0	42542.799999999996	2.4499999999999997	2.3375	4.25	6.875000000000001	18.087500000000002	0.0	0.0	0.0	1276302.0	42542.799999999996	2.4499999999999997	2.3375	4.25	6.875000000000001	18.087500000000002
