concurrency	elapsed-r	errors-r	ops(total)-r	ops/sec(cum)-r	avg(ms)-r	p50(ms)-r	p95(ms)-r	p99(ms)-r	pMax(ms)-r	total-r	elapsed-w	errors-w	ops(total)-w	ops/sec(cum)-w	avg(ms)-w	p50(ms)-w	p95(ms)-w	p99(ms)-w	pMax(ms)-w	total-w	elapsed	errors	ops(total)	ops/sec(cum)	avg(ms)	p50(ms)	p95(ms)	p99(ms)	pMax(ms)
14	0.0	0.0	639330.0	21310.499999999996	3.8625	2.65	13.412499999999998	22.825	68.675	0.0	0.0	0.0	33425.0	1114.3	22.112500000000004	9.725	56.3375	329.23749999999995	421.525	0.0	0.0	0.0	672755.0	22424.7	4.775	2.65	14.3625	24.787499999999998	421.525
