concurrency	elapsed-w	errors-w	ops(total)-w	ops/sec(cum)-w	avg(ms)-w	p50(ms)-w	p95(ms)-w	p99(ms)-w	pMax(ms)-w	total-w	elapsed	errors	ops(total)	ops/sec(cum)	avg(ms)	p50(ms)	p95(ms)	p99(ms)	pMax(ms)
38	0.0	0.0	4794177.0	159803.19999999998	1.6500000000000001	1.45	3.1874999999999996	5.15	153.1	0.0	0.0	0.0	4794177.0	159803.19999999998	1.6500000000000001	1.45	3.1874999999999996	5.15	153.1
