concurrency	elapsed-r	errors-r	ops(total)-r	ops/sec(cum)-r	avg(ms)-r	p50(ms)-r	p95(ms)-r	p99(ms)-r	pMax(ms)-r	total-r	elapsed-w	errors-w	ops(total)-w	ops/sec(cum)-w	avg(ms)-w	p50(ms)-w	p95(ms)-w	p99(ms)-w	pMax(ms)-w	total-w	elapsed	errors	ops(total)	ops/sec(cum)	avg(ms)	p50(ms)	p95(ms)	p99(ms)	pMax(ms)
15	0.0	0.0	587127.0	19570.5	5.075	1.8875000000000002	18.900000000000002	45.575	394.29999999999995	0.0	0.0	0.0	30886.0	1029.4	15.9875	3.5749999999999997	49.25	163.6	436.23749999999995	0.0	0.0	0.0	618013.0	20599.9	5.6125	2.0	23.224999999999998	50.0375	440.4375
