concurrency	elapsed-r	errors-r	ops(total)-r	ops/sec(cum)-r	avg(ms)-r	p50(ms)-r	p95(ms)-r	p99(ms)-r	pMax(ms)-r	total-r	elapsed-w	errors-w	ops(total)-w	ops/sec(cum)-w	avg(ms)-w	p50(ms)-w	p95(ms)-w	p99(ms)-w	pMax(ms)-w	total-w	elapsed	errors	ops(total)	ops/sec(cum)	avg(ms)	p50(ms)	p95(ms)	p99(ms)	pMax(ms)
70	0.0	0.0	2852883.0	95092.9	3.5	2.84	8.0	16.759999999999998	131.06	0.0	0.0	0.0	149705.0	4990.0	9.639999999999999	8.58	20.759999999999998	27.860000000000003	119.52000000000001	0.0	0.0	0.0	3002588.0	100082.7	3.8	2.9400000000000004	10.679999999999998	18.22	136.28
