concurrency	elapsed-r	errors-r	ops(total)-r	ops/sec(cum)-r	avg(ms)-r	p50(ms)-r	p95(ms)-r	p99(ms)-r	pMax(ms)-r	total-r	elapsed-w	errors-w	ops(total)-w	ops/sec(cum)-w	avg(ms)-w	p50(ms)-w	p95(ms)-w	p99(ms)-w	pMax(ms)-w	total-w	elapsed	errors	ops(total)	ops/sec(cum)	avg(ms)	p50(ms)	p95(ms)	p99(ms)	pMax(ms)
55	0.0	0.0	2166731.0	48148.40000000001	3.78	2.18	11.98	27.3	73.82000000000001	0.0	0.0	0.0	113929.0	2531.7	7.4399999999999995	4.779999999999999	25.4	44.0	76.33999999999999	0.0	0.0	0.0	2280660.0	50680.0	3.9799999999999995	2.3600000000000003	13.0	28.52	77.17999999999999
