concurrency	elapsed-r	errors-r	ops(total)-r	ops/sec(cum)-r	avg(ms)-r	p50(ms)-r	p95(ms)-r	p99(ms)-r	pMax(ms)-r	total-r	elapsed-w	errors-w	ops(total)-w	ops/sec(cum)-w	avg(ms)-w	p50(ms)-w	p95(ms)-w	p99(ms)-w	pMax(ms)-w	total-w	elapsed	errors	ops(total)	ops/sec(cum)	avg(ms)	p50(ms)	p95(ms)	p99(ms)	pMax(ms)
35	0.0	0.0	3310413.0	110344.89999999998	2.25	2.0625000000000004	5.15	7.4625	96.58749999999998	0.0	0.0	0.0	174100.0	5803.4	2.25	2.1125000000000003	5.175000000000001	7.4875	21.0625	0.0	0.0	0.0	3484513.0	116148.1	2.25	2.0875	5.15	7.4625	96.58749999999998
