concurrency	elapsed-r	errors-r	ops(total)-r	ops/sec(cum)-r	avg(ms)-r	p50(ms)-r	p95(ms)-r	p99(ms)-r	pMax(ms)-r	total-r	elapsed-w	errors-w	ops(total)-w	ops/sec(cum)-w	avg(ms)-w	p50(ms)-w	p95(ms)-w	p99(ms)-w	pMax(ms)-w	total-w	elapsed	errors	ops(total)	ops/sec(cum)	avg(ms)	p50(ms)	p95(ms)	p99(ms)	pMax(ms)
147	0.0	0.0	4632337.0	154400.40000000002	4.380000000000001	3.5200000000000005	10.82	19.3	194.42000000000002	0.0	0.0	0.0	244955.0	8164.5	13.580000000000002	12.499999999999998	27.26	36.06	194.6	0.0	0.0	0.0	4877292.0	162565.00000000003	4.8	3.7	14.34	23.08	201.1
