concurrency	elapsed-r	errors-r	ops(total)-r	ops/sec(cum)-r	avg(ms)-r	p50(ms)-r	p95(ms)-r	p99(ms)-r	pMax(ms)-r	total-r	elapsed-w	errors-w	ops(total)-w	ops/sec(cum)-w	avg(ms)-w	p50(ms)-w	p95(ms)-w	p99(ms)-w	pMax(ms)-w	total-w	elapsed	errors	ops(total)	ops/sec(cum)	avg(ms)	p50(ms)	p95(ms)	p99(ms)	pMax(ms)
51	0.0	0.0	1127225.0	37573.2	2.6333333333333333	2.2	6.0	16.099999999999998	78.3	0.0	0.0	0.0	59353.0	1978.3	1.1666666666666667	0.9	2.5	6.3999999999999995	57.300000000000004	0.0	0.0	0.0	1186578.0	39551.5	2.6	2.0	5.8	15.699999999999998	79.7
