concurrency	elapsed-r	errors-r	ops(total)-r	ops/sec(cum)-r	avg(ms)-r	p50(ms)-r	p95(ms)-r	p99(ms)-r	pMax(ms)-r	total-r	elapsed-w	errors-w	ops(total)-w	ops/sec(cum)-w	avg(ms)-w	p50(ms)-w	p95(ms)-w	p99(ms)-w	pMax(ms)-w	total-w	elapsed	errors	ops(total)	ops/sec(cum)	avg(ms)	p50(ms)	p95(ms)	p99(ms)	pMax(ms)
47	0.0	0.0	2128597.0	70951.1	4.4750000000000005	3.7375000000000003	10.275	16.9625	73.9125	0.0	0.0	0.0	111551.0	3718.2999999999997	6.3375	4.325	16.8375	24.65	53.1875	0.0	0.0	0.0	2240148.0	74669.4	4.5625	3.7499999999999996	10.85	17.5625	74.4375
