concurrency	elapsed-r	errors-r	ops(total)-r	ops/sec(cum)-r	avg(ms)-r	p50(ms)-r	p95(ms)-r	p99(ms)-r	pMax(ms)-r	total-r	elapsed-w	errors-w	ops(total)-w	ops/sec(cum)-w	avg(ms)-w	p50(ms)-w	p95(ms)-w	p99(ms)-w	pMax(ms)-w	total-w	elapsed	errors	ops(total)	ops/sec(cum)	avg(ms)	p50(ms)	p95(ms)	p99(ms)	pMax(ms)
32	0.0	0.0	170380.0	2839.7	1.625	1.4	3.225	7.65	26.225	0.0	0.0	0.0	8992.0	149.79999999999998	2.7	2.4	5.9750000000000005	12.700000000000001	23.875	0.0	0.0	0.0	179372.0	2989.4999999999995	1.675	1.4	3.5250000000000004	8.2	27.025000000000002
