concurrency	elapsed-r	errors-r	ops(total)-r	ops/sec(cum)-r	avg(ms)-r	p50(ms)-r	p95(ms)-r	p99(ms)-r	pMax(ms)-r	total-r	elapsed-w	errors-w	ops(total)-w	ops/sec(cum)-w	avg(ms)-w	p50(ms)-w	p95(ms)-w	p99(ms)-w	pMax(ms)-w	total-w	elapsed	errors	ops(total)	ops/sec(cum)	avg(ms)	p50(ms)	p95(ms)	p99(ms)	pMax(ms)
32	0.0	0.0	590005.0	19666.3	7.9125	2.45	15.9375	160.45000000000002	341.825	0.0	0.0	0.0	30915.0	1030.5	92.7375	91.25	118.44999999999999	242.25	465.5625	0.0	0.0	0.0	620920.0	20696.600000000002	12.15	2.6	91.25	165.70000000000002	465.5625
