concurrency	elapsed-w	errors-w	ops(total)-w	ops/sec(cum)-w	avg(ms)-w	p50(ms)-w	p95(ms)-w	p99(ms)-w	pMax(ms)-w	total-w	elapsed	errors	ops(total)	ops/sec(cum)	avg(ms)	p50(ms)	p95(ms)	p99(ms)	pMax(ms)
35	0.0	0.0	655108.0	21836.399999999998	12.387500000000001	4.074999999999999	13.362499999999997	26.225	1879.0	0.0	0.0	0.0	655108.0	21836.399999999998	12.387500000000001	4.074999999999999	13.362499999999997	26.225	1879.0
