concurrency	elapsed-r	errors-r	ops(total)-r	ops/sec(cum)-r	avg(ms)-r	p50(ms)-r	p95(ms)-r	p99(ms)-r	pMax(ms)-r	total-r	elapsed-w	errors-w	ops(total)-w	ops/sec(cum)-w	avg(ms)-w	p50(ms)-w	p95(ms)-w	p99(ms)-w	pMax(ms)-w	total-w	elapsed	errors	ops(total)	ops/sec(cum)	avg(ms)	p50(ms)	p95(ms)	p99(ms)	pMax(ms)
51	0.0	0.0	1261419.0	42045.5	8.262500000000001	7.187499999999999	19.150000000000002	28.962500000000006	276.8	0.0	0.0	0.0	66469.0	2215.7	16.562499999999996	14.3625	34.375	67.1	291.5125	0.0	0.0	0.0	1327888.0	44261.1	8.675	7.275	20.45	31.6125	293.59999999999997
