concurrency	elapsed-r	errors-r	ops(total)-r	ops/sec(cum)-r	avg(ms)-r	p50(ms)-r	p95(ms)-r	p99(ms)-r	pMax(ms)-r	total-r	elapsed	errors	ops(total)	ops/sec(cum)	avg(ms)	p50(ms)	p95(ms)	p99(ms)	pMax(ms)
24	0.0	0.0	970218.0	32340.0	5.800000000000001	5.300000000000001	11.599999999999998	15.975	41.112500000000004	0.0	0.0	0.0	970218.0	32340.0	5.800000000000001	5.300000000000001	11.599999999999998	15.975	41.112500000000004
