concurrency	elapsed-r	errors-r	ops(total)-r	ops/sec(cum)-r	avg(ms)-r	p50(ms)-r	p95(ms)-r	p99(ms)-r	pMax(ms)-r	total-r	elapsed-w	errors-w	ops(total)-w	ops/sec(cum)-w	avg(ms)-w	p50(ms)-w	p95(ms)-w	p99(ms)-w	pMax(ms)-w	total-w	elapsed	errors	ops(total)	ops/sec(cum)	avg(ms)	p50(ms)	p95(ms)	p99(ms)	pMax(ms)
38	0.0	0.0	3082920.0	102761.5	2.4625000000000004	2.2874999999999996	4.175	7.6375	24.6625	0.0	0.0	0.0	161812.0	5393.7	2.6999999999999997	2.375	5.95	9.325	23.212499999999995	0.0	0.0	0.0	3244732.0	108155.3	2.475	2.3	4.3	7.7875	25.575
