concurrency	elapsed-r	errors-r	ops(total)-r	ops/sec(cum)-r	avg(ms)-r	p50(ms)-r	p95(ms)-r	p99(ms)-r	pMax(ms)-r	total-r	elapsed	errors	ops(total)	ops/sec(cum)	avg(ms)	p50(ms)	p95(ms)	p99(ms)	pMax(ms)
6	0.0	0.0	897590.0	29919.4	1.4749999999999999	1.375	1.9499999999999997	3.0124999999999997	16.0125	0.0	0.0	0.0	897590.0	29919.4	1.4749999999999999	1.375	1.9499999999999997	3.0124999999999997	16.0125
