concurrency	elapsed-r	errors-r	ops(total)-r	ops/sec(cum)-r	avg(ms)-r	p50(ms)-r	p95(ms)-r	p99(ms)-r	pMax(ms)-r	total-r	elapsed-w	errors-w	ops(total)-w	ops/sec(cum)-w	avg(ms)-w	p50(ms)-w	p95(ms)-w	p99(ms)-w	pMax(ms)-w	total-w	elapsed	errors	ops(total)	ops/sec(cum)	avg(ms)	p50(ms)	p95(ms)	p99(ms)	pMax(ms)
5	0.0	0.0	519140.0	17304.399999999998	1.9124999999999999	1.8375000000000001	2.8499999999999996	4.2749999999999995	16.325000000000003	0.0	0.0	0.0	27317.0	910.5	3.3875	3.2625	4.7250000000000005	7.300000000000001	13.7625	0.0	0.0	0.0	546457.0	18214.899999999998	1.9749999999999999	1.875	3.2125	4.7	16.325000000000003
