concurrency	elapsed-r	errors-r	ops(total)-r	ops/sec(cum)-r	avg(ms)-r	p50(ms)-r	p95(ms)-r	p99(ms)-r	pMax(ms)-r	total-r	elapsed-w	errors-w	ops(total)-w	ops/sec(cum)-w	avg(ms)-w	p50(ms)-w	p95(ms)-w	p99(ms)-w	pMax(ms)-w	total-w	elapsed	errors	ops(total)	ops/sec(cum)	avg(ms)	p50(ms)	p95(ms)	p99(ms)	pMax(ms)
89	0.0	0.0	2350272.0	78339.6	2.3333333333333335	1.5333333333333332	6.333333333333333	11.0	40.199999999999996	0.0	0.0	0.0	123445.0	4114.6	27.2	2.9333333333333336	149.60000000000002	172.66666666666666	213.9	0.0	0.0	0.0	2473717.0	82454.4	3.5666666666666664	1.5999999999999999	6.766666666666666	19.599999999999998	213.9
