concurrency	elapsed-r	errors-r	ops(total)-r	ops/sec(cum)-r	avg(ms)-r	p50(ms)-r	p95(ms)-r	p99(ms)-r	pMax(ms)-r	total-r	elapsed	errors	ops(total)	ops/sec(cum)	avg(ms)	p50(ms)	p95(ms)	p99(ms)	pMax(ms)
43	0.0	0.0	1253134.0	41769.8	8.2375	7.3999999999999995	17.275000000000002	26.225	73.6625	0.0	0.0	0.0	1253134.0	41769.8	8.2375	7.3999999999999995	17.275000000000002	26.225	73.6625
