concurrency	elapsed-r	errors-r	ops(total)-r	ops/sec(cum)-r	avg(ms)-r	p50(ms)-r	p95(ms)-r	p99(ms)-r	pMax(ms)-r	total-r	elapsed-w	errors-w	ops(total)-w	ops/sec(cum)-w	avg(ms)-w	p50(ms)-w	p95(ms)-w	p99(ms)-w	pMax(ms)-w	total-w	elapsed	errors	ops(total)	ops/sec(cum)	avg(ms)	p50(ms)	p95(ms)	p99(ms)	pMax(ms)
39	0.0	0.0	578954.0	19297.699999999997	9.612499999999999	2.45	25.5625	201.29999999999998	471.85	0.0	0.0	0.0	30296.0	1009.9000000000001	120.16250000000001	113.20000000000002	164.63750000000002	322.975	597.6875	0.0	0.0	0.0	609250.0	20307.5	15.125	2.65	116.875	209.70000000000002	601.875
