concurrency	elapsed-w	errors-w	ops(total)-w	ops/sec(cum)-w	avg(ms)-w	p50(ms)-w	p95(ms)-w	p99(ms)-w	pMax(ms)-w	total-w	elapsed	errors	ops(total)	ops/sec(cum)	avg(ms)	p50(ms)	p95(ms)	p99(ms)	pMax(ms)
64	0.0	0.0	3423293.0	114104.2	4.2625	4.325	10.5	14.850000000000001	95.68750000000001	0.0	0.0	0.0	3423293.0	114104.2	4.2625	4.325	10.5	14.850000000000001	95.68750000000001
