concurrency	elapsed-r	errors-r	ops(total)-r	ops/sec(cum)-r	avg(ms)-r	p50(ms)-r	p95(ms)-r	p99(ms)-r	pMax(ms)-r	total-r	elapsed-w	errors-w	ops(total)-w	ops/sec(cum)-w	avg(ms)-w	p50(ms)-w	p95(ms)-w	p99(ms)-w	pMax(ms)-w	total-w	elapsed	errors	ops(total)	ops/sec(cum)	avg(ms)	p50(ms)	p95(ms)	p99(ms)	pMax(ms)
5	0.0	0.0	299704.0	9989.9	3.05	2.5500000000000003	5.65	11.825	203.9375	0.0	0.0	0.0	15744.0	524.8	13.887500000000001	11.15	34.9125	46.62499999999999	254.2625	0.0	0.0	0.0	315448.0	10514.7	3.5875	2.65	7.6125	25.824999999999996	272.625
