concurrency	elapsed-r	errors-r	ops(total)-r	ops/sec(cum)-r	avg(ms)-r	p50(ms)-r	p95(ms)-r	p99(ms)-r	pMax(ms)-r	total-r	elapsed-w	errors-w	ops(total)-w	ops/sec(cum)-w	avg(ms)-w	p50(ms)-w	p95(ms)-w	p99(ms)-w	pMax(ms)-w	total-w	elapsed	errors	ops(total)	ops/sec(cum)	avg(ms)	p50(ms)	p95(ms)	p99(ms)	pMax(ms)
55	0.0	0.0	1713126.0	57102.20000000001	6.6375	5.375	15.874999999999998	24.15	59.487500000000004	0.0	0.0	0.0	90066.0	3002.0	9.9625	6.4	27.000000000000004	37.724999999999994	69.72500000000001	0.0	0.0	0.0	1803192.0	60104.2	6.7749999999999995	5.375	16.75	25.5625	69.98750000000001
