concurrency	elapsed-r	errors-r	ops(total)-r	ops/sec(cum)-r	avg(ms)-r	p50(ms)-r	p95(ms)-r	p99(ms)-r	pMax(ms)-r	total-r	elapsed	errors	ops(total)	ops/sec(cum)	avg(ms)	p50(ms)	p95(ms)	p99(ms)	pMax(ms)
62	0.0	0.0	1549596.0	51651.4	8.975	8.2	19.400000000000002	28.212500000000006	182.43750000000003	0.0	0.0	0.0	1549596.0	51651.4	8.975	8.2	19.400000000000002	28.212500000000006	182.43750000000003
