concurrency	elapsed-r	errors-r	ops(total)-r	ops/sec(cum)-r	avg(ms)-r	p50(ms)-r	p95(ms)-r	p99(ms)-r	pMax(ms)-r	total-r	elapsed-w	errors-w	ops(total)-w	ops/sec(cum)-w	avg(ms)-w	p50(ms)-w	p95(ms)-w	p99(ms)-w	pMax(ms)-w	total-w	elapsed	errors	ops(total)	ops/sec(cum)	avg(ms)	p50(ms)	p95(ms)	p99(ms)	pMax(ms)
20	0.0	0.0	1813537.0	60450.1	2.15	1.7500000000000002	5.575	9.15	27.0	0.0	0.0	0.0	95927.0	3197.3999999999996	4.7124999999999995	3.2750000000000004	12.349999999999998	40.06249999999999	95.45	0.0	0.0	0.0	1909464.0	63647.4	2.275	1.7750000000000001	5.825	10.0375	95.45
