concurrency	elapsed-r	errors-r	ops(total)-r	ops/sec(cum)-r	avg(ms)-r	p50(ms)-r	p95(ms)-r	p99(ms)-r	pMax(ms)-r	total-r	elapsed-w	errors-w	ops(total)-w	ops/sec(cum)-w	avg(ms)-w	p50(ms)-w	p95(ms)-w	p99(ms)-w	pMax(ms)-w	total-w	elapsed	errors	ops(total)	ops/sec(cum)	avg(ms)	p50(ms)	p95(ms)	p99(ms)	pMax(ms)
68	0.0	0.0	1827204.0	60905.200000000004	2.1666666666666665	1.5666666666666667	5.733333333333333	9.066666666666666	27.833333333333332	0.0	0.0	0.0	96137.0	3204.5	52.199999999999996	2.733333333333333	282.56666666666666	307.43333333333334	331.3333333333333	0.0	0.0	0.0	1923341.0	64109.700000000004	4.666666666666667	1.5999999999999999	6.099999999999999	16.0	331.3333333333333
