concurrency	elapsed-r	errors-r	ops(total)-r	ops/sec(cum)-r	avg(ms)-r	p50(ms)-r	p95(ms)-r	p99(ms)-r	pMax(ms)-r	total-r	elapsed-w	errors-w	ops(total)-w	ops/sec(cum)-w	avg(ms)-w	p50(ms)-w	p95(ms)-w	p99(ms)-w	pMax(ms)-w	total-w	elapsed	errors	ops(total)	ops/sec(cum)	avg(ms)	p50(ms)	p95(ms)	p99(ms)	pMax(ms)
160	0.0	0.0	2799811.0	93319.2	8.040000000000001	6.44	21.4	32.68	912.7	0.0	0.0	0.0	147491.0	4916.0	28.320000000000004	26.620000000000005	57.46	75.54	632.5200000000001	0.0	0.0	0.0	2947302.0	98235.09999999999	9.059999999999999	6.58	26.26	44.44	912.7
