concurrency	elapsed-r	errors-r	ops(total)-r	ops/sec(cum)-r	avg(ms)-r	p50(ms)-r	p95(ms)-r	p99(ms)-r	pMax(ms)-r	total-r	elapsed-w	errors-w	ops(total)-w	ops/sec(cum)-w	avg(ms)-w	p50(ms)-w	p95(ms)-w	p99(ms)-w	pMax(ms)-w	total-w	elapsed	errors	ops(total)	ops/sec(cum)	avg(ms)	p50(ms)	p95(ms)	p99(ms)	pMax(ms)
37	0.0	0.0	1936127.0	64535.9	3.7875000000000005	3.3000000000000003	8.9	14.049999999999999	38.525	0.0	0.0	0.0	102785.0	3426.1000000000004	6.812499999999999	6.437499999999999	14.950000000000001	21.5	38.0125	0.0	0.0	0.0	2038912.0	67962.0	3.9374999999999996	3.425	9.4	15.075000000000001	40.6
