concurrency	elapsed-r	errors-r	ops(total)-r	ops/sec(cum)-r	avg(ms)-r	p50(ms)-r	p95(ms)-r	p99(ms)-r	pMax(ms)-r	total-r	elapsed-w	errors-w	ops(total)-w	ops/sec(cum)-w	avg(ms)-w	p50(ms)-w	p95(ms)-w	p99(ms)-w	pMax(ms)-w	total-w	elapsed	errors	ops(total)	ops/sec(cum)	avg(ms)	p50(ms)	p95(ms)	p99(ms)	pMax(ms)
39	0.0	0.0	1930180.0	64337.5	3.9999999999999996	3.475	9.3375	15.075000000000001	60.8	0.0	0.0	0.0	101930.0	3397.6	7.45	6.862499999999999	16.5375	23.724999999999998	50.300000000000004	0.0	0.0	0.0	2032110.0	67734.9	4.175	3.5875	10.25	16.0	63.425
