concurrency	elapsed-r	errors-r	ops(total)-r	ops/sec(cum)-r	avg(ms)-r	p50(ms)-r	p95(ms)-r	p99(ms)-r	pMax(ms)-r	total-r	elapsed-w	errors-w	ops(total)-w	ops/sec(cum)-w	avg(ms)-w	p50(ms)-w	p95(ms)-w	p99(ms)-w	pMax(ms)-w	total-w	elapsed	errors	ops(total)	ops/sec(cum)	avg(ms)	p50(ms)	p95(ms)	p99(ms)	pMax(ms)
23	0.0	0.0	1594200.0	35426.2	2.0	1.4	4.9399999999999995	11.74	44.0	0.0	0.0	0.0	83963.0	1865.8000000000002	10.98	2.52	61.21999999999999	88.1	110.74000000000001	0.0	0.0	0.0	1678163.0	37292.0	2.46	1.4600000000000002	5.38	21.2	110.74000000000001
