concurrency	elapsed-r	errors-r	ops(total)-r	ops/sec(cum)-r	avg(ms)-r	p50(ms)-r	p95(ms)-r	p99(ms)-r	pMax(ms)-r	total-r	elapsed	errors	ops(total)	ops/sec(cum)	avg(ms)	p50(ms)	p95(ms)	p99(ms)	pMax(ms)
39	0.0	0.0	5509003.0	183630.19999999998	1.375	1.2750000000000001	2.35	4.825	218.09999999999997	0.0	0.0	0.0	5509003.0	183630.19999999998	1.375	1.2750000000000001	2.35	4.825	218.09999999999997
