concurrency	elapsed-w	errors-w	ops(total)-w	ops/sec(cum)-w	avg(ms)-w	p50(ms)-w	p95(ms)-w	p99(ms)-w	pMax(ms)-w	total-w	elapsed	errors	ops(total)	ops/sec(cum)	avg(ms)	p50(ms)	p95(ms)	p99(ms)	pMax(ms)
33	0.0	0.0	4973877.0	165793.3	1.3125	1.2125000000000001	2.375	3.3874999999999997	151.2375	0.0	0.0	0.0	4973877.0	165793.3	1.3125	1.2125000000000001	2.375	3.3874999999999997	151.2375
