concurrency	elapsed-r	errors-r	ops(total)-r	ops/sec(cum)-r	avg(ms)-r	p50(ms)-r	p95(ms)-r	p99(ms)-r	pMax(ms)-r	total-r	elapsed-w	errors-w	ops(total)-w	ops/sec(cum)-w	avg(ms)-w	p50(ms)-w	p95(ms)-w	p99(ms)-w	pMax(ms)-w	total-w	elapsed	errors	ops(total)	ops/sec(cum)	avg(ms)	p50(ms)	p95(ms)	p99(ms)	pMax(ms)
16	0.0	0.0	1774243.0	59140.5	1.7624999999999997	1.5625	3.4374999999999996	6.799999999999999	56.8625	0.0	0.0	0.0	93527.0	3117.6	3.1750000000000003	2.8874999999999997	6.6125	10.375	30.662500000000005	0.0	0.0	0.0	1867770.0	62258.0	1.8375000000000004	1.5750000000000002	3.825	7.1000000000000005	58.9625
