ops/sec(cum)	p50(ms)	p99(ms)	read_tp	read_p50	read_p99	write_tp	write_p50	write_p99
261038.15000000002	0.18108333333333332	0.6863333333333334	250981.0166666667	0.1805	0.6863333333333334	10056.133333333335	0.18166666666666667	0.694
