concurrency	elapsed-r	errors-r	ops(total)-r	ops/sec(cum)-r	avg(ms)-r	p50(ms)-r	p95(ms)-r	p99(ms)-r	pMax(ms)-r	total-r	elapsed-w	errors-w	ops(total)-w	ops/sec(cum)-w	avg(ms)-w	p50(ms)-w	p95(ms)-w	p99(ms)-w	pMax(ms)-w	total-w	elapsed	errors	ops(total)	ops/sec(cum)	avg(ms)	p50(ms)	p95(ms)	p99(ms)	pMax(ms)
55	0.0	0.0	3313731.0	110454.49999999999	3.5000000000000004	3.3499999999999996	8.025	11.875	97.51250000000002	0.0	0.0	0.0	174268.0	5808.7	3.525	3.3749999999999996	7.9875	12.099999999999998	30.6625	0.0	0.0	0.0	3487999.0	116263.29999999999	3.5000000000000004	3.3499999999999996	8.025	11.875	98.4375
