concurrency	elapsed-r	errors-r	ops(total)-r	ops/sec(cum)-r	avg(ms)-r	p50(ms)-r	p95(ms)-r	p99(ms)-r	pMax(ms)-r	total-r	elapsed-w	errors-w	ops(total)-w	ops/sec(cum)-w	avg(ms)-w	p50(ms)-w	p95(ms)-w	p99(ms)-w	pMax(ms)-w	total-w	elapsed	errors	ops(total)	ops/sec(cum)	avg(ms)	p50(ms)	p95(ms)	p99(ms)	pMax(ms)
54	0.0	0.0	629736.0	20990.5	4.6	3.1666666666666665	10.0	27.3	89.5	0.0	0.0	0.0	33053.0	1101.8	10.1	8.733333333333334	25.866666666666664	46.1	90.89999999999999	0.0	0.0	0.0	662789.0	22092.3	4.9	3.2999999999999994	12.1	28.3	90.89999999999999
