concurrency	elapsed-r	errors-r	ops(total)-r	ops/sec(cum)-r	avg(ms)-r	p50(ms)-r	p95(ms)-r	p99(ms)-r	pMax(ms)-r	total-r	elapsed-w	errors-w	ops(total)-w	ops/sec(cum)-w	avg(ms)-w	p50(ms)-w	p95(ms)-w	p99(ms)-w	pMax(ms)-w	total-w	elapsed	errors	ops(total)	ops/sec(cum)	avg(ms)	p50(ms)	p95(ms)	p99(ms)	pMax(ms)
134	0.0	0.0	4525796.0	150848.90000000002	4.119999999999999	3.4200000000000004	9.98	18.46	225.66	0.0	0.0	0.0	237482.0	7915.400000000001	12.16	10.92	24.32	32.5	130.04	0.0	0.0	0.0	4763278.0	158764.3	4.5	3.4200000000000004	13.12	21.94	225.66
