concurrency	elapsed-r	errors-r	ops(total)-r	ops/sec(cum)-r	avg(ms)-r	p50(ms)-r	p95(ms)-r	p99(ms)-r	pMax(ms)-r	total-r	elapsed	errors	ops(total)	ops/sec(cum)	avg(ms)	p50(ms)	p95(ms)	p99(ms)	pMax(ms)
40	0.0	0.0	1348745.0	44957.0	7.075	6.2	15.374999999999998	23.324999999999996	50.824999999999996	0.0	0.0	0.0	1348745.0	44957.0	7.075	6.2	15.374999999999998	23.324999999999996	50.824999999999996
