concurrency	elapsed-r	errors-r	ops(total)-r	ops/sec(cum)-r	avg(ms)-r	p50(ms)-r	p95(ms)-r	p99(ms)-r	pMax(ms)-r	total-r	elapsed-w	errors-w	ops(total)-w	ops/sec(cum)-w	avg(ms)-w	p50(ms)-w	p95(ms)-w	p99(ms)-w	pMax(ms)-w	total-w	elapsed	errors	ops(total)	ops/sec(cum)	avg(ms)	p50(ms)	p95(ms)	p99(ms)	pMax(ms)
22	0.0	0.0	1041419.0	34713.4	4.625000000000001	4.55	8.175	9.55	23.987499999999997	0.0	0.0	0.0	55119.0	1837.3	4.887499999999999	4.812500000000001	8.9	10.75	23.6125	0.0	0.0	0.0	1096538.0	36550.50000000001	4.65	4.55	8.175	9.55	26.6125
