concurrency	elapsed-r	errors-r	ops(total)-r	ops/sec(cum)-r	avg(ms)-r	p50(ms)-r	p95(ms)-r	p99(ms)-r	pMax(ms)-r	total-r	elapsed-w	errors-w	ops(total)-w	ops/sec(cum)-w	avg(ms)-w	p50(ms)-w	p95(ms)-w	p99(ms)-w	pMax(ms)-w	total-w	elapsed	errors	ops(total)	ops/sec(cum)	avg(ms)	p50(ms)	p95(ms)	p99(ms)	pMax(ms)
112	0.0	0.0	4387478.0	146239.1	3.1399999999999997	2.42	9.120000000000001	16.580000000000002	89.34	0.0	0.0	0.0	230279.0	7675.4	20.339999999999996	5.58	17.94	528.26	696.26	0.0	0.0	0.0	4617757.0	153914.4	3.9799999999999995	2.42	9.76	17.759999999999998	696.26
