concurrency	elapsed-r	errors-r	ops(total)-r	ops/sec(cum)-r	avg(ms)-r	p50(ms)-r	p95(ms)-r	p99(ms)-r	pMax(ms)-r	total-r	elapsed-w	errors-w	ops(total)-w	ops/sec(cum)-w	avg(ms)-w	p50(ms)-w	p95(ms)-w	p99(ms)-w	pMax(ms)-w	total-w	elapsed	errors	ops(total)	ops/sec(cum)	avg(ms)	p50(ms)	p95(ms)	p99(ms)	pMax(ms)
47	0.0	0.0	1117551.0	37250.5	11.162499999999998	10.4	30.5375	33.85	152.05	0.0	0.0	0.0	59155.0	1971.8000000000002	51.775	46.0	134.225	175.1125	246.39999999999998	0.0	0.0	0.0	1176706.0	39222.299999999996	13.2	11.375	32.4625	86.5125	246.39999999999998
