concurrency	elapsed-w	errors-w	ops(total)-w	ops/sec(cum)-w	avg(ms)-w	p50(ms)-w	p95(ms)-w	p99(ms)-w	pMax(ms)-w	total-w	elapsed	errors	ops(total)	ops/sec(cum)	avg(ms)	p50(ms)	p95(ms)	p99(ms)	pMax(ms)
64	0.0	0.0	3869383.0	128975.59999999999	3.7375000000000003	2.2874999999999996	11.0	16.3125	40.075	0.0	0.0	0.0	3869383.0	128975.59999999999	3.7375000000000003	2.2874999999999996	11.0	16.3125	40.075
