concurrency	elapsed-r	errors-r	ops(total)-r	ops/sec(cum)-r	avg(ms)-r	p50(ms)-r	p95(ms)-r	p99(ms)-r	pMax(ms)-r	total-r	elapsed-w	errors-w	ops(total)-w	ops/sec(cum)-w	avg(ms)-w	p50(ms)-w	p95(ms)-w	p99(ms)-w	pMax(ms)-w	total-w	elapsed	errors	ops(total)	ops/sec(cum)	avg(ms)	p50(ms)	p95(ms)	p99(ms)	pMax(ms)
64	0.0	0.0	1627272.0	54240.9	2.6999999999999997	1.7333333333333334	7.633333333333333	11.799999999999999	31.633333333333336	0.0	0.0	0.0	85499.0	2849.9	66.89999999999999	3.533333333333333	382.7	406.8666666666666	444.9333333333334	0.0	0.0	0.0	1712771.0	57090.9	5.833333333333333	1.8	8.0	19.066666666666666	444.9333333333334
