concurrency	elapsed-r	errors-r	ops(total)-r	ops/sec(cum)-r	avg(ms)-r	p50(ms)-r	p95(ms)-r	p99(ms)-r	pMax(ms)-r	total-r	elapsed-w	errors-w	ops(total)-w	ops/sec(cum)-w	avg(ms)-w	p50(ms)-w	p95(ms)-w	p99(ms)-w	pMax(ms)-w	total-w	elapsed	errors	ops(total)	ops/sec(cum)	avg(ms)	p50(ms)	p95(ms)	p99(ms)	pMax(ms)
50	0.0	0.0	1941464.0	64713.100000000006	5.15	4.6	12.474999999999998	19.25	53.45	0.0	0.0	0.0	102539.0	3417.9	9.374999999999998	8.65	20.9875	31.487500000000004	92.825	0.0	0.0	0.0	2044003.0	68131.0	5.3625	4.6	13.099999999999998	20.725	92.825
