concurrency	elapsed-r	errors-r	ops(total)-r	ops/sec(cum)-r	avg(ms)-r	p50(ms)-r	p95(ms)-r	p99(ms)-r	pMax(ms)-r	total-r	elapsed-w	errors-w	ops(total)-w	ops/sec(cum)-w	avg(ms)-w	p50(ms)-w	p95(ms)-w	p99(ms)-w	pMax(ms)-w	total-w	elapsed	errors	ops(total)	ops/sec(cum)	avg(ms)	p50(ms)	p95(ms)	p99(ms)	pMax(ms)
69	0.0	0.0	2609235.0	86971.7	4.279999999999999	3.3800000000000003	11.24	19.48	80.52000000000001	0.0	0.0	0.0	136676.0	4555.599999999999	9.18	7.92	21.4	28.7	74.02000000000001	0.0	0.0	0.0	2745911.0	91527.4	4.5	3.5200000000000005	13.139999999999997	20.54	84.28
