concurrency	elapsed-r	errors-r	ops(total)-r	ops/sec(cum)-r	avg(ms)-r	p50(ms)-r	p95(ms)-r	p99(ms)-r	pMax(ms)-r	total-r	elapsed-w	errors-w	ops(total)-w	ops/sec(cum)-w	avg(ms)-w	p50(ms)-w	p95(ms)-w	p99(ms)-w	pMax(ms)-w	total-w	elapsed	errors	ops(total)	ops/sec(cum)	avg(ms)	p50(ms)	p95(ms)	p99(ms)	pMax(ms)
160	0.0	0.0	2817020.0	93894.09999999999	8.0	6.24	21.540000000000003	33.74	503.32000000000005	0.0	0.0	0.0	147369.0	4912.0	30.0	28.479999999999997	60.2	78.05999999999999	407.7	0.0	0.0	0.0	2964389.0	98806.0	9.14	6.58	27.46	46.760000000000005	503.32000000000005
