concurrency	elapsed-r	errors-r	ops(total)-r	ops/sec(cum)-r	avg(ms)-r	p50(ms)-r	p95(ms)-r	p99(ms)-r	pMax(ms)-r	total-r	elapsed-w	errors-w	ops(total)-w	ops/sec(cum)-w	avg(ms)-w	p50(ms)-w	p95(ms)-w	p99(ms)-w	pMax(ms)-w	total-w	elapsed	errors	ops(total)	ops/sec(cum)	avg(ms)	p50(ms)	p95(ms)	p99(ms)	pMax(ms)
32	0.0	0.0	2575473.0	85846.7	2.475	2.2375	4.825	8.4375	31.612500000000004	0.0	0.0	0.0	135669.0	4522.2	3.0500000000000003	2.35	7.737500000000001	11.825	27.275	0.0	0.0	0.0	2711142.0	90368.9	2.475	2.25	4.8500000000000005	8.7875	31.612500000000004
