concurrency	elapsed-r	errors-r	ops(total)-r	ops/sec(cum)-r	avg(ms)-r	p50(ms)-r	p95(ms)-r	p99(ms)-r	pMax(ms)-r	total-r	elapsed-w	errors-w	ops(total)-w	ops/sec(cum)-w	avg(ms)-w	p50(ms)-w	p95(ms)-w	p99(ms)-w	pMax(ms)-w	total-w	elapsed	errors	ops(total)	ops/sec(cum)	avg(ms)	p50(ms)	p95(ms)	p99(ms)	pMax(ms)
88	0.0	0.0	2650718.0	88353.8	5.5200000000000005	4.32	14.12	24.160000000000004	116.17999999999999	0.0	0.0	0.0	139210.0	4640.1	14.879999999999999	13.219999999999999	32.260000000000005	40.66	83.9	0.0	0.0	0.0	2789928.0	92994.0	5.92	4.5	17.259999999999998	26.820000000000004	116.17999999999999
