concurrency	elapsed-r	errors-r	ops(total)-r	ops/sec(cum)-r	avg(ms)-r	p50(ms)-r	p95(ms)-r	p99(ms)-r	pMax(ms)-r	total-r	elapsed-w	errors-w	ops(total)-w	ops/sec(cum)-w	avg(ms)-w	p50(ms)-w	p95(ms)-w	p99(ms)-w	pMax(ms)-w	total-w	elapsed	errors	ops(total)	ops/sec(cum)	avg(ms)	p50(ms)	p95(ms)	p99(ms)	pMax(ms)
42	0.0	0.0	3222749.0	107421.5	2.6125	2.4750000000000005	4.4750000000000005	8.15	53.33749999999999	0.0	0.0	0.0	169987.0	5666.1	2.725	2.4750000000000005	5.275	9.075	25.575000000000003	0.0	0.0	0.0	3392736.0	113087.40000000001	2.6125	2.4750000000000005	4.525	8.175	53.33749999999999
