concurrency	elapsed-r	errors-r	ops(total)-r	ops/sec(cum)-r	avg(ms)-r	p50(ms)-r	p95(ms)-r	p99(ms)-r	pMax(ms)-r	total-r	elapsed-w	errors-w	ops(total)-w	ops/sec(cum)-w	avg(ms)-w	p50(ms)-w	p95(ms)-w	p99(ms)-w	pMax(ms)-w	total-w	elapsed	errors	ops(total)	ops/sec(cum)	avg(ms)	p50(ms)	p95(ms)	p99(ms)	pMax(ms)
40	0.0	0.0	2174919.0	48330.399999999994	2.58	1.6	7.3	20.339999999999996	172.84	0.0	0.0	0.0	114044.0	2534.2000000000003	5.16	3.4199999999999995	17.82	36.9	96.47999999999999	0.0	0.0	0.0	2288963.0	50864.8	2.68	1.6600000000000001	7.94	21.0	172.84
