concurrency	elapsed-r	errors-r	ops(total)-r	ops/sec(cum)-r	avg(ms)-r	p50(ms)-r	p95(ms)-r	p99(ms)-r	pMax(ms)-r	total-r	elapsed-w	errors-w	ops(total)-w	ops/sec(cum)-w	avg(ms)-w	p50(ms)-w	p95(ms)-w	p99(ms)-w	pMax(ms)-w	total-w	elapsed	errors	ops(total)	ops/sec(cum)	avg(ms)	p50(ms)	p95(ms)	p99(ms)	pMax(ms)
25	0.0	0.0	1940718.0	64689.3	2.7375	2.5375	5.3125	6.974999999999999	21.6375	0.0	0.0	0.0	102749.0	3425.0	2.6875000000000004	2.4875000000000003	5.075	6.849999999999999	18.0875	0.0	0.0	0.0	2043467.0	68114.3	2.7375	2.5375	5.3125	6.974999999999999	22.2875
