concurrency	elapsed-r	errors-r	ops(total)-r	ops/sec(cum)-r	avg(ms)-r	p50(ms)-r	p95(ms)-r	p99(ms)-r	pMax(ms)-r	total-r	elapsed-w	errors-w	ops(total)-w	ops/sec(cum)-w	avg(ms)-w	p50(ms)-w	p95(ms)-w	p99(ms)-w	pMax(ms)-w	total-w	elapsed	errors	ops(total)	ops/sec(cum)	avg(ms)	p50(ms)	p95(ms)	p99(ms)	pMax(ms)
29	0.0	0.0	761527.0	25383.6	2.22	1.58	5.840000000000001	12.5	48.839999999999996	0.0	0.0	0.0	39963.0	1332.0	45.760000000000005	2.8200000000000003	251.7	285.2	315.44	0.0	0.0	0.0	801490.0	26715.6	4.4	1.6	6.3	24.140000000000004	315.44
