concurrency	elapsed-r	errors-r	ops(total)-r	ops/sec(cum)-r	avg(ms)-r	p50(ms)-r	p95(ms)-r	p99(ms)-r	pMax(ms)-r	total-r	elapsed-w	errors-w	ops(total)-w	ops/sec(cum)-w	avg(ms)-w	p50(ms)-w	p95(ms)-w	p99(ms)-w	pMax(ms)-w	total-w	elapsed	errors	ops(total)	ops/sec(cum)	avg(ms)	p50(ms)	p95(ms)	p99(ms)	pMax(ms)
62	0.0	0.0	3241207.0	108036.8	4.0375	3.8499999999999996	7.049999999999999	11.612499999999999	34.7375	0.0	0.0	0.0	170266.0	5675.3	4.025	3.8375000000000004	7.087499999999999	11.612499999999999	28.562500000000004	0.0	0.0	0.0	3411473.0	113712.2	4.0375	3.8499999999999996	7.049999999999999	11.612499999999999	35.2625
