concurrency	elapsed-r	errors-r	ops(total)-r	ops/sec(cum)-r	avg(ms)-r	p50(ms)-r	p95(ms)-r	p99(ms)-r	pMax(ms)-r	total-r	elapsed-w	errors-w	ops(total)-w	ops/sec(cum)-w	avg(ms)-w	p50(ms)-w	p95(ms)-w	p99(ms)-w	pMax(ms)-w	total-w	elapsed	errors	ops(total)	ops/sec(cum)	avg(ms)	p50(ms)	p95(ms)	p99(ms)	pMax(ms)
19	0.0	0.0	1178236.0	39273.9	3.5125	3.325	6.299999999999999	7.525	23.4625	0.0	0.0	0.0	61881.0	2062.8	3.5125	3.3749999999999996	6.299999999999999	7.7125	18.075	0.0	0.0	0.0	1240117.0	41336.6	3.5125	3.325	6.299999999999999	7.562500000000001	23.4625
