concurrency	elapsed-r	errors-r	ops(total)-r	ops/sec(cum)-r	avg(ms)-r	p50(ms)-r	p95(ms)-r	p99(ms)-r	pMax(ms)-r	total-r	elapsed-w	errors-w	ops(total)-w	ops/sec(cum)-w	avg(ms)-w	p50(ms)-w	p95(ms)-w	p99(ms)-w	pMax(ms)-w	total-w	elapsed	errors	ops(total)	ops/sec(cum)	avg(ms)	p50(ms)	p95(ms)	p99(ms)	pMax(ms)
55	0.0	0.0	2280501.0	50676.79999999999	3.1	1.8	10.0	23.1	161.9	0.0	0.0	0.0	119103.0	2646.7	6.499999999999998	4.38	22.660000000000004	36.9	91.43999999999998	0.0	0.0	0.0	2399604.0	53323.299999999996	3.28	1.8800000000000001	10.5	24.1	162.74
