concurrency	elapsed-r	errors-r	ops(total)-r	ops/sec(cum)-r	avg(ms)-r	p50(ms)-r	p95(ms)-r	p99(ms)-r	pMax(ms)-r	total-r	elapsed-w	errors-w	ops(total)-w	ops/sec(cum)-w	avg(ms)-w	p50(ms)-w	p95(ms)-w	p99(ms)-w	pMax(ms)-w	total-w	elapsed	errors	ops(total)	ops/sec(cum)	avg(ms)	p50(ms)	p95(ms)	p99(ms)	pMax(ms)
48	0.0	0.0	610069.0	20335.1	4.6875	2.5500000000000003	17.75	36.81249999999999	164.625	0.0	0.0	0.0	31954.0	1065.0	239.12499999999997	10.675	1124.075	5939.15	6442.5	0.0	0.0	0.0	642023.0	21400.299999999996	16.375	2.65	19.012500000000003	45.575	6442.5
