concurrency	elapsed-r	errors-r	ops(total)-r	ops/sec(cum)-r	avg(ms)-r	p50(ms)-r	p95(ms)-r	p99(ms)-r	pMax(ms)-r	total-r	elapsed-w	errors-w	ops(total)-w	ops/sec(cum)-w	avg(ms)-w	p50(ms)-w	p95(ms)-w	p99(ms)-w	pMax(ms)-w	total-w	elapsed	errors	ops(total)	ops/sec(cum)	avg(ms)	p50(ms)	p95(ms)	p99(ms)	pMax(ms)
19	0.0	0.0	633703.0	21122.9	3.7624999999999993	2.45	13.037499999999998	23.0875	66.83749999999999	0.0	0.0	0.0	33443.0	1114.8	59.599999999999994	9.525	53.2	1266.7125	1442.85	0.0	0.0	0.0	667146.0	22237.5	6.574999999999999	2.6250000000000004	14.1125	25.062499999999996	1442.85
