concurrency	elapsed-r	errors-r	ops(total)-r	ops/sec(cum)-r	avg(ms)-r	p50(ms)-r	p95(ms)-r	p99(ms)-r	pMax(ms)-r	total-r	elapsed-w	errors-w	ops(total)-w	ops/sec(cum)-w	avg(ms)-w	p50(ms)-w	p95(ms)-w	p99(ms)-w	pMax(ms)-w	total-w	elapsed	errors	ops(total)	ops/sec(cum)	avg(ms)	p50(ms)	p95(ms)	p99(ms)	pMax(ms)
24	0.0	0.0	1227620.0	40920.1	1.5999999999999999	1.3666666666666665	3.4	5.833333333333333	21.166666666666668	0.0	0.0	0.0	64755.0	2158.5	2.6999999999999997	2.1666666666666665	6.233333333333334	10.566666666666666	22.23333333333333	0.0	0.0	0.0	1292375.0	43078.5	1.6333333333333335	1.3666666666666665	3.533333333333333	6.133333333333333	22.566666666666663
