concurrency	elapsed-r	errors-r	ops(total)-r	ops/sec(cum)-r	avg(ms)-r	p50(ms)-r	p95(ms)-r	p99(ms)-r	pMax(ms)-r	total-r	elapsed-w	errors-w	ops(total)-w	ops/sec(cum)-w	avg(ms)-w	p50(ms)-w	p95(ms)-w	p99(ms)-w	pMax(ms)-w	total-w	elapsed	errors	ops(total)	ops/sec(cum)	avg(ms)	p50(ms)	p95(ms)	p99(ms)	pMax(ms)
142	0.0	0.0	2792713.0	93084.90000000001	7.040000000000001	5.5	19.04	29.98	436.21999999999997	0.0	0.0	0.0	146427.0	4880.7	27.580000000000002	26.020000000000003	56.620000000000005	71.34	369.94	0.0	0.0	0.0	2939140.0	97965.6	8.059999999999999	5.68	24.34	42.339999999999996	436.21999999999997
