concurrency	elapsed-w	errors-w	ops(total)-w	ops/sec(cum)-w	avg(ms)-w	p50(ms)-w	p95(ms)-w	p99(ms)-w	pMax(ms)-w	total-w	elapsed	errors	ops(total)	ops/sec(cum)	avg(ms)	p50(ms)	p95(ms)	p99(ms)	pMax(ms)
31	0.0	0.0	720616.0	24019.899999999998	9.95	7.55	22.025	37.724999999999994	1086.35	0.0	0.0	0.0	720616.0	24019.899999999998	9.95	7.55	22.025	37.724999999999994	1086.35
