concurrency	elapsed-r	errors-r	ops(total)-r	ops/sec(cum)-r	avg(ms)-r	p50(ms)-r	p95(ms)-r	p99(ms)-r	pMax(ms)-r	total-r	elapsed	errors	ops(total)	ops/sec(cum)	avg(ms)	p50(ms)	p95(ms)	p99(ms)	pMax(ms)
44	0.0	0.0	1477772.0	49257.9	6.6375	5.975	14.575000000000001	21.5	131.0875	0.0	0.0	0.0	1477772.0	49257.9	6.6375	5.975	14.575000000000001	21.5	131.0875
