concurrency	elapsed-w	errors-w	ops(total)-w	ops/sec(cum)-w	avg(ms)-w	p50(ms)-w	p95(ms)-w	p99(ms)-w	pMax(ms)-w	total-w	elapsed	errors	ops(total)	ops/sec(cum)	avg(ms)	p50(ms)	p95(ms)	p99(ms)	pMax(ms)
62	0.0	0.0	746441.0	24880.199999999997	19.4125	16.9375	45.05	62.9	285.2125	0.0	0.0	0.0	746441.0	24880.199999999997	19.4125	16.9375	45.05	62.9	285.2125
