concurrency	elapsed-r	errors-r	ops(total)-r	ops/sec(cum)-r	avg(ms)-r	p50(ms)-r	p95(ms)-r	p99(ms)-r	pMax(ms)-r	total-r	elapsed-w	errors-w	ops(total)-w	ops/sec(cum)-w	avg(ms)-w	p50(ms)-w	p95(ms)-w	p99(ms)-w	pMax(ms)-w	total-w	elapsed	errors	ops(total)	ops/sec(cum)	avg(ms)	p50(ms)	p95(ms)	p99(ms)	pMax(ms)
39	0.0	0.0	1886734.0	62889.2	3.3	2.7000000000000006	8.775	14.174999999999999	64.475	0.0	0.0	0.0	99217.0	3307.2000000000003	24.6	5.050000000000001	21.7625	549.4625	708.8000000000001	0.0	0.0	0.0	1985951.0	66196.5	4.3625	2.75	9.275	15.425	708.8000000000001
