concurrency	elapsed-r	errors-r	ops(total)-r	ops/sec(cum)-r	avg(ms)-r	p50(ms)-r	p95(ms)-r	p99(ms)-r	pMax(ms)-r	total-r	elapsed-w	errors-w	ops(total)-w	ops/sec(cum)-w	avg(ms)-w	p50(ms)-w	p95(ms)-w	p99(ms)-w	pMax(ms)-w	total-w	elapsed	errors	ops(total)	ops/sec(cum)	avg(ms)	p50(ms)	p95(ms)	p99(ms)	pMax(ms)
120	0.0	0.0	807083.0	26900.8	9.8	7.900000000000001	25.2	37.7	592.8000000000001	0.0	0.0	0.0	42756.0	1425.0	31.666666666666668	29.399999999999995	62.9	81.10000000000001	422.2333333333333	0.0	0.0	0.0	849839.0	28326.0	10.9	8.1	30.399999999999995	50.29999999999999	604.0
