concurrency	elapsed-w	errors-w	ops(total)-w	ops/sec(cum)-w	avg(ms)-w	p50(ms)-w	p95(ms)-w	p99(ms)-w	pMax(ms)-w	total-w	elapsed	errors	ops(total)	ops/sec(cum)	avg(ms)	p50(ms)	p95(ms)	p99(ms)	pMax(ms)
44	0.0	0.0	3594154.0	119802.6	2.6875	2.6374999999999997	4.875	8.325	27.525000000000002	0.0	0.0	0.0	3594154.0	119802.6	2.6875	2.6374999999999997	4.875	8.325	27.525000000000002
