concurrency	elapsed-r	errors-r	ops(total)-r	ops/sec(cum)-r	avg(ms)-r	p50(ms)-r	p95(ms)-r	p99(ms)-r	pMax(ms)-r	total-r	elapsed-w	errors-w	ops(total)-w	ops/sec(cum)-w	avg(ms)-w	p50(ms)-w	p95(ms)-w	p99(ms)-w	pMax(ms)-w	total-w	elapsed	errors	ops(total)	ops/sec(cum)	avg(ms)	p50(ms)	p95(ms)	p99(ms)	pMax(ms)
85	0.0	0.0	2572249.0	85738.29999999999	2.1	1.4333333333333333	5.533333333333334	9.6	33.53333333333333	0.0	0.0	0.0	135715.0	4523.8	17.099999999999998	2.6333333333333333	90.89999999999999	109.73333333333333	144.0	0.0	0.0	0.0	2707964.0	90262.1	2.9	1.5	5.8999999999999995	17.133333333333333	144.0
