concurrency	elapsed-r	errors-r	ops(total)-r	ops/sec(cum)-r	avg(ms)-r	p50(ms)-r	p95(ms)-r	p99(ms)-r	pMax(ms)-r	total-r	elapsed-w	errors-w	ops(total)-w	ops/sec(cum)-w	avg(ms)-w	p50(ms)-w	p95(ms)-w	p99(ms)-w	pMax(ms)-w	total-w	elapsed	errors	ops(total)	ops/sec(cum)	avg(ms)	p50(ms)	p95(ms)	p99(ms)	pMax(ms)
72	0.0	0.0	2845798.0	94856.70000000001	3.62	3.0599999999999996	7.459999999999999	17.419999999999998	129.98	0.0	0.0	0.0	149341.0	4977.799999999999	10.84	9.879999999999999	21.979999999999997	29.019999999999992	104.66	0.0	0.0	0.0	2995139.0	99834.39999999998	3.960000000000001	3.12	11.059999999999999	19.48	129.98
