concurrency	elapsed-r	errors-r	ops(total)-r	ops/sec(cum)-r	avg(ms)-r	p50(ms)-r	p95(ms)-r	p99(ms)-r	pMax(ms)-r	total-r	elapsed	errors	ops(total)	ops/sec(cum)	avg(ms)	p50(ms)	p95(ms)	p99(ms)	pMax(ms)
60	0.0	0.0	1553502.0	51781.6	8.6375	7.887499999999999	18.625000000000004	26.875	83.625	0.0	0.0	0.0	1553502.0	51781.6	8.6375	7.887499999999999	18.625000000000004	26.875	83.625
