concurrency	elapsed-r	errors-r	ops(total)-r	ops/sec(cum)-r	avg(ms)-r	p50(ms)-r	p95(ms)-r	p99(ms)-r	pMax(ms)-r	total-r	elapsed-w	errors-w	ops(total)-w	ops/sec(cum)-w	avg(ms)-w	p50(ms)-w	p95(ms)-w	p99(ms)-w	pMax(ms)-w	total-w	elapsed	errors	ops(total)	ops/sec(cum)	avg(ms)	p50(ms)	p95(ms)	p99(ms)	pMax(ms)
39	0.0	0.0	2133263.0	71106.9	3.6625000000000005	3.075	8.35	13.9875	46.36249999999999	0.0	0.0	0.0	112530.0	3751.0	5.15	3.5249999999999995	13.3	20.299999999999997	39.5625	0.0	0.0	0.0	2245793.0	74857.9	3.7249999999999996	3.075	8.825	14.4875	46.36249999999999
