concurrency	elapsed-w	errors-w	ops(total)-w	ops/sec(cum)-w	avg(ms)-w	p50(ms)-w	p95(ms)-w	p99(ms)-w	pMax(ms)-w	total-w	elapsed	errors	ops(total)	ops/sec(cum)	avg(ms)	p50(ms)	p95(ms)	p99(ms)	pMax(ms)
41	0.0	0.0	4816831.0	160557.8	1.7500000000000002	1.5499999999999998	3.4	5.374999999999999	85.0375	0.0	0.0	0.0	4816831.0	160557.8	1.7500000000000002	1.5499999999999998	3.4	5.374999999999999	85.0375
