ops/sec(cum)	p50(ms)	p99(ms)	read_tp	read_p50	read_p99	write_tp	write_p50	write_p99
173283.85	0.4246666666666667	3.223333333333333	164630.35	0.4216666666666667	3.223333333333333	8652.5	0.4276666666666667	3.2423333333333333
