concurrency	elapsed-r	errors-r	ops(total)-r	ops/sec(cum)-r	avg(ms)-r	p50(ms)-r	p95(ms)-r	p99(ms)-r	pMax(ms)-r	total-r	elapsed-w	errors-w	ops(total)-w	ops/sec(cum)-w	avg(ms)-w	p50(ms)-w	p95(ms)-w	p99(ms)-w	pMax(ms)-w	total-w	elapsed	errors	ops(total)	ops/sec(cum)	avg(ms)	p50(ms)	p95(ms)	p99(ms)	pMax(ms)
22	0.0	0.0	3333690.0	111121.69999999998	1.3	1.2125000000000001	2.025	4.4125	95.5375	0.0	0.0	0.0	175541.0	5851.299999999999	1.4749999999999999	1.375	2.225	4.737500000000001	18.474999999999998	0.0	0.0	0.0	3509231.0	116972.80000000002	1.3	1.2500000000000002	2.025	4.45	95.5375
