concurrency	elapsed-w	errors-w	ops(total)-w	ops/sec(cum)-w	avg(ms)-w	p50(ms)-w	p95(ms)-w	p99(ms)-w	pMax(ms)-w	total-w	elapsed	errors	ops(total)	ops/sec(cum)	avg(ms)	p50(ms)	p95(ms)	p99(ms)	pMax(ms)
58	0.0	0.0	695150.0	23170.8	19.574999999999996	13.487499999999999	53.712500000000006	74.97500000000001	276.825	0.0	0.0	0.0	695150.0	23170.8	19.574999999999996	13.487499999999999	53.712500000000006	74.97500000000001	276.825
