concurrency	elapsed-r	errors-r	ops(total)-r	ops/sec(cum)-r	avg(ms)-r	p50(ms)-r	p95(ms)-r	p99(ms)-r	pMax(ms)-r	total-r	elapsed-w	errors-w	ops(total)-w	ops/sec(cum)-w	avg(ms)-w	p50(ms)-w	p95(ms)-w	p99(ms)-w	pMax(ms)-w	total-w	elapsed	errors	ops(total)	ops/sec(cum)	avg(ms)	p50(ms)	p95(ms)	p99(ms)	pMax(ms)
47	0.0	0.0	656633.0	21887.1	2.4	1.7	6.599999999999999	13.1	50.300000000000004	0.0	0.0	0.0	34462.0	1148.7	56.23333333333333	3.0	302.0	335.5	369.1000000000001	0.0	0.0	0.0	691095.0	23035.7	5.1	1.7	6.8999999999999995	29.733333333333334	369.1000000000001
