concurrency	elapsed-r	errors-r	ops(total)-r	ops/sec(cum)-r	avg(ms)-r	p50(ms)-r	p95(ms)-r	p99(ms)-r	pMax(ms)-r	total-r	elapsed-w	errors-w	ops(total)-w	ops/sec(cum)-w	avg(ms)-w	p50(ms)-w	p95(ms)-w	p99(ms)-w	pMax(ms)-w	total-w	elapsed	errors	ops(total)	ops/sec(cum)	avg(ms)	p50(ms)	p95(ms)	p99(ms)	pMax(ms)
24	0.0	0.0	2951954.0	98396.6	1.6249999999999998	1.45	2.775	5.1375	25.699999999999996	0.0	0.0	0.0	155902.0	5196.599999999999	1.9249999999999998	1.6125	4.6	6.8999999999999995	18.95	0.0	0.0	0.0	3107856.0	103593.3	1.6500000000000001	1.45	2.8	5.475	25.699999999999996
