concurrency	elapsed-r	errors-r	ops(total)-r	ops/sec(cum)-r	avg(ms)-r	p50(ms)-r	p95(ms)-r	p99(ms)-r	pMax(ms)-r	total-r	elapsed-w	errors-w	ops(total)-w	ops/sec(cum)-w	avg(ms)-w	p50(ms)-w	p95(ms)-w	p99(ms)-w	pMax(ms)-w	total-w	elapsed	errors	ops(total)	ops/sec(cum)	avg(ms)	p50(ms)	p95(ms)	p99(ms)	pMax(ms)
155	0.0	0.0	3417720.0	113917.5	5.950000000000001	4.85	14.65	25.450000000000003	311.67499999999995	0.0	0.0	0.0	179904.0	5996.5	17.75	16.325	34.925	46.4	261.625	0.0	0.0	0.0	3597624.0	119914.0	6.574999999999999	5.025	17.75	30.65	313.0
