ops/sec(cum)	p50(ms)	p99(ms)	read_tp	read_p50	read_p99	write_tp	write_p50	write_p99
294193.69999999995	0.24533333333333335	1.4373333333333334	282218.2166666667	0.24533333333333335	1.4373333333333334	11974.483333333334	0.24533333333333335	1.4003333333333334
