concurrency	elapsed-r	errors-r	ops(total)-r	ops/sec(cum)-r	avg(ms)-r	p50(ms)-r	p95(ms)-r	p99(ms)-r	pMax(ms)-r	total-r	elapsed-w	errors-w	ops(total)-w	ops/sec(cum)-w	avg(ms)-w	p50(ms)-w	p95(ms)-w	p99(ms)-w	pMax(ms)-w	total-w	elapsed	errors	ops(total)	ops/sec(cum)	avg(ms)	p50(ms)	p95(ms)	p99(ms)	pMax(ms)
32	0.0	0.0	1888501.0	62948.200000000004	3.2	2.7	8.45	13.524999999999999	76.66250000000001	0.0	0.0	0.0	98972.0	3299.0000000000005	9.5625	5.0249999999999995	19.000000000000004	165.7	289.4	0.0	0.0	0.0	1987473.0	66247.2	3.525	2.725	8.9	14.675	289.4
