concurrency	elapsed-r	errors-r	ops(total)-r	ops/sec(cum)-r	avg(ms)-r	p50(ms)-r	p95(ms)-r	p99(ms)-r	pMax(ms)-r	total-r	elapsed-w	errors-w	ops(total)-w	ops/sec(cum)-w	avg(ms)-w	p50(ms)-w	p95(ms)-w	p99(ms)-w	pMax(ms)-w	total-w	elapsed	errors	ops(total)	ops/sec(cum)	avg(ms)	p50(ms)	p95(ms)	p99(ms)	pMax(ms)
31	0.0	0.0	1912755.0	63757.1	3.1999999999999997	2.825	7.249999999999999	11.95	65.78750000000001	0.0	0.0	0.0	101028.0	3367.5999999999995	5.9624999999999995	5.5	13.099999999999998	18.900000000000002	44.3	0.0	0.0	0.0	2013783.0	67124.4	3.3375000000000004	2.8875	7.887499999999999	12.724999999999998	70.7625
