concurrency	elapsed-r	errors-r	ops(total)-r	ops/sec(cum)-r	avg(ms)-r	p50(ms)-r	p95(ms)-r	p99(ms)-r	pMax(ms)-r	total-r	elapsed-w	errors-w	ops(total)-w	ops/sec(cum)-w	avg(ms)-w	p50(ms)-w	p95(ms)-w	p99(ms)-w	pMax(ms)-w	total-w	elapsed	errors	ops(total)	ops/sec(cum)	avg(ms)	p50(ms)	p95(ms)	p99(ms)	pMax(ms)
48	0.0	0.0	2970679.0	99020.2	3.2125000000000004	3.0000000000000004	6.075	10.025	30.425000000000004	0.0	0.0	0.0	156644.0	5221.400000000001	3.5875	3.1125	8.4125	12.7125	26.487499999999997	0.0	0.0	0.0	3127323.0	104241.5	3.2375000000000003	3.0000000000000004	6.1499999999999995	10.35	30.425000000000004
