concurrency	elapsed-r	errors-r	ops(total)-r	ops/sec(cum)-r	avg(ms)-r	p50(ms)-r	p95(ms)-r	p99(ms)-r	pMax(ms)-r	total-r	elapsed	errors	ops(total)	ops/sec(cum)	avg(ms)	p50(ms)	p95(ms)	p99(ms)	pMax(ms)
45	0.0	0.0	1428783.0	47624.799999999996	7.074999999999999	6.375	15.200000000000001	22.549999999999997	115.85000000000001	0.0	0.0	0.0	1428783.0	47624.799999999996	7.074999999999999	6.375	15.200000000000001	22.549999999999997	115.85000000000001
