concurrency	elapsed-r	errors-r	ops(total)-r	ops/sec(cum)-r	avg(ms)-r	p50(ms)-r	p95(ms)-r	p99(ms)-r	pMax(ms)-r	total-r	elapsed-w	errors-w	ops(total)-w	ops/sec(cum)-w	avg(ms)-w	p50(ms)-w	p95(ms)-w	p99(ms)-w	pMax(ms)-w	total-w	elapsed	errors	ops(total)	ops/sec(cum)	avg(ms)	p50(ms)	p95(ms)	p99(ms)	pMax(ms)
11	0.0	0.0	674703.0	22489.899999999998	3.0375	2.6250000000000004	5.95	9.225	61.85	0.0	0.0	0.0	35290.0	1176.3000000000002	12.975	12.325	22.95	29.500000000000004	61.85	0.0	0.0	0.0	709993.0	23666.0	3.525	2.7249999999999996	9.05	18.225	67.3625
