concurrency	elapsed-r	errors-r	ops(total)-r	ops/sec(cum)-r	avg(ms)-r	p50(ms)-r	p95(ms)-r	p99(ms)-r	pMax(ms)-r	total-r	elapsed-w	errors-w	ops(total)-w	ops/sec(cum)-w	avg(ms)-w	p50(ms)-w	p95(ms)-w	p99(ms)-w	pMax(ms)-w	total-w	elapsed	errors	ops(total)	ops/sec(cum)	avg(ms)	p50(ms)	p95(ms)	p99(ms)	pMax(ms)
11	0.0	0.0	677748.0	22591.3	3.0	2.625	5.9125000000000005	9.0125	54.237500000000004	0.0	0.0	0.0	35103.0	1170.1	12.987500000000002	12.3875	23.075	28.475	56.6	0.0	0.0	0.0	712851.0	23761.300000000003	3.475	2.7249999999999996	8.8625	18.2375	57.12500000000001
