concurrency	elapsed-r	errors-r	ops(total)-r	ops/sec(cum)-r	avg(ms)-r	p50(ms)-r	p95(ms)-r	p99(ms)-r	pMax(ms)-r	total-r	elapsed-w	errors-w	ops(total)-w	ops/sec(cum)-w	avg(ms)-w	p50(ms)-w	p95(ms)-w	p99(ms)-w	pMax(ms)-w	total-w	elapsed	errors	ops(total)	ops/sec(cum)	avg(ms)	p50(ms)	p95(ms)	p99(ms)	pMax(ms)
18	0.0	0.0	638337.0	21277.5	3.95	2.3499999999999996	6.825	63.949999999999996	169.875	0.0	0.0	0.0	33785.0	1126.1	48.75	48.199999999999996	64.7375	108.55000000000001	197.15	0.0	0.0	0.0	672122.0	22403.499999999996	6.2250000000000005	2.45	43.474999999999994	70.775	198.20000000000002
