concurrency	elapsed-r	errors-r	ops(total)-r	ops/sec(cum)-r	avg(ms)-r	p50(ms)-r	p95(ms)-r	p99(ms)-r	pMax(ms)-r	total-r	elapsed-w	errors-w	ops(total)-w	ops/sec(cum)-w	avg(ms)-w	p50(ms)-w	p95(ms)-w	p99(ms)-w	pMax(ms)-w	total-w	elapsed	errors	ops(total)	ops/sec(cum)	avg(ms)	p50(ms)	p95(ms)	p99(ms)	pMax(ms)
128	0.0	0.0	4537679.0	151243.7	4.239999999999999	3.44	10.32	18.02	121.22	0.0	0.0	0.0	239512.0	7983.1	10.18	9.16	21.780000000000005	29.979999999999997	96.68	0.0	0.0	0.0	4777191.0	159226.8	4.539999999999999	3.6	12.24	19.740000000000002	121.83999999999999
