concurrency	elapsed-r	errors-r	ops(total)-r	ops/sec(cum)-r	avg(ms)-r	p50(ms)-r	p95(ms)-r	p99(ms)-r	pMax(ms)-r	total-r	elapsed-w	errors-w	ops(total)-w	ops/sec(cum)-w	avg(ms)-w	p50(ms)-w	p95(ms)-w	p99(ms)-w	pMax(ms)-w	total-w	elapsed	errors	ops(total)	ops/sec(cum)	avg(ms)	p50(ms)	p95(ms)	p99(ms)	pMax(ms)
72	0.0	0.0	3106251.0	103536.59999999999	1.8199999999999998	1.3000000000000003	4.799999999999999	7.88	28.52	0.0	0.0	0.0	163060.0	5435.0	43.82	2.18	243.8	255.61999999999998	284.8	0.0	0.0	0.0	3269311.0	108971.69999999998	3.96	1.32	4.9799999999999995	14.0	284.8
