concurrency	elapsed-r	errors-r	ops(total)-r	ops/sec(cum)-r	avg(ms)-r	p50(ms)-r	p95(ms)-r	p99(ms)-r	pMax(ms)-r	total-r	elapsed	errors	ops(total)	ops/sec(cum)	avg(ms)	p50(ms)	p95(ms)	p99(ms)	pMax(ms)
15	0.0	0.0	1364653.0	45487.799999999996	2.4499999999999997	2.3249999999999997	4.25	7.1	18.2875	0.0	0.0	0.0	1364653.0	45487.799999999996	2.4499999999999997	2.3249999999999997	4.25	7.1	18.2875
