concurrency	elapsed-r	errors-r	ops(total)-r	ops/sec(cum)-r	avg(ms)-r	p50(ms)-r	p95(ms)-r	p99(ms)-r	pMax(ms)-r	total-r	elapsed-w	errors-w	ops(total)-w	ops/sec(cum)-w	avg(ms)-w	p50(ms)-w	p95(ms)-w	p99(ms)-w	pMax(ms)-w	total-w	elapsed	errors	ops(total)	ops/sec(cum)	avg(ms)	p50(ms)	p95(ms)	p99(ms)	pMax(ms)
21	0.0	0.0	2946178.0	98204.4	1.4	1.2750000000000001	2.3875	4.574999999999999	50.8375	0.0	0.0	0.0	155217.0	5174.000000000001	1.7125000000000004	1.45	4.25	6.324999999999999	30.937499999999996	0.0	0.0	0.0	3101395.0	103378.2	1.4124999999999999	1.2750000000000001	2.5000000000000004	4.85	51.099999999999994
