concurrency	elapsed-r	errors-r	ops(total)-r	ops/sec(cum)-r	avg(ms)-r	p50(ms)-r	p95(ms)-r	p99(ms)-r	pMax(ms)-r	total-r	elapsed-w	errors-w	ops(total)-w	ops/sec(cum)-w	avg(ms)-w	p50(ms)-w	p95(ms)-w	p99(ms)-w	pMax(ms)-w	total-w	elapsed	errors	ops(total)	ops/sec(cum)	avg(ms)	p50(ms)	p95(ms)	p99(ms)	pMax(ms)
49	0.0	0.0	1906237.0	63538.6	4.5874999999999995	3.8000000000000003	11.8	20.0375	83.37499999999999	0.0	0.0	0.0	100457.0	3348.3000000000006	21.1875	7.437499999999999	22.0	603.9875	1149.2875	0.0	0.0	0.0	2006694.0	66887.0	5.425	3.8625000000000003	12.474999999999998	21.25	1149.2875
