concurrency	elapsed-r	errors-r	ops(total)-r	ops/sec(cum)-r	avg(ms)-r	p50(ms)-r	p95(ms)-r	p99(ms)-r	pMax(ms)-r	total-r	elapsed	errors	ops(total)	ops/sec(cum)	avg(ms)	p50(ms)	p95(ms)	p99(ms)	pMax(ms)
59	0.0	0.0	1525955.0	50862.600000000006	8.674999999999999	7.8	19.400000000000002	27.8	137.09999999999997	0.0	0.0	0.0	1525955.0	50862.600000000006	8.674999999999999	7.8	19.400000000000002	27.8	137.09999999999997
