concurrency	elapsed-r	errors-r	ops(total)-r	ops/sec(cum)-r	avg(ms)-r	p50(ms)-r	p95(ms)-r	p99(ms)-r	pMax(ms)-r	total-r	elapsed-w	errors-w	ops(total)-w	ops/sec(cum)-w	avg(ms)-w	p50(ms)-w	p95(ms)-w	p99(ms)-w	pMax(ms)-w	total-w	elapsed	errors	ops(total)	ops/sec(cum)	avg(ms)	p50(ms)	p95(ms)	p99(ms)	pMax(ms)
35	0.0	0.0	2228633.0	49523.600000000006	2.1	1.4	5.2	15.7	66.67999999999999	0.0	0.0	0.0	116778.0	2595.0	3.9799999999999995	2.9	11.0	24.540000000000003	69.2	0.0	0.0	0.0	2345411.0	52118.7	2.2	1.4600000000000002	5.680000000000001	16.7	71.3
