concurrency	elapsed-r	errors-r	ops(total)-r	ops/sec(cum)-r	avg(ms)-r	p50(ms)-r	p95(ms)-r	p99(ms)-r	pMax(ms)-r	total-r	elapsed-w	errors-w	ops(total)-w	ops/sec(cum)-w	avg(ms)-w	p50(ms)-w	p95(ms)-w	p99(ms)-w	pMax(ms)-w	total-w	elapsed	errors	ops(total)	ops/sec(cum)	avg(ms)	p50(ms)	p95(ms)	p99(ms)	pMax(ms)
136	0.0	0.0	2825087.0	94163.79999999999	6.780000000000001	5.24	18.880000000000003	30.580000000000002	404.32	0.0	0.0	0.0	148522.0	4950.5	23.939999999999998	19.28	61.25999999999999	85.96000000000001	301.98	0.0	0.0	0.0	2973609.0	99114.0	7.659999999999999	5.42	22.880000000000003	40.68	411.03999999999996
