concurrency	elapsed-w	errors-w	ops(total)-w	ops/sec(cum)-w	avg(ms)-w	p50(ms)-w	p95(ms)-w	p99(ms)-w	pMax(ms)-w	total-w	elapsed	errors	ops(total)	ops/sec(cum)	avg(ms)	p50(ms)	p95(ms)	p99(ms)	pMax(ms)
45	0.0	0.0	4988665.0	166285.6	1.8250000000000002	1.6500000000000001	3.25	5.1	217.04999999999998	0.0	0.0	0.0	4988665.0	166285.6	1.8250000000000002	1.6500000000000001	3.25	5.1	217.04999999999998
