concurrency	elapsed-r	errors-r	ops(total)-r	ops/sec(cum)-r	avg(ms)-r	p50(ms)-r	p95(ms)-r	p99(ms)-r	pMax(ms)-r	total-r	elapsed-w	errors-w	ops(total)-w	ops/sec(cum)-w	avg(ms)-w	p50(ms)-w	p95(ms)-w	p99(ms)-w	pMax(ms)-w	total-w	elapsed	errors	ops(total)	ops/sec(cum)	avg(ms)	p50(ms)	p95(ms)	p99(ms)	pMax(ms)
29	0.0	0.0	1625916.0	54195.899999999994	1.8750000000000002	1.4000000000000001	5.375	9.15	40.375	0.0	0.0	0.0	85287.0	2842.9	41.49999999999999	2.4875	505.40000000000003	595.6	654.3	0.0	0.0	0.0	1711203.0	57038.5	3.8375	1.425	5.6499999999999995	10.225	654.3
