concurrency	elapsed-r	errors-r	ops(total)-r	ops/sec(cum)-r	avg(ms)-r	p50(ms)-r	p95(ms)-r	p99(ms)-r	pMax(ms)-r	total-r	elapsed-w	errors-w	ops(total)-w	ops/sec(cum)-w	avg(ms)-w	p50(ms)-w	p95(ms)-w	p99(ms)-w	pMax(ms)-w	total-w	elapsed	errors	ops(total)	ops/sec(cum)	avg(ms)	p50(ms)	p95(ms)	p99(ms)	pMax(ms)
14	0.0	0.0	661587.0	22052.5	3.3499999999999996	2.475	6.549999999999999	21.625	104.875	0.0	0.0	0.0	34636.0	1154.4999999999998	28.4125	28.050000000000004	42.949999999999996	54.7625	111.17500000000001	0.0	0.0	0.0	696223.0	23206.9	4.6000000000000005	2.6250000000000004	22.0125	39.5375	112.73750000000001
