ops/sec(cum)	p50(ms)	p99(ms)	read_tp	read_p50	read_p99	write_tp	write_p50	write_p99
293496.7333333334	0.2826666666666667	2.187666666666667	278843.45	0.28099999999999997	2.187666666666667	14652.283333333333	0.2843333333333333	2.24
