concurrency	elapsed-w	errors-w	ops(total)-w	ops/sec(cum)-w	avg(ms)-w	p50(ms)-w	p95(ms)-w	p99(ms)-w	pMax(ms)-w	total-w	elapsed	errors	ops(total)	ops/sec(cum)	avg(ms)	p50(ms)	p95(ms)	p99(ms)	pMax(ms)
23	0.0	0.0	3585018.0	119498.8	1.3750000000000002	1.1624999999999999	3.3874999999999997	4.5	19.075000000000003	0.0	0.0	0.0	3585018.0	119498.8	1.3750000000000002	1.1624999999999999	3.3874999999999997	4.5	19.075000000000003
