concurrency	elapsed-r	errors-r	ops(total)-r	ops/sec(cum)-r	avg(ms)-r	p50(ms)-r	p95(ms)-r	p99(ms)-r	pMax(ms)-r	total-r	elapsed-w	errors-w	ops(total)-w	ops/sec(cum)-w	avg(ms)-w	p50(ms)-w	p95(ms)-w	p99(ms)-w	pMax(ms)-w	total-w	elapsed	errors	ops(total)	ops/sec(cum)	avg(ms)	p50(ms)	p95(ms)	p99(ms)	pMax(ms)
19	0.0	0.0	598616.0	19953.3	2.45	1.6750000000000003	6.1	8.425	25.9625	0.0	0.0	0.0	31134.0	1037.8000000000002	95.29999999999998	3.1999999999999997	434.0999999999999	453.0	503.30000000000007	0.0	0.0	0.0	629750.0	20991.100000000002	7.0125	1.7125000000000004	6.45	379.6	503.30000000000007
