concurrency	elapsed-r	errors-r	ops(total)-r	ops/sec(cum)-r	avg(ms)-r	p50(ms)-r	p95(ms)-r	p99(ms)-r	pMax(ms)-r	total-r	elapsed	errors	ops(total)	ops/sec(cum)	avg(ms)	p50(ms)	p95(ms)	p99(ms)	pMax(ms)
29	0.0	0.0	1244200.0	41472.6	5.4625	5.0375	11.024999999999999	16.525	40.5875	0.0	0.0	0.0	1244200.0	41472.6	5.4625	5.0375	11.024999999999999	16.525	40.5875
