concurrency	elapsed-r	errors-r	ops(total)-r	ops/sec(cum)-r	avg(ms)-r	p50(ms)-r	p95(ms)-r	p99(ms)-r	pMax(ms)-r	total-r	elapsed-w	errors-w	ops(total)-w	ops/sec(cum)-w	avg(ms)-w	p50(ms)-w	p95(ms)-w	p99(ms)-w	pMax(ms)-w	total-w	elapsed	errors	ops(total)	ops/sec(cum)	avg(ms)	p50(ms)	p95(ms)	p99(ms)	pMax(ms)
36	0.0	0.0	1883623.0	62786.2	1.3	1.2	2.0	7.3	23.066666666666666	0.0	0.0	0.0	99496.0	3316.5	2.6	2.4	4.3999999999999995	9.799999999999999	23.066666666666666	0.0	0.0	0.0	1983119.0	66102.7	1.3999999999999997	1.2	2.5	7.599999999999999	23.400000000000002
