concurrency	elapsed-r	errors-r	ops(total)-r	ops/sec(cum)-r	avg(ms)-r	p50(ms)-r	p95(ms)-r	p99(ms)-r	pMax(ms)-r	total-r	elapsed-w	errors-w	ops(total)-w	ops/sec(cum)-w	avg(ms)-w	p50(ms)-w	p95(ms)-w	p99(ms)-w	pMax(ms)-w	total-w	elapsed	errors	ops(total)	ops/sec(cum)	avg(ms)	p50(ms)	p95(ms)	p99(ms)	pMax(ms)
58	0.0	0.0	1945213.0	64837.700000000004	6.025	5.175	14.674999999999999	23.575	67.1	0.0	0.0	0.0	101822.0	3393.8999999999996	10.975	10.037500000000001	25.049999999999997	36.699999999999996	126.35000000000001	0.0	0.0	0.0	2047035.0	68231.70000000001	6.25	5.175	15.75	24.924999999999997	126.35000000000001
