concurrency	elapsed-r	errors-r	ops(total)-r	ops/sec(cum)-r	avg(ms)-r	p50(ms)-r	p95(ms)-r	p99(ms)-r	pMax(ms)-r	total-r	elapsed-w	errors-w	ops(total)-w	ops/sec(cum)-w	avg(ms)-w	p50(ms)-w	p95(ms)-w	p99(ms)-w	pMax(ms)-w	total-w	elapsed	errors	ops(total)	ops/sec(cum)	avg(ms)	p50(ms)	p95(ms)	p99(ms)	pMax(ms)
6	0.0	0.0	631173.0	21038.8	1.9000000000000001	1.4625000000000001	4.025	8.475	129.99999999999997	0.0	0.0	0.0	33333.0	1111.1	3.2250000000000005	2.4875	7.75	12.274999999999999	104.1875	0.0	0.0	0.0	664506.0	22150.0	1.975	1.475	4.3375	8.8375	134.725
