concurrency	elapsed-r	errors-r	ops(total)-r	ops/sec(cum)-r	avg(ms)-r	p50(ms)-r	p95(ms)-r	p99(ms)-r	pMax(ms)-r	total-r	elapsed-w	errors-w	ops(total)-w	ops/sec(cum)-w	avg(ms)-w	p50(ms)-w	p95(ms)-w	p99(ms)-w	pMax(ms)-w	total-w	elapsed	errors	ops(total)	ops/sec(cum)	avg(ms)	p50(ms)	p95(ms)	p99(ms)	pMax(ms)
47	0.0	0.0	681349.0	22710.300000000003	19.724999999999998	16.6875	36.675	42.6875	133.4375	0.0	0.0	0.0	35839.0	1194.6	22.9125	17.375	50.85	72.875	139.47500000000002	0.0	0.0	0.0	717188.0	23904.800000000003	19.8875	16.6875	36.675	47.9375	143.4125
