concurrency	elapsed-r	errors-r	ops(total)-r	ops/sec(cum)-r	avg(ms)-r	p50(ms)-r	p95(ms)-r	p99(ms)-r	pMax(ms)-r	total-r	elapsed-w	errors-w	ops(total)-w	ops/sec(cum)-w	avg(ms)-w	p50(ms)-w	p95(ms)-w	p99(ms)-w	pMax(ms)-w	total-w	elapsed	errors	ops(total)	ops/sec(cum)	avg(ms)	p50(ms)	p95(ms)	p99(ms)	pMax(ms)
32	0.0	0.0	1349368.0	44977.299999999996	1.6874999999999998	1.225	4.5625	7.4375	47.975	0.0	0.0	0.0	70911.0	2363.7999999999997	71.45	2.225	604.0	637.5	704.6000000000001	0.0	0.0	0.0	1420279.0	47340.899999999994	5.1875	1.3	4.875	9.9125	704.6000000000001
