concurrency	elapsed-r	errors-r	ops(total)-r	ops/sec(cum)-r	avg(ms)-r	p50(ms)-r	p95(ms)-r	p99(ms)-r	pMax(ms)-r	total-r	elapsed-w	errors-w	ops(total)-w	ops/sec(cum)-w	avg(ms)-w	p50(ms)-w	p95(ms)-w	p99(ms)-w	pMax(ms)-w	total-w	elapsed	errors	ops(total)	ops/sec(cum)	avg(ms)	p50(ms)	p95(ms)	p99(ms)	pMax(ms)
63	0.0	0.0	2121888.0	35364.1	3.1500000000000004	2.0	8.65	23.35	151.025	0.0	0.0	0.0	112006.0	1866.6999999999998	6.35	4.35	19.95	38.75	105.92500000000001	0.0	0.0	0.0	2233894.0	37230.799999999996	3.35	2.0749999999999997	9.55	24.650000000000002	151.025
