concurrency	elapsed-r	errors-r	ops(total)-r	ops/sec(cum)-r	avg(ms)-r	p50(ms)-r	p95(ms)-r	p99(ms)-r	pMax(ms)-r	total-r	elapsed	errors	ops(total)	ops/sec(cum)	avg(ms)	p50(ms)	p95(ms)	p99(ms)	pMax(ms)
18	0.0	0.0	1028434.0	34280.7	4.0125	3.7624999999999997	7.475	10.175	27.025000000000002	0.0	0.0	0.0	1028434.0	34280.7	4.0125	3.7624999999999997	7.475	10.175	27.025000000000002
