concurrency	elapsed-r	errors-r	ops(total)-r	ops/sec(cum)-r	avg(ms)-r	p50(ms)-r	p95(ms)-r	p99(ms)-r	pMax(ms)-r	total-r	elapsed-w	errors-w	ops(total)-w	ops/sec(cum)-w	avg(ms)-w	p50(ms)-w	p95(ms)-w	p99(ms)-w	pMax(ms)-w	total-w	elapsed	errors	ops(total)	ops/sec(cum)	avg(ms)	p50(ms)	p95(ms)	p99(ms)	pMax(ms)
22	0.0	0.0	621527.0	20717.1	4.8625	2.3375000000000004	7.449999999999999	96.5	241.175	0.0	0.0	0.0	32489.0	1082.8999999999999	64.9375	63.162499999999994	83.89999999999999	161.5	285.2125	0.0	0.0	0.0	654016.0	21799.899999999998	7.85	2.4250000000000003	60.275000000000006	99.65	290.45
