concurrency	elapsed-r	errors-r	ops(total)-r	ops/sec(cum)-r	avg(ms)-r	p50(ms)-r	p95(ms)-r	p99(ms)-r	pMax(ms)-r	total-r	elapsed	errors	ops(total)	ops/sec(cum)	avg(ms)	p50(ms)	p95(ms)	p99(ms)	pMax(ms)
15	0.0	0.0	982454.0	32748.000000000004	3.4625	3.3249999999999997	6.300000000000001	8.525	23.224999999999998	0.0	0.0	0.0	982454.0	32748.000000000004	3.4625	3.3249999999999997	6.300000000000001	8.525	23.224999999999998
