concurrency	elapsed-r	errors-r	ops(total)-r	ops/sec(cum)-r	avg(ms)-r	p50(ms)-r	p95(ms)-r	p99(ms)-r	pMax(ms)-r	total-r	elapsed-w	errors-w	ops(total)-w	ops/sec(cum)-w	avg(ms)-w	p50(ms)-w	p95(ms)-w	p99(ms)-w	pMax(ms)-w	total-w	elapsed	errors	ops(total)	ops/sec(cum)	avg(ms)	p50(ms)	p95(ms)	p99(ms)	pMax(ms)
79	0.0	0.0	2433731.0	81121.30000000002	2.475	1.725	6.800000000000001	10.700000000000001	33.95	0.0	0.0	0.0	128078.0	4269.1	65.725	3.0749999999999997	361.77500000000003	385.85	415.225	0.0	0.0	0.0	2561809.0	85390.29999999999	5.675	1.775	7.199999999999999	18.875	415.225
