concurrency	elapsed-w	errors-w	ops(total)-w	ops/sec(cum)-w	avg(ms)-w	p50(ms)-w	p95(ms)-w	p99(ms)-w	pMax(ms)-w	total-w	elapsed	errors	ops(total)	ops/sec(cum)	avg(ms)	p50(ms)	p95(ms)	p99(ms)	pMax(ms)
47	0.0	0.0	725365.0	24177.9	15.1125	10.600000000000001	40.875	54.5	118.47500000000001	0.0	0.0	0.0	725365.0	24177.9	15.1125	10.600000000000001	40.875	54.5	118.47500000000001
