concurrency	elapsed-r	errors-r	ops(total)-r	ops/sec(cum)-r	avg(ms)-r	p50(ms)-r	p95(ms)-r	p99(ms)-r	pMax(ms)-r	total-r	elapsed-w	errors-w	ops(total)-w	ops/sec(cum)-w	avg(ms)-w	p50(ms)-w	p95(ms)-w	p99(ms)-w	pMax(ms)-w	total-w	elapsed	errors	ops(total)	ops/sec(cum)	avg(ms)	p50(ms)	p95(ms)	p99(ms)	pMax(ms)
39	0.0	0.0	1810213.0	60338.700000000004	4.374999999999999	3.65	10.4125	17.025	44.0	0.0	0.0	0.0	94562.0	3152.0	6.8625	5.449999999999999	17.3625	24.912499999999998	50.0375	0.0	0.0	0.0	1904775.0	63490.7	4.5	3.7125000000000004	10.975	17.562500000000004	50.825
