concurrency	elapsed-r	errors-r	ops(total)-r	ops/sec(cum)-r	avg(ms)-r	p50(ms)-r	p95(ms)-r	p99(ms)-r	pMax(ms)-r	total-r	elapsed-w	errors-w	ops(total)-w	ops/sec(cum)-w	avg(ms)-w	p50(ms)-w	p95(ms)-w	p99(ms)-w	pMax(ms)-w	total-w	elapsed	errors	ops(total)	ops/sec(cum)	avg(ms)	p50(ms)	p95(ms)	p99(ms)	pMax(ms)
23	0.0	0.0	1305655.0	43520.7	1.6999999999999997	1.3	4.612500000000001	7.324999999999999	45.0875	0.0	0.0	0.0	68953.0	2298.4	43.4125	2.25	352.30000000000007	385.90000000000003	419.40000000000003	0.0	0.0	0.0	1374608.0	45819.1	3.8125	1.325	4.875	9.575000000000001	419.40000000000003
