concurrency	elapsed-r	errors-r	ops(total)-r	ops/sec(cum)-r	avg(ms)-r	p50(ms)-r	p95(ms)-r	p99(ms)-r	pMax(ms)-r	total-r	elapsed-w	errors-w	ops(total)-w	ops/sec(cum)-w	avg(ms)-w	p50(ms)-w	p95(ms)-w	p99(ms)-w	pMax(ms)-w	total-w	elapsed	errors	ops(total)	ops/sec(cum)	avg(ms)	p50(ms)	p95(ms)	p99(ms)	pMax(ms)
37	0.0	0.0	2333658.0	51858.4	2.4	1.6800000000000002	6.36	18.020000000000003	199.61999999999998	0.0	0.0	0.0	122439.0	2720.8	5.459999999999999	3.7	18.46	35.7	162.73999999999998	0.0	0.0	0.0	2456097.0	54579.100000000006	2.5	1.7400000000000002	7.26	19.9	199.61999999999998
