concurrency	elapsed-r	errors-r	ops(total)-r	ops/sec(cum)-r	avg(ms)-r	p50(ms)-r	p95(ms)-r	p99(ms)-r	pMax(ms)-r	total-r	elapsed-w	errors-w	ops(total)-w	ops/sec(cum)-w	avg(ms)-w	p50(ms)-w	p95(ms)-w	p99(ms)-w	pMax(ms)-w	total-w	elapsed	errors	ops(total)	ops/sec(cum)	avg(ms)	p50(ms)	p95(ms)	p99(ms)	pMax(ms)
32	0.0	0.0	1891131.0	63036.200000000004	3.8499999999999996	2.7625	13.675	18.1	71.2875	0.0	0.0	0.0	99214.0	3307.1	3.8125	2.7625	14.025	18.4375	35.099999999999994	0.0	0.0	0.0	1990345.0	66343.0	3.8499999999999996	2.7625	13.675	18.1	71.2875
