concurrency	elapsed-r	errors-r	ops(total)-r	ops/sec(cum)-r	avg(ms)-r	p50(ms)-r	p95(ms)-r	p99(ms)-r	pMax(ms)-r	total-r	elapsed-w	errors-w	ops(total)-w	ops/sec(cum)-w	avg(ms)-w	p50(ms)-w	p95(ms)-w	p99(ms)-w	pMax(ms)-w	total-w	elapsed	errors	ops(total)	ops/sec(cum)	avg(ms)	p50(ms)	p95(ms)	p99(ms)	pMax(ms)
48	0.0	0.0	3746261.0	124872.20000000003	2.6875	1.8375000000000001	7.949999999999999	11.375	166.4625	0.0	0.0	0.0	197479.0	6582.5	2.7125	1.8875	7.975	11.6625	47.324999999999996	0.0	0.0	0.0	3943740.0	131454.5	2.6875	1.8375000000000001	7.949999999999999	11.375	167.51250000000002
