concurrency	elapsed-w	errors-w	ops(total)-w	ops/sec(cum)-w	avg(ms)-w	p50(ms)-w	p95(ms)-w	p99(ms)-w	pMax(ms)-w	total-w	elapsed	errors	ops(total)	ops/sec(cum)	avg(ms)	p50(ms)	p95(ms)	p99(ms)	pMax(ms)
64	0.0	0.0	4198954.0	139960.2	3.3625	1.7999999999999998	10.0	15.412500000000001	95.425	0.0	0.0	0.0	4198954.0	139960.2	3.3625	1.7999999999999998	10.0	15.412500000000001	95.425
