concurrency	elapsed-r	errors-r	ops(total)-r	ops/sec(cum)-r	avg(ms)-r	p50(ms)-r	p95(ms)-r	p99(ms)-r	pMax(ms)-r	total-r	elapsed-w	errors-w	ops(total)-w	ops/sec(cum)-w	avg(ms)-w	p50(ms)-w	p95(ms)-w	p99(ms)-w	pMax(ms)-w	total-w	elapsed	errors	ops(total)	ops/sec(cum)	avg(ms)	p50(ms)	p95(ms)	p99(ms)	pMax(ms)
40	0.0	0.0	3332160.0	111069.5	2.475	2.275	4.15	8.925	37.724999999999994	0.0	0.0	0.0	174914.0	5830.400000000001	2.5749999999999997	2.375	4.4	9.0625	30.800000000000004	0.0	0.0	0.0	3507074.0	116899.80000000002	2.475	2.275	4.15	9.0	37.724999999999994
