concurrency	elapsed-r	errors-r	ops(total)-r	ops/sec(cum)-r	avg(ms)-r	p50(ms)-r	p95(ms)-r	p99(ms)-r	pMax(ms)-r	total-r	elapsed-w	errors-w	ops(total)-w	ops/sec(cum)-w	avg(ms)-w	p50(ms)-w	p95(ms)-w	p99(ms)-w	pMax(ms)-w	total-w	elapsed	errors	ops(total)	ops/sec(cum)	avg(ms)	p50(ms)	p95(ms)	p99(ms)	pMax(ms)
15	0.0	0.0	3224894.0	107495.20000000001	0.8500000000000001	0.8500000000000001	1.15	2.6249999999999996	23.3375	0.0	0.0	0.0	170204.0	5673.5	1.0875000000000001	0.9750000000000001	1.85	3.2624999999999997	19.212500000000002	0.0	0.0	0.0	3395098.0	113168.70000000001	0.8875000000000001	0.8500000000000001	1.2375	2.675	24.3875
