concurrency	elapsed-r	errors-r	ops(total)-r	ops/sec(cum)-r	avg(ms)-r	p50(ms)-r	p95(ms)-r	p99(ms)-r	pMax(ms)-r	total-r	elapsed-w	errors-w	ops(total)-w	ops/sec(cum)-w	avg(ms)-w	p50(ms)-w	p95(ms)-w	p99(ms)-w	pMax(ms)-w	total-w	elapsed	errors	ops(total)	ops/sec(cum)	avg(ms)	p50(ms)	p95(ms)	p99(ms)	pMax(ms)
148	0.0	0.0	2595898.0	86523.29999999999	6.733333333333333	5.066666666666666	17.766666666666666	28.100000000000005	222.66666666666666	0.0	0.0	0.0	136573.0	4552.099999999999	17.233333333333334	15.6	35.46666666666666	49.79999999999999	181.76666666666665	0.0	0.0	0.0	2732471.0	91075.3	7.233333333333334	5.3999999999999995	19.96666666666667	32.300000000000004	223.73333333333335
