concurrency	elapsed-r	errors-r	ops(total)-r	ops/sec(cum)-r	avg(ms)-r	p50(ms)-r	p95(ms)-r	p99(ms)-r	pMax(ms)-r	total-r	elapsed-w	errors-w	ops(total)-w	ops/sec(cum)-w	avg(ms)-w	p50(ms)-w	p95(ms)-w	p99(ms)-w	pMax(ms)-w	total-w	elapsed	errors	ops(total)	ops/sec(cum)	avg(ms)	p50(ms)	p95(ms)	p99(ms)	pMax(ms)
52	0.0	0.0	920224.0	30672.8	2.5	1.8	6.599999999999999	15.699999999999998	97.86666666666667	0.0	0.0	0.0	48363.0	1611.9	30.433333333333337	3.4	167.8	201.30000000000004	243.30000000000004	0.0	0.0	0.0	968587.0	32284.9	3.9	1.8	7.5	31.833333333333332	243.30000000000004
