concurrency	elapsed-r	errors-r	ops(total)-r	ops/sec(cum)-r	avg(ms)-r	p50(ms)-r	p95(ms)-r	p99(ms)-r	pMax(ms)-r	total-r	elapsed-w	errors-w	ops(total)-w	ops/sec(cum)-w	avg(ms)-w	p50(ms)-w	p95(ms)-w	p99(ms)-w	pMax(ms)-w	total-w	elapsed	errors	ops(total)	ops/sec(cum)	avg(ms)	p50(ms)	p95(ms)	p99(ms)	pMax(ms)
152	0.0	0.0	4341632.0	144710.2	3.8599999999999994	2.84	11.34	19.939999999999998	78.4	0.0	0.0	0.0	228798.0	7626.099999999999	49.260000000000005	6.5600000000000005	24.1	1559.58	1859.3399999999997	0.0	0.0	0.0	4570430.0	152336.30000000002	6.119999999999999	2.98	12.42	22.160000000000004	1860.1599999999999
