concurrency	elapsed-r	errors-r	ops(total)-r	ops/sec(cum)-r	avg(ms)-r	p50(ms)-r	p95(ms)-r	p99(ms)-r	pMax(ms)-r	total-r	elapsed-w	errors-w	ops(total)-w	ops/sec(cum)-w	avg(ms)-w	p50(ms)-w	p95(ms)-w	p99(ms)-w	pMax(ms)-w	total-w	elapsed	errors	ops(total)	ops/sec(cum)	avg(ms)	p50(ms)	p95(ms)	p99(ms)	pMax(ms)
28	0.0	0.0	1365594.0	45519.0	1.7	1.3666666666666665	3.9	6.366666666666667	19.233333333333334	0.0	0.0	0.0	71918.0	2397.2	3.0666666666666664	2.3	8.200000000000001	14.299999999999999	29.333333333333332	0.0	0.0	0.0	1437512.0	47916.299999999996	1.7333333333333334	1.3666666666666665	3.966666666666667	6.933333333333334	29.333333333333332
