ops/sec(cum)	p50(ms)	p99(ms)	read_tp	read_p50	read_p99	write_tp	write_p50	write_p99
240345.95	0.30533333333333335	2.569	228340.23333333334	0.30366666666666664	2.569	12004.716666666667	0.307	2.6113333333333335
