concurrency	elapsed-r	errors-r	ops(total)-r	ops/sec(cum)-r	avg(ms)-r	p50(ms)-r	p95(ms)-r	p99(ms)-r	pMax(ms)-r	total-r	elapsed-w	errors-w	ops(total)-w	ops/sec(cum)-w	avg(ms)-w	p50(ms)-w	p95(ms)-w	p99(ms)-w	pMax(ms)-w	total-w	elapsed	errors	ops(total)	ops/sec(cum)	avg(ms)	p50(ms)	p95(ms)	p99(ms)	pMax(ms)
39	0.0	0.0	3276900.0	109227.59999999999	2.4499999999999997	2.275	4.125	8.175	99.2125	0.0	0.0	0.0	172426.0	5747.500000000001	2.3875	2.275	4.1	8.2125	25.1625	0.0	0.0	0.0	3449326.0	114975.1	2.4499999999999997	2.275	4.125	8.175	99.2125
