concurrency	elapsed-r	errors-r	ops(total)-r	ops/sec(cum)-r	avg(ms)-r	p50(ms)-r	p95(ms)-r	p99(ms)-r	pMax(ms)-r	total-r	elapsed	errors	ops(total)	ops/sec(cum)	avg(ms)	p50(ms)	p95(ms)	p99(ms)	pMax(ms)
56	0.0	0.0	1563540.0	52116.299999999996	8.0	7.199999999999999	17.55	24.924999999999997	92.26249999999999	0.0	0.0	0.0	1563540.0	52116.299999999996	8.0	7.199999999999999	17.55	24.924999999999997	92.26249999999999
