concurrency	elapsed-r	errors-r	ops(total)-r	ops/sec(cum)-r	avg(ms)-r	p50(ms)-r	p95(ms)-r	p99(ms)-r	pMax(ms)-r	total-r	elapsed-w	errors-w	ops(total)-w	ops/sec(cum)-w	avg(ms)-w	p50(ms)-w	p95(ms)-w	p99(ms)-w	pMax(ms)-w	total-w	elapsed	errors	ops(total)	ops/sec(cum)	avg(ms)	p50(ms)	p95(ms)	p99(ms)	pMax(ms)
96	0.0	0.0	2673662.0	89118.3	5.9	4.54	16.140000000000004	25.620000000000005	257.53999999999996	0.0	0.0	0.0	140360.0	4678.400000000001	16.5	14.88	33.96	43.62	227.74	0.0	0.0	0.0	2814022.0	93796.70000000001	6.42	4.76	18.7	29.74	257.53999999999996
