concurrency	elapsed-r	errors-r	ops(total)-r	ops/sec(cum)-r	avg(ms)-r	p50(ms)-r	p95(ms)-r	p99(ms)-r	pMax(ms)-r	total-r	elapsed	errors	ops(total)	ops/sec(cum)	avg(ms)	p50(ms)	p95(ms)	p99(ms)	pMax(ms)
33	0.0	0.0	1557007.0	51899.100000000006	4.7	4.25	10.5	15.200000000000001	107.48749999999998	0.0	0.0	0.0	1557007.0	51899.100000000006	4.7	4.25	10.5	15.200000000000001	107.48749999999998
