concurrency	elapsed-r	errors-r	ops(total)-r	ops/sec(cum)-r	avg(ms)-r	p50(ms)-r	p95(ms)-r	p99(ms)-r	pMax(ms)-r	total-r	elapsed	errors	ops(total)	ops/sec(cum)	avg(ms)	p50(ms)	p95(ms)	p99(ms)	pMax(ms)
47	0.0	0.0	1510447.0	50346.600000000006	6.975	6.3374999999999995	15.325000000000001	22.675	149.6875	0.0	0.0	0.0	1510447.0	50346.600000000006	6.975	6.3374999999999995	15.325000000000001	22.675	149.6875
