concurrency	elapsed-r	errors-r	ops(total)-r	ops/sec(cum)-r	avg(ms)-r	p50(ms)-r	p95(ms)-r	p99(ms)-r	pMax(ms)-r	total-r	elapsed-w	errors-w	ops(total)-w	ops/sec(cum)-w	avg(ms)-w	p50(ms)-w	p95(ms)-w	p99(ms)-w	pMax(ms)-w	total-w	elapsed	errors	ops(total)	ops/sec(cum)	avg(ms)	p50(ms)	p95(ms)	p99(ms)	pMax(ms)
62	0.0	0.0	3258233.0	108603.7	3.825	3.475	7.05	14.5125	191.07500000000002	0.0	0.0	0.0	171986.0	5732.6	4.025	3.5749999999999997	7.6625	15.1375	183.35	0.0	0.0	0.0	3430219.0	114336.4	3.8625000000000003	3.475	7.05	14.5125	191.07500000000002
