concurrency	elapsed-r	errors-r	ops(total)-r	ops/sec(cum)-r	avg(ms)-r	p50(ms)-r	p95(ms)-r	p99(ms)-r	pMax(ms)-r	total-r	elapsed-w	errors-w	ops(total)-w	ops/sec(cum)-w	avg(ms)-w	p50(ms)-w	p95(ms)-w	p99(ms)-w	pMax(ms)-w	total-w	elapsed	errors	ops(total)	ops/sec(cum)	avg(ms)	p50(ms)	p95(ms)	p99(ms)	pMax(ms)
138	0.0	0.0	4640546.0	154676.9	4.119999999999999	3.38	10.319999999999999	18.16	152.68	0.0	0.0	0.0	244138.0	8137.6	12.22	10.8	26.660000000000004	38.9	129.38	0.0	0.0	0.0	4884684.0	162814.4	4.54	3.4599999999999995	13.1	21.619999999999997	152.88
