concurrency	elapsed-r	errors-r	ops(total)-r	ops/sec(cum)-r	avg(ms)-r	p50(ms)-r	p95(ms)-r	p99(ms)-r	pMax(ms)-r	total-r	elapsed-w	errors-w	ops(total)-w	ops/sec(cum)-w	avg(ms)-w	p50(ms)-w	p95(ms)-w	p99(ms)-w	pMax(ms)-w	total-w	elapsed	errors	ops(total)	ops/sec(cum)	avg(ms)	p50(ms)	p95(ms)	p99(ms)	pMax(ms)
150	0.0	0.0	2623857.0	87457.70000000001	4.66	3.12	14.8	29.74	163.56	0.0	0.0	0.0	138009.0	4600.1	109.08000000000001	8.059999999999999	37.32000000000001	4697.62	5315.0199999999995	0.0	0.0	0.0	2761866.0	92057.9	9.88	3.3	16.26	32.9	5315.0199999999995
