concurrency	elapsed-r	errors-r	ops(total)-r	ops/sec(cum)-r	avg(ms)-r	p50(ms)-r	p95(ms)-r	p99(ms)-r	pMax(ms)-r	total-r	elapsed-w	errors-w	ops(total)-w	ops/sec(cum)-w	avg(ms)-w	p50(ms)-w	p95(ms)-w	p99(ms)-w	pMax(ms)-w	total-w	elapsed	errors	ops(total)	ops/sec(cum)	avg(ms)	p50(ms)	p95(ms)	p99(ms)	pMax(ms)
10	0.0	0.0	719598.0	23986.300000000003	1.0	0.9	1.7333333333333334	3.033333333333333	16.266666666666666	0.0	0.0	0.0	37853.0	1261.8	1.5	1.3999999999999997	2.6666666666666665	4.3	11.566666666666668	0.0	0.0	0.0	757451.0	25248.1	1.0	0.9333333333333332	1.8	3.1666666666666665	16.266666666666666
