concurrency	elapsed-r	errors-r	ops(total)-r	ops/sec(cum)-r	avg(ms)-r	p50(ms)-r	p95(ms)-r	p99(ms)-r	pMax(ms)-r	total-r	elapsed-w	errors-w	ops(total)-w	ops/sec(cum)-w	avg(ms)-w	p50(ms)-w	p95(ms)-w	p99(ms)-w	pMax(ms)-w	total-w	elapsed	errors	ops(total)	ops/sec(cum)	avg(ms)	p50(ms)	p95(ms)	p99(ms)	pMax(ms)
55	0.0	0.0	3335669.0	111184.80000000002	3.35	3.0250000000000004	5.987500000000001	14.874999999999998	56.624999999999986	0.0	0.0	0.0	176000.0	5866.5	3.6624999999999996	3.3249999999999997	6.749999999999999	15.487499999999999	54.12500000000001	0.0	0.0	0.0	3511669.0	117051.3	3.3749999999999996	3.0375	6.049999999999999	14.874999999999998	56.624999999999986
