concurrency	elapsed-r	errors-r	ops(total)-r	ops/sec(cum)-r	avg(ms)-r	p50(ms)-r	p95(ms)-r	p99(ms)-r	pMax(ms)-r	total-r	elapsed	errors	ops(total)	ops/sec(cum)	avg(ms)	p50(ms)	p95(ms)	p99(ms)	pMax(ms)
39	0.0	0.0	1264798.0	42158.8	7.3375	6.5875	15.45	23.0875	54.762499999999996	0.0	0.0	0.0	1264798.0	42158.8	7.3375	6.5875	15.45	23.0875	54.762499999999996
