concurrency	elapsed-r	errors-r	ops(total)-r	ops/sec(cum)-r	avg(ms)-r	p50(ms)-r	p95(ms)-r	p99(ms)-r	pMax(ms)-r	total-r	elapsed-w	errors-w	ops(total)-w	ops/sec(cum)-w	avg(ms)-w	p50(ms)-w	p95(ms)-w	p99(ms)-w	pMax(ms)-w	total-w	elapsed	errors	ops(total)	ops/sec(cum)	avg(ms)	p50(ms)	p95(ms)	p99(ms)	pMax(ms)
96	0.0	0.0	2854043.0	95130.8	4.680000000000001	3.8	12.16	20.979999999999997	285.2	0.0	0.0	0.0	149802.0	4993.2	16.18	14.919999999999998	32.9	42.339999999999996	189.14	0.0	0.0	0.0	3003845.0	100124.0	5.24	3.9200000000000004	15.66	27.220000000000006	288.56
