concurrency	elapsed-r	errors-r	ops(total)-r	ops/sec(cum)-r	avg(ms)-r	p50(ms)-r	p95(ms)-r	p99(ms)-r	pMax(ms)-r	total-r	elapsed-w	errors-w	ops(total)-w	ops/sec(cum)-w	avg(ms)-w	p50(ms)-w	p95(ms)-w	p99(ms)-w	pMax(ms)-w	total-w	elapsed	errors	ops(total)	ops/sec(cum)	avg(ms)	p50(ms)	p95(ms)	p99(ms)	pMax(ms)
14	0.0	0.0	781416.0	26046.5	1.7	1.3249999999999997	3.7249999999999996	4.925	54.5	0.0	0.0	0.0	41190.0	1372.9	5.4750000000000005	2.275	20.975	29.125	44.525	0.0	0.0	0.0	822606.0	27419.5	1.875	1.3249999999999997	3.925	9.424999999999999	54.5
