concurrency	elapsed-r	errors-r	ops(total)-r	ops/sec(cum)-r	avg(ms)-r	p50(ms)-r	p95(ms)-r	p99(ms)-r	pMax(ms)-r	total-r	elapsed-w	errors-w	ops(total)-w	ops/sec(cum)-w	avg(ms)-w	p50(ms)-w	p95(ms)-w	p99(ms)-w	pMax(ms)-w	total-w	elapsed	errors	ops(total)	ops/sec(cum)	avg(ms)	p50(ms)	p95(ms)	p99(ms)	pMax(ms)
48	0.0	0.0	3342971.0	111429.0	3.0375	2.8625	7.925000000000001	11.3125	97.38749999999999	0.0	0.0	0.0	176240.0	5874.500000000001	3.0625	2.8625	7.9625	11.3875	49.425	0.0	0.0	0.0	3519211.0	117303.3	3.0375	2.8625	7.925000000000001	11.3125	98.57499999999999
