concurrency	elapsed-r	errors-r	ops(total)-r	ops/sec(cum)-r	avg(ms)-r	p50(ms)-r	p95(ms)-r	p99(ms)-r	pMax(ms)-r	total-r	elapsed-w	errors-w	ops(total)-w	ops/sec(cum)-w	avg(ms)-w	p50(ms)-w	p95(ms)-w	p99(ms)-w	pMax(ms)-w	total-w	elapsed	errors	ops(total)	ops/sec(cum)	avg(ms)	p50(ms)	p95(ms)	p99(ms)	pMax(ms)
39	0.0	0.0	3331785.0	111056.89999999998	2.4000000000000004	2.2125	4.125	8.95	57.8	0.0	0.0	0.0	175182.0	5839.2	2.5500000000000003	2.3375000000000004	4.3	9.1	32.762499999999996	0.0	0.0	0.0	3506967.0	116896.20000000001	2.4125	2.2125	4.125	8.95	58.46249999999999
