concurrency	elapsed-r	errors-r	ops(total)-r	ops/sec(cum)-r	avg(ms)-r	p50(ms)-r	p95(ms)-r	p99(ms)-r	pMax(ms)-r	total-r	elapsed-w	errors-w	ops(total)-w	ops/sec(cum)-w	avg(ms)-w	p50(ms)-w	p95(ms)-w	p99(ms)-w	pMax(ms)-w	total-w	elapsed	errors	ops(total)	ops/sec(cum)	avg(ms)	p50(ms)	p95(ms)	p99(ms)	pMax(ms)
88	0.0	0.0	4361236.0	145365.6	2.7399999999999998	2.3200000000000003	5.58	13.039999999999997	69.61999999999999	0.0	0.0	0.0	228741.0	7624.299999999999	6.319999999999999	5.64	13.74	19.4	59.14	0.0	0.0	0.0	4589977.0	152989.69999999998	2.94	2.4	6.9799999999999995	13.76	69.82
