concurrency	elapsed-r	errors-r	ops(total)-r	ops/sec(cum)-r	avg(ms)-r	p50(ms)-r	p95(ms)-r	p99(ms)-r	pMax(ms)-r	total-r	elapsed-w	errors-w	ops(total)-w	ops/sec(cum)-w	avg(ms)-w	p50(ms)-w	p95(ms)-w	p99(ms)-w	pMax(ms)-w	total-w	elapsed	errors	ops(total)	ops/sec(cum)	avg(ms)	p50(ms)	p95(ms)	p99(ms)	pMax(ms)
152	0.0	0.0	4664883.0	155485.6	4.5200000000000005	3.84	10.68	18.759999999999998	223.58	0.0	0.0	0.0	245882.0	8195.5	13.959999999999999	13.080000000000002	27.160000000000004	36.480000000000004	218.74	0.0	0.0	0.0	4910765.0	163681.2	5.0200000000000005	3.9200000000000004	14.319999999999999	23.08	226.94
