ops/sec(cum)	p50(ms)	p99(ms)	skews
67651.3	3.6875	16.65	0
67554.7	3.5999999999999996	15.8125	0.6
68300.29999999999	3.5999999999999996	15.137500000000001	0.7
67629.2	3.85	19.150000000000002	0.8
66168.90000000001	2.825	13.837499999999999	0.9
47201.3	1.45	5.9750000000000005	0.99
45271.1	1.275	6.375	1.1
37644.4	1.25	5.5	1.2
32087.6	1.2999999999999998	19.65	1.3
27419.5	1.3249999999999997	9.424999999999999	1.4
24055.7	1.45	36.2	1.5
