concurrency	elapsed-r	errors-r	ops(total)-r	ops/sec(cum)-r	avg(ms)-r	p50(ms)-r	p95(ms)-r	p99(ms)-r	pMax(ms)-r	total-r	elapsed-w	errors-w	ops(total)-w	ops/sec(cum)-w	avg(ms)-w	p50(ms)-w	p95(ms)-w	p99(ms)-w	pMax(ms)-w	total-w	elapsed	errors	ops(total)	ops/sec(cum)	avg(ms)	p50(ms)	p95(ms)	p99(ms)	pMax(ms)
62	0.0	0.0	4056835.0	135223.5	3.1624999999999996	2.225	8.575	14.1125	221.24999999999997	0.0	0.0	0.0	213898.0	7129.6	3.2375	2.225	8.8375	14.3	134.2	0.0	0.0	0.0	4270733.0	142353.2	3.1624999999999996	2.225	8.575	14.1125	221.24999999999997
