concurrency	elapsed-r	errors-r	ops(total)-r	ops/sec(cum)-r	avg(ms)-r	p50(ms)-r	p95(ms)-r	p99(ms)-r	pMax(ms)-r	total-r	elapsed-w	errors-w	ops(total)-w	ops/sec(cum)-w	avg(ms)-w	p50(ms)-w	p95(ms)-w	p99(ms)-w	pMax(ms)-w	total-w	elapsed	errors	ops(total)	ops/sec(cum)	avg(ms)	p50(ms)	p95(ms)	p99(ms)	pMax(ms)
16	0.0	0.0	1393937.0	46463.700000000004	1.6624999999999999	1.2750000000000001	4.4	6.824999999999999	20.7125	0.0	0.0	0.0	73330.0	2444.2	16.75	2.275	127.37499999999999	151.0	176.20000000000002	0.0	0.0	0.0	1467267.0	48908.0	2.425	1.2750000000000001	4.575	8.8625	176.20000000000002
