concurrency	elapsed-w	errors-w	ops(total)-w	ops/sec(cum)-w	avg(ms)-w	p50(ms)-w	p95(ms)-w	p99(ms)-w	pMax(ms)-w	total-w	elapsed	errors	ops(total)	ops/sec(cum)	avg(ms)	p50(ms)	p95(ms)	p99(ms)	pMax(ms)
47	0.0	0.0	747528.0	24916.5	14.6125	13.037499999999998	33.05	45.575	135.26250000000002	0.0	0.0	0.0	747528.0	24916.5	14.6125	13.037499999999998	33.05	45.575	135.26250000000002
