concurrency	elapsed-r	errors-r	ops(total)-r	ops/sec(cum)-r	avg(ms)-r	p50(ms)-r	p95(ms)-r	p99(ms)-r	pMax(ms)-r	total-r	elapsed-w	errors-w	ops(total)-w	ops/sec(cum)-w	avg(ms)-w	p50(ms)-w	p95(ms)-w	p99(ms)-w	pMax(ms)-w	total-w	elapsed	errors	ops(total)	ops/sec(cum)	avg(ms)	p50(ms)	p95(ms)	p99(ms)	pMax(ms)
16	0.0	0.0	167652.0	5588.1	4.725	4.7375	8.45	10.412500000000001	21.125000000000004	0.0	0.0	0.0	8724.0	290.79999999999995	341.3625	421.5	469.80000000000007	486.5	501.20000000000005	0.0	0.0	0.0	176376.0	5879.1	21.3875	4.775	10.8	453.0	501.20000000000005
