concurrency	elapsed-r	errors-r	ops(total)-r	ops/sec(cum)-r	avg(ms)-r	p50(ms)-r	p95(ms)-r	p99(ms)-r	pMax(ms)-r	total-r	elapsed-w	errors-w	ops(total)-w	ops/sec(cum)-w	avg(ms)-w	p50(ms)-w	p95(ms)-w	p99(ms)-w	pMax(ms)-w	total-w	elapsed	errors	ops(total)	ops/sec(cum)	avg(ms)	p50(ms)	p95(ms)	p99(ms)	pMax(ms)
48	0.0	0.0	3302903.0	110094.19999999998	3.0000000000000004	2.725	5.125	10.8875	48.08749999999999	0.0	0.0	0.0	173554.0	5784.9	3.0000000000000004	2.725	5.1625	11.237499999999999	44.9375	0.0	0.0	0.0	3476457.0	115879.2	3.0000000000000004	2.725	5.125	10.962499999999999	48.08749999999999
