concurrency	elapsed-r	errors-r	ops(total)-r	ops/sec(cum)-r	avg(ms)-r	p50(ms)-r	p95(ms)-r	p99(ms)-r	pMax(ms)-r	total-r	elapsed-w	errors-w	ops(total)-w	ops/sec(cum)-w	avg(ms)-w	p50(ms)-w	p95(ms)-w	p99(ms)-w	pMax(ms)-w	total-w	elapsed	errors	ops(total)	ops/sec(cum)	avg(ms)	p50(ms)	p95(ms)	p99(ms)	pMax(ms)
48	0.0	0.0	1159184.0	38638.1	8.525	7.825	19.2	27.525000000000002	105.3875	0.0	0.0	0.0	60604.0	2020.1999999999998	17.0625	16.3375	37.45	48.462500000000006	84.4125	0.0	0.0	0.0	1219788.0	40658.100000000006	8.950000000000001	7.95	20.95	31.4875	116.92500000000001
