concurrency	elapsed-r	errors-r	ops(total)-r	ops/sec(cum)-r	avg(ms)-r	p50(ms)-r	p95(ms)-r	p99(ms)-r	pMax(ms)-r	total-r	elapsed-w	errors-w	ops(total)-w	ops/sec(cum)-w	avg(ms)-w	p50(ms)-w	p95(ms)-w	p99(ms)-w	pMax(ms)-w	total-w	elapsed	errors	ops(total)	ops/sec(cum)	avg(ms)	p50(ms)	p95(ms)	p99(ms)	pMax(ms)
64	0.0	0.0	1404627.0	46819.5	2.7000000000000006	1.8999999999999997	7.8	19.566666666666666	195.70000000000002	0.0	0.0	0.0	74159.0	2471.8999999999996	5.566666666666666	3.7999999999999994	18.533333333333335	37.03333333333334	114.66666666666664	0.0	0.0	0.0	1478786.0	49291.3	2.7999999999999994	1.8999999999999997	8.4	21.0	195.70000000000002
