concurrency	elapsed-r	errors-r	ops(total)-r	ops/sec(cum)-r	avg(ms)-r	p50(ms)-r	p95(ms)-r	p99(ms)-r	pMax(ms)-r	total-r	elapsed-w	errors-w	ops(total)-w	ops/sec(cum)-w	avg(ms)-w	p50(ms)-w	p95(ms)-w	p99(ms)-w	pMax(ms)-w	total-w	elapsed	errors	ops(total)	ops/sec(cum)	avg(ms)	p50(ms)	p95(ms)	p99(ms)	pMax(ms)
54	0.0	0.0	1724897.0	57494.5	6.3999999999999995	5.262499999999999	15.1625	22.924999999999997	66.3125	0.0	0.0	0.0	91030.0	3034.2	9.875	6.3999999999999995	26.625000000000004	36.275	67.88749999999999	0.0	0.0	0.0	1815927.0	60528.700000000004	6.5625	5.35	15.999999999999998	24.65	74.71249999999999
