concurrency	elapsed-r	errors-r	ops(total)-r	ops/sec(cum)-r	avg(ms)-r	p50(ms)-r	p95(ms)-r	p99(ms)-r	pMax(ms)-r	total-r	elapsed	errors	ops(total)	ops/sec(cum)	avg(ms)	p50(ms)	p95(ms)	p99(ms)	pMax(ms)
56	0.0	0.0	1296590.0	43218.2	10.524999999999999	9.1125	23.562500000000004	36.275	81.27499999999999	0.0	0.0	0.0	1296590.0	43218.2	10.524999999999999	9.1125	23.562500000000004	36.275	81.27499999999999
