concurrency	elapsed-r	errors-r	ops(total)-r	ops/sec(cum)-r	avg(ms)-r	p50(ms)-r	p95(ms)-r	p99(ms)-r	pMax(ms)-r	total-r	elapsed-w	errors-w	ops(total)-w	ops/sec(cum)-w	avg(ms)-w	p50(ms)-w	p95(ms)-w	p99(ms)-w	pMax(ms)-w	total-w	elapsed	errors	ops(total)	ops/sec(cum)	avg(ms)	p50(ms)	p95(ms)	p99(ms)	pMax(ms)
11	0.0	0.0	673343.0	22444.600000000002	2.9625000000000004	2.5875000000000004	5.800000000000001	9.975000000000001	59.4875	0.0	0.0	0.0	35403.0	1180.1999999999998	13.3	12.849999999999998	23.075	28.725	59.487500000000004	0.0	0.0	0.0	708746.0	23624.5	3.525	2.65	9.5	19.375000000000004	64.2125
