concurrency	elapsed-r	errors-r	ops(total)-r	ops/sec(cum)-r	avg(ms)-r	p50(ms)-r	p95(ms)-r	p99(ms)-r	pMax(ms)-r	total-r	elapsed	errors	ops(total)	ops/sec(cum)	avg(ms)	p50(ms)	p95(ms)	p99(ms)	pMax(ms)
35	0.0	0.0	1306029.0	43533.00000000001	6.375	5.7250000000000005	13.225000000000001	20.05	49.77499999999999	0.0	0.0	0.0	1306029.0	43533.00000000001	6.375	5.7250000000000005	13.225000000000001	20.05	49.77499999999999
