concurrency	elapsed-r	errors-r	ops(total)-r	ops/sec(cum)-r	avg(ms)-r	p50(ms)-r	p95(ms)-r	p99(ms)-r	pMax(ms)-r	total-r	elapsed-w	errors-w	ops(total)-w	ops/sec(cum)-w	avg(ms)-w	p50(ms)-w	p95(ms)-w	p99(ms)-w	pMax(ms)-w	total-w	elapsed	errors	ops(total)	ops/sec(cum)	avg(ms)	p50(ms)	p95(ms)	p99(ms)	pMax(ms)
23	0.0	0.0	3073354.0	102443.3	1.4625	1.3875	2.4000000000000004	4.5375	23.675	0.0	0.0	0.0	162405.0	5413.5	1.6500000000000001	1.45	3.7375	6.012500000000001	41.349999999999994	0.0	0.0	0.0	3235759.0	107856.5	1.4874999999999998	1.3875	2.4250000000000003	4.7	47.85
