concurrency	elapsed-r	errors-r	ops(total)-r	ops/sec(cum)-r	avg(ms)-r	p50(ms)-r	p95(ms)-r	p99(ms)-r	pMax(ms)-r	total-r	elapsed-w	errors-w	ops(total)-w	ops/sec(cum)-w	avg(ms)-w	p50(ms)-w	p95(ms)-w	p99(ms)-w	pMax(ms)-w	total-w	elapsed	errors	ops(total)	ops/sec(cum)	avg(ms)	p50(ms)	p95(ms)	p99(ms)	pMax(ms)
32	0.0	0.0	4486002.0	149530.2	1.375	1.2750000000000001	2.3625000000000003	4.0125	217.04999999999998	0.0	0.0	0.0	236833.0	7894.300000000001	1.45	1.2750000000000001	2.5625	4.875	81.77499999999999	0.0	0.0	0.0	4722835.0	157424.5	1.375	1.2750000000000001	2.375	4.0125	217.04999999999998
