concurrency	elapsed-r	errors-r	ops(total)-r	ops/sec(cum)-r	avg(ms)-r	p50(ms)-r	p95(ms)-r	p99(ms)-r	pMax(ms)-r	total-r	elapsed	errors	ops(total)	ops/sec(cum)	avg(ms)	p50(ms)	p95(ms)	p99(ms)	pMax(ms)
66	0.0	0.0	1560797.0	52024.700000000004	9.500000000000002	8.7	20.725	29.000000000000004	63.16250000000001	0.0	0.0	0.0	1560797.0	52024.700000000004	9.500000000000002	8.7	20.725	29.000000000000004	63.16250000000001
