concurrency	elapsed-r	errors-r	ops(total)-r	ops/sec(cum)-r	avg(ms)-r	p50(ms)-r	p95(ms)-r	p99(ms)-r	pMax(ms)-r	total-r	elapsed	errors	ops(total)	ops/sec(cum)	avg(ms)	p50(ms)	p95(ms)	p99(ms)	pMax(ms)
25	0.0	0.0	1344267.0	44808.200000000004	4.1375	3.675	8.95	12.974999999999998	127.1375	0.0	0.0	0.0	1344267.0	44808.200000000004	4.1375	3.675	8.95	12.974999999999998	127.1375
