concurrency	elapsed-r	errors-r	ops(total)-r	ops/sec(cum)-r	avg(ms)-r	p50(ms)-r	p95(ms)-r	p99(ms)-r	pMax(ms)-r	total-r	elapsed-w	errors-w	ops(total)-w	ops/sec(cum)-w	avg(ms)-w	p50(ms)-w	p95(ms)-w	p99(ms)-w	pMax(ms)-w	total-w	elapsed	errors	ops(total)	ops/sec(cum)	avg(ms)	p50(ms)	p95(ms)	p99(ms)	pMax(ms)
24	0.0	0.0	578420.0	19280.300000000003	2.333333333333333	1.8	4.566666666666666	15.199999999999998	92.26666666666667	0.0	0.0	0.0	30694.0	1023.1999999999999	1.6000000000000003	1.2	3.4	7.233333333333333	27.633333333333336	0.0	0.0	0.0	609114.0	20303.4	2.3	1.6000000000000003	4.5	15.199999999999998	92.26666666666667
