concurrency	elapsed-r	errors-r	ops(total)-r	ops/sec(cum)-r	avg(ms)-r	p50(ms)-r	p95(ms)-r	p99(ms)-r	pMax(ms)-r	total-r	elapsed	errors	ops(total)	ops/sec(cum)	avg(ms)	p50(ms)	p95(ms)	p99(ms)	pMax(ms)
20	0.0	0.0	1386242.0	46207.299999999996	3.3000000000000003	3.0374999999999996	6.062499999999999	9.524999999999999	24.125	0.0	0.0	0.0	1386242.0	46207.299999999996	3.3000000000000003	3.0374999999999996	6.062499999999999	9.524999999999999	24.125
