concurrency	elapsed-r	errors-r	ops(total)-r	ops/sec(cum)-r	avg(ms)-r	p50(ms)-r	p95(ms)-r	p99(ms)-r	pMax(ms)-r	total-r	elapsed-w	errors-w	ops(total)-w	ops/sec(cum)-w	avg(ms)-w	p50(ms)-w	p95(ms)-w	p99(ms)-w	pMax(ms)-w	total-w	elapsed	errors	ops(total)	ops/sec(cum)	avg(ms)	p50(ms)	p95(ms)	p99(ms)	pMax(ms)
40	0.0	0.0	1947089.0	64901.100000000006	4.074999999999999	3.5749999999999997	9.4875	14.950000000000001	68.9375	0.0	0.0	0.0	102649.0	3421.6	7.499999999999999	7.05	16.2625	23.3375	53.712500000000006	0.0	0.0	0.0	2049738.0	68322.5	4.25	3.675	10.25	15.95	72.35
