concurrency	elapsed-r	errors-r	ops(total)-r	ops/sec(cum)-r	avg(ms)-r	p50(ms)-r	p95(ms)-r	p99(ms)-r	pMax(ms)-r	total-r	elapsed-w	errors-w	ops(total)-w	ops/sec(cum)-w	avg(ms)-w	p50(ms)-w	p95(ms)-w	p99(ms)-w	pMax(ms)-w	total-w	elapsed	errors	ops(total)	ops/sec(cum)	avg(ms)	p50(ms)	p95(ms)	p99(ms)	pMax(ms)
128	0.0	0.0	3488932.0	116292.40000000001	4.725	3.9749999999999996	10.525	20.925	211.825	0.0	0.0	0.0	183408.0	6113.299999999999	13.899999999999999	12.8	27.825000000000003	36.3	158.325	0.0	0.0	0.0	3672340.0	122405.7	5.175	4.075	14.025	24.4	216.0
