concurrency	elapsed-r	errors-r	ops(total)-r	ops/sec(cum)-r	avg(ms)-r	p50(ms)-r	p95(ms)-r	p99(ms)-r	pMax(ms)-r	total-r	elapsed-w	errors-w	ops(total)-w	ops/sec(cum)-w	avg(ms)-w	p50(ms)-w	p95(ms)-w	p99(ms)-w	pMax(ms)-w	total-w	elapsed	errors	ops(total)	ops/sec(cum)	avg(ms)	p50(ms)	p95(ms)	p99(ms)	pMax(ms)
159	0.0	0.0	4531739.0	151041.6	4.68	3.6799999999999997	13.579999999999998	24.0	244.51999999999998	0.0	0.0	0.0	238319.0	7943.099999999999	19.240000000000002	12.419999999999998	28.839999999999996	113.6	1173.5800000000002	0.0	0.0	0.0	4770058.0	158984.8	5.38	3.7	15.5	26.74	1194.12
