concurrency	elapsed-r	errors-r	ops(total)-r	ops/sec(cum)-r	avg(ms)-r	p50(ms)-r	p95(ms)-r	p99(ms)-r	pMax(ms)-r	total-r	elapsed	errors	ops(total)	ops/sec(cum)	avg(ms)	p50(ms)	p95(ms)	p99(ms)	pMax(ms)
64	0.0	0.0	1296726.0	43222.3	12.0375	10.375	27.412499999999998	42.050000000000004	90.18750000000001	0.0	0.0	0.0	1296726.0	43222.3	12.0375	10.375	27.412499999999998	42.050000000000004	90.18750000000001
