concurrency	elapsed-r	errors-r	ops(total)-r	ops/sec(cum)-r	avg(ms)-r	p50(ms)-r	p95(ms)-r	p99(ms)-r	pMax(ms)-r	total-r	elapsed	errors	ops(total)	ops/sec(cum)	avg(ms)	p50(ms)	p95(ms)	p99(ms)	pMax(ms)
19	0.0	0.0	1396163.0	46538.09999999999	3.0874999999999995	2.8750000000000004	5.699999999999999	8.674999999999999	21.9	0.0	0.0	0.0	1396163.0	46538.09999999999	3.0874999999999995	2.8750000000000004	5.699999999999999	8.674999999999999	21.9
