ops/sec(cum)	p50(ms)	p99(ms)	read_tp	read_p50	read_p99	write_tp	write_p50	write_p99
243312.9	0.179	0.63	232462.4	0.17857142857142858	0.63	10849.5	0.1794285714285714	0.6308571428571429
