concurrency	elapsed-r	errors-r	ops(total)-r	ops/sec(cum)-r	avg(ms)-r	p50(ms)-r	p95(ms)-r	p99(ms)-r	pMax(ms)-r	total-r	elapsed-w	errors-w	ops(total)-w	ops/sec(cum)-w	avg(ms)-w	p50(ms)-w	p95(ms)-w	p99(ms)-w	pMax(ms)-w	total-w	elapsed	errors	ops(total)	ops/sec(cum)	avg(ms)	p50(ms)	p95(ms)	p99(ms)	pMax(ms)
10	0.0	0.0	997932.0	33263.899999999994	1.7500000000000002	1.3625	4.5	6.325	57.387499999999996	0.0	0.0	0.0	52462.0	1748.7	8.200000000000001	2.425	42.425000000000004	55.81250000000001	77.075	0.0	0.0	0.0	1050394.0	35012.5	2.1125	1.375	4.725	10.75	77.075
