concurrency	elapsed-r	errors-r	ops(total)-r	ops/sec(cum)-r	avg(ms)-r	p50(ms)-r	p95(ms)-r	p99(ms)-r	pMax(ms)-r	total-r	elapsed-w	errors-w	ops(total)-w	ops/sec(cum)-w	avg(ms)-w	p50(ms)-w	p95(ms)-w	p99(ms)-w	pMax(ms)-w	total-w	elapsed	errors	ops(total)	ops/sec(cum)	avg(ms)	p50(ms)	p95(ms)	p99(ms)	pMax(ms)
31	0.0	0.0	1892633.0	63086.0	3.2375	2.85	7.449999999999999	12.349999999999998	66.3125	0.0	0.0	0.0	99618.0	3320.6	6.0625	5.5	13.349999999999998	19.400000000000002	48.987500000000004	0.0	0.0	0.0	1992251.0	66406.5	3.3875	2.8625000000000003	8.1625	13.099999999999998	66.3125
