concurrency	elapsed-r	errors-r	ops(total)-r	ops/sec(cum)-r	avg(ms)-r	p50(ms)-r	p95(ms)-r	p99(ms)-r	pMax(ms)-r	total-r	elapsed-w	errors-w	ops(total)-w	ops/sec(cum)-w	avg(ms)-w	p50(ms)-w	p95(ms)-w	p99(ms)-w	pMax(ms)-w	total-w	elapsed	errors	ops(total)	ops/sec(cum)	avg(ms)	p50(ms)	p95(ms)	p99(ms)	pMax(ms)
8	0.0	0.0	446281.0	14875.8	2.775	2.0750000000000006	6.1	7.725	14.6875	0.0	0.0	0.0	23773.0	792.3000000000001	24.0375	4.0125	80.22500000000001	92.82499999999999	116.35000000000001	0.0	0.0	0.0	470054.0	15668.2	3.875	2.2	6.599999999999999	61.849999999999994	116.35000000000001
