concurrency	elapsed-r	errors-r	ops(total)-r	ops/sec(cum)-r	avg(ms)-r	p50(ms)-r	p95(ms)-r	p99(ms)-r	pMax(ms)-r	total-r	elapsed-w	errors-w	ops(total)-w	ops/sec(cum)-w	avg(ms)-w	p50(ms)-w	p95(ms)-w	p99(ms)-w	pMax(ms)-w	total-w	elapsed	errors	ops(total)	ops/sec(cum)	avg(ms)	p50(ms)	p95(ms)	p99(ms)	pMax(ms)
46	0.0	0.0	3226291.0	107540.3	2.925	2.65	5.2124999999999995	10.937499999999998	72.88749999999999	0.0	0.0	0.0	169939.0	5664.400000000001	2.9	2.6374999999999997	5.199999999999999	10.725	64.825	0.0	0.0	0.0	3396230.0	113204.7	2.925	2.65	5.2124999999999995	10.937499999999998	72.88749999999999
