concurrency	elapsed-r	errors-r	ops(total)-r	ops/sec(cum)-r	avg(ms)-r	p50(ms)-r	p95(ms)-r	p99(ms)-r	pMax(ms)-r	total-r	elapsed-w	errors-w	ops(total)-w	ops/sec(cum)-w	avg(ms)-w	p50(ms)-w	p95(ms)-w	p99(ms)-w	pMax(ms)-w	total-w	elapsed	errors	ops(total)	ops/sec(cum)	avg(ms)	p50(ms)	p95(ms)	p99(ms)	pMax(ms)
130	0.0	0.0	2667228.0	88902.09999999999	7.9	6.140000000000001	21.54	33.1	325.48	0.0	0.0	0.0	141335.0	4710.8	20.459999999999997	18.46	44.44	57.9	307.02	0.0	0.0	0.0	2808563.0	93613.09999999999	8.52	6.220000000000001	25.2	38.06	325.48
