concurrency	elapsed-r	errors-r	ops(total)-r	ops/sec(cum)-r	avg(ms)-r	p50(ms)-r	p95(ms)-r	p99(ms)-r	pMax(ms)-r	total-r	elapsed-w	errors-w	ops(total)-w	ops/sec(cum)-w	avg(ms)-w	p50(ms)-w	p95(ms)-w	p99(ms)-w	pMax(ms)-w	total-w	elapsed	errors	ops(total)	ops/sec(cum)	avg(ms)	p50(ms)	p95(ms)	p99(ms)	pMax(ms)
42	0.0	0.0	2572230.0	85738.70000000001	3.275	2.9000000000000004	6.675000000000001	11.125	76.69999999999999	0.0	0.0	0.0	135518.0	4517.2	3.8374999999999995	2.9625	10.2875	15.275	30.1625	0.0	0.0	0.0	2707748.0	90255.90000000001	3.3375	2.9000000000000004	6.812499999999999	11.424999999999999	76.96249999999999
