concurrency	elapsed-r	errors-r	ops(total)-r	ops/sec(cum)-r	avg(ms)-r	p50(ms)-r	p95(ms)-r	p99(ms)-r	pMax(ms)-r	total-r	elapsed-w	errors-w	ops(total)-w	ops/sec(cum)-w	avg(ms)-w	p50(ms)-w	p95(ms)-w	p99(ms)-w	pMax(ms)-w	total-w	elapsed	errors	ops(total)	ops/sec(cum)	avg(ms)	p50(ms)	p95(ms)	p99(ms)	pMax(ms)
47	0.0	0.0	1264700.0	42155.3	7.6125	6.7	17.175	25.699999999999996	103.3	0.0	0.0	0.0	66374.0	2212.4999999999995	14.4	13.374999999999998	29.125	40.5875	85.46249999999999	0.0	0.0	0.0	1331074.0	44367.8	7.95	6.925	18.625000000000004	27.800000000000004	109.06249999999999
