concurrency	elapsed-w	errors-w	ops(total)-w	ops/sec(cum)-w	avg(ms)-w	p50(ms)-w	p95(ms)-w	p99(ms)-w	pMax(ms)-w	total-w	elapsed	errors	ops(total)	ops/sec(cum)	avg(ms)	p50(ms)	p95(ms)	p99(ms)	pMax(ms)
59	0.0	0.0	753265.0	25108.0	18.2625	15.662500000000001	43.2125	59.224999999999994	228.6125	0.0	0.0	0.0	753265.0	25108.0	18.2625	15.662500000000001	43.2125	59.224999999999994	228.6125
