concurrency	elapsed-r	errors-r	ops(total)-r	ops/sec(cum)-r	avg(ms)-r	p50(ms)-r	p95(ms)-r	p99(ms)-r	pMax(ms)-r	total-r	elapsed	errors	ops(total)	ops/sec(cum)	avg(ms)	p50(ms)	p95(ms)	p99(ms)	pMax(ms)
54	0.0	0.0	1864013.0	62131.9	6.437499999999999	5.4375	15.612499999999999	24.525	60.8	0.0	0.0	0.0	1864013.0	62131.9	6.437499999999999	5.4375	15.612499999999999	24.525	60.8
