concurrency	elapsed-r	errors-r	ops(total)-r	ops/sec(cum)-r	avg(ms)-r	p50(ms)-r	p95(ms)-r	p99(ms)-r	pMax(ms)-r	total-r	elapsed	errors	ops(total)	ops/sec(cum)	avg(ms)	p50(ms)	p95(ms)	p99(ms)	pMax(ms)
47	0.0	0.0	1253535.0	41783.200000000004	9.0125	8.175	19.125	29.125	70.77499999999999	0.0	0.0	0.0	1253535.0	41783.200000000004	9.0125	8.175	19.125	29.125	70.77499999999999
