concurrency	elapsed-r	errors-r	ops(total)-r	ops/sec(cum)-r	avg(ms)-r	p50(ms)-r	p95(ms)-r	p99(ms)-r	pMax(ms)-r	total-r	elapsed	errors	ops(total)	ops/sec(cum)	avg(ms)	p50(ms)	p95(ms)	p99(ms)	pMax(ms)
30	0.0	0.0	978024.0	32600.200000000004	7.300000000000001	6.65	14.8875	20.849999999999998	63.425	0.0	0.0	0.0	978024.0	32600.200000000004	7.300000000000001	6.65	14.8875	20.849999999999998	63.425
