concurrency	elapsed-w	errors-w	ops(total)-w	ops/sec(cum)-w	avg(ms)-w	p50(ms)-w	p95(ms)-w	p99(ms)-w	pMax(ms)-w	total-w	elapsed	errors	ops(total)	ops/sec(cum)	avg(ms)	p50(ms)	p95(ms)	p99(ms)	pMax(ms)
30	0.0	0.0	4978145.0	165935.99999999997	1.2000000000000002	1.1	2.175	2.975	68.7375	0.0	0.0	0.0	4978145.0	165935.99999999997	1.2000000000000002	1.1	2.175	2.975	68.7375
