concurrency	elapsed-r	errors-r	ops(total)-r	ops/sec(cum)-r	avg(ms)-r	p50(ms)-r	p95(ms)-r	p99(ms)-r	pMax(ms)-r	total-r	elapsed-w	errors-w	ops(total)-w	ops/sec(cum)-w	avg(ms)-w	p50(ms)-w	p95(ms)-w	p99(ms)-w	pMax(ms)-w	total-w	elapsed	errors	ops(total)	ops/sec(cum)	avg(ms)	p50(ms)	p95(ms)	p99(ms)	pMax(ms)
47	0.0	0.0	1942844.0	64759.6	4.825	4.175	11.575	18.762500000000003	59.75	0.0	0.0	0.0	102340.0	3411.4000000000005	8.7	8.025	19.525000000000002	27.925000000000004	99.0875	0.0	0.0	0.0	2045184.0	68170.9	5.025	4.2875	12.287499999999998	19.775000000000002	99.0875
