concurrency	elapsed-r	errors-r	ops(total)-r	ops/sec(cum)-r	avg(ms)-r	p50(ms)-r	p95(ms)-r	p99(ms)-r	pMax(ms)-r	total-r	elapsed-w	errors-w	ops(total)-w	ops/sec(cum)-w	avg(ms)-w	p50(ms)-w	p95(ms)-w	p99(ms)-w	pMax(ms)-w	total-w	elapsed	errors	ops(total)	ops/sec(cum)	avg(ms)	p50(ms)	p95(ms)	p99(ms)	pMax(ms)
49	0.0	0.0	1176818.0	39226.1	2.9	2.2	8.1	19.9	81.10000000000001	0.0	0.0	0.0	61838.0	2061.2	1.2666666666666666	0.9	2.8666666666666667	7.066666666666666	54.5	0.0	0.0	0.0	1238656.0	41287.3	2.7999999999999994	2.1	7.900000000000001	18.9	81.10000000000001
