concurrency	elapsed-w	errors-w	ops(total)-w	ops/sec(cum)-w	avg(ms)-w	p50(ms)-w	p95(ms)-w	p99(ms)-w	pMax(ms)-w	total-w	elapsed	errors	ops(total)	ops/sec(cum)	avg(ms)	p50(ms)	p95(ms)	p99(ms)	pMax(ms)
47	0.0	0.0	4998129.0	166600.99999999997	1.9	1.725	3.45	5.4375	124.51249999999999	0.0	0.0	0.0	4998129.0	166600.99999999997	1.9	1.725	3.45	5.4375	124.51249999999999
