concurrency	elapsed-r	errors-r	ops(total)-r	ops/sec(cum)-r	avg(ms)-r	p50(ms)-r	p95(ms)-r	p99(ms)-r	pMax(ms)-r	total-r	elapsed-w	errors-w	ops(total)-w	ops/sec(cum)-w	avg(ms)-w	p50(ms)-w	p95(ms)-w	p99(ms)-w	pMax(ms)-w	total-w	elapsed	errors	ops(total)	ops/sec(cum)	avg(ms)	p50(ms)	p95(ms)	p99(ms)	pMax(ms)
66	0.0	0.0	1863066.0	62099.299999999996	6.6499999999999995	5.1000000000000005	17.8	31.8625	150.4625	0.0	0.0	0.0	98039.0	3267.7	24.65	10.075000000000001	32.525	113.51249999999999	3338.6250000000005	0.0	0.0	0.0	1961105.0	65367.100000000006	7.550000000000001	5.3625	18.900000000000002	34.237500000000004	3338.6250000000005
