concurrency	elapsed-r	errors-r	ops(total)-r	ops/sec(cum)-r	avg(ms)-r	p50(ms)-r	p95(ms)-r	p99(ms)-r	pMax(ms)-r	total-r	elapsed-w	errors-w	ops(total)-w	ops/sec(cum)-w	avg(ms)-w	p50(ms)-w	p95(ms)-w	p99(ms)-w	pMax(ms)-w	total-w	elapsed	errors	ops(total)	ops/sec(cum)	avg(ms)	p50(ms)	p95(ms)	p99(ms)	pMax(ms)
51	0.0	0.0	1704825.0	56825.99999999999	6.1625000000000005	4.95	14.6125	22.674999999999997	104.0625	0.0	0.0	0.0	89485.0	2982.8	9.612499999999999	6.062500000000001	26.612499999999997	39.287499999999994	98.28750000000001	0.0	0.0	0.0	1794310.0	59808.7	6.324999999999999	5.0375	15.437499999999998	24.65	124.7625
