concurrency	elapsed-r	errors-r	ops(total)-r	ops/sec(cum)-r	avg(ms)-r	p50(ms)-r	p95(ms)-r	p99(ms)-r	pMax(ms)-r	total-r	elapsed-w	errors-w	ops(total)-w	ops/sec(cum)-w	avg(ms)-w	p50(ms)-w	p95(ms)-w	p99(ms)-w	pMax(ms)-w	total-w	elapsed	errors	ops(total)	ops/sec(cum)	avg(ms)	p50(ms)	p95(ms)	p99(ms)	pMax(ms)
105	0.0	0.0	880161.0	29336.999999999996	7.666666666666667	6.3	19.9	30.399999999999995	441.8	0.0	0.0	0.0	45791.0	1526.3	26.399999999999995	25.2	51.0	65.7	321.56666666666666	0.0	0.0	0.0	925952.0	30863.3	8.6	6.599999999999999	25.2	39.8	441.8
