concurrency	elapsed-w	errors-w	ops(total)-w	ops/sec(cum)-w	avg(ms)-w	p50(ms)-w	p95(ms)-w	p99(ms)-w	pMax(ms)-w	total-w	elapsed	errors	ops(total)	ops/sec(cum)	avg(ms)	p50(ms)	p95(ms)	p99(ms)	pMax(ms)
58	0.0	0.0	3500718.0	116687.8	3.675	3.4875	6.5249999999999995	10.6625	34.074999999999996	0.0	0.0	0.0	3500718.0	116687.8	3.675	3.4875	6.5249999999999995	10.6625	34.074999999999996
