concurrency	elapsed-w	errors-w	ops(total)-w	ops/sec(cum)-w	avg(ms)-w	p50(ms)-w	p95(ms)-w	p99(ms)-w	pMax(ms)-w	total-w	elapsed	errors	ops(total)	ops/sec(cum)	avg(ms)	p50(ms)	p95(ms)	p99(ms)	pMax(ms)
39	0.0	0.0	3345482.0	111513.70000000001	2.5749999999999997	2.45	4.375	7.5	27.924999999999994	0.0	0.0	0.0	3345482.0	111513.70000000001	2.5749999999999997	2.45	4.375	7.5	27.924999999999994
