concurrency	elapsed-r	errors-r	ops(total)-r	ops/sec(cum)-r	avg(ms)-r	p50(ms)-r	p95(ms)-r	p99(ms)-r	pMax(ms)-r	total-r	elapsed-w	errors-w	ops(total)-w	ops/sec(cum)-w	avg(ms)-w	p50(ms)-w	p95(ms)-w	p99(ms)-w	pMax(ms)-w	total-w	elapsed	errors	ops(total)	ops/sec(cum)	avg(ms)	p50(ms)	p95(ms)	p99(ms)	pMax(ms)
144	0.0	0.0	4478177.0	149256.8	4.880000000000001	3.94	12.28	20.44	173.42	0.0	0.0	0.0	236087.0	7868.8	13.179999999999998	12.139999999999999	26.880000000000003	36.379999999999995	157.06	0.0	0.0	0.0	4714264.0	157125.30000000002	5.32	4.08	14.34	23.999999999999996	176.78000000000003
