ops/sec(cum)	p50(ms)	p99(ms)	read_tp	read_p50	read_p99	write_tp	write_p50	write_p99
293690.1833333333	0.18991666666666668	0.8556666666666667	282554.4166666667	0.18916666666666665	0.8556666666666667	11134.766666666666	0.19066666666666665	0.872
