concurrency	elapsed-w	errors-w	ops(total)-w	ops/sec(cum)-w	avg(ms)-w	p50(ms)-w	p95(ms)-w	p99(ms)-w	pMax(ms)-w	total-w	elapsed	errors	ops(total)	ops/sec(cum)	avg(ms)	p50(ms)	p95(ms)	p99(ms)	pMax(ms)
17	0.0	0.0	637074.0	21235.5	6.1375	4.1	13.037499999999998	43.2125	276.79999999999995	0.0	0.0	0.0	637074.0	21235.5	6.1375	4.1	13.037499999999998	43.2125	276.79999999999995
