concurrency	elapsed-r	errors-r	ops(total)-r	ops/sec(cum)-r	avg(ms)-r	p50(ms)-r	p95(ms)-r	p99(ms)-r	pMax(ms)-r	total-r	elapsed-w	errors-w	ops(total)-w	ops/sec(cum)-w	avg(ms)-w	p50(ms)-w	p95(ms)-w	p99(ms)-w	pMax(ms)-w	total-w	elapsed	errors	ops(total)	ops/sec(cum)	avg(ms)	p50(ms)	p95(ms)	p99(ms)	pMax(ms)
6	0.0	0.0	450725.0	15023.699999999999	2.6	1.9249999999999998	5.675	7.312500000000001	16.25	0.0	0.0	0.0	23900.0	796.6999999999999	7.1499999999999995	3.425	24.375	35.949999999999996	50.825	0.0	0.0	0.0	474625.0	15820.499999999998	2.85	2.025	6.0249999999999995	11.6	50.825
