concurrency	elapsed-r	errors-r	ops(total)-r	ops/sec(cum)-r	avg(ms)-r	p50(ms)-r	p95(ms)-r	p99(ms)-r	pMax(ms)-r	total-r	elapsed-w	errors-w	ops(total)-w	ops/sec(cum)-w	avg(ms)-w	p50(ms)-w	p95(ms)-w	p99(ms)-w	pMax(ms)-w	total-w	elapsed	errors	ops(total)	ops/sec(cum)	avg(ms)	p50(ms)	p95(ms)	p99(ms)	pMax(ms)
79	0.0	0.0	1876730.0	62555.3	2.1999999999999997	1.4666666666666668	5.866666666666667	9.533333333333333	58.36666666666667	0.0	0.0	0.0	98435.0	3281.0	66.03333333333333	2.533333333333333	353.3666666666666	369.1333333333334	443.1666666666667	0.0	0.0	0.0	1975165.0	65836.4	5.366666666666667	1.5	6.033333333333334	19.400000000000002	443.1666666666667
