concurrency	elapsed-r	errors-r	ops(total)-r	ops/sec(cum)-r	avg(ms)-r	p50(ms)-r	p95(ms)-r	p99(ms)-r	pMax(ms)-r	total-r	elapsed-w	errors-w	ops(total)-w	ops/sec(cum)-w	avg(ms)-w	p50(ms)-w	p95(ms)-w	p99(ms)-w	pMax(ms)-w	total-w	elapsed	errors	ops(total)	ops/sec(cum)	avg(ms)	p50(ms)	p95(ms)	p99(ms)	pMax(ms)
96	0.0	0.0	2878252.0	95937.3	4.66	3.8800000000000003	11.440000000000001	20.58	167.78	0.0	0.0	0.0	150742.0	5024.6	15.34	14.139999999999997	31.02	39.82	162.72	0.0	0.0	0.0	3028994.0	100961.8	5.220000000000001	3.9	15.559999999999999	25.820000000000004	179.51999999999998
