concurrency	elapsed-r	errors-r	ops(total)-r	ops/sec(cum)-r	avg(ms)-r	p50(ms)-r	p95(ms)-r	p99(ms)-r	pMax(ms)-r	total-r	elapsed	errors	ops(total)	ops/sec(cum)	avg(ms)	p50(ms)	p95(ms)	p99(ms)	pMax(ms)
22	0.0	0.0	1354936.0	45163.799999999996	3.7375	3.4125000000000005	7.074999999999999	10.75	34.99999999999999	0.0	0.0	0.0	1354936.0	45163.799999999996	3.7375	3.4125000000000005	7.074999999999999	10.75	34.99999999999999
