concurrency	elapsed-r	errors-r	ops(total)-r	ops/sec(cum)-r	avg(ms)-r	p50(ms)-r	p95(ms)-r	p99(ms)-r	pMax(ms)-r	total-r	elapsed-w	errors-w	ops(total)-w	ops/sec(cum)-w	avg(ms)-w	p50(ms)-w	p95(ms)-w	p99(ms)-w	pMax(ms)-w	total-w	elapsed	errors	ops(total)	ops/sec(cum)	avg(ms)	p50(ms)	p95(ms)	p99(ms)	pMax(ms)
27	0.0	0.0	3255179.0	108503.59999999999	1.6750000000000003	1.525	2.8625	5.7749999999999995	118.36249999999998	0.0	0.0	0.0	171252.0	5708.3	1.6625000000000003	1.4749999999999999	2.8	5.775	15.9375	0.0	0.0	0.0	3426431.0	114212.09999999999	1.6750000000000003	1.525	2.85	5.7749999999999995	118.36249999999998
