concurrency	elapsed-r	errors-r	ops(total)-r	ops/sec(cum)-r	avg(ms)-r	p50(ms)-r	p95(ms)-r	p99(ms)-r	pMax(ms)-r	total-r	elapsed-w	errors-w	ops(total)-w	ops/sec(cum)-w	avg(ms)-w	p50(ms)-w	p95(ms)-w	p99(ms)-w	pMax(ms)-w	total-w	elapsed	errors	ops(total)	ops/sec(cum)	avg(ms)	p50(ms)	p95(ms)	p99(ms)	pMax(ms)
20	0.0	0.0	605680.0	20188.9	3.3249999999999997	2.25	10.0375	15.012500000000001	54.49999999999999	0.0	0.0	0.0	32062.0	1068.6	81.7625	5.175000000000001	738.1999999999999	838.8999999999999	922.75	0.0	0.0	0.0	637742.0	21257.600000000002	7.275	2.35	10.4375	17.9375	922.75
