concurrency	elapsed-r	errors-r	ops(total)-r	ops/sec(cum)-r	avg(ms)-r	p50(ms)-r	p95(ms)-r	p99(ms)-r	pMax(ms)-r	total-r	elapsed-w	errors-w	ops(total)-w	ops/sec(cum)-w	avg(ms)-w	p50(ms)-w	p95(ms)-w	p99(ms)-w	pMax(ms)-w	total-w	elapsed	errors	ops(total)	ops/sec(cum)	avg(ms)	p50(ms)	p95(ms)	p99(ms)	pMax(ms)
5	0.0	0.0	431037.0	14367.5	2.3125	1.8250000000000002	4.824999999999999	6.2125	15.274999999999999	0.0	0.0	0.0	22879.0	762.6	4.800000000000001	3.0000000000000004	13.45	20.05	35.6375	0.0	0.0	0.0	453916.0	15130.300000000001	2.45	1.8375000000000001	5.1	7.825	35.6375
