concurrency	elapsed-r	errors-r	ops(total)-r	ops/sec(cum)-r	avg(ms)-r	p50(ms)-r	p95(ms)-r	p99(ms)-r	pMax(ms)-r	total-r	elapsed-w	errors-w	ops(total)-w	ops/sec(cum)-w	avg(ms)-w	p50(ms)-w	p95(ms)-w	p99(ms)-w	pMax(ms)-w	total-w	elapsed	errors	ops(total)	ops/sec(cum)	avg(ms)	p50(ms)	p95(ms)	p99(ms)	pMax(ms)
22	0.0	0.0	1076202.0	35872.799999999996	4.45	4.387499999999999	7.949999999999999	9.4	31.462500000000002	0.0	0.0	0.0	56432.0	1880.9999999999995	4.675	4.525	7.975	10.0	81.8	0.0	0.0	0.0	1132634.0	37753.700000000004	4.45	4.425	7.949999999999999	9.4	81.8
