concurrency	elapsed-r	errors-r	ops(total)-r	ops/sec(cum)-r	avg(ms)-r	p50(ms)-r	p95(ms)-r	p99(ms)-r	pMax(ms)-r	total-r	elapsed-w	errors-w	ops(total)-w	ops/sec(cum)-w	avg(ms)-w	p50(ms)-w	p95(ms)-w	p99(ms)-w	pMax(ms)-w	total-w	elapsed	errors	ops(total)	ops/sec(cum)	avg(ms)	p50(ms)	p95(ms)	p99(ms)	pMax(ms)
23	0.0	0.0	399206.0	13306.499999999998	11.587499999999999	4.1625	46.8875	82.85000000000001	327.1375	0.0	0.0	0.0	21096.0	703.1999999999999	37.587500000000006	36.699999999999996	92.82499999999999	189.76250000000002	411.03749999999997	0.0	0.0	0.0	420302.0	14009.599999999999	12.9	4.3375	52.39999999999999	90.2	411.03749999999997
