concurrency	elapsed-r	errors-r	ops(total)-r	ops/sec(cum)-r	avg(ms)-r	p50(ms)-r	p95(ms)-r	p99(ms)-r	pMax(ms)-r	total-r	elapsed-w	errors-w	ops(total)-w	ops/sec(cum)-w	avg(ms)-w	p50(ms)-w	p95(ms)-w	p99(ms)-w	pMax(ms)-w	total-w	elapsed	errors	ops(total)	ops/sec(cum)	avg(ms)	p50(ms)	p95(ms)	p99(ms)	pMax(ms)
61	0.0	0.0	1957569.0	65249.3	6.2749999999999995	5.5	14.950000000000001	23.2	77.3375	0.0	0.0	0.0	102932.0	3430.7999999999993	11.2375	10.625	24.924999999999997	35.4375	88.62500000000001	0.0	0.0	0.0	2060501.0	68680.2	6.487500000000001	5.575	16.025	24.799999999999997	90.2
