concurrency	elapsed-r	errors-r	ops(total)-r	ops/sec(cum)-r	avg(ms)-r	p50(ms)-r	p95(ms)-r	p99(ms)-r	pMax(ms)-r	total-r	elapsed-w	errors-w	ops(total)-w	ops/sec(cum)-w	avg(ms)-w	p50(ms)-w	p95(ms)-w	p99(ms)-w	pMax(ms)-w	total-w	elapsed	errors	ops(total)	ops/sec(cum)	avg(ms)	p50(ms)	p95(ms)	p99(ms)	pMax(ms)
47	0.0	0.0	752917.0	25096.3	18.975	16.5875	36.675	42.7	153.875	0.0	0.0	0.0	39466.0	1315.6000000000001	28.599999999999998	24.0	80.48750000000001	116.925	242.22500000000002	0.0	0.0	0.0	792383.0	26411.7	19.4375	16.6	36.675	54.525000000000006	244.32500000000002
