concurrency	elapsed-w	errors-w	ops(total)-w	ops/sec(cum)-w	avg(ms)-w	p50(ms)-w	p95(ms)-w	p99(ms)-w	pMax(ms)-w	total-w	elapsed	errors	ops(total)	ops/sec(cum)	avg(ms)	p50(ms)	p95(ms)	p99(ms)	pMax(ms)
38	0.0	0.0	4997682.0	166586.39999999997	1.525	1.3875	2.725	4.050000000000001	177.46249999999998	0.0	0.0	0.0	4997682.0	166586.39999999997	1.525	1.3875	2.725	4.050000000000001	177.46249999999998
