concurrency	elapsed-r	errors-r	ops(total)-r	ops/sec(cum)-r	avg(ms)-r	p50(ms)-r	p95(ms)-r	p99(ms)-r	pMax(ms)-r	total-r	elapsed	errors	ops(total)	ops/sec(cum)	avg(ms)	p50(ms)	p95(ms)	p99(ms)	pMax(ms)
48	0.0	0.0	1069948.0	35663.6	10.8875	9.7375	23.474999999999998	35.1	74.44999999999999	0.0	0.0	0.0	1069948.0	35663.6	10.8875	9.7375	23.474999999999998	35.1	74.44999999999999
