ops/sec(cum)	p50(ms)	p99(ms)	read_tp	read_p50	read_p99	write_tp	write_p50	write_p99
124864.84999999999	0.802	4.094	119208.75	0.8145	4.094	5655.099999999999	0.7895000000000001	3.8693333333333335
