concurrency	elapsed-r	errors-r	ops(total)-r	ops/sec(cum)-r	avg(ms)-r	p50(ms)-r	p95(ms)-r	p99(ms)-r	pMax(ms)-r	total-r	elapsed-w	errors-w	ops(total)-w	ops/sec(cum)-w	avg(ms)-w	p50(ms)-w	p95(ms)-w	p99(ms)-w	pMax(ms)-w	total-w	elapsed	errors	ops(total)	ops/sec(cum)	avg(ms)	p50(ms)	p95(ms)	p99(ms)	pMax(ms)
36	0.0	0.0	1899690.0	63321.600000000006	3.7624999999999993	3.225	9.025	14.049999999999999	131.075	0.0	0.0	0.0	99920.0	3330.7	7.375	6.7	16.4	23.0625	56.86249999999999	0.0	0.0	0.0	1999610.0	66652.2	3.9375	3.325	9.787500000000001	15.200000000000001	131.075
