concurrency	elapsed-r	errors-r	ops(total)-r	ops/sec(cum)-r	avg(ms)-r	p50(ms)-r	p95(ms)-r	p99(ms)-r	pMax(ms)-r	total-r	elapsed-w	errors-w	ops(total)-w	ops/sec(cum)-w	avg(ms)-w	p50(ms)-w	p95(ms)-w	p99(ms)-w	pMax(ms)-w	total-w	elapsed	errors	ops(total)	ops/sec(cum)	avg(ms)	p50(ms)	p95(ms)	p99(ms)	pMax(ms)
16	0.0	0.0	606574.0	20218.9	1.8999999999999997	1.6000000000000003	3.4	9.6	56.6	0.0	0.0	0.0	32156.0	1071.8000000000002	1.2333333333333334	0.9	2.8333333333333335	4.333333333333333	24.133333333333336	0.0	0.0	0.0	638730.0	21290.7	1.8666666666666665	1.6000000000000003	3.3333333333333335	9.4	56.6
