concurrency	elapsed-r	errors-r	ops(total)-r	ops/sec(cum)-r	avg(ms)-r	p50(ms)-r	p95(ms)-r	p99(ms)-r	pMax(ms)-r	total-r	elapsed-w	errors-w	ops(total)-w	ops/sec(cum)-w	avg(ms)-w	p50(ms)-w	p95(ms)-w	p99(ms)-w	pMax(ms)-w	total-w	elapsed	errors	ops(total)	ops/sec(cum)	avg(ms)	p50(ms)	p95(ms)	p99(ms)	pMax(ms)
14	0.0	0.0	653166.0	21771.6	3.675	2.45	7.3500000000000005	39.0125	95.45	0.0	0.0	0.0	34393.0	1146.5000000000002	23.675	22.95	35.9375	62.11249999999999	190.3	0.0	0.0	0.0	687559.0	22918.3	4.6875	2.6125000000000003	21.35	40.0625	190.3
