concurrency	elapsed-r	errors-r	ops(total)-r	ops/sec(cum)-r	avg(ms)-r	p50(ms)-r	p95(ms)-r	p99(ms)-r	pMax(ms)-r	total-r	elapsed	errors	ops(total)	ops/sec(cum)	avg(ms)	p50(ms)	p95(ms)	p99(ms)	pMax(ms)
17	0.0	0.0	993764.0	33124.9	3.9375	3.6999999999999993	7.250000000000001	9.925	28.7125	0.0	0.0	0.0	993764.0	33124.9	3.9375	3.6999999999999993	7.250000000000001	9.925	28.7125
