concurrency	elapsed-r	errors-r	ops(total)-r	ops/sec(cum)-r	avg(ms)-r	p50(ms)-r	p95(ms)-r	p99(ms)-r	pMax(ms)-r	total-r	elapsed-w	errors-w	ops(total)-w	ops/sec(cum)-w	avg(ms)-w	p50(ms)-w	p95(ms)-w	p99(ms)-w	pMax(ms)-w	total-w	elapsed	errors	ops(total)	ops/sec(cum)	avg(ms)	p50(ms)	p95(ms)	p99(ms)	pMax(ms)
23	0.0	0.0	668504.0	22282.899999999998	1.9375	1.425	4.3125	5.7875	54.2375	0.0	0.0	0.0	35118.0	1170.6	115.85000000000001	2.7	385.90000000000003	402.69999999999993	419.40000000000003	0.0	0.0	0.0	703622.0	23453.3	7.6375	1.4625	4.6	352.30000000000007	419.40000000000003
