concurrency	elapsed-r	errors-r	ops(total)-r	ops/sec(cum)-r	avg(ms)-r	p50(ms)-r	p95(ms)-r	p99(ms)-r	pMax(ms)-r	total-r	elapsed-w	errors-w	ops(total)-w	ops/sec(cum)-w	avg(ms)-w	p50(ms)-w	p95(ms)-w	p99(ms)-w	pMax(ms)-w	total-w	elapsed	errors	ops(total)	ops/sec(cum)	avg(ms)	p50(ms)	p95(ms)	p99(ms)	pMax(ms)
36	0.0	0.0	1921924.0	64062.7	3.7249999999999996	3.25	8.7	13.975	150.975	0.0	0.0	0.0	100774.0	3359.2999999999997	7.175000000000001	6.575	15.9375	22.275	54.5	0.0	0.0	0.0	2022698.0	67421.6	3.9	3.3249999999999997	9.275	14.950000000000001	151.23749999999998
