concurrency	elapsed-r	errors-r	ops(total)-r	ops/sec(cum)-r	avg(ms)-r	p50(ms)-r	p95(ms)-r	p99(ms)-r	pMax(ms)-r	total-r	elapsed-w	errors-w	ops(total)-w	ops/sec(cum)-w	avg(ms)-w	p50(ms)-w	p95(ms)-w	p99(ms)-w	pMax(ms)-w	total-w	elapsed	errors	ops(total)	ops/sec(cum)	avg(ms)	p50(ms)	p95(ms)	p99(ms)	pMax(ms)
103	0.0	0.0	2867540.0	95578.3	5.02	4.1	12.48	21.38	208.88000000000002	0.0	0.0	0.0	151240.0	5041.0	17.04	15.719999999999999	33.34	42.78000000000001	166.51999999999998	0.0	0.0	0.0	3018780.0	100619.3	5.6	4.319999999999999	16.54	27.46	209.71999999999997
