concurrency	elapsed-r	errors-r	ops(total)-r	ops/sec(cum)-r	avg(ms)-r	p50(ms)-r	p95(ms)-r	p99(ms)-r	pMax(ms)-r	total-r	elapsed-w	errors-w	ops(total)-w	ops/sec(cum)-w	avg(ms)-w	p50(ms)-w	p95(ms)-w	p99(ms)-w	pMax(ms)-w	total-w	elapsed	errors	ops(total)	ops/sec(cum)	avg(ms)	p50(ms)	p95(ms)	p99(ms)	pMax(ms)
23	0.0	0.0	50687.0	1689.6	82.9375	4.8875	455.09999999999997	939.525	1560.275	0.0	0.0	0.0	2624.0	87.49999999999999	501.825	355.4625	1568.6625	2634.025	3959.4125	0.0	0.0	0.0	53311.0	1777.1000000000001	103.56249999999999	5.15	570.4250000000001	1128.2875000000001	3959.4125
