concurrency	elapsed-r	errors-r	ops(total)-r	ops/sec(cum)-r	avg(ms)-r	p50(ms)-r	p95(ms)-r	p99(ms)-r	pMax(ms)-r	total-r	elapsed-w	errors-w	ops(total)-w	ops/sec(cum)-w	avg(ms)-w	p50(ms)-w	p95(ms)-w	p99(ms)-w	pMax(ms)-w	total-w	elapsed	errors	ops(total)	ops/sec(cum)	avg(ms)	p50(ms)	p95(ms)	p99(ms)	pMax(ms)
36	0.0	0.0	1939398.0	64644.80000000001	3.7750000000000004	3.1249999999999996	8.325	13.7375	43.75	0.0	0.0	0.0	101754.0	3391.8000000000006	5.2	3.4875000000000003	13.925	20.325	39.837500000000006	0.0	0.0	0.0	2041152.0	68036.3	3.8625	3.1499999999999995	8.825	14.55	45.050000000000004
