concurrency	elapsed-w	errors-w	ops(total)-w	ops/sec(cum)-w	avg(ms)-w	p50(ms)-w	p95(ms)-w	p99(ms)-w	pMax(ms)-w	total-w	elapsed	errors	ops(total)	ops/sec(cum)	avg(ms)	p50(ms)	p95(ms)	p99(ms)	pMax(ms)
39	0.0	0.0	746051.0	24867.7	12.112499999999999	10.6875	27.925000000000004	39.012499999999996	103.3	0.0	0.0	0.0	746051.0	24867.7	12.112499999999999	10.6875	27.925000000000004	39.012499999999996	103.3
