concurrency	elapsed-w	errors-w	ops(total)-w	ops/sec(cum)-w	avg(ms)-w	p50(ms)-w	p95(ms)-w	p99(ms)-w	pMax(ms)-w	total-w	elapsed	errors	ops(total)	ops/sec(cum)	avg(ms)	p50(ms)	p95(ms)	p99(ms)	pMax(ms)
34	0.0	0.0	5001124.0	166701.5	1.375	1.2750000000000001	2.4250000000000003	3.475	170.1125	0.0	0.0	0.0	5001124.0	166701.5	1.375	1.2750000000000001	2.4250000000000003	3.475	170.1125
