concurrency	elapsed-r	errors-r	ops(total)-r	ops/sec(cum)-r	avg(ms)-r	p50(ms)-r	p95(ms)-r	p99(ms)-r	pMax(ms)-r	total-r	elapsed-w	errors-w	ops(total)-w	ops/sec(cum)-w	avg(ms)-w	p50(ms)-w	p95(ms)-w	p99(ms)-w	pMax(ms)-w	total-w	elapsed	errors	ops(total)	ops/sec(cum)	avg(ms)	p50(ms)	p95(ms)	p99(ms)	pMax(ms)
34	0.0	0.0	3393469.0	113113.49999999999	2.025	1.875	3.425	6.887499999999999	31.312499999999996	0.0	0.0	0.0	178887.0	5963.0	2.2375	2.0625	3.7249999999999996	7.1499999999999995	26.987500000000004	0.0	0.0	0.0	3572356.0	119076.09999999998	2.025	1.875	3.4749999999999996	6.887499999999999	31.312499999999996
