concurrency	elapsed-r	errors-r	ops(total)-r	ops/sec(cum)-r	avg(ms)-r	p50(ms)-r	p95(ms)-r	p99(ms)-r	pMax(ms)-r	total-r	elapsed-w	errors-w	ops(total)-w	ops/sec(cum)-w	avg(ms)-w	p50(ms)-w	p95(ms)-w	p99(ms)-w	pMax(ms)-w	total-w	elapsed	errors	ops(total)	ops/sec(cum)	avg(ms)	p50(ms)	p95(ms)	p99(ms)	pMax(ms)
22	0.0	0.0	1449815.0	48326.200000000004	3.3125	3.0500000000000003	6.0375	7.299999999999999	18.475	0.0	0.0	0.0	76527.0	2551.0	3.2375	3.0375	5.875	7.2	15.462499999999999	0.0	0.0	0.0	1526342.0	50877.100000000006	3.3000000000000003	3.0375	6.0375	7.299999999999999	18.7375
