ops/sec(cum)	p50(ms)	p99(ms)	read_tp	read_p50	read_p99	write_tp	write_p50	write_p99
222098.6	0.16716666666666666	0.6108333333333333	213112.31666666668	0.1665	0.6108333333333333	8985.283333333335	0.16783333333333333	0.6093333333333333
