concurrency	elapsed-r	errors-r	ops(total)-r	ops/sec(cum)-r	avg(ms)-r	p50(ms)-r	p95(ms)-r	p99(ms)-r	pMax(ms)-r	total-r	elapsed-w	errors-w	ops(total)-w	ops/sec(cum)-w	avg(ms)-w	p50(ms)-w	p95(ms)-w	p99(ms)-w	pMax(ms)-w	total-w	elapsed	errors	ops(total)	ops/sec(cum)	avg(ms)	p50(ms)	p95(ms)	p99(ms)	pMax(ms)
120	0.0	0.0	4558214.0	151923.30000000002	3.6	3.0799999999999996	8.28	16.3	109.25999999999999	0.0	0.0	0.0	238976.0	7965.0	10.3	9.139999999999999	21.360000000000003	29.879999999999995	87.02	0.0	0.0	0.0	4797190.0	159888.3	3.94	3.0799999999999996	11.42	18.9	109.25999999999999
