concurrency	elapsed-r	errors-r	ops(total)-r	ops/sec(cum)-r	avg(ms)-r	p50(ms)-r	p95(ms)-r	p99(ms)-r	pMax(ms)-r	total-r	elapsed	errors	ops(total)	ops/sec(cum)	avg(ms)	p50(ms)	p95(ms)	p99(ms)	pMax(ms)
15	0.0	0.0	997992.0	33266.0	3.4250000000000003	3.175	6.187499999999999	8.425	22.299999999999997	0.0	0.0	0.0	997992.0	33266.0	3.4250000000000003	3.175	6.187499999999999	8.425	22.299999999999997
