concurrency	elapsed-r	errors-r	ops(total)-r	ops/sec(cum)-r	avg(ms)-r	p50(ms)-r	p95(ms)-r	p99(ms)-r	pMax(ms)-r	total-r	elapsed-w	errors-w	ops(total)-w	ops/sec(cum)-w	avg(ms)-w	p50(ms)-w	p95(ms)-w	p99(ms)-w	pMax(ms)-w	total-w	elapsed	errors	ops(total)	ops/sec(cum)	avg(ms)	p50(ms)	p95(ms)	p99(ms)	pMax(ms)
47	0.0	0.0	1803892.0	60127.50000000001	2.8499999999999996	2.2125000000000004	7.975	13.624999999999998	49.512499999999996	0.0	0.0	0.0	95231.0	3174.2000000000003	57.362500000000004	4.1	20.975	1384.1374999999998	1476.3999999999999	0.0	0.0	0.0	1899123.0	63301.799999999996	5.5874999999999995	2.25	8.4125	14.825000000000001	1476.3999999999999
