concurrency	elapsed-r	errors-r	ops(total)-r	ops/sec(cum)-r	avg(ms)-r	p50(ms)-r	p95(ms)-r	p99(ms)-r	pMax(ms)-r	total-r	elapsed-w	errors-w	ops(total)-w	ops/sec(cum)-w	avg(ms)-w	p50(ms)-w	p95(ms)-w	p99(ms)-w	pMax(ms)-w	total-w	elapsed	errors	ops(total)	ops/sec(cum)	avg(ms)	p50(ms)	p95(ms)	p99(ms)	pMax(ms)
54	0.0	0.0	1113775.0	37124.7	3.2000000000000006	2.2	8.9	21.0	85.3	0.0	0.0	0.0	58798.0	1959.9	1.5333333333333332	0.9	4.966666666666667	11.366666666666667	58.0	0.0	0.0	0.0	1172573.0	39084.5	3.1	2.2	8.733333333333334	20.633333333333333	85.3
