concurrency	elapsed-r	errors-r	ops(total)-r	ops/sec(cum)-r	avg(ms)-r	p50(ms)-r	p95(ms)-r	p99(ms)-r	pMax(ms)-r	total-r	elapsed-w	errors-w	ops(total)-w	ops/sec(cum)-w	avg(ms)-w	p50(ms)-w	p95(ms)-w	p99(ms)-w	pMax(ms)-w	total-w	elapsed	errors	ops(total)	ops/sec(cum)	avg(ms)	p50(ms)	p95(ms)	p99(ms)	pMax(ms)
54	0.0	0.0	3294814.0	109824.1	3.3125000000000004	3.025	5.9	11.912499999999998	94.87499999999997	0.0	0.0	0.0	173616.0	5787.099999999999	3.55	3.2249999999999996	6.249999999999999	12.899999999999999	68.525	0.0	0.0	0.0	3468430.0	115611.1	3.3499999999999996	3.0375	5.9	11.912499999999998	110.59999999999997
