concurrency	elapsed-r	errors-r	ops(total)-r	ops/sec(cum)-r	avg(ms)-r	p50(ms)-r	p95(ms)-r	p99(ms)-r	pMax(ms)-r	total-r	elapsed-w	errors-w	ops(total)-w	ops/sec(cum)-w	avg(ms)-w	p50(ms)-w	p95(ms)-w	p99(ms)-w	pMax(ms)-w	total-w	elapsed	errors	ops(total)	ops/sec(cum)	avg(ms)	p50(ms)	p95(ms)	p99(ms)	pMax(ms)
23	0.0	0.0	1306908.0	43562.7	1.7	1.375	4.3	6.699999999999999	135.25	0.0	0.0	0.0	68776.0	2292.6	4.0	2.475	15.100000000000001	28.599999999999998	51.349999999999994	0.0	0.0	0.0	1375684.0	45855.2	1.8	1.4	4.525	7.949999999999999	135.25
