concurrency	elapsed-r	errors-r	ops(total)-r	ops/sec(cum)-r	avg(ms)-r	p50(ms)-r	p95(ms)-r	p99(ms)-r	pMax(ms)-r	total-r	elapsed-w	errors-w	ops(total)-w	ops/sec(cum)-w	avg(ms)-w	p50(ms)-w	p95(ms)-w	p99(ms)-w	pMax(ms)-w	total-w	elapsed	errors	ops(total)	ops/sec(cum)	avg(ms)	p50(ms)	p95(ms)	p99(ms)	pMax(ms)
53	0.0	0.0	3466601.0	115549.80000000002	3.1249999999999996	3.0250000000000004	5.2375	10.0	78.65	0.0	0.0	0.0	182860.0	6095.1	3.1374999999999997	3.0250000000000004	5.2749999999999995	9.975	22.1625	0.0	0.0	0.0	3649461.0	121644.90000000001	3.1249999999999996	3.0250000000000004	5.2375	10.0	78.65
