concurrency	elapsed-r	errors-r	ops(total)-r	ops/sec(cum)-r	avg(ms)-r	p50(ms)-r	p95(ms)-r	p99(ms)-r	pMax(ms)-r	total-r	elapsed-w	errors-w	ops(total)-w	ops/sec(cum)-w	avg(ms)-w	p50(ms)-w	p95(ms)-w	p99(ms)-w	pMax(ms)-w	total-w	elapsed	errors	ops(total)	ops/sec(cum)	avg(ms)	p50(ms)	p95(ms)	p99(ms)	pMax(ms)
123	0.0	0.0	3210914.0	107024.7	3.1666666666666665	2.6	6.833333333333333	16.333333333333332	51.36666666666667	0.0	0.0	0.0	168790.0	5626.0	6.033333333333334	5.166666666666667	13.466666666666667	21.166666666666668	52.06666666666666	0.0	0.0	0.0	3379704.0	112650.70000000001	3.3333333333333335	2.733333333333333	7.333333333333333	16.7	55.56666666666666
