concurrency	elapsed-r	errors-r	ops(total)-r	ops/sec(cum)-r	avg(ms)-r	p50(ms)-r	p95(ms)-r	p99(ms)-r	pMax(ms)-r	total-r	elapsed-w	errors-w	ops(total)-w	ops/sec(cum)-w	avg(ms)-w	p50(ms)-w	p95(ms)-w	p99(ms)-w	pMax(ms)-w	total-w	elapsed	errors	ops(total)	ops/sec(cum)	avg(ms)	p50(ms)	p95(ms)	p99(ms)	pMax(ms)
21	0.0	0.0	489212.0	16306.7	3.1500000000000004	2.1999999999999997	7.975	11.462499999999999	46.8875	0.0	0.0	0.0	25774.0	859.0	130.025	3.925	666.9	704.6000000000001	805.3000000000001	0.0	0.0	0.0	514986.0	17165.700000000004	9.512500000000001	2.25	8.65	511.7000000000001	805.3000000000001
