concurrency	elapsed-r	errors-r	ops(total)-r	ops/sec(cum)-r	avg(ms)-r	p50(ms)-r	p95(ms)-r	p99(ms)-r	pMax(ms)-r	total-r	elapsed-w	errors-w	ops(total)-w	ops/sec(cum)-w	avg(ms)-w	p50(ms)-w	p95(ms)-w	p99(ms)-w	pMax(ms)-w	total-w	elapsed	errors	ops(total)	ops/sec(cum)	avg(ms)	p50(ms)	p95(ms)	p99(ms)	pMax(ms)
31	0.0	0.0	3112245.0	103739.50000000001	2.0749999999999997	1.9	3.65	6.6000000000000005	94.375	0.0	0.0	0.0	164003.0	5466.8	2.0749999999999997	1.9	3.6125	6.6625000000000005	18.0875	0.0	0.0	0.0	3276248.0	109206.1	2.0749999999999997	1.9	3.65	6.6000000000000005	94.375
