concurrency	elapsed-r	errors-r	ops(total)-r	ops/sec(cum)-r	avg(ms)-r	p50(ms)-r	p95(ms)-r	p99(ms)-r	pMax(ms)-r	total-r	elapsed	errors	ops(total)	ops/sec(cum)	avg(ms)	p50(ms)	p95(ms)	p99(ms)	pMax(ms)
15	0.0	0.0	1351059.0	45034.59999999999	2.5124999999999997	2.35	4.3625	7.0625	18.625000000000004	0.0	0.0	0.0	1351059.0	45034.59999999999	2.5124999999999997	2.35	4.3625	7.0625	18.625000000000004
