concurrency	elapsed-w	errors-w	ops(total)-w	ops/sec(cum)-w	avg(ms)-w	p50(ms)-w	p95(ms)-w	p99(ms)-w	pMax(ms)-w	total-w	elapsed	errors	ops(total)	ops/sec(cum)	avg(ms)	p50(ms)	p95(ms)	p99(ms)	pMax(ms)
16	0.0	0.0	3576591.0	119218.2	0.925	0.8625000000000002	1.2375	2.3	25.825000000000003	0.0	0.0	0.0	3576591.0	119218.2	0.925	0.8625000000000002	1.2375	2.3	25.825000000000003
