concurrency	elapsed-r	errors-r	ops(total)-r	ops/sec(cum)-r	avg(ms)-r	p50(ms)-r	p95(ms)-r	p99(ms)-r	pMax(ms)-r	total-r	elapsed	errors	ops(total)	ops/sec(cum)	avg(ms)	p50(ms)	p95(ms)	p99(ms)	pMax(ms)
58	0.0	0.0	1241807.0	41392.299999999996	11.35	10.0	24.512500000000003	37.1875	87.575	0.0	0.0	0.0	1241807.0	41392.299999999996	11.35	10.0	24.512500000000003	37.1875	87.575
