concurrency	elapsed-r	errors-r	ops(total)-r	ops/sec(cum)-r	avg(ms)-r	p50(ms)-r	p95(ms)-r	p99(ms)-r	pMax(ms)-r	total-r	elapsed-w	errors-w	ops(total)-w	ops/sec(cum)-w	avg(ms)-w	p50(ms)-w	p95(ms)-w	p99(ms)-w	pMax(ms)-w	total-w	elapsed	errors	ops(total)	ops/sec(cum)	avg(ms)	p50(ms)	p95(ms)	p99(ms)	pMax(ms)
14	0.0	0.0	654805.0	21826.2	3.4625	2.45	6.825	33.8625	105.9375	0.0	0.0	0.0	34310.0	1143.6000000000001	27.150000000000002	26.775000000000002	41.1125	56.8625	122.15	0.0	0.0	0.0	689115.0	22970.100000000002	4.6625	2.6125000000000003	22.562499999999996	41.375	122.15
