concurrency	elapsed-r	errors-r	ops(total)-r	ops/sec(cum)-r	avg(ms)-r	p50(ms)-r	p95(ms)-r	p99(ms)-r	pMax(ms)-r	total-r	elapsed-w	errors-w	ops(total)-w	ops/sec(cum)-w	avg(ms)-w	p50(ms)-w	p95(ms)-w	p99(ms)-w	pMax(ms)-w	total-w	elapsed	errors	ops(total)	ops/sec(cum)	avg(ms)	p50(ms)	p95(ms)	p99(ms)	pMax(ms)
33	0.0	0.0	1067773.0	35591.6	9.325	7.0375	20.1375	32.9875	51.5	0.0	0.0	0.0	56507.0	1883.7000000000003	12.2375	11.424999999999999	32.575	39.487500000000004	65.2625	0.0	0.0	0.0	1124280.0	37475.1	9.487499999999999	7.237499999999999	21.037499999999998	32.9875	65.2625
