concurrency	elapsed-r	errors-r	ops(total)-r	ops/sec(cum)-r	avg(ms)-r	p50(ms)-r	p95(ms)-r	p99(ms)-r	pMax(ms)-r	total-r	elapsed-w	errors-w	ops(total)-w	ops/sec(cum)-w	avg(ms)-w	p50(ms)-w	p95(ms)-w	p99(ms)-w	pMax(ms)-w	total-w	elapsed	errors	ops(total)	ops/sec(cum)	avg(ms)	p50(ms)	p95(ms)	p99(ms)	pMax(ms)
32	0.0	0.0	521849.0	17394.3	2.25	1.575	5.050000000000001	6.7625	23.85	0.0	0.0	0.0	27119.0	903.9999999999999	233.68750000000003	2.8125	637.5	671.1	675.2875	0.0	0.0	0.0	548968.0	18298.2	13.674999999999999	1.6749999999999998	5.525	637.5	675.2875
