concurrency	elapsed-r	errors-r	ops(total)-r	ops/sec(cum)-r	avg(ms)-r	p50(ms)-r	p95(ms)-r	p99(ms)-r	pMax(ms)-r	total-r	elapsed-w	errors-w	ops(total)-w	ops/sec(cum)-w	avg(ms)-w	p50(ms)-w	p95(ms)-w	p99(ms)-w	pMax(ms)-w	total-w	elapsed	errors	ops(total)	ops/sec(cum)	avg(ms)	p50(ms)	p95(ms)	p99(ms)	pMax(ms)
131	0.0	0.0	3641155.0	121366.9	2.733333333333334	2.3333333333333335	4.766666666666667	14.566666666666668	55.93333333333334	0.0	0.0	0.0	191433.0	6380.8	5.933333333333334	5.266666666666667	13.566666666666668	19.933333333333334	47.86666666666667	0.0	0.0	0.0	3832588.0	127747.7	2.9333333333333336	2.466666666666667	6.266666666666666	14.866666666666665	55.93333333333334
