concurrency	elapsed-r	errors-r	ops(total)-r	ops/sec(cum)-r	avg(ms)-r	p50(ms)-r	p95(ms)-r	p99(ms)-r	pMax(ms)-r	total-r	elapsed-w	errors-w	ops(total)-w	ops/sec(cum)-w	avg(ms)-w	p50(ms)-w	p95(ms)-w	p99(ms)-w	pMax(ms)-w	total-w	elapsed	errors	ops(total)	ops/sec(cum)	avg(ms)	p50(ms)	p95(ms)	p99(ms)	pMax(ms)
51	0.0	0.0	2150892.0	47796.1	2.9	1.6	8.9	23.5	382.53999999999996	0.0	0.0	0.0	112602.0	2502.2000000000003	6.0200000000000005	4.1	20.560000000000002	38.120000000000005	296.96000000000004	0.0	0.0	0.0	2263494.0	50298.4	3.1	1.72	9.4	24.1	385.9
