concurrency	elapsed-r	errors-r	ops(total)-r	ops/sec(cum)-r	avg(ms)-r	p50(ms)-r	p95(ms)-r	p99(ms)-r	pMax(ms)-r	total-r	elapsed-w	errors-w	ops(total)-w	ops/sec(cum)-w	avg(ms)-w	p50(ms)-w	p95(ms)-w	p99(ms)-w	pMax(ms)-w	total-w	elapsed	errors	ops(total)	ops/sec(cum)	avg(ms)	p50(ms)	p95(ms)	p99(ms)	pMax(ms)
80	0.0	0.0	2492213.0	83070.8	2.375	1.625	6.300000000000001	10.200000000000001	37.725	0.0	0.0	0.0	130945.0	4364.6	60.75	2.8249999999999997	329.525	355.975	407.875	0.0	0.0	0.0	2623158.0	87435.4	5.275	1.65	6.699999999999999	18.6	407.875
