concurrency	elapsed-r	errors-r	ops(total)-r	ops/sec(cum)-r	avg(ms)-r	p50(ms)-r	p95(ms)-r	p99(ms)-r	pMax(ms)-r	total-r	elapsed-w	errors-w	ops(total)-w	ops/sec(cum)-w	avg(ms)-w	p50(ms)-w	p95(ms)-w	p99(ms)-w	pMax(ms)-w	total-w	elapsed	errors	ops(total)	ops/sec(cum)	avg(ms)	p50(ms)	p95(ms)	p99(ms)	pMax(ms)
33	0.0	0.0	3157602.0	105251.29999999999	2.1750000000000003	2.05	3.7624999999999993	6.887499999999999	144.575	0.0	0.0	0.0	166717.0	5557.3	2.1750000000000003	2.05	3.7499999999999996	6.899999999999999	41.74999999999999	0.0	0.0	0.0	3324319.0	110808.49999999999	2.1750000000000003	2.05	3.7624999999999993	6.887499999999999	144.575
