ops/sec(cum)	p50(ms)	p99(ms)	read_tp	read_p50	read_p99	write_tp	write_p50	write_p99
281875.75	0.3235	2.8249999999999997	267804.2166666667	0.32166666666666666	2.8249999999999997	14070.533333333333	0.3253333333333333	2.8833333333333333
