concurrency	elapsed-r	errors-r	ops(total)-r	ops/sec(cum)-r	avg(ms)-r	p50(ms)-r	p95(ms)-r	p99(ms)-r	pMax(ms)-r	total-r	elapsed	errors	ops(total)	ops/sec(cum)	avg(ms)	p50(ms)	p95(ms)	p99(ms)	pMax(ms)
15	0.0	0.0	1391888.0	46395.40000000001	2.4375	2.2625	4.2375	6.675	20.974999999999998	0.0	0.0	0.0	1391888.0	46395.40000000001	2.4375	2.2625	4.2375	6.675	20.974999999999998
