concurrency	elapsed-r	errors-r	ops(total)-r	ops/sec(cum)-r	avg(ms)-r	p50(ms)-r	p95(ms)-r	p99(ms)-r	pMax(ms)-r	total-r	elapsed-w	errors-w	ops(total)-w	ops/sec(cum)-w	avg(ms)-w	p50(ms)-w	p95(ms)-w	p99(ms)-w	pMax(ms)-w	total-w	elapsed	errors	ops(total)	ops/sec(cum)	avg(ms)	p50(ms)	p95(ms)	p99(ms)	pMax(ms)
51	0.0	0.0	1935745.0	64522.3	5.2749999999999995	4.6000000000000005	12.599999999999998	19.925	108.51249999999999	0.0	0.0	0.0	102093.0	3403.0	9.7	9.0875	21.75	30.425	91.75	0.0	0.0	0.0	2037838.0	67925.40000000001	5.475	4.762499999999999	13.349999999999998	21.1	133.425
