ops/sec(cum)	p50(ms)	p99(ms)	read_tp	read_p50	read_p99	write_tp	write_p50	write_p99
217129.96666666665	0.17192857142857143	0.5945714285714285	207482.05	0.17142857142857143	0.5945714285714285	9646.916666666668	0.17242857142857143	0.5995714285714285
