concurrency	elapsed-r	errors-r	ops(total)-r	ops/sec(cum)-r	avg(ms)-r	p50(ms)-r	p95(ms)-r	p99(ms)-r	pMax(ms)-r	total-r	elapsed-w	errors-w	ops(total)-w	ops/sec(cum)-w	avg(ms)-w	p50(ms)-w	p95(ms)-w	p99(ms)-w	pMax(ms)-w	total-w	elapsed	errors	ops(total)	ops/sec(cum)	avg(ms)	p50(ms)	p95(ms)	p99(ms)	pMax(ms)
32	0.0	0.0	764223.0	25473.2	1.9374999999999998	1.3750000000000002	4.725	6.85	41.400000000000006	0.0	0.0	0.0	40050.0	1335.0	149.54999999999998	2.425	608.1875	637.5	671.1	0.0	0.0	0.0	804273.0	26808.199999999997	9.312500000000002	1.3750000000000002	5.0	570.4	671.1
