concurrency	elapsed-r	errors-r	ops(total)-r	ops/sec(cum)-r	avg(ms)-r	p50(ms)-r	p95(ms)-r	p99(ms)-r	pMax(ms)-r	total-r	elapsed-w	errors-w	ops(total)-w	ops/sec(cum)-w	avg(ms)-w	p50(ms)-w	p95(ms)-w	p99(ms)-w	pMax(ms)-w	total-w	elapsed	errors	ops(total)	ops/sec(cum)	avg(ms)	p50(ms)	p95(ms)	p99(ms)	pMax(ms)
112	0.0	0.0	3482553.0	116079.7	2.4333333333333336	2.1333333333333333	4.233333333333333	13.266666666666666	47.86666666666667	0.0	0.0	0.0	183549.0	6118.0	5.0	4.433333333333334	10.399999999999999	17.466666666666665	43.666666666666664	0.0	0.0	0.0	3666102.0	122197.79999999999	2.566666666666667	2.1333333333333333	5.233333333333333	13.533333333333331	47.86666666666667
