concurrency	elapsed-r	errors-r	ops(total)-r	ops/sec(cum)-r	avg(ms)-r	p50(ms)-r	p95(ms)-r	p99(ms)-r	pMax(ms)-r	total-r	elapsed-w	errors-w	ops(total)-w	ops/sec(cum)-w	avg(ms)-w	p50(ms)-w	p95(ms)-w	p99(ms)-w	pMax(ms)-w	total-w	elapsed	errors	ops(total)	ops/sec(cum)	avg(ms)	p50(ms)	p95(ms)	p99(ms)	pMax(ms)
9	0.0	0.0	667847.0	22261.3	2.6500000000000004	2.4375	4.95	6.949999999999999	32.650000000000006	0.0	0.0	0.0	35077.0	1169.2	6.900000000000001	6.549999999999999	11.7	15.062500000000002	24.912499999999998	0.0	0.0	0.0	702924.0	23430.399999999998	2.85	2.45	5.987499999999999	9.225000000000001	32.650000000000006
