concurrency	elapsed-r	errors-r	ops(total)-r	ops/sec(cum)-r	avg(ms)-r	p50(ms)-r	p95(ms)-r	p99(ms)-r	pMax(ms)-r	total-r	elapsed-w	errors-w	ops(total)-w	ops/sec(cum)-w	avg(ms)-w	p50(ms)-w	p95(ms)-w	p99(ms)-w	pMax(ms)-w	total-w	elapsed	errors	ops(total)	ops/sec(cum)	avg(ms)	p50(ms)	p95(ms)	p99(ms)	pMax(ms)
40	0.0	0.0	954510.0	31816.199999999997	2.6	2.1	6.733333333333333	14.699999999999998	66.39999999999999	0.0	0.0	0.0	50031.0	1667.7	1.3	0.9	2.5	6.666666666666667	37.36666666666667	0.0	0.0	0.0	1004541.0	33483.8	2.5	2.0	6.5	14.699999999999998	66.39999999999999
