concurrency	elapsed-w	errors-w	ops(total)-w	ops/sec(cum)-w	avg(ms)-w	p50(ms)-w	p95(ms)-w	p99(ms)-w	pMax(ms)-w	total-w	elapsed	errors	ops(total)	ops/sec(cum)	avg(ms)	p50(ms)	p95(ms)	p99(ms)	pMax(ms)
56	0.0	0.0	718400.0	23945.7	18.25	12.8875	50.037499999999994	67.625	192.925	0.0	0.0	0.0	718400.0	23945.7	18.25	12.8875	50.037499999999994	67.625	192.925
