concurrency	elapsed-r	errors-r	ops(total)-r	ops/sec(cum)-r	avg(ms)-r	p50(ms)-r	p95(ms)-r	p99(ms)-r	pMax(ms)-r	total-r	elapsed-w	errors-w	ops(total)-w	ops/sec(cum)-w	avg(ms)-w	p50(ms)-w	p95(ms)-w	p99(ms)-w	pMax(ms)-w	total-w	elapsed	errors	ops(total)	ops/sec(cum)	avg(ms)	p50(ms)	p95(ms)	p99(ms)	pMax(ms)
54	0.0	0.0	1934689.0	64487.6	5.425000000000001	4.625	13.424999999999999	21.9	123.22500000000002	0.0	0.0	0.0	101643.0	3388.1	12.425	9.15	24.375	57.912499999999994	1786.7375	0.0	0.0	0.0	2036332.0	67875.3	5.7625	4.8	14.237499999999999	23.075	1786.7375
