concurrency	elapsed-r	errors-r	ops(total)-r	ops/sec(cum)-r	avg(ms)-r	p50(ms)-r	p95(ms)-r	p99(ms)-r	pMax(ms)-r	total-r	elapsed-w	errors-w	ops(total)-w	ops/sec(cum)-w	avg(ms)-w	p50(ms)-w	p95(ms)-w	p99(ms)-w	pMax(ms)-w	total-w	elapsed	errors	ops(total)	ops/sec(cum)	avg(ms)	p50(ms)	p95(ms)	p99(ms)	pMax(ms)
163	0.0	0.0	4691738.0	156375.1	4.88	4.02	12.580000000000002	20.58	210.56000000000003	0.0	0.0	0.0	246196.0	8205.699999999999	14.86	13.280000000000001	30.4	41.64	169.64	0.0	0.0	0.0	4937934.0	164580.80000000002	5.38	4.140000000000001	14.9	25.26	210.56000000000003
