concurrency	elapsed-r	errors-r	ops(total)-r	ops/sec(cum)-r	avg(ms)-r	p50(ms)-r	p95(ms)-r	p99(ms)-r	pMax(ms)-r	total-r	elapsed-w	errors-w	ops(total)-w	ops/sec(cum)-w	avg(ms)-w	p50(ms)-w	p95(ms)-w	p99(ms)-w	pMax(ms)-w	total-w	elapsed	errors	ops(total)	ops/sec(cum)	avg(ms)	p50(ms)	p95(ms)	p99(ms)	pMax(ms)
23	0.0	0.0	1885368.0	62844.6	2.3875	2.1125	5.137499999999999	9.275	82.325	0.0	0.0	0.0	99392.0	3312.9	4.2875000000000005	3.9499999999999997	9.3375	13.7625	27.8	0.0	0.0	0.0	1984760.0	66157.59999999999	2.4875	2.175	5.6125	9.775	82.325
