concurrency	elapsed-r	errors-r	ops(total)-r	ops/sec(cum)-r	avg(ms)-r	p50(ms)-r	p95(ms)-r	p99(ms)-r	pMax(ms)-r	total-r	elapsed	errors	ops(total)	ops/sec(cum)	avg(ms)	p50(ms)	p95(ms)	p99(ms)	pMax(ms)
63	0.0	0.0	1553516.0	51782.200000000004	9.075	8.175	19.900000000000002	28.300000000000004	136.3125	0.0	0.0	0.0	1553516.0	51782.200000000004	9.075	8.175	19.900000000000002	28.300000000000004	136.3125
