concurrency	elapsed-r	errors-r	ops(total)-r	ops/sec(cum)-r	avg(ms)-r	p50(ms)-r	p95(ms)-r	p99(ms)-r	pMax(ms)-r	total-r	elapsed-w	errors-w	ops(total)-w	ops/sec(cum)-w	avg(ms)-w	p50(ms)-w	p95(ms)-w	p99(ms)-w	pMax(ms)-w	total-w	elapsed	errors	ops(total)	ops/sec(cum)	avg(ms)	p50(ms)	p95(ms)	p99(ms)	pMax(ms)
18	0.0	0.0	1030836.0	34360.7	3.7875	3.7249999999999996	6.675	7.8999999999999995	24.125000000000004	0.0	0.0	0.0	54163.0	1805.5000000000002	3.9	3.775	6.8374999999999995	8.3875	16.575000000000003	0.0	0.0	0.0	1084999.0	36166.100000000006	3.8125	3.7249999999999996	6.725	7.8999999999999995	24.125000000000004
