concurrency	elapsed-w	errors-w	ops(total)-w	ops/sec(cum)-w	avg(ms)-w	p50(ms)-w	p95(ms)-w	p99(ms)-w	pMax(ms)-w	total-w	elapsed	errors	ops(total)	ops/sec(cum)	avg(ms)	p50(ms)	p95(ms)	p99(ms)	pMax(ms)
46	0.0	0.0	679718.0	22656.399999999998	15.8125	10.275	43.5	58.175	198.18750000000003	0.0	0.0	0.0	679718.0	22656.399999999998	15.8125	10.275	43.5	58.175	198.18750000000003
