concurrency	elapsed-r	errors-r	ops(total)-r	ops/sec(cum)-r	avg(ms)-r	p50(ms)-r	p95(ms)-r	p99(ms)-r	pMax(ms)-r	total-r	elapsed-w	errors-w	ops(total)-w	ops/sec(cum)-w	avg(ms)-w	p50(ms)-w	p95(ms)-w	p99(ms)-w	pMax(ms)-w	total-w	elapsed	errors	ops(total)	ops/sec(cum)	avg(ms)	p50(ms)	p95(ms)	p99(ms)	pMax(ms)
42	0.0	0.0	4426492.0	147546.4	1.8250000000000002	1.6500000000000001	3.3874999999999997	6.1625	217.04999999999998	0.0	0.0	0.0	233432.0	7780.799999999998	1.8875	1.6500000000000001	3.5000000000000004	6.825	147.3125	0.0	0.0	0.0	4659924.0	155327.2	1.8250000000000002	1.6500000000000001	3.3874999999999997	6.1625	217.04999999999998
