concurrency	elapsed-r	errors-r	ops(total)-r	ops/sec(cum)-r	avg(ms)-r	p50(ms)-r	p95(ms)-r	p99(ms)-r	pMax(ms)-r	total-r	elapsed-w	errors-w	ops(total)-w	ops/sec(cum)-w	avg(ms)-w	p50(ms)-w	p95(ms)-w	p99(ms)-w	pMax(ms)-w	total-w	elapsed	errors	ops(total)	ops/sec(cum)	avg(ms)	p50(ms)	p95(ms)	p99(ms)	pMax(ms)
47	0.0	0.0	548456.0	18281.2	13.975	2.7249999999999996	92.82499999999999	244.35	587.1999999999999	0.0	0.0	0.0	28957.0	965.1999999999999	119.92500000000001	109.61250000000001	207.59999999999997	383.8	1002.4375	0.0	0.0	0.0	577413.0	19246.200000000004	19.275000000000002	2.875	121.60000000000001	256.88750000000005	1002.4375
