concurrency	elapsed-w	errors-w	ops(total)-w	ops/sec(cum)-w	avg(ms)-w	p50(ms)-w	p95(ms)-w	p99(ms)-w	pMax(ms)-w	total-w	elapsed	errors	ops(total)	ops/sec(cum)	avg(ms)	p50(ms)	p95(ms)	p99(ms)	pMax(ms)
13	0.0	0.0	548287.0	18275.899999999998	5.45	2.8999999999999995	7.699999999999999	152.05	260.025	0.0	0.0	0.0	548287.0	18275.899999999998	5.45	2.8999999999999995	7.699999999999999	152.05	260.025
