ops/sec(cum)	p50(ms)	p99(ms)	read_tp	read_p50	read_p99	write_tp	write_p50	write_p99
217922.88333333333	0.1722857142857143	0.6058571428571429	207912.84999999998	0.1717142857142857	0.6058571428571429	10009.033333333333	0.17285714285714285	0.6087142857142858
