concurrency	elapsed-r	errors-r	ops(total)-r	ops/sec(cum)-r	avg(ms)-r	p50(ms)-r	p95(ms)-r	p99(ms)-r	pMax(ms)-r	total-r	elapsed-w	errors-w	ops(total)-w	ops/sec(cum)-w	avg(ms)-w	p50(ms)-w	p95(ms)-w	p99(ms)-w	pMax(ms)-w	total-w	elapsed	errors	ops(total)	ops/sec(cum)	avg(ms)	p50(ms)	p95(ms)	p99(ms)	pMax(ms)
47	0.0	0.0	360951.0	12031.200000000003	3.1999999999999997	2.6	6.825	11.6	38.625	0.0	0.0	0.0	18813.0	627.1999999999999	522.5124999999999	6.9875	1275.1000000000001	1275.1000000000001	1275.1000000000001	0.0	0.0	0.0	379764.0	12658.4	28.937499999999993	2.6875	7.925000000000001	1208.0	1275.1000000000001
