concurrency	elapsed-r	errors-r	ops(total)-r	ops/sec(cum)-r	avg(ms)-r	p50(ms)-r	p95(ms)-r	p99(ms)-r	pMax(ms)-r	total-r	elapsed	errors	ops(total)	ops/sec(cum)	avg(ms)	p50(ms)	p95(ms)	p99(ms)	pMax(ms)
20	0.0	0.0	1398844.0	46627.299999999996	3.2625000000000006	3.0249999999999995	6.049999999999999	9.075	23.7125	0.0	0.0	0.0	1398844.0	46627.299999999996	3.2625000000000006	3.0249999999999995	6.049999999999999	9.075	23.7125
