concurrency	elapsed-r	errors-r	ops(total)-r	ops/sec(cum)-r	avg(ms)-r	p50(ms)-r	p95(ms)-r	p99(ms)-r	pMax(ms)-r	total-r	elapsed	errors	ops(total)	ops/sec(cum)	avg(ms)	p50(ms)	p95(ms)	p99(ms)	pMax(ms)
24	0.0	0.0	1339877.0	44661.899999999994	4.1499999999999995	3.7375	8.3	12.9375	29.3875	0.0	0.0	0.0	1339877.0	44661.899999999994	4.1499999999999995	3.7375	8.3	12.9375	29.3875
