concurrency	elapsed-r	errors-r	ops(total)-r	ops/sec(cum)-r	avg(ms)-r	p50(ms)-r	p95(ms)-r	p99(ms)-r	pMax(ms)-r	total-r	elapsed-w	errors-w	ops(total)-w	ops/sec(cum)-w	avg(ms)-w	p50(ms)-w	p95(ms)-w	p99(ms)-w	pMax(ms)-w	total-w	elapsed	errors	ops(total)	ops/sec(cum)	avg(ms)	p50(ms)	p95(ms)	p99(ms)	pMax(ms)
10	0.0	0.0	677970.0	22598.6	2.85	2.45	5.487499999999999	7.949999999999999	43.2125	0.0	0.0	0.0	35801.0	1193.3999999999999	9.45	9.025	16.5875	21.75	44.15	0.0	0.0	0.0	713771.0	23792.0	3.1500000000000004	2.625	7.312500000000001	12.912499999999998	46.625
