concurrency	elapsed-r	errors-r	ops(total)-r	ops/sec(cum)-r	avg(ms)-r	p50(ms)-r	p95(ms)-r	p99(ms)-r	pMax(ms)-r	total-r	elapsed-w	errors-w	ops(total)-w	ops/sec(cum)-w	avg(ms)-w	p50(ms)-w	p95(ms)-w	p99(ms)-w	pMax(ms)-w	total-w	elapsed	errors	ops(total)	ops/sec(cum)	avg(ms)	p50(ms)	p95(ms)	p99(ms)	pMax(ms)
18	0.0	0.0	1370606.0	45686.1	2.7125	2.675	5.725	7.025	36.825	0.0	0.0	0.0	72080.0	2402.6	4.8	4.1	9.4	31.475	55.025000000000006	0.0	0.0	0.0	1442686.0	48088.79999999999	2.8125	2.8000000000000003	5.824999999999999	7.5125	55.025000000000006
