concurrency	elapsed-r	errors-r	ops(total)-r	ops/sec(cum)-r	avg(ms)-r	p50(ms)-r	p95(ms)-r	p99(ms)-r	pMax(ms)-r	total-r	elapsed-w	errors-w	ops(total)-w	ops/sec(cum)-w	avg(ms)-w	p50(ms)-w	p95(ms)-w	p99(ms)-w	pMax(ms)-w	total-w	elapsed	errors	ops(total)	ops/sec(cum)	avg(ms)	p50(ms)	p95(ms)	p99(ms)	pMax(ms)
35	0.0	0.0	4579079.0	152632.8	1.45	1.2875	2.5875	4.3375	214.95	0.0	0.0	0.0	241569.0	8052.0999999999985	1.5374999999999999	1.3375000000000001	2.7375	5.6375	134.46249999999998	0.0	0.0	0.0	4820648.0	160684.9	1.4625	1.2875	2.5875	4.4125	214.95
