concurrency	elapsed-r	errors-r	ops(total)-r	ops/sec(cum)-r	avg(ms)-r	p50(ms)-r	p95(ms)-r	p99(ms)-r	pMax(ms)-r	total-r	elapsed-w	errors-w	ops(total)-w	ops/sec(cum)-w	avg(ms)-w	p50(ms)-w	p95(ms)-w	p99(ms)-w	pMax(ms)-w	total-w	elapsed	errors	ops(total)	ops/sec(cum)	avg(ms)	p50(ms)	p95(ms)	p99(ms)	pMax(ms)
46	0.0	0.0	3406758.0	113555.40000000001	2.7375	2.5500000000000003	4.525	8.925	34.0625	0.0	0.0	0.0	178832.0	5961.0	2.8750000000000004	2.65	4.8500000000000005	9.425	25.299999999999997	0.0	0.0	0.0	3585590.0	119516.29999999999	2.7375	2.5500000000000003	4.525	9.0	34.0625
