concurrency	elapsed-w	errors-w	ops(total)-w	ops/sec(cum)-w	avg(ms)-w	p50(ms)-w	p95(ms)-w	p99(ms)-w	pMax(ms)-w	total-w	elapsed	errors	ops(total)	ops/sec(cum)	avg(ms)	p50(ms)	p95(ms)	p99(ms)	pMax(ms)
63	0.0	0.0	550119.0	18336.3	27.0125	24.775000000000002	63.16250000000001	81.27499999999999	151.0	0.0	0.0	0.0	550119.0	18336.3	27.0125	24.775000000000002	63.16250000000001	81.27499999999999	151.0
