concurrency	elapsed-r	errors-r	ops(total)-r	ops/sec(cum)-r	avg(ms)-r	p50(ms)-r	p95(ms)-r	p99(ms)-r	pMax(ms)-r	total-r	elapsed-w	errors-w	ops(total)-w	ops/sec(cum)-w	avg(ms)-w	p50(ms)-w	p95(ms)-w	p99(ms)-w	pMax(ms)-w	total-w	elapsed	errors	ops(total)	ops/sec(cum)	avg(ms)	p50(ms)	p95(ms)	p99(ms)	pMax(ms)
48	0.0	0.0	577527.0	19250.1	11.5625	2.7499999999999996	77.6	169.9	503.31250000000006	0.0	0.0	0.0	30382.0	1012.6999999999999	138.8125	70.25	171.975	2621.4375	10468.9625	0.0	0.0	0.0	607909.0	20262.9	17.9125	2.8625	88.625	179.3125	10468.9625
