concurrency	elapsed-r	errors-r	ops(total)-r	ops/sec(cum)-r	avg(ms)-r	p50(ms)-r	p95(ms)-r	p99(ms)-r	pMax(ms)-r	total-r	elapsed-w	errors-w	ops(total)-w	ops/sec(cum)-w	avg(ms)-w	p50(ms)-w	p95(ms)-w	p99(ms)-w	pMax(ms)-w	total-w	elapsed	errors	ops(total)	ops/sec(cum)	avg(ms)	p50(ms)	p95(ms)	p99(ms)	pMax(ms)
46	0.0	0.0	3325385.0	110843.00000000001	2.9	2.7874999999999996	6.525	9.725	98.3125	0.0	0.0	0.0	174894.0	5829.5	2.925	2.7874999999999996	6.562500000000001	9.7875	70.92500000000001	0.0	0.0	0.0	3500279.0	116672.8	2.9	2.7874999999999996	6.525	9.725	121.6375
