concurrency	elapsed-r	errors-r	ops(total)-r	ops/sec(cum)-r	avg(ms)-r	p50(ms)-r	p95(ms)-r	p99(ms)-r	pMax(ms)-r	total-r	elapsed-w	errors-w	ops(total)-w	ops/sec(cum)-w	avg(ms)-w	p50(ms)-w	p95(ms)-w	p99(ms)-w	pMax(ms)-w	total-w	elapsed	errors	ops(total)	ops/sec(cum)	avg(ms)	p50(ms)	p95(ms)	p99(ms)	pMax(ms)
24	0.0	0.0	579786.0	19325.800000000003	2.7999999999999994	2.4	5.0	17.8	76.89999999999999	0.0	0.0	0.0	30764.0	1025.4	6.0	5.2	12.6	27.96666666666667	76.89999999999999	0.0	0.0	0.0	610550.0	20351.2	2.9	2.5	6.3	18.166666666666668	76.89999999999999
