concurrency	elapsed-r	errors-r	ops(total)-r	ops/sec(cum)-r	avg(ms)-r	p50(ms)-r	p95(ms)-r	p99(ms)-r	pMax(ms)-r	total-r	elapsed-w	errors-w	ops(total)-w	ops/sec(cum)-w	avg(ms)-w	p50(ms)-w	p95(ms)-w	p99(ms)-w	pMax(ms)-w	total-w	elapsed	errors	ops(total)	ops/sec(cum)	avg(ms)	p50(ms)	p95(ms)	p99(ms)	pMax(ms)
92	0.0	0.0	1656311.0	55208.299999999996	2.8000000000000003	1.8	8.5	13.4	35.63333333333333	0.0	0.0	0.0	86841.0	2894.6000000000004	130.26666666666668	3.533333333333333	779.4666666666667	782.9666666666667	834.6999999999999	0.0	0.0	0.0	1743152.0	58102.9	9.1	1.9333333333333333	8.933333333333334	23.766666666666666	834.6999999999999
