concurrency	elapsed-r	errors-r	ops(total)-r	ops/sec(cum)-r	avg(ms)-r	p50(ms)-r	p95(ms)-r	p99(ms)-r	pMax(ms)-r	total-r	elapsed-w	errors-w	ops(total)-w	ops/sec(cum)-w	avg(ms)-w	p50(ms)-w	p95(ms)-w	p99(ms)-w	pMax(ms)-w	total-w	elapsed	errors	ops(total)	ops/sec(cum)	avg(ms)	p50(ms)	p95(ms)	p99(ms)	pMax(ms)
20	0.0	0.0	633744.0	21124.3	3.8249999999999997	2.45	13.287499999999998	23.2125	95.4375	0.0	0.0	0.0	33222.0	1107.4	66.5125	9.6625	150.46250000000003	1400.9125	1551.8875	0.0	0.0	0.0	666966.0	22231.600000000002	6.925	2.625	14.3625	25.574999999999996	1551.8875
