concurrency	elapsed-r	errors-r	ops(total)-r	ops/sec(cum)-r	avg(ms)-r	p50(ms)-r	p95(ms)-r	p99(ms)-r	pMax(ms)-r	total-r	elapsed-w	errors-w	ops(total)-w	ops/sec(cum)-w	avg(ms)-w	p50(ms)-w	p95(ms)-w	p99(ms)-w	pMax(ms)-w	total-w	elapsed	errors	ops(total)	ops/sec(cum)	avg(ms)	p50(ms)	p95(ms)	p99(ms)	pMax(ms)
50	0.0	0.0	1268050.0	42266.700000000004	8.087499999999999	7.037499999999999	18.625000000000004	27.5375	223.3375	0.0	0.0	0.0	66656.0	2221.7999999999997	15.462499999999999	13.7625	31.087500000000002	51.61249999999999	268.425	0.0	0.0	0.0	1334706.0	44488.5	8.45	7.187499999999999	19.925	29.375000000000004	273.675
