concurrency	elapsed-w	errors-w	ops(total)-w	ops/sec(cum)-w	avg(ms)-w	p50(ms)-w	p95(ms)-w	p99(ms)-w	pMax(ms)-w	total-w	elapsed	errors	ops(total)	ops/sec(cum)	avg(ms)	p50(ms)	p95(ms)	p99(ms)	pMax(ms)
56	0.0	0.0	3419202.0	113969.4	3.7125	3.6625	9.3	13.624999999999998	53.462500000000006	0.0	0.0	0.0	3419202.0	113969.4	3.7125	3.6625	9.3	13.624999999999998	53.462500000000006
