concurrency	elapsed-r	errors-r	ops(total)-r	ops/sec(cum)-r	avg(ms)-r	p50(ms)-r	p95(ms)-r	p99(ms)-r	pMax(ms)-r	total-r	elapsed	errors	ops(total)	ops/sec(cum)	avg(ms)	p50(ms)	p95(ms)	p99(ms)	pMax(ms)
32	0.0	0.0	1528753.0	50957.4	4.625	4.2875	10.375	14.950000000000001	173.025	0.0	0.0	0.0	1528753.0	50957.4	4.625	4.2875	10.375	14.950000000000001	173.025
