concurrency	elapsed-r	errors-r	ops(total)-r	ops/sec(cum)-r	avg(ms)-r	p50(ms)-r	p95(ms)-r	p99(ms)-r	pMax(ms)-r	total-r	elapsed-w	errors-w	ops(total)-w	ops/sec(cum)-w	avg(ms)-w	p50(ms)-w	p95(ms)-w	p99(ms)-w	pMax(ms)-w	total-w	elapsed	errors	ops(total)	ops/sec(cum)	avg(ms)	p50(ms)	p95(ms)	p99(ms)	pMax(ms)
3	0.0	0.0	250919.0	8363.900000000001	2.375	1.9375	4.75	6.25	16.45	0.0	0.0	0.0	13274.0	442.4000000000001	4.574999999999999	3.3499999999999996	10.8625	15.675	27.6875	0.0	0.0	0.0	264193.0	8806.3	2.4875000000000003	2.025	4.987500000000001	7.425	27.6875
