concurrency	elapsed-r	errors-r	ops(total)-r	ops/sec(cum)-r	avg(ms)-r	p50(ms)-r	p95(ms)-r	p99(ms)-r	pMax(ms)-r	total-r	elapsed-w	errors-w	ops(total)-w	ops/sec(cum)-w	avg(ms)-w	p50(ms)-w	p95(ms)-w	p99(ms)-w	pMax(ms)-w	total-w	elapsed	errors	ops(total)	ops/sec(cum)	avg(ms)	p50(ms)	p95(ms)	p99(ms)	pMax(ms)
58	0.0	0.0	3394813.0	113156.80000000002	3.5625	3.4	6.549999999999999	11.2	52.8125	0.0	0.0	0.0	179299.0	5976.200000000001	3.5749999999999997	3.4125	6.5874999999999995	11.349999999999998	25.9625	0.0	0.0	0.0	3574112.0	119133.3	3.5625	3.4	6.549999999999999	11.2	52.8125
