concurrency	elapsed-r	errors-r	ops(total)-r	ops/sec(cum)-r	avg(ms)-r	p50(ms)-r	p95(ms)-r	p99(ms)-r	pMax(ms)-r	total-r	elapsed-w	errors-w	ops(total)-w	ops/sec(cum)-w	avg(ms)-w	p50(ms)-w	p95(ms)-w	p99(ms)-w	pMax(ms)-w	total-w	elapsed	errors	ops(total)	ops/sec(cum)	avg(ms)	p50(ms)	p95(ms)	p99(ms)	pMax(ms)
32	0.0	0.0	838314.0	27943.1	2.3	1.8999999999999997	5.2	11.0	176.16666666666666	0.0	0.0	0.0	44389.0	1479.6	1.1666666666666667	0.9	2.6	5.3999999999999995	33.6	0.0	0.0	0.0	882703.0	29422.7	2.2333333333333334	1.7	5.0	11.0	176.16666666666666
