concurrency	elapsed-r	errors-r	ops(total)-r	ops/sec(cum)-r	avg(ms)-r	p50(ms)-r	p95(ms)-r	p99(ms)-r	pMax(ms)-r	total-r	elapsed-w	errors-w	ops(total)-w	ops/sec(cum)-w	avg(ms)-w	p50(ms)-w	p95(ms)-w	p99(ms)-w	pMax(ms)-w	total-w	elapsed	errors	ops(total)	ops/sec(cum)	avg(ms)	p50(ms)	p95(ms)	p99(ms)	pMax(ms)
48	0.0	0.0	1085673.0	36187.8	2.7000000000000006	2.2	6.3999999999999995	17.8	192.9	0.0	0.0	0.0	56975.0	1899.1	1.2666666666666666	0.9	4.2	8.366666666666667	51.699999999999996	0.0	0.0	0.0	1142648.0	38086.9	2.6333333333333333	2.0	6.1000000000000005	17.133333333333336	192.9
