concurrency	elapsed-r	errors-r	ops(total)-r	ops/sec(cum)-r	avg(ms)-r	p50(ms)-r	p95(ms)-r	p99(ms)-r	pMax(ms)-r	total-r	elapsed-w	errors-w	ops(total)-w	ops/sec(cum)-w	avg(ms)-w	p50(ms)-w	p95(ms)-w	p99(ms)-w	pMax(ms)-w	total-w	elapsed	errors	ops(total)	ops/sec(cum)	avg(ms)	p50(ms)	p95(ms)	p99(ms)	pMax(ms)
23	0.0	0.0	620103.0	20669.600000000002	5.1499999999999995	2.3375000000000004	7.775	103.85	233.85	0.0	0.0	0.0	32620.0	1087.3000000000002	67.08749999999999	65.525	84.95	160.45000000000002	269.47499999999997	0.0	0.0	0.0	652723.0	21756.9	8.237499999999999	2.4000000000000004	62.89999999999999	104.89999999999999	269.47499999999997
