concurrency	elapsed-r	errors-r	ops(total)-r	ops/sec(cum)-r	avg(ms)-r	p50(ms)-r	p95(ms)-r	p99(ms)-r	pMax(ms)-r	total-r	elapsed-w	errors-w	ops(total)-w	ops/sec(cum)-w	avg(ms)-w	p50(ms)-w	p95(ms)-w	p99(ms)-w	pMax(ms)-w	total-w	elapsed	errors	ops(total)	ops/sec(cum)	avg(ms)	p50(ms)	p95(ms)	p99(ms)	pMax(ms)
42	0.0	0.0	1905448.0	63513.5	1.5	1.3	2.4	8.4	30.766666666666666	0.0	0.0	0.0	99715.0	3323.7000000000003	3.1	2.7999999999999994	5.8	11.0	25.866666666666664	0.0	0.0	0.0	2005163.0	66837.20000000001	1.6000000000000003	1.3	3.0	8.4	31.46666666666667
