concurrency	elapsed-r	errors-r	ops(total)-r	ops/sec(cum)-r	avg(ms)-r	p50(ms)-r	p95(ms)-r	p99(ms)-r	pMax(ms)-r	total-r	elapsed-w	errors-w	ops(total)-w	ops/sec(cum)-w	avg(ms)-w	p50(ms)-w	p95(ms)-w	p99(ms)-w	pMax(ms)-w	total-w	elapsed	errors	ops(total)	ops/sec(cum)	avg(ms)	p50(ms)	p95(ms)	p99(ms)	pMax(ms)
26	0.0	0.0	1043808.0	34792.899999999994	5.4624999999999995	5.5375000000000005	9.55	11.125	27.8	0.0	0.0	0.0	55050.0	1835.0	5.7124999999999995	5.6499999999999995	10.05	11.9375	35.25	0.0	0.0	0.0	1098858.0	36627.8	5.475	5.5375000000000005	9.55	11.125	37.599999999999994
