concurrency	elapsed-w	errors-w	ops(total)-w	ops/sec(cum)-w	avg(ms)-w	p50(ms)-w	p95(ms)-w	p99(ms)-w	pMax(ms)-w	total-w	elapsed	errors	ops(total)	ops/sec(cum)	avg(ms)	p50(ms)	p95(ms)	p99(ms)	pMax(ms)
56	0.0	0.0	743734.0	24790.100000000002	17.5875	13.524999999999999	45.050000000000004	61.324999999999996	629.125	0.0	0.0	0.0	743734.0	24790.100000000002	17.5875	13.524999999999999	45.050000000000004	61.324999999999996	629.125
