concurrency	elapsed-r	errors-r	ops(total)-r	ops/sec(cum)-r	avg(ms)-r	p50(ms)-r	p95(ms)-r	p99(ms)-r	pMax(ms)-r	total-r	elapsed-w	errors-w	ops(total)-w	ops/sec(cum)-w	avg(ms)-w	p50(ms)-w	p95(ms)-w	p99(ms)-w	pMax(ms)-w	total-w	elapsed	errors	ops(total)	ops/sec(cum)	avg(ms)	p50(ms)	p95(ms)	p99(ms)	pMax(ms)
48	0.0	0.0	932776.0	31091.4	14.2	15.150000000000002	35.35	37.7125	104.33749999999999	0.0	0.0	0.0	49188.0	1639.4	44.425000000000004	35.775	130.55	164.65	218.1	0.0	0.0	0.0	981964.0	32730.800000000003	15.712500000000002	15.662500000000001	35.875	78.12500000000001	218.1
