concurrency	elapsed-r	errors-r	ops(total)-r	ops/sec(cum)-r	avg(ms)-r	p50(ms)-r	p95(ms)-r	p99(ms)-r	pMax(ms)-r	total-r	elapsed-w	errors-w	ops(total)-w	ops/sec(cum)-w	avg(ms)-w	p50(ms)-w	p95(ms)-w	p99(ms)-w	pMax(ms)-w	total-w	elapsed	errors	ops(total)	ops/sec(cum)	avg(ms)	p50(ms)	p95(ms)	p99(ms)	pMax(ms)
32	0.0	0.0	1380001.0	45998.9	5.9625	3.4374999999999996	17.25	32.49999999999999	57.800000000000004	0.0	0.0	0.0	72547.0	2418.3	6.0	3.4249999999999994	17.325	32.537499999999994	50.82500000000001	0.0	0.0	0.0	1452548.0	48417.100000000006	5.9625	3.4374999999999996	17.375	32.49999999999999	62.37500000000001
