concurrency	elapsed-r	errors-r	ops(total)-r	ops/sec(cum)-r	avg(ms)-r	p50(ms)-r	p95(ms)-r	p99(ms)-r	pMax(ms)-r	total-r	elapsed-w	errors-w	ops(total)-w	ops/sec(cum)-w	avg(ms)-w	p50(ms)-w	p95(ms)-w	p99(ms)-w	pMax(ms)-w	total-w	elapsed	errors	ops(total)	ops/sec(cum)	avg(ms)	p50(ms)	p95(ms)	p99(ms)	pMax(ms)
27	0.0	0.0	1034752.0	34491.2	5.750000000000001	5.799999999999999	10.125	11.5	25.812500000000004	0.0	0.0	0.0	54643.0	1821.5	5.9875	5.925	10.3125	12.524999999999999	38.787499999999994	0.0	0.0	0.0	1089395.0	36312.40000000001	5.750000000000001	5.799999999999999	10.125	11.5	38.787499999999994
