concurrency	elapsed-r	errors-r	ops(total)-r	ops/sec(cum)-r	avg(ms)-r	p50(ms)-r	p95(ms)-r	p99(ms)-r	pMax(ms)-r	total-r	elapsed-w	errors-w	ops(total)-w	ops/sec(cum)-w	avg(ms)-w	p50(ms)-w	p95(ms)-w	p99(ms)-w	pMax(ms)-w	total-w	elapsed	errors	ops(total)	ops/sec(cum)	avg(ms)	p50(ms)	p95(ms)	p99(ms)	pMax(ms)
48	0.0	0.0	1417517.0	47248.899999999994	2.0125	1.375	6.174999999999999	10.9375	100.15	0.0	0.0	0.0	74500.0	2483.4000000000005	109.80000000000001	2.45	1409.2999999999997	1610.6000000000001	1744.7999999999997	0.0	0.0	0.0	1492017.0	49732.3	7.3625	1.375	6.4125	12.837499999999999	1744.7999999999997
