concurrency	elapsed-r	errors-r	ops(total)-r	ops/sec(cum)-r	avg(ms)-r	p50(ms)-r	p95(ms)-r	p99(ms)-r	pMax(ms)-r	total-r	elapsed-w	errors-w	ops(total)-w	ops/sec(cum)-w	avg(ms)-w	p50(ms)-w	p95(ms)-w	p99(ms)-w	pMax(ms)-w	total-w	elapsed	errors	ops(total)	ops/sec(cum)	avg(ms)	p50(ms)	p95(ms)	p99(ms)	pMax(ms)
18	0.0	0.0	119192.0	3973.1	27.824999999999996	3.3125	174.1	392.18750000000006	1065.3625000000002	0.0	0.0	0.0	6461.0	215.3	149.79999999999998	75.2375	557.8375	918.5499999999998	1459.65	0.0	0.0	0.0	125653.0	4188.3	34.10000000000001	3.4875	200.25	448.79999999999995	1459.65
