concurrency	elapsed-r	errors-r	ops(total)-r	ops/sec(cum)-r	avg(ms)-r	p50(ms)-r	p95(ms)-r	p99(ms)-r	pMax(ms)-r	total-r	elapsed	errors	ops(total)	ops/sec(cum)	avg(ms)	p50(ms)	p95(ms)	p99(ms)	pMax(ms)
48	0.0	0.0	5525737.0	184187.19999999998	1.7000000000000002	1.5499999999999998	3.0124999999999997	6.0249999999999995	218.09999999999997	0.0	0.0	0.0	5525737.0	184187.19999999998	1.7000000000000002	1.5499999999999998	3.0124999999999997	6.0249999999999995	218.09999999999997
