concurrency	elapsed-r	errors-r	ops(total)-r	ops/sec(cum)-r	avg(ms)-r	p50(ms)-r	p95(ms)-r	p99(ms)-r	pMax(ms)-r	total-r	elapsed-w	errors-w	ops(total)-w	ops/sec(cum)-w	avg(ms)-w	p50(ms)-w	p95(ms)-w	p99(ms)-w	pMax(ms)-w	total-w	elapsed	errors	ops(total)	ops/sec(cum)	avg(ms)	p50(ms)	p95(ms)	p99(ms)	pMax(ms)
9	0.0	0.0	1050081.0	35002.3	1.65	1.2750000000000001	3.7749999999999995	5.3374999999999995	17.650000000000002	0.0	0.0	0.0	55285.0	1842.8	4.2749999999999995	2.3499999999999996	17.3	27.925000000000004	47.14999999999999	0.0	0.0	0.0	1105366.0	36845.0	1.7625000000000002	1.3125	4.025	7.300000000000001	47.14999999999999
