concurrency	elapsed-r	errors-r	ops(total)-r	ops/sec(cum)-r	avg(ms)-r	p50(ms)-r	p95(ms)-r	p99(ms)-r	pMax(ms)-r	total-r	elapsed-w	errors-w	ops(total)-w	ops/sec(cum)-w	avg(ms)-w	p50(ms)-w	p95(ms)-w	p99(ms)-w	pMax(ms)-w	total-w	elapsed	errors	ops(total)	ops/sec(cum)	avg(ms)	p50(ms)	p95(ms)	p99(ms)	pMax(ms)
47	0.0	0.0	4424901.0	147493.1	2.0875000000000004	1.8125	4.1125	7.25	218.09999999999997	0.0	0.0	0.0	232931.0	7764.1	2.15	1.8125	4.2	8.0125	175.8875	0.0	0.0	0.0	4657832.0	155257.4	2.0875000000000004	1.8125	4.1125	7.275	218.09999999999997
