concurrency	elapsed-r	errors-r	ops(total)-r	ops/sec(cum)-r	avg(ms)-r	p50(ms)-r	p95(ms)-r	p99(ms)-r	pMax(ms)-r	total-r	elapsed	errors	ops(total)	ops/sec(cum)	avg(ms)	p50(ms)	p95(ms)	p99(ms)	pMax(ms)
56	0.0	0.0	1303863.0	43460.7	10.450000000000001	9.025	23.8125	36.800000000000004	79.7	0.0	0.0	0.0	1303863.0	43460.7	10.450000000000001	9.025	23.8125	36.800000000000004	79.7
