concurrency	elapsed-r	errors-r	ops(total)-r	ops/sec(cum)-r	avg(ms)-r	p50(ms)-r	p95(ms)-r	p99(ms)-r	pMax(ms)-r	total-r	elapsed	errors	ops(total)	ops/sec(cum)	avg(ms)	p50(ms)	p95(ms)	p99(ms)	pMax(ms)
67	0.0	0.0	1560783.0	52024.0	9.600000000000001	8.775	20.8625	29.2375	120.32500000000002	0.0	0.0	0.0	1560783.0	52024.0	9.600000000000001	8.775	20.8625	29.2375	120.32500000000002
