concurrency	elapsed-w	errors-w	ops(total)-w	ops/sec(cum)-w	avg(ms)-w	p50(ms)-w	p95(ms)-w	p99(ms)-w	pMax(ms)-w	total-w	elapsed	errors	ops(total)	ops/sec(cum)	avg(ms)	p50(ms)	p95(ms)	p99(ms)	pMax(ms)
16	0.0	0.0	3514608.0	117152.3	0.9750000000000001	0.8500000000000001	2.3499999999999996	2.95	29.85	0.0	0.0	0.0	3514608.0	117152.3	0.9750000000000001	0.8500000000000001	2.3499999999999996	2.95	29.85
