concurrency	elapsed-r	errors-r	ops(total)-r	ops/sec(cum)-r	avg(ms)-r	p50(ms)-r	p95(ms)-r	p99(ms)-r	pMax(ms)-r	total-r	elapsed-w	errors-w	ops(total)-w	ops/sec(cum)-w	avg(ms)-w	p50(ms)-w	p95(ms)-w	p99(ms)-w	pMax(ms)-w	total-w	elapsed	errors	ops(total)	ops/sec(cum)	avg(ms)	p50(ms)	p95(ms)	p99(ms)	pMax(ms)
160	0.0	0.0	3596708.0	119883.0	5.95	4.8	14.600000000000001	24.925	329.25	0.0	0.0	0.0	188717.0	6290.2	18.200000000000003	16.5	37.425	47.974999999999994	312.225	0.0	0.0	0.0	3785425.0	126173.20000000001	6.550000000000001	4.875	17.45	31.575	337.65
