concurrency	elapsed-r	errors-r	ops(total)-r	ops/sec(cum)-r	avg(ms)-r	p50(ms)-r	p95(ms)-r	p99(ms)-r	pMax(ms)-r	total-r	elapsed-w	errors-w	ops(total)-w	ops/sec(cum)-w	avg(ms)-w	p50(ms)-w	p95(ms)-w	p99(ms)-w	pMax(ms)-w	total-w	elapsed	errors	ops(total)	ops/sec(cum)	avg(ms)	p50(ms)	p95(ms)	p99(ms)	pMax(ms)
58	0.0	0.0	3161913.0	105393.70000000001	3.7874999999999996	3.3499999999999996	7.7124999999999995	17.3625	60.79999999999999	0.0	0.0	0.0	166428.0	5547.3	3.9125	3.4	8.075	17.7	50.7	0.0	0.0	0.0	3328341.0	110940.99999999999	3.8	3.3749999999999996	7.725	17.3625	60.79999999999999
