concurrency	elapsed-w	errors-w	ops(total)-w	ops/sec(cum)-w	avg(ms)-w	p50(ms)-w	p95(ms)-w	p99(ms)-w	pMax(ms)-w	total-w	elapsed	errors	ops(total)	ops/sec(cum)	avg(ms)	p50(ms)	p95(ms)	p99(ms)	pMax(ms)
62	0.0	0.0	4611755.0	153720.69999999998	2.8875000000000006	2.0	7.675	12.575	173.0125	0.0	0.0	0.0	4611755.0	153720.69999999998	2.8875000000000006	2.0	7.675	12.575	173.0125
