concurrency	elapsed-r	errors-r	ops(total)-r	ops/sec(cum)-r	avg(ms)-r	p50(ms)-r	p95(ms)-r	p99(ms)-r	pMax(ms)-r	total-r	elapsed	errors	ops(total)	ops/sec(cum)	avg(ms)	p50(ms)	p95(ms)	p99(ms)	pMax(ms)
26	0.0	0.0	1320537.0	44017.299999999996	4.3875	3.9875	9.075	13.287499999999998	95.70000000000002	0.0	0.0	0.0	1320537.0	44017.299999999996	4.3875	3.9875	9.075	13.287499999999998	95.70000000000002
