concurrency	elapsed-w	errors-w	ops(total)-w	ops/sec(cum)-w	avg(ms)-w	p50(ms)-w	p95(ms)-w	p99(ms)-w	pMax(ms)-w	total-w	elapsed	errors	ops(total)	ops/sec(cum)	avg(ms)	p50(ms)	p95(ms)	p99(ms)	pMax(ms)
24	0.0	0.0	649937.0	21664.2	8.549999999999999	6.3999999999999995	20.95	28.975	117.96250000000002	0.0	0.0	0.0	649937.0	21664.2	8.549999999999999	6.3999999999999995	20.95	28.975	117.96250000000002
