concurrency	elapsed-r	errors-r	ops(total)-r	ops/sec(cum)-r	avg(ms)-r	p50(ms)-r	p95(ms)-r	p99(ms)-r	pMax(ms)-r	total-r	elapsed-w	errors-w	ops(total)-w	ops/sec(cum)-w	avg(ms)-w	p50(ms)-w	p95(ms)-w	p99(ms)-w	pMax(ms)-w	total-w	elapsed	errors	ops(total)	ops/sec(cum)	avg(ms)	p50(ms)	p95(ms)	p99(ms)	pMax(ms)
48	0.0	0.0	1240529.0	41349.5	7.6625000000000005	5.6625000000000005	17.425	31.6	570.425	0.0	0.0	0.0	65080.0	2169.3	21.8125	11.2125	36.412499999999994	377.5	637.5250000000001	0.0	0.0	0.0	1305609.0	43518.700000000004	8.3625	5.775	18.625000000000004	35.925000000000004	637.5250000000001
