ops/sec(cum)	p50(ms)	p99(ms)	read_tp	read_p50	read_p99	write_tp	write_p50	write_p99
259853.7666666666	0.20878571428571427	0.7417142857142857	248656.06666666662	0.20857142857142857	0.7417142857142857	11196.699999999999	0.209	0.7342857142857143
