concurrency	elapsed-r	errors-r	ops(total)-r	ops/sec(cum)-r	avg(ms)-r	p50(ms)-r	p95(ms)-r	p99(ms)-r	pMax(ms)-r	total-r	elapsed-w	errors-w	ops(total)-w	ops/sec(cum)-w	avg(ms)-w	p50(ms)-w	p95(ms)-w	p99(ms)-w	pMax(ms)-w	total-w	elapsed	errors	ops(total)	ops/sec(cum)	avg(ms)	p50(ms)	p95(ms)	p99(ms)	pMax(ms)
31	0.0	0.0	1241213.0	41372.7	5.4875	4.6	16.775000000000002	20.325	78.64999999999999	0.0	0.0	0.0	65120.0	2170.8	9.4375	6.6875	23.200000000000003	90.725	159.92499999999998	0.0	0.0	0.0	1306333.0	43543.2	5.675	4.6625000000000005	16.775000000000002	21.612499999999997	159.92499999999998
