concurrency	elapsed-r	errors-r	ops(total)-r	ops/sec(cum)-r	avg(ms)-r	p50(ms)-r	p95(ms)-r	p99(ms)-r	pMax(ms)-r	total-r	elapsed	errors	ops(total)	ops/sec(cum)	avg(ms)	p50(ms)	p95(ms)	p99(ms)	pMax(ms)
40	0.0	0.0	1321963.0	44064.3	7.225	6.312499999999999	15.5125	24.200000000000003	55.025	0.0	0.0	0.0	1321963.0	44064.3	7.225	6.312499999999999	15.5125	24.200000000000003	55.025
