concurrency	elapsed-r	errors-r	ops(total)-r	ops/sec(cum)-r	avg(ms)-r	p50(ms)-r	p95(ms)-r	p99(ms)-r	pMax(ms)-r	total-r	elapsed	errors	ops(total)	ops/sec(cum)	avg(ms)	p50(ms)	p95(ms)	p99(ms)	pMax(ms)
48	0.0	0.0	1544117.0	51469.2	6.9375	6.299999999999999	14.887500000000001	22.025	110.1	0.0	0.0	0.0	1544117.0	51469.2	6.9375	6.299999999999999	14.887500000000001	22.025	110.1
