concurrency	elapsed-r	errors-r	ops(total)-r	ops/sec(cum)-r	avg(ms)-r	p50(ms)-r	p95(ms)-r	p99(ms)-r	pMax(ms)-r	total-r	elapsed-w	errors-w	ops(total)-w	ops/sec(cum)-w	avg(ms)-w	p50(ms)-w	p95(ms)-w	p99(ms)-w	pMax(ms)-w	total-w	elapsed	errors	ops(total)	ops/sec(cum)	avg(ms)	p50(ms)	p95(ms)	p99(ms)	pMax(ms)
16	0.0	0.0	156443.0	5214.5	4.862500000000001	4.775	8.6	10.475	21.25	0.0	0.0	0.0	8213.0	273.70000000000005	366.95	419.40000000000003	469.80000000000007	490.70000000000005	518.0	0.0	0.0	0.0	164656.0	5488.2	22.975	4.875	11.6625	448.79999999999995	518.0
