concurrency	elapsed-r	errors-r	ops(total)-r	ops/sec(cum)-r	avg(ms)-r	p50(ms)-r	p95(ms)-r	p99(ms)-r	pMax(ms)-r	total-r	elapsed-w	errors-w	ops(total)-w	ops/sec(cum)-w	avg(ms)-w	p50(ms)-w	p95(ms)-w	p99(ms)-w	pMax(ms)-w	total-w	elapsed	errors	ops(total)	ops/sec(cum)	avg(ms)	p50(ms)	p95(ms)	p99(ms)	pMax(ms)
50	0.0	0.0	1275931.0	42529.200000000004	7.9624999999999995	6.874999999999999	18.35	28.350000000000005	247.475	0.0	0.0	0.0	67320.0	2244.1000000000004	16.3125	13.7	33.449999999999996	91.24999999999999	286.25	0.0	0.0	0.0	1343251.0	44773.1	8.3875	7.025	19.650000000000002	30.7	286.25
