concurrency	elapsed-r	errors-r	ops(total)-r	ops/sec(cum)-r	avg(ms)-r	p50(ms)-r	p95(ms)-r	p99(ms)-r	pMax(ms)-r	total-r	elapsed	errors	ops(total)	ops/sec(cum)	avg(ms)	p50(ms)	p95(ms)	p99(ms)	pMax(ms)
19	0.0	0.0	1359968.0	45331.600000000006	3.1875	2.9625000000000004	5.875	9.1	24.525	0.0	0.0	0.0	1359968.0	45331.600000000006	3.1875	2.9625000000000004	5.875	9.1	24.525
