concurrency	elapsed-r	errors-r	ops(total)-r	ops/sec(cum)-r	avg(ms)-r	p50(ms)-r	p95(ms)-r	p99(ms)-r	pMax(ms)-r	total-r	elapsed-w	errors-w	ops(total)-w	ops/sec(cum)-w	avg(ms)-w	p50(ms)-w	p95(ms)-w	p99(ms)-w	pMax(ms)-w	total-w	elapsed	errors	ops(total)	ops/sec(cum)	avg(ms)	p50(ms)	p95(ms)	p99(ms)	pMax(ms)
69	0.0	0.0	359484.0	5991.3	3.375	1.9499999999999997	10.1	24.375	78.125	0.0	0.0	0.0	18821.0	313.6	10.649999999999999	4.525	44.025	93.35000000000001	157.29999999999998	0.0	0.0	0.0	378305.0	6305.0	3.7249999999999996	2.075	11.275	30.174999999999997	157.29999999999998
