concurrency	elapsed-r	errors-r	ops(total)-r	ops/sec(cum)-r	avg(ms)-r	p50(ms)-r	p95(ms)-r	p99(ms)-r	pMax(ms)-r	total-r	elapsed-w	errors-w	ops(total)-w	ops/sec(cum)-w	avg(ms)-w	p50(ms)-w	p95(ms)-w	p99(ms)-w	pMax(ms)-w	total-w	elapsed	errors	ops(total)	ops/sec(cum)	avg(ms)	p50(ms)	p95(ms)	p99(ms)	pMax(ms)
10	0.0	0.0	953014.0	31766.600000000002	1.7125000000000001	1.3125	3.7749999999999995	5.262499999999999	17.175	0.0	0.0	0.0	50393.0	1679.8	11.9	2.275	51.87499999999999	63.68749999999999	93.35000000000001	0.0	0.0	0.0	1003407.0	33446.4	2.2125	1.3375000000000001	4.0	30.6875	93.35000000000001
