concurrency	elapsed-w	errors-w	ops(total)-w	ops/sec(cum)-w	avg(ms)-w	p50(ms)-w	p95(ms)-w	p99(ms)-w	pMax(ms)-w	total-w	elapsed	errors	ops(total)	ops/sec(cum)	avg(ms)	p50(ms)	p95(ms)	p99(ms)	pMax(ms)
16	0.0	0.0	649590.0	21652.700000000004	5.65	4.775	12.787499999999998	18.225	69.2	0.0	0.0	0.0	649590.0	21652.700000000004	5.65	4.775	12.787499999999998	18.225	69.2
