concurrency	elapsed-w	errors-w	ops(total)-w	ops/sec(cum)-w	avg(ms)-w	p50(ms)-w	p95(ms)-w	p99(ms)-w	pMax(ms)-w	total-w	elapsed	errors	ops(total)	ops/sec(cum)	avg(ms)	p50(ms)	p95(ms)	p99(ms)	pMax(ms)
55	0.0	0.0	4885845.0	162857.40000000002	2.3	2.0250000000000004	4.6	7.637499999999999	214.95	0.0	0.0	0.0	4885845.0	162857.40000000002	2.3	2.0250000000000004	4.6	7.637499999999999	214.95
