concurrency	elapsed-r	errors-r	ops(total)-r	ops/sec(cum)-r	avg(ms)-r	p50(ms)-r	p95(ms)-r	p99(ms)-r	pMax(ms)-r	total-r	elapsed-w	errors-w	ops(total)-w	ops/sec(cum)-w	avg(ms)-w	p50(ms)-w	p95(ms)-w	p99(ms)-w	pMax(ms)-w	total-w	elapsed	errors	ops(total)	ops/sec(cum)	avg(ms)	p50(ms)	p95(ms)	p99(ms)	pMax(ms)
63	0.0	0.0	2553146.0	56735.2	3.6	2.18	12.6	25.2	199.62000000000003	0.0	0.0	0.0	134636.0	2991.8	8.719999999999999	6.0	27.3	41.9	130.85999999999999	0.0	0.0	0.0	2687782.0	59727.100000000006	3.88	2.2	13.959999999999999	27.3	199.62000000000003
