concurrency	elapsed-r	errors-r	ops(total)-r	ops/sec(cum)-r	avg(ms)-r	p50(ms)-r	p95(ms)-r	p99(ms)-r	pMax(ms)-r	total-r	elapsed-w	errors-w	ops(total)-w	ops/sec(cum)-w	avg(ms)-w	p50(ms)-w	p95(ms)-w	p99(ms)-w	pMax(ms)-w	total-w	elapsed	errors	ops(total)	ops/sec(cum)	avg(ms)	p50(ms)	p95(ms)	p99(ms)	pMax(ms)
31	0.0	0.0	3255618.0	108518.4	1.9249999999999998	1.7875	3.0375	6.2625	72.6125	0.0	0.0	0.0	171953.0	5731.6	2.025	1.8375	3.8125	6.849999999999999	19.2	0.0	0.0	0.0	3427571.0	114250.1	1.9249999999999998	1.7875	3.0624999999999996	6.325	72.6125
