concurrency	elapsed-r	errors-r	ops(total)-r	ops/sec(cum)-r	avg(ms)-r	p50(ms)-r	p95(ms)-r	p99(ms)-r	pMax(ms)-r	total-r	elapsed-w	errors-w	ops(total)-w	ops/sec(cum)-w	avg(ms)-w	p50(ms)-w	p95(ms)-w	p99(ms)-w	pMax(ms)-w	total-w	elapsed	errors	ops(total)	ops/sec(cum)	avg(ms)	p50(ms)	p95(ms)	p99(ms)	pMax(ms)
55	0.0	0.0	4560852.0	152024.19999999998	2.275	2.175	4.2625	7.975	217.04999999999995	0.0	0.0	0.0	240132.0	8004.1	2.5875	2.175	4.487500000000001	10.1875	177.7375	0.0	0.0	0.0	4800984.0	160028.4	2.2874999999999996	2.175	4.2625	8.075	217.04999999999995
