concurrency	elapsed-r	errors-r	ops(total)-r	ops/sec(cum)-r	avg(ms)-r	p50(ms)-r	p95(ms)-r	p99(ms)-r	pMax(ms)-r	total-r	elapsed-w	errors-w	ops(total)-w	ops/sec(cum)-w	avg(ms)-w	p50(ms)-w	p95(ms)-w	p99(ms)-w	pMax(ms)-w	total-w	elapsed	errors	ops(total)	ops/sec(cum)	avg(ms)	p50(ms)	p95(ms)	p99(ms)	pMax(ms)
23	0.0	0.0	3154455.0	105146.79999999999	1.4874999999999998	1.3	2.65	5.2375	117.5625	0.0	0.0	0.0	166388.0	5546.2	1.4625	1.3	2.5875000000000004	5.0874999999999995	65.33749999999999	0.0	0.0	0.0	3320843.0	110692.79999999999	1.4874999999999998	1.3	2.65	5.2375	164.6125
