ops/sec(cum)	p50(ms)	p99(ms)	read_tp	read_p50	read_p99	write_tp	write_p50	write_p99
255101.71666666667	0.305	2.247	242361.3333333333	0.30333333333333334	2.247	12739.383333333333	0.30666666666666664	2.3193333333333332
