concurrency	elapsed-r	errors-r	ops(total)-r	ops/sec(cum)-r	avg(ms)-r	p50(ms)-r	p95(ms)-r	p99(ms)-r	pMax(ms)-r	total-r	elapsed-w	errors-w	ops(total)-w	ops/sec(cum)-w	avg(ms)-w	p50(ms)-w	p95(ms)-w	p99(ms)-w	pMax(ms)-w	total-w	elapsed	errors	ops(total)	ops/sec(cum)	avg(ms)	p50(ms)	p95(ms)	p99(ms)	pMax(ms)
22	0.0	0.0	1156596.0	38552.5	4.1	4.1	7.75	9.2125	30.662499999999998	0.0	0.0	0.0	60614.0	2020.3999999999999	5.324999999999999	4.975	9.725	13.987499999999999	87.575	0.0	0.0	0.0	1217210.0	40573.1	4.15	4.125	7.8999999999999995	9.4	87.575
