concurrency	elapsed-r	errors-r	ops(total)-r	ops/sec(cum)-r	avg(ms)-r	p50(ms)-r	p95(ms)-r	p99(ms)-r	pMax(ms)-r	total-r	elapsed-w	errors-w	ops(total)-w	ops/sec(cum)-w	avg(ms)-w	p50(ms)-w	p95(ms)-w	p99(ms)-w	pMax(ms)-w	total-w	elapsed	errors	ops(total)	ops/sec(cum)	avg(ms)	p50(ms)	p95(ms)	p99(ms)	pMax(ms)
28	0.0	0.0	973697.0	32455.9	1.8	1.6000000000000003	2.9	7.900000000000001	170.6	0.0	0.0	0.0	51668.0	1722.3	3.266666666666667	2.7999999999999994	7.133333333333333	19.233333333333334	85.96666666666665	0.0	0.0	0.0	1025365.0	34178.2	1.8999999999999997	1.6000000000000003	3.5	8.733333333333334	170.6
