concurrency	elapsed-r	errors-r	ops(total)-r	ops/sec(cum)-r	avg(ms)-r	p50(ms)-r	p95(ms)-r	p99(ms)-r	pMax(ms)-r	total-r	elapsed-w	errors-w	ops(total)-w	ops/sec(cum)-w	avg(ms)-w	p50(ms)-w	p95(ms)-w	p99(ms)-w	pMax(ms)-w	total-w	elapsed	errors	ops(total)	ops/sec(cum)	avg(ms)	p50(ms)	p95(ms)	p99(ms)	pMax(ms)
40	0.0	0.0	2046212.0	68205.8	2.0999999999999996	1.5499999999999998	5.125	8.325	24.9	0.0	0.0	0.0	107565.0	3585.3999999999996	10.200000000000001	2.7	51.0	61.0	82.05	0.0	0.0	0.0	2153777.0	71791.2	2.5	1.5750000000000002	5.35	13.2	82.05
