concurrency	elapsed-r	errors-r	ops(total)-r	ops/sec(cum)-r	avg(ms)-r	p50(ms)-r	p95(ms)-r	p99(ms)-r	pMax(ms)-r	total-r	elapsed-w	errors-w	ops(total)-w	ops/sec(cum)-w	avg(ms)-w	p50(ms)-w	p95(ms)-w	p99(ms)-w	pMax(ms)-w	total-w	elapsed	errors	ops(total)	ops/sec(cum)	avg(ms)	p50(ms)	p95(ms)	p99(ms)	pMax(ms)
31	0.0	0.0	3482967.0	116096.7	1.85	1.6124999999999998	4.425	6.325	119.15	0.0	0.0	0.0	183744.0	6124.900000000001	1.85	1.6249999999999998	4.425	6.35	19.875000000000004	0.0	0.0	0.0	3666711.0	122221.5	1.85	1.6124999999999998	4.425	6.325	119.41250000000001
