concurrency	elapsed-r	errors-r	ops(total)-r	ops/sec(cum)-r	avg(ms)-r	p50(ms)-r	p95(ms)-r	p99(ms)-r	pMax(ms)-r	total-r	elapsed-w	errors-w	ops(total)-w	ops/sec(cum)-w	avg(ms)-w	p50(ms)-w	p95(ms)-w	p99(ms)-w	pMax(ms)-w	total-w	elapsed	errors	ops(total)	ops/sec(cum)	avg(ms)	p50(ms)	p95(ms)	p99(ms)	pMax(ms)
28	0.0	0.0	1891213.0	63039.1	2.9	2.45	7.4	12.075	48.225	0.0	0.0	0.0	99484.0	3316.2	6.125	4.6	14.637500000000001	49.775	120.55000000000001	0.0	0.0	0.0	1990697.0	66355.1	3.0875000000000004	2.475	7.85	12.912499999999998	120.55000000000001
