concurrency	elapsed-r	errors-r	ops(total)-r	ops/sec(cum)-r	avg(ms)-r	p50(ms)-r	p95(ms)-r	p99(ms)-r	pMax(ms)-r	total-r	elapsed-w	errors-w	ops(total)-w	ops/sec(cum)-w	avg(ms)-w	p50(ms)-w	p95(ms)-w	p99(ms)-w	pMax(ms)-w	total-w	elapsed	errors	ops(total)	ops/sec(cum)	avg(ms)	p50(ms)	p95(ms)	p99(ms)	pMax(ms)
88	0.0	0.0	4279428.0	142641.4	3.12	2.6599999999999997	6.6	14.260000000000002	68.56	0.0	0.0	0.0	223976.0	7465.499999999999	6.28	5.54	14.0	20.240000000000002	59.55999999999999	0.0	0.0	0.0	4503404.0	150107.0	3.3	2.7	7.619999999999999	14.88	68.78
