concurrency	elapsed-r	errors-r	ops(total)-r	ops/sec(cum)-r	avg(ms)-r	p50(ms)-r	p95(ms)-r	p99(ms)-r	pMax(ms)-r	total-r	elapsed	errors	ops(total)	ops/sec(cum)	avg(ms)	p50(ms)	p95(ms)	p99(ms)	pMax(ms)
31	0.0	0.0	985489.0	32848.8	7.4875	6.887499999999999	15.575000000000001	21.474999999999998	57.3875	0.0	0.0	0.0	985489.0	32848.8	7.4875	6.887499999999999	15.575000000000001	21.474999999999998	57.3875
