concurrency	elapsed-r	errors-r	ops(total)-r	ops/sec(cum)-r	avg(ms)-r	p50(ms)-r	p95(ms)-r	p99(ms)-r	pMax(ms)-r	total-r	elapsed	errors	ops(total)	ops/sec(cum)	avg(ms)	p50(ms)	p95(ms)	p99(ms)	pMax(ms)
27	0.0	0.0	1388335.0	46277.1	2.175	2.0500000000000003	3.6	6.0249999999999995	19.65	0.0	0.0	0.0	1388335.0	46277.1	2.175	2.0500000000000003	3.6	6.0249999999999995	19.65
