concurrency	elapsed-r	errors-r	ops(total)-r	ops/sec(cum)-r	avg(ms)-r	p50(ms)-r	p95(ms)-r	p99(ms)-r	pMax(ms)-r	total-r	elapsed-w	errors-w	ops(total)-w	ops/sec(cum)-w	avg(ms)-w	p50(ms)-w	p95(ms)-w	p99(ms)-w	pMax(ms)-w	total-w	elapsed	errors	ops(total)	ops/sec(cum)	avg(ms)	p50(ms)	p95(ms)	p99(ms)	pMax(ms)
48	0.0	0.0	1945994.0	64864.5	4.925	4.3	11.8	18.4875	63.68750000000001	0.0	0.0	0.0	102188.0	3406.3	9.1375	8.45	20.725	28.725000000000005	59.4875	0.0	0.0	0.0	2048182.0	68270.59999999999	5.125	4.375	12.599999999999998	19.650000000000002	65.525
