concurrency	elapsed-r	errors-r	ops(total)-r	ops/sec(cum)-r	avg(ms)-r	p50(ms)-r	p95(ms)-r	p99(ms)-r	pMax(ms)-r	total-r	elapsed-w	errors-w	ops(total)-w	ops/sec(cum)-w	avg(ms)-w	p50(ms)-w	p95(ms)-w	p99(ms)-w	pMax(ms)-w	total-w	elapsed	errors	ops(total)	ops/sec(cum)	avg(ms)	p50(ms)	p95(ms)	p99(ms)	pMax(ms)
29	0.0	0.0	658115.0	21936.7	2.4333333333333336	1.7	6.3999999999999995	10.5	29.366666666666664	0.0	0.0	0.0	34850.0	1161.7	22.400000000000002	3.0	120.2	142.6	159.4	0.0	0.0	0.0	692965.0	23098.3	3.466666666666667	1.7333333333333334	6.8	19.599999999999998	159.4
