concurrency	elapsed-r	errors-r	ops(total)-r	ops/sec(cum)-r	avg(ms)-r	p50(ms)-r	p95(ms)-r	p99(ms)-r	pMax(ms)-r	total-r	elapsed-w	errors-w	ops(total)-w	ops/sec(cum)-w	avg(ms)-w	p50(ms)-w	p95(ms)-w	p99(ms)-w	pMax(ms)-w	total-w	elapsed	errors	ops(total)	ops/sec(cum)	avg(ms)	p50(ms)	p95(ms)	p99(ms)	pMax(ms)
32	0.0	0.0	1349301.0	44975.6	5.0375	3.9124999999999996	16.1125	21.2625	99.6125	0.0	0.0	0.0	70472.0	2349.0	13.762500000000001	7.125000000000001	67.625	106.47500000000001	156.2375	0.0	0.0	0.0	1419773.0	47324.5	5.4624999999999995	4.075	16.9875	26.862500000000004	156.2375
