concurrency	elapsed-r	errors-r	ops(total)-r	ops/sec(cum)-r	avg(ms)-r	p50(ms)-r	p95(ms)-r	p99(ms)-r	pMax(ms)-r	total-r	elapsed-w	errors-w	ops(total)-w	ops/sec(cum)-w	avg(ms)-w	p50(ms)-w	p95(ms)-w	p99(ms)-w	pMax(ms)-w	total-w	elapsed	errors	ops(total)	ops/sec(cum)	avg(ms)	p50(ms)	p95(ms)	p99(ms)	pMax(ms)
48	0.0	0.0	3427910.0	114260.90000000001	2.9250000000000003	2.8	5.775	9.4	97.52499999999998	0.0	0.0	0.0	180390.0	6012.9	2.9250000000000003	2.8	5.7749999999999995	9.4	23.924999999999997	0.0	0.0	0.0	3608300.0	120273.59999999999	2.9250000000000003	2.8	5.775	9.4	97.52499999999998
