concurrency	elapsed-r	errors-r	ops(total)-r	ops/sec(cum)-r	avg(ms)-r	p50(ms)-r	p95(ms)-r	p99(ms)-r	pMax(ms)-r	total-r	elapsed-w	errors-w	ops(total)-w	ops/sec(cum)-w	avg(ms)-w	p50(ms)-w	p95(ms)-w	p99(ms)-w	pMax(ms)-w	total-w	elapsed	errors	ops(total)	ops/sec(cum)	avg(ms)	p50(ms)	p95(ms)	p99(ms)	pMax(ms)
52	0.0	0.0	1030486.0	34348.3	3.1333333333333333	2.4	8.033333333333333	19.9	85.3	0.0	0.0	0.0	54489.0	1816.1999999999998	1.5666666666666667	0.9	5.6000000000000005	13.799999999999999	58.699999999999996	0.0	0.0	0.0	1084975.0	36164.6	3.1	2.2	7.900000000000001	19.9	85.3
