concurrency	elapsed-r	errors-r	ops(total)-r	ops/sec(cum)-r	avg(ms)-r	p50(ms)-r	p95(ms)-r	p99(ms)-r	pMax(ms)-r	total-r	elapsed-w	errors-w	ops(total)-w	ops/sec(cum)-w	avg(ms)-w	p50(ms)-w	p95(ms)-w	p99(ms)-w	pMax(ms)-w	total-w	elapsed	errors	ops(total)	ops/sec(cum)	avg(ms)	p50(ms)	p95(ms)	p99(ms)	pMax(ms)
31	0.0	0.0	1030649.0	34354.1	7.525	5.324999999999999	18.287499999999998	32.35	51.37500000000001	0.0	0.0	0.0	53999.0	1799.9	8.975000000000001	6.0874999999999995	23.337500000000002	38.1125	54.7625	0.0	0.0	0.0	1084648.0	36154.100000000006	7.5875	5.3625	18.287499999999998	32.475	57.65
