concurrency	elapsed-r	errors-r	ops(total)-r	ops/sec(cum)-r	avg(ms)-r	p50(ms)-r	p95(ms)-r	p99(ms)-r	pMax(ms)-r	total-r	elapsed-w	errors-w	ops(total)-w	ops/sec(cum)-w	avg(ms)-w	p50(ms)-w	p95(ms)-w	p99(ms)-w	pMax(ms)-w	total-w	elapsed	errors	ops(total)	ops/sec(cum)	avg(ms)	p50(ms)	p95(ms)	p99(ms)	pMax(ms)
64	0.0	0.0	2716168.0	90535.8	3.7199999999999998	3.0800000000000005	8.3	16.56	81.56000000000002	0.0	0.0	0.0	142430.0	4747.5	8.38	7.459999999999999	17.96	25.18	66.7	0.0	0.0	0.0	2858598.0	95283.40000000001	3.9400000000000004	3.2600000000000002	9.84	17.82	81.76000000000002
