concurrency	elapsed-r	errors-r	ops(total)-r	ops/sec(cum)-r	avg(ms)-r	p50(ms)-r	p95(ms)-r	p99(ms)-r	pMax(ms)-r	total-r	elapsed-w	errors-w	ops(total)-w	ops/sec(cum)-w	avg(ms)-w	p50(ms)-w	p95(ms)-w	p99(ms)-w	pMax(ms)-w	total-w	elapsed	errors	ops(total)	ops/sec(cum)	avg(ms)	p50(ms)	p95(ms)	p99(ms)	pMax(ms)
30	0.0	0.0	1256519.0	41883.100000000006	5.1375	5.375	10.0	11.95	70.49999999999999	0.0	0.0	0.0	66031.0	2201.1	8.0625	6.887499999999999	13.237499999999999	83.89999999999999	145.75	0.0	0.0	0.0	1322550.0	44084.0	5.249999999999999	5.425	10.0	12.325	145.75
