concurrency	elapsed-r	errors-r	ops(total)-r	ops/sec(cum)-r	avg(ms)-r	p50(ms)-r	p95(ms)-r	p99(ms)-r	pMax(ms)-r	total-r	elapsed-w	errors-w	ops(total)-w	ops/sec(cum)-w	avg(ms)-w	p50(ms)-w	p95(ms)-w	p99(ms)-w	pMax(ms)-w	total-w	elapsed	errors	ops(total)	ops/sec(cum)	avg(ms)	p50(ms)	p95(ms)	p99(ms)	pMax(ms)
50	0.0	0.0	2685382.0	59674.09999999999	2.62	1.7	8.9	19.9	76.34	0.0	0.0	0.0	141565.0	3145.9	4.840000000000001	3.4	15.940000000000001	28.54	60.8	0.0	0.0	0.0	2826947.0	62819.899999999994	2.7600000000000002	1.8	9.4	20.78	76.75999999999999
