concurrency	elapsed-r	errors-r	ops(total)-r	ops/sec(cum)-r	avg(ms)-r	p50(ms)-r	p95(ms)-r	p99(ms)-r	pMax(ms)-r	total-r	elapsed-w	errors-w	ops(total)-w	ops/sec(cum)-w	avg(ms)-w	p50(ms)-w	p95(ms)-w	p99(ms)-w	pMax(ms)-w	total-w	elapsed	errors	ops(total)	ops/sec(cum)	avg(ms)	p50(ms)	p95(ms)	p99(ms)	pMax(ms)
47	0.0	0.0	2137195.0	71237.6	4.4375	3.6874999999999996	10.15	16.9625	45.837500000000006	0.0	0.0	0.0	112470.0	3749.0	6.3125	4.3375	16.65	24.9	47.4125	0.0	0.0	0.0	2249665.0	74986.29999999999	4.5375000000000005	3.6874999999999996	10.85	17.5625	48.2
