concurrency	elapsed-r	errors-r	ops(total)-r	ops/sec(cum)-r	avg(ms)-r	p50(ms)-r	p95(ms)-r	p99(ms)-r	pMax(ms)-r	total-r	elapsed-w	errors-w	ops(total)-w	ops/sec(cum)-w	avg(ms)-w	p50(ms)-w	p95(ms)-w	p99(ms)-w	pMax(ms)-w	total-w	elapsed	errors	ops(total)	ops/sec(cum)	avg(ms)	p50(ms)	p95(ms)	p99(ms)	pMax(ms)
44	0.0	0.0	673692.0	22455.6	2.9400000000000004	2.2399999999999998	7.840000000000001	13.959999999999999	211.38000000000002	0.0	0.0	0.0	35388.0	1179.6000000000001	103.12	4.26	570.4	637.5	805.3	0.0	0.0	0.0	709080.0	23635.1	7.92	2.28	8.8	41.940000000000005	805.3
