concurrency	elapsed-r	errors-r	ops(total)-r	ops/sec(cum)-r	avg(ms)-r	p50(ms)-r	p95(ms)-r	p99(ms)-r	pMax(ms)-r	total-r	elapsed-w	errors-w	ops(total)-w	ops/sec(cum)-w	avg(ms)-w	p50(ms)-w	p95(ms)-w	p99(ms)-w	pMax(ms)-w	total-w	elapsed	errors	ops(total)	ops/sec(cum)	avg(ms)	p50(ms)	p95(ms)	p99(ms)	pMax(ms)
31	0.0	0.0	3395959.0	113196.6	1.8250000000000002	1.675	2.825	6.1499999999999995	30.299999999999997	0.0	0.0	0.0	178905.0	5963.5	2.2	2.2	3.4625	6.7125	23.35	0.0	0.0	0.0	3574864.0	119159.8	1.8250000000000002	1.725	2.8500000000000005	6.1499999999999995	30.299999999999997
