concurrency	elapsed-r	errors-r	ops(total)-r	ops/sec(cum)-r	avg(ms)-r	p50(ms)-r	p95(ms)-r	p99(ms)-r	pMax(ms)-r	total-r	elapsed-w	errors-w	ops(total)-w	ops/sec(cum)-w	avg(ms)-w	p50(ms)-w	p95(ms)-w	p99(ms)-w	pMax(ms)-w	total-w	elapsed	errors	ops(total)	ops/sec(cum)	avg(ms)	p50(ms)	p95(ms)	p99(ms)	pMax(ms)
41	0.0	0.0	2572451.0	85746.40000000001	3.225	2.85	6.5875	10.862499999999999	49.162499999999994	0.0	0.0	0.0	135663.0	4522.0	3.8749999999999996	3.05	10.2875	15.3375	36.7125	0.0	0.0	0.0	2708114.0	90268.4	3.2375000000000003	2.875	6.7	11.274999999999999	49.29999999999999
