concurrency	elapsed-r	errors-r	ops(total)-r	ops/sec(cum)-r	avg(ms)-r	p50(ms)-r	p95(ms)-r	p99(ms)-r	pMax(ms)-r	total-r	elapsed-w	errors-w	ops(total)-w	ops/sec(cum)-w	avg(ms)-w	p50(ms)-w	p95(ms)-w	p99(ms)-w	pMax(ms)-w	total-w	elapsed	errors	ops(total)	ops/sec(cum)	avg(ms)	p50(ms)	p95(ms)	p99(ms)	pMax(ms)
32	0.0	0.0	1927888.0	64261.3	3.2750000000000004	2.85	7.6	12.474999999999998	60.2875	0.0	0.0	0.0	101307.0	3377.0	5.9625	5.5	13.162499999999998	19.150000000000002	44.02499999999999	0.0	0.0	0.0	2029195.0	67638.0	3.4249999999999994	2.9750000000000005	8.0875	13.162499999999998	63.6875
