concurrency	elapsed-r	errors-r	ops(total)-r	ops/sec(cum)-r	avg(ms)-r	p50(ms)-r	p95(ms)-r	p99(ms)-r	pMax(ms)-r	total-r	elapsed-w	errors-w	ops(total)-w	ops/sec(cum)-w	avg(ms)-w	p50(ms)-w	p95(ms)-w	p99(ms)-w	pMax(ms)-w	total-w	elapsed	errors	ops(total)	ops/sec(cum)	avg(ms)	p50(ms)	p95(ms)	p99(ms)	pMax(ms)
47	0.0	0.0	82055.0	2735.1	105.30000000000001	3.3249999999999997	675.2750000000001	1199.6125	1736.4124999999997	0.0	0.0	0.0	4250.0	141.6	599.6374999999999	382.725	1728.0249999999999	2852.1499999999996	4362.05	0.0	0.0	0.0	86305.0	2876.7000000000007	129.6875	3.55	817.9124999999999	1400.9125	4362.05
