concurrency	elapsed-r	errors-r	ops(total)-r	ops/sec(cum)-r	avg(ms)-r	p50(ms)-r	p95(ms)-r	p99(ms)-r	pMax(ms)-r	total-r	elapsed-w	errors-w	ops(total)-w	ops/sec(cum)-w	avg(ms)-w	p50(ms)-w	p95(ms)-w	p99(ms)-w	pMax(ms)-w	total-w	elapsed	errors	ops(total)	ops/sec(cum)	avg(ms)	p50(ms)	p95(ms)	p99(ms)	pMax(ms)
144	0.0	0.0	3549287.0	118303.1	3.133333333333333	2.6	6.3999999999999995	15.566666666666668	71.33333333333333	0.0	0.0	0.0	186236.0	6207.5	6.933333333333334	6.066666666666666	15.533333333333333	22.733333333333334	62.56666666666666	0.0	0.0	0.0	3735523.0	124510.6	3.3333333333333335	2.6666666666666665	7.566666666666666	16.233333333333334	72.73333333333333
