concurrency	elapsed-r	errors-r	ops(total)-r	ops/sec(cum)-r	avg(ms)-r	p50(ms)-r	p95(ms)-r	p99(ms)-r	pMax(ms)-r	total-r	elapsed-w	errors-w	ops(total)-w	ops/sec(cum)-w	avg(ms)-w	p50(ms)-w	p95(ms)-w	p99(ms)-w	pMax(ms)-w	total-w	elapsed	errors	ops(total)	ops/sec(cum)	avg(ms)	p50(ms)	p95(ms)	p99(ms)	pMax(ms)
20	0.0	0.0	619037.0	20634.2	2.2333333333333334	1.7	5.5	9.233333333333334	134.23333333333332	0.0	0.0	0.0	32402.0	1080.0	5.033333333333333	3.2999999999999994	15.9	29.366666666666664	60.800000000000004	0.0	0.0	0.0	651439.0	21714.2	2.4	1.7333333333333334	5.8	11.166666666666666	135.63333333333333
