concurrency	elapsed-r	errors-r	ops(total)-r	ops/sec(cum)-r	avg(ms)-r	p50(ms)-r	p95(ms)-r	p99(ms)-r	pMax(ms)-r	total-r	elapsed	errors	ops(total)	ops/sec(cum)	avg(ms)	p50(ms)	p95(ms)	p99(ms)	pMax(ms)
39	0.0	0.0	1573008.0	52432.200000000004	5.5	5.05	12.099999999999998	17.55	89.9125	0.0	0.0	0.0	1573008.0	52432.200000000004	5.5	5.05	12.099999999999998	17.55	89.9125
