concurrency	elapsed-r	errors-r	ops(total)-r	ops/sec(cum)-r	avg(ms)-r	p50(ms)-r	p95(ms)-r	p99(ms)-r	pMax(ms)-r	total-r	elapsed-w	errors-w	ops(total)-w	ops/sec(cum)-w	avg(ms)-w	p50(ms)-w	p95(ms)-w	p99(ms)-w	pMax(ms)-w	total-w	elapsed	errors	ops(total)	ops/sec(cum)	avg(ms)	p50(ms)	p95(ms)	p99(ms)	pMax(ms)
61	0.0	0.0	1947930.0	64927.899999999994	6.2875	5.525	15.200000000000001	23.7125	79.4375	0.0	0.0	0.0	103365.0	3445.3999999999996	11.4	10.6875	25.299999999999997	36.93749999999999	104.875	0.0	0.0	0.0	2051295.0	68373.2	6.55	5.550000000000001	16.15	25.299999999999997	105.4
