concurrency	elapsed-r	errors-r	ops(total)-r	ops/sec(cum)-r	avg(ms)-r	p50(ms)-r	p95(ms)-r	p99(ms)-r	pMax(ms)-r	total-r	elapsed-w	errors-w	ops(total)-w	ops/sec(cum)-w	avg(ms)-w	p50(ms)-w	p95(ms)-w	p99(ms)-w	pMax(ms)-w	total-w	elapsed	errors	ops(total)	ops/sec(cum)	avg(ms)	p50(ms)	p95(ms)	p99(ms)	pMax(ms)
42	0.0	0.0	1948559.0	64950.399999999994	4.2875	3.7249999999999996	10.0	15.525	40.35000000000001	0.0	0.0	0.0	102875.0	3429.2000000000003	7.7375	7.287499999999999	16.8625	23.474999999999998	43.7375	0.0	0.0	0.0	2051434.0	68379.2	4.4625	3.8749999999999996	10.75	16.55	44.0
