concurrency	elapsed-r	errors-r	ops(total)-r	ops/sec(cum)-r	avg(ms)-r	p50(ms)-r	p95(ms)-r	p99(ms)-r	pMax(ms)-r	total-r	elapsed-w	errors-w	ops(total)-w	ops/sec(cum)-w	avg(ms)-w	p50(ms)-w	p95(ms)-w	p99(ms)-w	pMax(ms)-w	total-w	elapsed	errors	ops(total)	ops/sec(cum)	avg(ms)	p50(ms)	p95(ms)	p99(ms)	pMax(ms)
167	0.0	0.0	4489385.0	149633.90000000002	5.519999999999999	4.180000000000001	15.520000000000001	26.72	217.7	0.0	0.0	0.0	237098.0	7902.6	18.54	13.960000000000003	33.12	193.88000000000002	644.6800000000001	0.0	0.0	0.0	4726483.0	157536.4	6.159999999999999	4.32	17.639999999999997	30.4	644.6800000000001
