concurrency	elapsed-r	errors-r	ops(total)-r	ops/sec(cum)-r	avg(ms)-r	p50(ms)-r	p95(ms)-r	p99(ms)-r	pMax(ms)-r	total-r	elapsed	errors	ops(total)	ops/sec(cum)	avg(ms)	p50(ms)	p95(ms)	p99(ms)	pMax(ms)
31	0.0	0.0	1358172.0	45271.5	5.362500000000001	4.8375	10.837499999999999	16.8	40.325	0.0	0.0	0.0	1358172.0	45271.5	5.362500000000001	4.8375	10.837499999999999	16.8	40.325
