concurrency	elapsed-r	errors-r	ops(total)-r	ops/sec(cum)-r	avg(ms)-r	p50(ms)-r	p95(ms)-r	p99(ms)-r	pMax(ms)-r	total-r	elapsed	errors	ops(total)	ops/sec(cum)	avg(ms)	p50(ms)	p95(ms)	p99(ms)	pMax(ms)
16	0.0	0.0	1373421.0	45780.09999999999	2.6125	2.5	4.6499999999999995	7.362500000000001	20.7125	0.0	0.0	0.0	1373421.0	45780.09999999999	2.6125	2.5	4.6499999999999995	7.362500000000001	20.7125
