concurrency	elapsed-r	errors-r	ops(total)-r	ops/sec(cum)-r	avg(ms)-r	p50(ms)-r	p95(ms)-r	p99(ms)-r	pMax(ms)-r	total-r	elapsed-w	errors-w	ops(total)-w	ops/sec(cum)-w	avg(ms)-w	p50(ms)-w	p95(ms)-w	p99(ms)-w	pMax(ms)-w	total-w	elapsed	errors	ops(total)	ops/sec(cum)	avg(ms)	p50(ms)	p95(ms)	p99(ms)	pMax(ms)
27	0.0	0.0	3277696.0	109254.4	1.6375	1.4999999999999998	2.575	5.2875	46.8	0.0	0.0	0.0	172456.0	5748.5	1.7500000000000002	1.5749999999999997	3.2375000000000003	6.1625	15.475000000000001	0.0	0.0	0.0	3450152.0	115002.80000000002	1.6500000000000001	1.5124999999999997	2.6	5.375	46.8
