concurrency	elapsed-r	errors-r	ops(total)-r	ops/sec(cum)-r	avg(ms)-r	p50(ms)-r	p95(ms)-r	p99(ms)-r	pMax(ms)-r	total-r	elapsed-w	errors-w	ops(total)-w	ops/sec(cum)-w	avg(ms)-w	p50(ms)-w	p95(ms)-w	p99(ms)-w	pMax(ms)-w	total-w	elapsed	errors	ops(total)	ops/sec(cum)	avg(ms)	p50(ms)	p95(ms)	p99(ms)	pMax(ms)
12	0.0	0.0	156123.0	5203.900000000001	4.9125000000000005	4.762499999999999	8.7	10.475	18.1125	0.0	0.0	0.0	7946.0	264.9	259.47499999999997	302.0	335.5	335.5	352.30000000000007	0.0	0.0	0.0	164069.0	5469.000000000001	17.237499999999997	4.9125	11.1875	318.8	352.30000000000007
