concurrency	elapsed-r	errors-r	ops(total)-r	ops/sec(cum)-r	avg(ms)-r	p50(ms)-r	p95(ms)-r	p99(ms)-r	pMax(ms)-r	total-r	elapsed-w	errors-w	ops(total)-w	ops/sec(cum)-w	avg(ms)-w	p50(ms)-w	p95(ms)-w	p99(ms)-w	pMax(ms)-w	total-w	elapsed	errors	ops(total)	ops/sec(cum)	avg(ms)	p50(ms)	p95(ms)	p99(ms)	pMax(ms)
33	0.0	0.0	1036215.0	34539.6	11.450000000000001	13.237499999999999	26.6	33.449999999999996	101.94999999999999	0.0	0.0	0.0	54749.0	1824.8999999999999	12.087500000000002	13.8625	30.3875	34.0125	88.84999999999998	0.0	0.0	0.0	1090964.0	36364.7	11.4875	13.237499999999999	26.862500000000004	33.449999999999996	104.05
