concurrency	elapsed-r	errors-r	ops(total)-r	ops/sec(cum)-r	avg(ms)-r	p50(ms)-r	p95(ms)-r	p99(ms)-r	pMax(ms)-r	total-r	elapsed-w	errors-w	ops(total)-w	ops/sec(cum)-w	avg(ms)-w	p50(ms)-w	p95(ms)-w	p99(ms)-w	pMax(ms)-w	total-w	elapsed	errors	ops(total)	ops/sec(cum)	avg(ms)	p50(ms)	p95(ms)	p99(ms)	pMax(ms)
63	0.0	0.0	1246713.0	41555.299999999996	10.399999999999999	9.1	23.599999999999998	35.949999999999996	140.51250000000002	0.0	0.0	0.0	65553.0	2185.1	19.9875	18.85	40.85	56.862500000000004	192.4125	0.0	0.0	0.0	1312266.0	43740.1	10.8875	9.45	25.424999999999997	39.012499999999996	193.45000000000002
