concurrency	elapsed-r	errors-r	ops(total)-r	ops/sec(cum)-r	avg(ms)-r	p50(ms)-r	p95(ms)-r	p99(ms)-r	pMax(ms)-r	total-r	elapsed	errors	ops(total)	ops/sec(cum)	avg(ms)	p50(ms)	p95(ms)	p99(ms)	pMax(ms)
42	0.0	0.0	1479402.0	49311.99999999999	6.35	5.7375	13.824999999999998	20.175	121.12500000000001	0.0	0.0	0.0	1479402.0	49311.99999999999	6.35	5.7375	13.824999999999998	20.175	121.12500000000001
