concurrency	elapsed-r	errors-r	ops(total)-r	ops/sec(cum)-r	avg(ms)-r	p50(ms)-r	p95(ms)-r	p99(ms)-r	pMax(ms)-r	total-r	elapsed-w	errors-w	ops(total)-w	ops/sec(cum)-w	avg(ms)-w	p50(ms)-w	p95(ms)-w	p99(ms)-w	pMax(ms)-w	total-w	elapsed	errors	ops(total)	ops/sec(cum)	avg(ms)	p50(ms)	p95(ms)	p99(ms)	pMax(ms)
50	0.0	0.0	2403464.0	53408.5	2.9	1.92	9.3	22.0	67.94	0.0	0.0	0.0	126662.0	2814.6000000000004	5.5	3.9199999999999995	18.020000000000003	33.38	67.94	0.0	0.0	0.0	2530126.0	56223.1	3.0599999999999996	2.0	9.879999999999999	22.660000000000004	70.46000000000001
