concurrency	elapsed-r	errors-r	ops(total)-r	ops/sec(cum)-r	avg(ms)-r	p50(ms)-r	p95(ms)-r	p99(ms)-r	pMax(ms)-r	total-r	elapsed-w	errors-w	ops(total)-w	ops/sec(cum)-w	avg(ms)-w	p50(ms)-w	p95(ms)-w	p99(ms)-w	pMax(ms)-w	total-w	elapsed	errors	ops(total)	ops/sec(cum)	avg(ms)	p50(ms)	p95(ms)	p99(ms)	pMax(ms)
24	0.0	0.0	1536693.0	34148.399999999994	2.1800000000000006	1.58	5.5	12.6	171.14000000000001	0.0	0.0	0.0	81145.0	1803.1000000000001	9.9	2.9	52.82000000000001	81.38	140.92000000000002	0.0	0.0	0.0	1617838.0	35951.5	2.52	1.6	6.0600000000000005	19.9	171.14000000000001
