concurrency	elapsed-r	errors-r	ops(total)-r	ops/sec(cum)-r	avg(ms)-r	p50(ms)-r	p95(ms)-r	p99(ms)-r	pMax(ms)-r	total-r	elapsed-w	errors-w	ops(total)-w	ops/sec(cum)-w	avg(ms)-w	p50(ms)-w	p95(ms)-w	p99(ms)-w	pMax(ms)-w	total-w	elapsed	errors	ops(total)	ops/sec(cum)	avg(ms)	p50(ms)	p95(ms)	p99(ms)	pMax(ms)
104	0.0	0.0	2663896.0	88792.59999999999	6.319999999999999	4.9	17.119999999999997	27.220000000000006	249.98000000000002	0.0	0.0	0.0	140090.0	4669.400000000001	15.7	13.859999999999996	33.96	44.46	172.4	0.0	0.0	0.0	2803986.0	93462.20000000001	6.82	5.08	19.22	30.18	249.98000000000002
