concurrency	elapsed-r	errors-r	ops(total)-r	ops/sec(cum)-r	avg(ms)-r	p50(ms)-r	p95(ms)-r	p99(ms)-r	pMax(ms)-r	total-r	elapsed-w	errors-w	ops(total)-w	ops/sec(cum)-w	avg(ms)-w	p50(ms)-w	p95(ms)-w	p99(ms)-w	pMax(ms)-w	total-w	elapsed	errors	ops(total)	ops/sec(cum)	avg(ms)	p50(ms)	p95(ms)	p99(ms)	pMax(ms)
23	0.0	0.0	1448213.0	48272.80000000001	3.425	3.2625	6.374999999999999	7.6000000000000005	20.712500000000002	0.0	0.0	0.0	75816.0	2527.1	3.425	3.25	6.1875	7.5625	17.05	0.0	0.0	0.0	1524029.0	50800.0	3.425	3.2624999999999997	6.374999999999999	7.6000000000000005	20.85
