concurrency	elapsed-r	errors-r	ops(total)-r	ops/sec(cum)-r	avg(ms)-r	p50(ms)-r	p95(ms)-r	p99(ms)-r	pMax(ms)-r	total-r	elapsed-w	errors-w	ops(total)-w	ops/sec(cum)-w	avg(ms)-w	p50(ms)-w	p95(ms)-w	p99(ms)-w	pMax(ms)-w	total-w	elapsed	errors	ops(total)	ops/sec(cum)	avg(ms)	p50(ms)	p95(ms)	p99(ms)	pMax(ms)
64	0.0	0.0	4064148.0	135465.7	2.3200000000000003	1.9599999999999997	4.700000000000001	12.26	46.760000000000005	0.0	0.0	0.0	214382.0	7145.799999999999	4.779999999999999	4.180000000000001	10.86	16.720000000000002	34.08	0.0	0.0	0.0	4278530.0	142611.5	2.5	2.0	5.64	12.319999999999999	47.5
