concurrency	elapsed-r	errors-r	ops(total)-r	ops/sec(cum)-r	avg(ms)-r	p50(ms)-r	p95(ms)-r	p99(ms)-r	pMax(ms)-r	total-r	elapsed-w	errors-w	ops(total)-w	ops/sec(cum)-w	avg(ms)-w	p50(ms)-w	p95(ms)-w	p99(ms)-w	pMax(ms)-w	total-w	elapsed	errors	ops(total)	ops/sec(cum)	avg(ms)	p50(ms)	p95(ms)	p99(ms)	pMax(ms)
32	0.0	0.0	1437656.0	47920.5	4.025	3.575	9.5875	16.8625	110.63749999999999	0.0	0.0	0.0	75172.0	2505.8	21.962500000000002	8.2875	95.45	116.35	178.25	0.0	0.0	0.0	1512828.0	50426.1	4.9	3.7124999999999995	11.212499999999999	36.425	178.25
