concurrency	elapsed-r	errors-r	ops(total)-r	ops/sec(cum)-r	avg(ms)-r	p50(ms)-r	p95(ms)-r	p99(ms)-r	pMax(ms)-r	total-r	elapsed-w	errors-w	ops(total)-w	ops/sec(cum)-w	avg(ms)-w	p50(ms)-w	p95(ms)-w	p99(ms)-w	pMax(ms)-w	total-w	elapsed	errors	ops(total)	ops/sec(cum)	avg(ms)	p50(ms)	p95(ms)	p99(ms)	pMax(ms)
120	0.0	0.0	4322236.0	144061.5	4.18	3.28	11.68	19.2	185.82	0.0	0.0	0.0	227558.0	7584.6	9.9	8.639999999999999	21.560000000000002	31.139999999999997	127.28000000000002	0.0	0.0	0.0	4549794.0	151646.19999999998	4.48	3.3800000000000003	12.940000000000001	20.46	193.56
