concurrency	elapsed-r	errors-r	ops(total)-r	ops/sec(cum)-r	avg(ms)-r	p50(ms)-r	p95(ms)-r	p99(ms)-r	pMax(ms)-r	total-r	elapsed-w	errors-w	ops(total)-w	ops/sec(cum)-w	avg(ms)-w	p50(ms)-w	p95(ms)-w	p99(ms)-w	pMax(ms)-w	total-w	elapsed	errors	ops(total)	ops/sec(cum)	avg(ms)	p50(ms)	p95(ms)	p99(ms)	pMax(ms)
16	0.0	0.0	161355.0	5378.3	4.8375	4.75	8.45	10.475	20.962500000000002	0.0	0.0	0.0	8350.0	278.4	358.6875	413.1375	469.80000000000007	486.5	505.4000000000001	0.0	0.0	0.0	169705.0	5656.7	22.3	4.9375	11.612499999999999	436.19999999999993	505.4000000000001
