concurrency	elapsed-r	errors-r	ops(total)-r	ops/sec(cum)-r	avg(ms)-r	p50(ms)-r	p95(ms)-r	p99(ms)-r	pMax(ms)-r	total-r	elapsed-w	errors-w	ops(total)-w	ops/sec(cum)-w	avg(ms)-w	p50(ms)-w	p95(ms)-w	p99(ms)-w	pMax(ms)-w	total-w	elapsed	errors	ops(total)	ops/sec(cum)	avg(ms)	p50(ms)	p95(ms)	p99(ms)	pMax(ms)
50	0.0	0.0	1435743.0	47856.2	7.1875	6.2	16.9	25.8375	65.7875	0.0	0.0	0.0	75485.0	2516.1	12.387500000000001	10.6	31.075000000000003	42.1625	74.44999999999999	0.0	0.0	0.0	1511228.0	50372.299999999996	7.4625	6.225	18.725	28.2	74.44999999999999
