concurrency	elapsed-w	errors-w	ops(total)-w	ops/sec(cum)-w	avg(ms)-w	p50(ms)-w	p95(ms)-w	p99(ms)-w	pMax(ms)-w	total-w	elapsed	errors	ops(total)	ops/sec(cum)	avg(ms)	p50(ms)	p95(ms)	p99(ms)	pMax(ms)
39	0.0	0.0	3595437.0	119845.09999999999	2.3375000000000004	2.3	3.9000000000000004	7.25	27.937500000000004	0.0	0.0	0.0	3595437.0	119845.09999999999	2.3375000000000004	2.3	3.9000000000000004	7.25	27.937500000000004
