concurrency	elapsed-r	errors-r	ops(total)-r	ops/sec(cum)-r	avg(ms)-r	p50(ms)-r	p95(ms)-r	p99(ms)-r	pMax(ms)-r	total-r	elapsed-w	errors-w	ops(total)-w	ops/sec(cum)-w	avg(ms)-w	p50(ms)-w	p95(ms)-w	p99(ms)-w	pMax(ms)-w	total-w	elapsed	errors	ops(total)	ops/sec(cum)	avg(ms)	p50(ms)	p95(ms)	p99(ms)	pMax(ms)
48	0.0	0.0	2461871.0	54707.1	2.8600000000000003	1.8	9.4	22.0	72.97999999999999	0.0	0.0	0.0	129221.0	2871.6000000000004	6.14	3.7	21.8	49.879999999999995	152.68	0.0	0.0	0.0	2591092.0	57578.59999999999	3.0	1.8800000000000001	10.0	23.1	152.68
