concurrency	elapsed-w	errors-w	ops(total)-w	ops/sec(cum)-w	avg(ms)-w	p50(ms)-w	p95(ms)-w	p99(ms)-w	pMax(ms)-w	total-w	elapsed	errors	ops(total)	ops/sec(cum)	avg(ms)	p50(ms)	p95(ms)	p99(ms)	pMax(ms)
56	0.0	0.0	3292582.0	109749.59999999999	3.825	3.6	6.9750000000000005	10.5375	37.625	0.0	0.0	0.0	3292582.0	109749.59999999999	3.825	3.6	6.9750000000000005	10.5375	37.625
