concurrency	elapsed-r	errors-r	ops(total)-r	ops/sec(cum)-r	avg(ms)-r	p50(ms)-r	p95(ms)-r	p99(ms)-r	pMax(ms)-r	total-r	elapsed	errors	ops(total)	ops/sec(cum)	avg(ms)	p50(ms)	p95(ms)	p99(ms)	pMax(ms)	elapsed-w	errors-w	ops(total)-w	ops/sec(cum)-w	avg(ms)-w	p50(ms)-w	p95(ms)-w	p99(ms)-w	pMax(ms)-w	total-w
32.0	0.0	0.0	74.0	2.3999999999999995	300.325	193.20000000000002	754.9750000000001	897.6000000000001	897.6000000000001	0.0	0.0	0.0	83.0	2.7	327.425	241.6875	790.625	1017.1375	1017.1375	0.0	0.0	9.0	0.30000000000000004	331.88750000000005	288.6125	425.20000000000005	425.20000000000005	425.20000000000005	0.0
48.0	0.0	0.0	106.0	3.6999999999999997	585.7375	463.7375	1132.4625	1610.6125000000002	1610.6125000000002	0.0	0.0	0.0	113.0	3.6999999999999997	600.5125	469.25000000000006	1155.5375	1614.8125000000002	1614.8125000000002	0.0	0.0	7.0	0.2	438.8375	411.0375	488.6375	488.6375	488.6375	0.0
