concurrency	elapsed-r	errors-r	ops(total)-r	ops/sec(cum)-r	avg(ms)-r	p50(ms)-r	p95(ms)-r	p99(ms)-r	pMax(ms)-r	total-r	elapsed-w	errors-w	ops(total)-w	ops/sec(cum)-w	avg(ms)-w	p50(ms)-w	p95(ms)-w	p99(ms)-w	pMax(ms)-w	total-w	elapsed	errors	ops(total)	ops/sec(cum)	avg(ms)	p50(ms)	p95(ms)	p99(ms)	pMax(ms)
28	0.0	0.0	508379.0	16945.6	3.0	2.1333333333333333	8.4	13.266666666666666	176.16666666666666	0.0	0.0	0.0	26435.0	881.1999999999999	24.766666666666666	4.3999999999999995	131.4	156.6	184.5	0.0	0.0	0.0	534814.0	17826.8	4.1	2.2	9.066666666666668	25.166666666666668	187.29999999999998
