concurrency	elapsed-r	errors-r	ops(total)-r	ops/sec(cum)-r	avg(ms)-r	p50(ms)-r	p95(ms)-r	p99(ms)-r	pMax(ms)-r	total-r	elapsed-w	errors-w	ops(total)-w	ops/sec(cum)-w	avg(ms)-w	p50(ms)-w	p95(ms)-w	p99(ms)-w	pMax(ms)-w	total-w	elapsed	errors	ops(total)	ops/sec(cum)	avg(ms)	p50(ms)	p95(ms)	p99(ms)	pMax(ms)
133	0.0	0.0	2618826.0	87289.1	2.8499999999999996	2.3499999999999996	5.95	14.7	122.69999999999999	0.0	0.0	0.0	137759.0	4591.7	5.300000000000001	4.65	11.799999999999999	18.9	53.5	0.0	0.0	0.0	2756585.0	91880.7	2.95	2.45	6.7	14.7	122.69999999999999
