concurrency	elapsed-r	errors-r	ops(total)-r	ops/sec(cum)-r	avg(ms)-r	p50(ms)-r	p95(ms)-r	p99(ms)-r	pMax(ms)-r	total-r	elapsed-w	errors-w	ops(total)-w	ops/sec(cum)-w	avg(ms)-w	p50(ms)-w	p95(ms)-w	p99(ms)-w	pMax(ms)-w	total-w	elapsed	errors	ops(total)	ops/sec(cum)	avg(ms)	p50(ms)	p95(ms)	p99(ms)	pMax(ms)
31	0.0	0.0	136574.0	4552.200000000001	41.025000000000006	2.8000000000000003	282.06250000000006	641.7	1392.5249999999999	0.0	0.0	0.0	7065.0	235.5	248.05	46.599999999999994	956.3	1442.85	2634.0375	0.0	0.0	0.0	143639.0	4787.799999999999	51.2125	2.9375	343.9125	759.1999999999999	2634.0375
