concurrency	elapsed-r	errors-r	ops(total)-r	ops/sec(cum)-r	avg(ms)-r	p50(ms)-r	p95(ms)-r	p99(ms)-r	pMax(ms)-r	total-r	elapsed-w	errors-w	ops(total)-w	ops/sec(cum)-w	avg(ms)-w	p50(ms)-w	p95(ms)-w	p99(ms)-w	pMax(ms)-w	total-w	elapsed	errors	ops(total)	ops/sec(cum)	avg(ms)	p50(ms)	p95(ms)	p99(ms)	pMax(ms)
39	0.0	0.0	1946439.0	64879.600000000006	4.0	3.4749999999999996	9.275	14.825000000000001	44.52499999999999	0.0	0.0	0.0	101927.0	3397.6000000000004	7.2	6.7375	15.575000000000001	22.15	41.6375	0.0	0.0	0.0	2048366.0	68277.20000000001	4.1375	3.5749999999999997	10.125	15.525	45.31249999999999
