concurrency	elapsed-r	errors-r	ops(total)-r	ops/sec(cum)-r	avg(ms)-r	p50(ms)-r	p95(ms)-r	p99(ms)-r	pMax(ms)-r	total-r	elapsed-w	errors-w	ops(total)-w	ops/sec(cum)-w	avg(ms)-w	p50(ms)-w	p95(ms)-w	p99(ms)-w	pMax(ms)-w	total-w	elapsed	errors	ops(total)	ops/sec(cum)	avg(ms)	p50(ms)	p95(ms)	p99(ms)	pMax(ms)
42	0.0	0.0	3173381.0	105777.0	2.7249999999999996	2.6	4.8	8.6875	119.15	0.0	0.0	0.0	167429.0	5580.900000000001	2.7249999999999996	2.6	4.8	8.5625	18.700000000000003	0.0	0.0	0.0	3340810.0	111357.90000000001	2.7249999999999996	2.6	4.8	8.6875	119.15
