concurrency	elapsed-r	errors-r	ops(total)-r	ops/sec(cum)-r	avg(ms)-r	p50(ms)-r	p95(ms)-r	p99(ms)-r	pMax(ms)-r	total-r	elapsed-w	errors-w	ops(total)-w	ops/sec(cum)-w	avg(ms)-w	p50(ms)-w	p95(ms)-w	p99(ms)-w	pMax(ms)-w	total-w	elapsed	errors	ops(total)	ops/sec(cum)	avg(ms)	p50(ms)	p95(ms)	p99(ms)	pMax(ms)
39	0.0	0.0	1945813.0	64858.299999999996	4.0	3.525	9.15	14.825000000000001	46.887499999999996	0.0	0.0	0.0	102527.0	3417.7000000000003	7.1625	6.724999999999999	15.575000000000001	22.55	50.300000000000004	0.0	0.0	0.0	2048340.0	68275.90000000001	4.1375	3.6	9.700000000000001	15.450000000000001	51.0875
