concurrency	elapsed-r	errors-r	ops(total)-r	ops/sec(cum)-r	avg(ms)-r	p50(ms)-r	p95(ms)-r	p99(ms)-r	pMax(ms)-r	total-r	elapsed-w	errors-w	ops(total)-w	ops/sec(cum)-w	avg(ms)-w	p50(ms)-w	p95(ms)-w	p99(ms)-w	pMax(ms)-w	total-w	elapsed	errors	ops(total)	ops/sec(cum)	avg(ms)	p50(ms)	p95(ms)	p99(ms)	pMax(ms)
68	0.0	0.0	451505.0	15049.599999999999	3.1333333333333333	2.1666666666666665	9.4	14.199999999999998	44.0	0.0	0.0	0.0	23604.0	786.8	189.29999999999998	3.8666666666666667	1040.2	1073.7	1140.9	0.0	0.0	0.0	475109.0	15836.3	12.4	2.2	10.0	27.266666666666666	1140.9
