concurrency	elapsed-r	errors-r	ops(total)-r	ops/sec(cum)-r	avg(ms)-r	p50(ms)-r	p95(ms)-r	p99(ms)-r	pMax(ms)-r	total-r	elapsed-w	errors-w	ops(total)-w	ops/sec(cum)-w	avg(ms)-w	p50(ms)-w	p95(ms)-w	p99(ms)-w	pMax(ms)-w	total-w	elapsed	errors	ops(total)	ops/sec(cum)	avg(ms)	p50(ms)	p95(ms)	p99(ms)	pMax(ms)
31	0.0	0.0	1928390.0	64278.399999999994	3.1750000000000003	2.85	7.1000000000000005	11.95	38.4125	0.0	0.0	0.0	101095.0	3369.9	5.7250000000000005	5.3500000000000005	12.412499999999998	17.8	32.775000000000006	0.0	0.0	0.0	2029485.0	67648.1	3.2999999999999994	2.8874999999999997	7.7125	12.537499999999998	40.775000000000006
