concurrency	elapsed-w	errors-w	ops(total)-w	ops/sec(cum)-w	avg(ms)-w	p50(ms)-w	p95(ms)-w	p99(ms)-w	pMax(ms)-w	total-w	elapsed	errors	ops(total)	ops/sec(cum)	avg(ms)	p50(ms)	p95(ms)	p99(ms)	pMax(ms)
30	0.0	0.0	3437931.0	114595.6	1.9500000000000002	1.9249999999999998	3.8999999999999995	5.5249999999999995	22.15	0.0	0.0	0.0	3437931.0	114595.6	1.9500000000000002	1.9249999999999998	3.8999999999999995	5.5249999999999995	22.15
