concurrency	elapsed-r	errors-r	ops(total)-r	ops/sec(cum)-r	avg(ms)-r	p50(ms)-r	p95(ms)-r	p99(ms)-r	pMax(ms)-r	total-r	elapsed-w	errors-w	ops(total)-w	ops/sec(cum)-w	avg(ms)-w	p50(ms)-w	p95(ms)-w	p99(ms)-w	pMax(ms)-w	total-w	elapsed	errors	ops(total)	ops/sec(cum)	avg(ms)	p50(ms)	p95(ms)	p99(ms)	pMax(ms)
18	0.0	0.0	647105.0	21569.600000000002	4.625	2.3874999999999997	10.225000000000001	63.425	149.425	0.0	0.0	0.0	33867.0	1128.8	35.0375	33.2	51.612500000000004	104.9	408.9375	0.0	0.0	0.0	680972.0	22698.499999999996	6.1125	2.45	33.325	65.0	408.9375
