concurrency	elapsed-r	errors-r	ops(total)-r	ops/sec(cum)-r	avg(ms)-r	p50(ms)-r	p95(ms)-r	p99(ms)-r	pMax(ms)-r	total-r	elapsed	errors	ops(total)	ops/sec(cum)	avg(ms)	p50(ms)	p95(ms)	p99(ms)	pMax(ms)
46	0.0	0.0	1574561.0	52483.90000000001	6.5125	5.9	14.175	20.45	70.23750000000001	0.0	0.0	0.0	1574561.0	52483.90000000001	6.5125	5.9	14.175	20.45	70.23750000000001
