concurrency	elapsed-r	errors-r	ops(total)-r	ops/sec(cum)-r	avg(ms)-r	p50(ms)-r	p95(ms)-r	p99(ms)-r	pMax(ms)-r	total-r	elapsed	errors	ops(total)	ops/sec(cum)	avg(ms)	p50(ms)	p95(ms)	p99(ms)	pMax(ms)
23	0.0	0.0	1408109.0	46936.200000000004	3.7375000000000003	3.4499999999999997	7.15	10.7875	27.150000000000006	0.0	0.0	0.0	1408109.0	46936.200000000004	3.7375000000000003	3.4499999999999997	7.15	10.7875	27.150000000000006
