concurrency	elapsed-r	errors-r	ops(total)-r	ops/sec(cum)-r	avg(ms)-r	p50(ms)-r	p95(ms)-r	p99(ms)-r	pMax(ms)-r	total-r	elapsed	errors	ops(total)	ops/sec(cum)	avg(ms)	p50(ms)	p95(ms)	p99(ms)	pMax(ms)
48	0.0	0.0	1540529.0	51349.600000000006	6.9750000000000005	6.35	14.950000000000001	22.15	170.9	0.0	0.0	0.0	1540529.0	51349.600000000006	6.9750000000000005	6.35	14.950000000000001	22.15	170.9
