concurrency	elapsed-r	errors-r	ops(total)-r	ops/sec(cum)-r	avg(ms)-r	p50(ms)-r	p95(ms)-r	p99(ms)-r	pMax(ms)-r	total-r	elapsed-w	errors-w	ops(total)-w	ops/sec(cum)-w	avg(ms)-w	p50(ms)-w	p95(ms)-w	p99(ms)-w	pMax(ms)-w	total-w	elapsed	errors	ops(total)	ops/sec(cum)	avg(ms)	p50(ms)	p95(ms)	p99(ms)	pMax(ms)
51	0.0	0.0	1942558.0	64749.600000000006	5.262499999999999	4.65	12.474999999999998	19.8	74.97500000000001	0.0	0.0	0.0	102575.0	3419.1000000000004	9.525	8.9625	21.125	29.512500000000003	73.3875	0.0	0.0	0.0	2045133.0	68168.7	5.4624999999999995	4.75	13.224999999999998	20.975	83.10000000000001
