concurrency	elapsed-r	errors-r	ops(total)-r	ops/sec(cum)-r	avg(ms)-r	p50(ms)-r	p95(ms)-r	p99(ms)-r	pMax(ms)-r	total-r	elapsed-w	errors-w	ops(total)-w	ops/sec(cum)-w	avg(ms)-w	p50(ms)-w	p95(ms)-w	p99(ms)-w	pMax(ms)-w	total-w	elapsed	errors	ops(total)	ops/sec(cum)	avg(ms)	p50(ms)	p95(ms)	p99(ms)	pMax(ms)
62	0.0	0.0	3481258.0	116036.4	3.8	3.325	10.125	15.475000000000001	150.2	0.0	0.0	0.0	184052.0	6134.8	3.825	3.3874999999999997	10.125	15.412500000000001	38.5125	0.0	0.0	0.0	3665310.0	122171.3	3.8	3.325	10.125	15.537500000000001	151.5
