concurrency	elapsed-r	errors-r	ops(total)-r	ops/sec(cum)-r	avg(ms)-r	p50(ms)-r	p95(ms)-r	p99(ms)-r	pMax(ms)-r	total-r	elapsed	errors	ops(total)	ops/sec(cum)	avg(ms)	p50(ms)	p95(ms)	p99(ms)	pMax(ms)
63	0.0	0.0	1224937.0	40829.3	12.5375	11.024999999999999	27.549999999999997	40.737500000000004	95.44999999999999	0.0	0.0	0.0	1224937.0	40829.3	12.5375	11.024999999999999	27.549999999999997	40.737500000000004	95.44999999999999
