concurrency	elapsed-r	errors-r	ops(total)-r	ops/sec(cum)-r	avg(ms)-r	p50(ms)-r	p95(ms)-r	p99(ms)-r	pMax(ms)-r	total-r	elapsed-w	errors-w	ops(total)-w	ops/sec(cum)-w	avg(ms)-w	p50(ms)-w	p95(ms)-w	p99(ms)-w	pMax(ms)-w	total-w	elapsed	errors	ops(total)	ops/sec(cum)	avg(ms)	p50(ms)	p95(ms)	p99(ms)	pMax(ms)
45	0.0	0.0	3330018.0	110998.1	2.8249999999999997	2.6875	6.6000000000000005	9.5	94.7625	0.0	0.0	0.0	175131.0	5837.700000000001	2.85	2.7749999999999995	6.6000000000000005	9.575	21.625	0.0	0.0	0.0	3505149.0	116835.59999999999	2.8249999999999997	2.6875	6.6000000000000005	9.5	95.675
