concurrency	elapsed-r	errors-r	ops(total)-r	ops/sec(cum)-r	avg(ms)-r	p50(ms)-r	p95(ms)-r	p99(ms)-r	pMax(ms)-r	total-r	elapsed-w	errors-w	ops(total)-w	ops/sec(cum)-w	avg(ms)-w	p50(ms)-w	p95(ms)-w	p99(ms)-w	pMax(ms)-w	total-w	elapsed	errors	ops(total)	ops/sec(cum)	avg(ms)	p50(ms)	p95(ms)	p99(ms)	pMax(ms)
11	0.0	0.0	947817.0	31593.4	1.6875000000000002	1.3125	3.7499999999999996	5.275	25.362499999999997	0.0	0.0	0.0	49782.0	1659.4	17.262500000000003	2.3	71.825	83.375	94.925	0.0	0.0	0.0	997599.0	33252.6	2.45	1.325	4.025	53.449999999999996	94.925
