concurrency	elapsed-r	errors-r	ops(total)-r	ops/sec(cum)-r	avg(ms)-r	p50(ms)-r	p95(ms)-r	p99(ms)-r	pMax(ms)-r	total-r	elapsed	errors	ops(total)	ops/sec(cum)	avg(ms)	p50(ms)	p95(ms)	p99(ms)	pMax(ms)
47	0.0	0.0	5484207.0	182803.3	1.6500000000000001	1.5125	2.9250000000000003	6.05	217.04999999999998	0.0	0.0	0.0	5484207.0	182803.3	1.6500000000000001	1.5125	2.9250000000000003	6.05	217.04999999999998
