concurrency	elapsed-w	errors-w	ops(total)-w	ops/sec(cum)-w	avg(ms)-w	p50(ms)-w	p95(ms)-w	p99(ms)-w	pMax(ms)-w	total-w	elapsed	errors	ops(total)	ops/sec(cum)	avg(ms)	p50(ms)	p95(ms)	p99(ms)	pMax(ms)
46	0.0	0.0	703331.0	23443.5	15.3	9.487499999999999	43.5	57.38750000000001	206.57500000000002	0.0	0.0	0.0	703331.0	23443.5	15.3	9.487499999999999	43.5	57.38750000000001	206.57500000000002
