concurrency	elapsed-r	errors-r	ops(total)-r	ops/sec(cum)-r	avg(ms)-r	p50(ms)-r	p95(ms)-r	p99(ms)-r	pMax(ms)-r	total-r	elapsed-w	errors-w	ops(total)-w	ops/sec(cum)-w	avg(ms)-w	p50(ms)-w	p95(ms)-w	p99(ms)-w	pMax(ms)-w	total-w	elapsed	errors	ops(total)	ops/sec(cum)	avg(ms)	p50(ms)	p95(ms)	p99(ms)	pMax(ms)
31	0.0	0.0	1410590.0	47018.6	3.725	3.4749999999999996	8.525	11.35	106.4375	0.0	0.0	0.0	74465.0	2482.1	25.599999999999998	9.7125	97.025	112.68750000000001	154.13750000000002	0.0	0.0	0.0	1485055.0	49500.7	4.8125	3.625	9.7	56.6	154.13750000000002
