concurrency	elapsed-r	errors-r	ops(total)-r	ops/sec(cum)-r	avg(ms)-r	p50(ms)-r	p95(ms)-r	p99(ms)-r	pMax(ms)-r	total-r	elapsed-w	errors-w	ops(total)-w	ops/sec(cum)-w	avg(ms)-w	p50(ms)-w	p95(ms)-w	p99(ms)-w	pMax(ms)-w	total-w	elapsed	errors	ops(total)	ops/sec(cum)	avg(ms)	p50(ms)	p95(ms)	p99(ms)	pMax(ms)
55	0.0	0.0	2703704.0	90120.7	3.22	2.7	6.9	16.240000000000002	96.05999999999999	0.0	0.0	0.0	141666.0	4722.1	7.7	6.959999999999999	17.0	24.580000000000002	58.720000000000006	0.0	0.0	0.0	2845370.0	94842.8	3.44	2.7600000000000002	8.36	17.02	96.05999999999999
