concurrency	elapsed-r	errors-r	ops(total)-r	ops/sec(cum)-r	avg(ms)-r	p50(ms)-r	p95(ms)-r	p99(ms)-r	pMax(ms)-r	total-r	elapsed-w	errors-w	ops(total)-w	ops/sec(cum)-w	avg(ms)-w	p50(ms)-w	p95(ms)-w	p99(ms)-w	pMax(ms)-w	total-w	elapsed	errors	ops(total)	ops/sec(cum)	avg(ms)	p50(ms)	p95(ms)	p99(ms)	pMax(ms)
8	0.0	0.0	317757.0	10591.699999999999	3.1999999999999997	2.8	6.325	7.925000000000001	15.8	0.0	0.0	0.0	16563.0	552.1	49.9875	18.625	121.075	133.675	159.4	0.0	0.0	0.0	334320.0	11143.699999999999	5.5125	2.9250000000000003	7.012499999999999	103.325	159.4
