concurrency	elapsed-r	errors-r	ops(total)-r	ops/sec(cum)-r	avg(ms)-r	p50(ms)-r	p95(ms)-r	p99(ms)-r	pMax(ms)-r	total-r	elapsed-w	errors-w	ops(total)-w	ops/sec(cum)-w	avg(ms)-w	p50(ms)-w	p95(ms)-w	p99(ms)-w	pMax(ms)-w	total-w	elapsed	errors	ops(total)	ops/sec(cum)	avg(ms)	p50(ms)	p95(ms)	p99(ms)	pMax(ms)
18	0.0	0.0	1469030.0	48966.8	2.3874999999999997	2.3375	5.275	6.787499999999999	37.0875	0.0	0.0	0.0	77122.0	2570.7	6.9750000000000005	4.4875	28.200000000000003	43.474999999999994	69.4625	0.0	0.0	0.0	1546152.0	51537.600000000006	2.6125000000000003	2.3874999999999997	5.6499999999999995	9.3	69.4625
