concurrency	elapsed-r	errors-r	ops(total)-r	ops/sec(cum)-r	avg(ms)-r	p50(ms)-r	p95(ms)-r	p99(ms)-r	pMax(ms)-r	total-r	elapsed-w	errors-w	ops(total)-w	ops/sec(cum)-w	avg(ms)-w	p50(ms)-w	p95(ms)-w	p99(ms)-w	pMax(ms)-w	total-w	elapsed	errors	ops(total)	ops/sec(cum)	avg(ms)	p50(ms)	p95(ms)	p99(ms)	pMax(ms)
143	0.0	0.0	4671537.0	155705.6	4.220000000000001	3.4200000000000004	10.639999999999999	18.66	205.32000000000002	0.0	0.0	0.0	245087.0	8168.9	13.059999999999999	12.139999999999999	26.72	35.12	180.56	0.0	0.0	0.0	4916624.0	163874.6	4.659999999999999	3.5400000000000005	13.66	22.46	205.32000000000002
