concurrency	elapsed-r	errors-r	ops(total)-r	ops/sec(cum)-r	avg(ms)-r	p50(ms)-r	p95(ms)-r	p99(ms)-r	pMax(ms)-r	total-r	elapsed-w	errors-w	ops(total)-w	ops/sec(cum)-w	avg(ms)-w	p50(ms)-w	p95(ms)-w	p99(ms)-w	pMax(ms)-w	total-w	elapsed	errors	ops(total)	ops/sec(cum)	avg(ms)	p50(ms)	p95(ms)	p99(ms)	pMax(ms)
66	0.0	0.0	2804446.0	93478.9	3.3200000000000003	2.66	7.880000000000001	16.759999999999998	107.6	0.0	0.0	0.0	147303.0	4910.0	9.139999999999999	8.1	19.94	27.660000000000004	99.2	0.0	0.0	0.0	2951749.0	98388.90000000001	3.6	2.7800000000000002	10.379999999999999	18.22	107.6
