concurrency	elapsed-r	errors-r	ops(total)-r	ops/sec(cum)-r	avg(ms)-r	p50(ms)-r	p95(ms)-r	p99(ms)-r	pMax(ms)-r	total-r	elapsed-w	errors-w	ops(total)-w	ops/sec(cum)-w	avg(ms)-w	p50(ms)-w	p95(ms)-w	p99(ms)-w	pMax(ms)-w	total-w	elapsed	errors	ops(total)	ops/sec(cum)	avg(ms)	p50(ms)	p95(ms)	p99(ms)	pMax(ms)
23	0.0	0.0	280412.0	9346.8	3.6999999999999997	3.275	7.3500000000000005	10.0375	20.5875	0.0	0.0	0.0	14550.0	485.0	300.075	50.474999999999994	671.1	671.1	704.6000000000001	0.0	0.0	0.0	294962.0	9831.800000000001	18.337500000000002	3.4	8.5375	637.5	704.6000000000001
