concurrency	elapsed-r	errors-r	ops(total)-r	ops/sec(cum)-r	avg(ms)-r	p50(ms)-r	p95(ms)-r	p99(ms)-r	pMax(ms)-r	total-r	elapsed-w	errors-w	ops(total)-w	ops/sec(cum)-w	avg(ms)-w	p50(ms)-w	p95(ms)-w	p99(ms)-w	pMax(ms)-w	total-w	elapsed	errors	ops(total)	ops/sec(cum)	avg(ms)	p50(ms)	p95(ms)	p99(ms)	pMax(ms)
55	0.0	0.0	1943996.0	64797.3	5.625	4.975	13.224999999999998	20.7	94.91250000000001	0.0	0.0	0.0	102451.0	3415.0	10.549999999999999	10.05	23.099999999999998	32.0125	85.2	0.0	0.0	0.0	2046447.0	68212.09999999999	5.8999999999999995	5.05	14.325000000000001	22.15	103.825
