concurrency	elapsed-r	errors-r	ops(total)-r	ops/sec(cum)-r	avg(ms)-r	p50(ms)-r	p95(ms)-r	p99(ms)-r	pMax(ms)-r	total-r	elapsed-w	errors-w	ops(total)-w	ops/sec(cum)-w	avg(ms)-w	p50(ms)-w	p95(ms)-w	p99(ms)-w	pMax(ms)-w	total-w	elapsed	errors	ops(total)	ops/sec(cum)	avg(ms)	p50(ms)	p95(ms)	p99(ms)	pMax(ms)
47	0.0	0.0	3488588.0	116283.09999999999	2.8375	2.4375	7.925000000000001	11.5	195.81249999999997	0.0	0.0	0.0	183374.0	6112.3	2.8625	2.45	8.112499999999999	11.5	71.4375	0.0	0.0	0.0	3671962.0	122395.5	2.8375	2.4375	7.9625	11.5	195.81249999999997
