concurrency	elapsed-r	errors-r	ops(total)-r	ops/sec(cum)-r	avg(ms)-r	p50(ms)-r	p95(ms)-r	p99(ms)-r	pMax(ms)-r	total-r	elapsed-w	errors-w	ops(total)-w	ops/sec(cum)-w	avg(ms)-w	p50(ms)-w	p95(ms)-w	p99(ms)-w	pMax(ms)-w	total-w	elapsed	errors	ops(total)	ops/sec(cum)	avg(ms)	p50(ms)	p95(ms)	p99(ms)	pMax(ms)
96	0.0	0.0	2653092.0	88432.4	5.9	4.720000000000001	15.740000000000004	25.820000000000004	154.34	0.0	0.0	0.0	139551.0	4651.5	14.98	12.88	34.67999999999999	49.5	121.21999999999998	0.0	0.0	0.0	2792643.0	93083.9	6.36	4.84	18.04	28.6	154.34
