concurrency	elapsed-r	errors-r	ops(total)-r	ops/sec(cum)-r	avg(ms)-r	p50(ms)-r	p95(ms)-r	p99(ms)-r	pMax(ms)-r	total-r	elapsed-w	errors-w	ops(total)-w	ops/sec(cum)-w	avg(ms)-w	p50(ms)-w	p95(ms)-w	p99(ms)-w	pMax(ms)-w	total-w	elapsed	errors	ops(total)	ops/sec(cum)	avg(ms)	p50(ms)	p95(ms)	p99(ms)	pMax(ms)
49	0.0	0.0	3728140.0	124267.40000000002	2.7624999999999997	1.9124999999999999	8.025	12.099999999999998	171.17499999999998	0.0	0.0	0.0	196352.0	6544.799999999999	2.8	1.95	8.125	12.099999999999998	72.49999999999999	0.0	0.0	0.0	3924492.0	130812.2	2.7749999999999995	1.9124999999999999	8.025	12.099999999999998	171.3125
