concurrency	elapsed-r	errors-r	ops(total)-r	ops/sec(cum)-r	avg(ms)-r	p50(ms)-r	p95(ms)-r	p99(ms)-r	pMax(ms)-r	total-r	elapsed-w	errors-w	ops(total)-w	ops/sec(cum)-w	avg(ms)-w	p50(ms)-w	p95(ms)-w	p99(ms)-w	pMax(ms)-w	total-w	elapsed	errors	ops(total)	ops/sec(cum)	avg(ms)	p50(ms)	p95(ms)	p99(ms)	pMax(ms)
146	0.0	0.0	4675824.0	155849.4	4.36	3.5200000000000005	11.44	19.5	204.06	0.0	0.0	0.0	246299.0	8209.3	12.820000000000002	11.639999999999999	27.560000000000002	37.0	191.68	0.0	0.0	0.0	4922123.0	164058.7	4.779999999999999	3.66	14.1	23.46	205.12000000000003
