concurrency	elapsed-r	errors-r	ops(total)-r	ops/sec(cum)-r	avg(ms)-r	p50(ms)-r	p95(ms)-r	p99(ms)-r	pMax(ms)-r	total-r	elapsed-w	errors-w	ops(total)-w	ops/sec(cum)-w	avg(ms)-w	p50(ms)-w	p95(ms)-w	p99(ms)-w	pMax(ms)-w	total-w	elapsed	errors	ops(total)	ops/sec(cum)	avg(ms)	p50(ms)	p95(ms)	p99(ms)	pMax(ms)
47	0.0	0.0	1427916.0	47595.399999999994	6.725	5.8500000000000005	15.749999999999998	23.325	146.275	0.0	0.0	0.0	75992.0	2533.0	11.762499999999998	10.375	28.700000000000003	39.537499999999994	98.2875	0.0	0.0	0.0	1503908.0	50128.5	6.9750000000000005	5.9875	17.025	25.8375	153.0875
