concurrency	elapsed-r	errors-r	ops(total)-r	ops/sec(cum)-r	avg(ms)-r	p50(ms)-r	p95(ms)-r	p99(ms)-r	pMax(ms)-r	total-r	elapsed	errors	ops(total)	ops/sec(cum)	avg(ms)	p50(ms)	p95(ms)	p99(ms)	pMax(ms)
25	0.0	0.0	1366720.0	45556.4	4.237500000000001	3.9374999999999996	8.525	13.250000000000002	31.462500000000002	0.0	0.0	0.0	1366720.0	45556.4	4.237500000000001	3.9374999999999996	8.525	13.250000000000002	31.462500000000002
