concurrency	elapsed-r	errors-r	ops(total)-r	ops/sec(cum)-r	avg(ms)-r	p50(ms)-r	p95(ms)-r	p99(ms)-r	pMax(ms)-r	total-r	elapsed-w	errors-w	ops(total)-w	ops/sec(cum)-w	avg(ms)-w	p50(ms)-w	p95(ms)-w	p99(ms)-w	pMax(ms)-w	total-w	elapsed	errors	ops(total)	ops/sec(cum)	avg(ms)	p50(ms)	p95(ms)	p99(ms)	pMax(ms)
70	0.0	0.0	1934565.0	64482.4	7.25	6.225	18.212500000000002	28.325000000000003	131.07500000000002	0.0	0.0	0.0	102140.0	3404.5000000000005	13.600000000000001	12.474999999999998	30.175	44.7875	396.3875	0.0	0.0	0.0	2036705.0	67887.0	7.574999999999999	6.35	19.400000000000002	30.05	396.3875
