concurrency	elapsed-r	errors-r	ops(total)-r	ops/sec(cum)-r	avg(ms)-r	p50(ms)-r	p95(ms)-r	p99(ms)-r	pMax(ms)-r	total-r	elapsed-w	errors-w	ops(total)-w	ops/sec(cum)-w	avg(ms)-w	p50(ms)-w	p95(ms)-w	p99(ms)-w	pMax(ms)-w	total-w	elapsed	errors	ops(total)	ops/sec(cum)	avg(ms)	p50(ms)	p95(ms)	p99(ms)	pMax(ms)
159	0.0	0.0	4511541.0	150374.4	5.5	4.380000000000001	14.440000000000001	23.14	186.84	0.0	0.0	0.0	236777.0	7892.1	13.540000000000001	12.3	29.560000000000002	40.260000000000005	144.92	0.0	0.0	0.0	4748318.0	158266.5	5.88	4.52	16.279999999999998	25.139999999999997	186.84
