concurrency	elapsed-r	errors-r	ops(total)-r	ops/sec(cum)-r	avg(ms)-r	p50(ms)-r	p95(ms)-r	p99(ms)-r	pMax(ms)-r	total-r	elapsed-w	errors-w	ops(total)-w	ops/sec(cum)-w	avg(ms)-w	p50(ms)-w	p95(ms)-w	p99(ms)-w	pMax(ms)-w	total-w	elapsed	errors	ops(total)	ops/sec(cum)	avg(ms)	p50(ms)	p95(ms)	p99(ms)	pMax(ms)
31	0.0	0.0	1173121.0	39102.9	5.175	3.2125	12.287499999999998	54.237500000000004	248.51250000000002	0.0	0.0	0.0	61629.0	2054.3	16.1	6.112499999999999	108.0375	168.85	299.8875	0.0	0.0	0.0	1234750.0	41157.1	5.7	3.2750000000000004	13.037499999999998	75.5	303.0375
