concurrency	elapsed-r	errors-r	ops(total)-r	ops/sec(cum)-r	avg(ms)-r	p50(ms)-r	p95(ms)-r	p99(ms)-r	pMax(ms)-r	total-r	elapsed-w	errors-w	ops(total)-w	ops/sec(cum)-w	avg(ms)-w	p50(ms)-w	p95(ms)-w	p99(ms)-w	pMax(ms)-w	total-w	elapsed	errors	ops(total)	ops/sec(cum)	avg(ms)	p50(ms)	p95(ms)	p99(ms)	pMax(ms)
46	0.0	0.0	812372.0	27077.800000000003	3.1666666666666665	2.2	7.099999999999999	18.9	104.83333333333333	0.0	0.0	0.0	42796.0	1426.5	1.3	0.9	3.0	8.066666666666668	53.800000000000004	0.0	0.0	0.0	855168.0	28504.4	3.1	1.8999999999999997	6.8	18.533333333333335	104.83333333333333
