concurrency	elapsed-r	errors-r	ops(total)-r	ops/sec(cum)-r	avg(ms)-r	p50(ms)-r	p95(ms)-r	p99(ms)-r	pMax(ms)-r	total-r	elapsed-w	errors-w	ops(total)-w	ops/sec(cum)-w	avg(ms)-w	p50(ms)-w	p95(ms)-w	p99(ms)-w	pMax(ms)-w	total-w	elapsed	errors	ops(total)	ops/sec(cum)	avg(ms)	p50(ms)	p95(ms)	p99(ms)	pMax(ms)
35	0.0	0.0	4567854.0	152258.9	1.45	1.2875	2.5875	4.375	215.99999999999994	0.0	0.0	0.0	240527.0	8017.299999999999	1.5374999999999999	1.325	2.75	5.575	104.0625	0.0	0.0	0.0	4808381.0	160276.2	1.4625	1.2875	2.625	4.45	215.99999999999994
