concurrency	elapsed-r	errors-r	ops(total)-r	ops/sec(cum)-r	avg(ms)-r	p50(ms)-r	p95(ms)-r	p99(ms)-r	pMax(ms)-r	total-r	elapsed-w	errors-w	ops(total)-w	ops/sec(cum)-w	avg(ms)-w	p50(ms)-w	p95(ms)-w	p99(ms)-w	pMax(ms)-w	total-w	elapsed	errors	ops(total)	ops/sec(cum)	avg(ms)	p50(ms)	p95(ms)	p99(ms)	pMax(ms)
68	0.0	0.0	1307624.0	43585.8	3.1	2.2	9.4	23.100000000000005	86.7	0.0	0.0	0.0	68622.0	2287.3	7.033333333333334	5.0	23.100000000000005	41.9	86.7	0.0	0.0	0.0	1376246.0	45873.1	3.2999999999999994	2.2	10.5	24.100000000000005	88.10000000000001
