concurrency	elapsed-r	errors-r	ops(total)-r	ops/sec(cum)-r	avg(ms)-r	p50(ms)-r	p95(ms)-r	p99(ms)-r	pMax(ms)-r	total-r	elapsed-w	errors-w	ops(total)-w	ops/sec(cum)-w	avg(ms)-w	p50(ms)-w	p95(ms)-w	p99(ms)-w	pMax(ms)-w	total-w	elapsed	errors	ops(total)	ops/sec(cum)	avg(ms)	p50(ms)	p95(ms)	p99(ms)	pMax(ms)
17	0.0	0.0	1180385.0	39345.3	3.1000000000000005	2.9625	5.5	6.625	20.9875	0.0	0.0	0.0	61909.0	2063.5	3.1000000000000005	3.0	5.5	6.7875	14.737500000000002	0.0	0.0	0.0	1242294.0	41409.0	3.1000000000000005	2.9625	5.5	6.6499999999999995	20.9875
