concurrency	elapsed-r	errors-r	ops(total)-r	ops/sec(cum)-r	avg(ms)-r	p50(ms)-r	p95(ms)-r	p99(ms)-r	pMax(ms)-r	total-r	elapsed-w	errors-w	ops(total)-w	ops/sec(cum)-w	avg(ms)-w	p50(ms)-w	p95(ms)-w	p99(ms)-w	pMax(ms)-w	total-w	elapsed	errors	ops(total)	ops/sec(cum)	avg(ms)	p50(ms)	p95(ms)	p99(ms)	pMax(ms)
27	0.0	0.0	1824732.0	60822.9	2.575	2.0250000000000004	7.074999999999999	11.95	55.8125	0.0	0.0	0.0	96046.0	3201.6	13.275	3.8499999999999996	19.525000000000002	281.0	383.8	0.0	0.0	0.0	1920778.0	64024.5	3.1	2.0500000000000003	7.324999999999999	12.974999999999998	383.8
