concurrency	elapsed-r	errors-r	ops(total)-r	ops/sec(cum)-r	avg(ms)-r	p50(ms)-r	p95(ms)-r	p99(ms)-r	pMax(ms)-r	total-r	elapsed-w	errors-w	ops(total)-w	ops/sec(cum)-w	avg(ms)-w	p50(ms)-w	p95(ms)-w	p99(ms)-w	pMax(ms)-w	total-w	elapsed	errors	ops(total)	ops/sec(cum)	avg(ms)	p50(ms)	p95(ms)	p99(ms)	pMax(ms)
96	0.0	0.0	2246281.0	74872.7	2.433333333333333	1.5666666666666667	6.633333333333333	10.766666666666666	38.96666666666667	0.0	0.0	0.0	118470.0	3948.8	36.199999999999996	3.033333333333333	195.73333333333335	222.30000000000004	257.26666666666665	0.0	0.0	0.0	2364751.0	78821.6	4.066666666666666	1.6333333333333335	7.033333333333334	19.733333333333334	257.26666666666665
