concurrency	elapsed-r	errors-r	ops(total)-r	ops/sec(cum)-r	avg(ms)-r	p50(ms)-r	p95(ms)-r	p99(ms)-r	pMax(ms)-r	total-r	elapsed-w	errors-w	ops(total)-w	ops/sec(cum)-w	avg(ms)-w	p50(ms)-w	p95(ms)-w	p99(ms)-w	pMax(ms)-w	total-w	elapsed	errors	ops(total)	ops/sec(cum)	avg(ms)	p50(ms)	p95(ms)	p99(ms)	pMax(ms)
47	0.0	0.0	2472186.0	54936.09999999999	2.7	1.8	8.4	21.0	63.739999999999995	0.0	0.0	0.0	130117.0	2891.5	5.180000000000001	3.7199999999999998	17.3	32.12	99.02000000000001	0.0	0.0	0.0	2602303.0	57827.5	2.8	1.86	8.9	21.2	99.02000000000001
