concurrency	elapsed-r	errors-r	ops(total)-r	ops/sec(cum)-r	avg(ms)-r	p50(ms)-r	p95(ms)-r	p99(ms)-r	pMax(ms)-r	total-r	elapsed-w	errors-w	ops(total)-w	ops/sec(cum)-w	avg(ms)-w	p50(ms)-w	p95(ms)-w	p99(ms)-w	pMax(ms)-w	total-w	elapsed	errors	ops(total)	ops/sec(cum)	avg(ms)	p50(ms)	p95(ms)	p99(ms)	pMax(ms)
32	0.0	0.0	266150.0	8871.4	4.125	3.6625	8.575	11.462499999999999	55.5625	0.0	0.0	0.0	13851.0	461.7	462.47499999999997	23.4	1040.2	1044.3875	1073.7	0.0	0.0	0.0	280001.0	9332.900000000001	26.8	3.7750000000000004	9.725	1006.6000000000001	1073.7
