concurrency	elapsed-r	errors-r	ops(total)-r	ops/sec(cum)-r	avg(ms)-r	p50(ms)-r	p95(ms)-r	p99(ms)-r	pMax(ms)-r	total-r	elapsed-w	errors-w	ops(total)-w	ops/sec(cum)-w	avg(ms)-w	p50(ms)-w	p95(ms)-w	p99(ms)-w	pMax(ms)-w	total-w	elapsed	errors	ops(total)	ops/sec(cum)	avg(ms)	p50(ms)	p95(ms)	p99(ms)	pMax(ms)
47	0.0	0.0	23647.0	788.2	350.37500000000006	17.212500000000002	1702.8625	2885.7	4127.1875	0.0	0.0	0.0	1172.0	39.1	2349.7375	2155.875	6073.362499999999	7113.55	8053.062499999999	0.0	0.0	0.0	24819.0	827.3000000000001	444.9375	31.25	2139.1125	3674.2125000000005	8053.062499999999
