concurrency	elapsed-r	errors-r	ops(total)-r	ops/sec(cum)-r	avg(ms)-r	p50(ms)-r	p95(ms)-r	p99(ms)-r	pMax(ms)-r	total-r	elapsed-w	errors-w	ops(total)-w	ops/sec(cum)-w	avg(ms)-w	p50(ms)-w	p95(ms)-w	p99(ms)-w	pMax(ms)-w	total-w	elapsed	errors	ops(total)	ops/sec(cum)	avg(ms)	p50(ms)	p95(ms)	p99(ms)	pMax(ms)
160	0.0	0.0	2790803.0	93019.6	8.08	6.540000000000001	21.0	32.480000000000004	944.5800000000002	0.0	0.0	0.0	146324.0	4877.1	30.060000000000002	28.079999999999995	60.82000000000001	76.16	546.9200000000001	0.0	0.0	0.0	2937127.0	97896.8	9.16	6.56	26.860000000000003	46.14	944.5800000000002
