concurrency	elapsed-w	errors-w	ops(total)-w	ops/sec(cum)-w	avg(ms)-w	p50(ms)-w	p95(ms)-w	p99(ms)-w	pMax(ms)-w	total-w	elapsed	errors	ops(total)	ops/sec(cum)	avg(ms)	p50(ms)	p95(ms)	p99(ms)	pMax(ms)
46	0.0	0.0	4982862.0	166092.09999999998	1.8375000000000001	1.6625	3.3749999999999996	5.25	171.96249999999998	0.0	0.0	0.0	4982862.0	166092.09999999998	1.8375000000000001	1.6625	3.3749999999999996	5.25	171.96249999999998
