concurrency	elapsed-r	errors-r	ops(total)-r	ops/sec(cum)-r	avg(ms)-r	p50(ms)-r	p95(ms)-r	p99(ms)-r	pMax(ms)-r	total-r	elapsed-w	errors-w	ops(total)-w	ops/sec(cum)-w	avg(ms)-w	p50(ms)-w	p95(ms)-w	p99(ms)-w	pMax(ms)-w	total-w	elapsed	errors	ops(total)	ops/sec(cum)	avg(ms)	p50(ms)	p95(ms)	p99(ms)	pMax(ms)
128	0.0	0.0	3555885.0	118524.1	2.8000000000000003	2.3666666666666667	4.966666666666666	15.033333333333331	54.53333333333333	0.0	0.0	0.0	187380.0	6245.7	6.0	5.333333333333333	13.733333333333334	19.933333333333334	51.73333333333333	0.0	0.0	0.0	3743265.0	124769.79999999999	2.966666666666667	2.433333333333333	6.433333333333333	15.366666666666665	54.53333333333333
