concurrency	elapsed-r	errors-r	ops(total)-r	ops/sec(cum)-r	avg(ms)-r	p50(ms)-r	p95(ms)-r	p99(ms)-r	pMax(ms)-r	total-r	elapsed-w	errors-w	ops(total)-w	ops/sec(cum)-w	avg(ms)-w	p50(ms)-w	p95(ms)-w	p99(ms)-w	pMax(ms)-w	total-w	elapsed	errors	ops(total)	ops/sec(cum)	avg(ms)	p50(ms)	p95(ms)	p99(ms)	pMax(ms)
50	0.0	0.0	667272.0	22241.800000000003	4.2	3.1	10.5	19.9	128.63333333333333	0.0	0.0	0.0	35170.0	1172.4	2.066666666666667	1.3999999999999997	4.166666666666667	12.433333333333332	124.43333333333332	0.0	0.0	0.0	702442.0	23414.0	4.1	3.0	10.5	19.9	152.4
