concurrency	elapsed-r	errors-r	ops(total)-r	ops/sec(cum)-r	avg(ms)-r	p50(ms)-r	p95(ms)-r	p99(ms)-r	pMax(ms)-r	total-r	elapsed-w	errors-w	ops(total)-w	ops/sec(cum)-w	avg(ms)-w	p50(ms)-w	p95(ms)-w	p99(ms)-w	pMax(ms)-w	total-w	elapsed	errors	ops(total)	ops/sec(cum)	avg(ms)	p50(ms)	p95(ms)	p99(ms)	pMax(ms)
15	0.0	0.0	1080100.0	36002.8	2.9625	2.8999999999999995	5.5	6.449999999999999	19.025000000000002	0.0	0.0	0.0	56666.0	1888.8	3.3749999999999996	3.2624999999999997	6.3625	8.25	21.1	0.0	0.0	0.0	1136766.0	37891.600000000006	3.0	2.9124999999999996	5.5	6.6000000000000005	21.6375
