concurrency	elapsed-r	errors-r	ops(total)-r	ops/sec(cum)-r	avg(ms)-r	p50(ms)-r	p95(ms)-r	p99(ms)-r	pMax(ms)-r	total-r	elapsed	errors	ops(total)	ops/sec(cum)	avg(ms)	p50(ms)	p95(ms)	p99(ms)	pMax(ms)
16	0.0	0.0	1397786.0	46592.09999999999	2.5874999999999995	2.5	4.5	7.1375	19.8	0.0	0.0	0.0	1397786.0	46592.09999999999	2.5874999999999995	2.5	4.5	7.1375	19.8
