concurrency	elapsed-r	errors-r	ops(total)-r	ops/sec(cum)-r	avg(ms)-r	p50(ms)-r	p95(ms)-r	p99(ms)-r	pMax(ms)-r	total-r	elapsed	errors	ops(total)	ops/sec(cum)	avg(ms)	p50(ms)	p95(ms)	p99(ms)	pMax(ms)
45	0.0	0.0	1318477.0	43947.9	7.675	6.7875	17.15	25.174999999999997	170.3875	0.0	0.0	0.0	1318477.0	43947.9	7.675	6.7875	17.15	25.174999999999997	170.3875
