concurrency	elapsed-r	errors-r	ops(total)-r	ops/sec(cum)-r	avg(ms)-r	p50(ms)-r	p95(ms)-r	p99(ms)-r	pMax(ms)-r	total-r	elapsed-w	errors-w	ops(total)-w	ops/sec(cum)-w	avg(ms)-w	p50(ms)-w	p95(ms)-w	p99(ms)-w	pMax(ms)-w	total-w	elapsed	errors	ops(total)	ops/sec(cum)	avg(ms)	p50(ms)	p95(ms)	p99(ms)	pMax(ms)
32	0.0	0.0	1174093.0	39135.4	5.55	5.0375000000000005	12.3875	18.375	39.287499999999994	0.0	0.0	0.0	61703.0	2056.8	10.612499999999999	10.35	22.799999999999997	30.0375	48.2	0.0	0.0	0.0	1235796.0	41192.299999999996	5.8125	5.262499999999999	13.525	20.2	48.2
