concurrency	elapsed-r	errors-r	ops(total)-r	ops/sec(cum)-r	avg(ms)-r	p50(ms)-r	p95(ms)-r	p99(ms)-r	pMax(ms)-r	total-r	elapsed-w	errors-w	ops(total)-w	ops/sec(cum)-w	avg(ms)-w	p50(ms)-w	p95(ms)-w	p99(ms)-w	pMax(ms)-w	total-w	elapsed	errors	ops(total)	ops/sec(cum)	avg(ms)	p50(ms)	p95(ms)	p99(ms)	pMax(ms)
33	0.0	0.0	1885949.0	62863.399999999994	3.15	2.575	8.2	13.574999999999998	45.8375	0.0	0.0	0.0	99645.0	3321.6	13.424999999999999	4.775	20.8375	264.20000000000005	367.0	0.0	0.0	0.0	1985594.0	66184.6	3.65	2.625	8.775	14.750000000000002	367.0
