concurrency	elapsed-r	errors-r	ops(total)-r	ops/sec(cum)-r	avg(ms)-r	p50(ms)-r	p95(ms)-r	p99(ms)-r	pMax(ms)-r	total-r	elapsed-w	errors-w	ops(total)-w	ops/sec(cum)-w	avg(ms)-w	p50(ms)-w	p95(ms)-w	p99(ms)-w	pMax(ms)-w	total-w	elapsed	errors	ops(total)	ops/sec(cum)	avg(ms)	p50(ms)	p95(ms)	p99(ms)	pMax(ms)
144	0.0	0.0	4471999.0	149049.1	4.880000000000001	3.9800000000000004	12.32	20.34	160.64	0.0	0.0	0.0	235188.0	7838.8	12.600000000000001	11.3	26.46	35.339999999999996	145.95999999999998	0.0	0.0	0.0	4707187.0	156887.8	5.26	4.14	14.460000000000003	23.259999999999998	162.73999999999998
