concurrency	elapsed-r	errors-r	ops(total)-r	ops/sec(cum)-r	avg(ms)-r	p50(ms)-r	p95(ms)-r	p99(ms)-r	pMax(ms)-r	total-r	elapsed-w	errors-w	ops(total)-w	ops/sec(cum)-w	avg(ms)-w	p50(ms)-w	p95(ms)-w	p99(ms)-w	pMax(ms)-w	total-w	elapsed	errors	ops(total)	ops/sec(cum)	avg(ms)	p50(ms)	p95(ms)	p99(ms)	pMax(ms)
63	0.0	0.0	3508608.0	116950.1	3.75	3.5749999999999997	6.5	11.487499999999999	145.625	0.0	0.0	0.0	184654.0	6154.8	3.7375	3.5749999999999997	6.462499999999999	11.487499999999999	27.812499999999996	0.0	0.0	0.0	3693262.0	123105.00000000001	3.75	3.5749999999999997	6.5	11.487499999999999	145.625
