concurrency	elapsed-r	errors-r	ops(total)-r	ops/sec(cum)-r	avg(ms)-r	p50(ms)-r	p95(ms)-r	p99(ms)-r	pMax(ms)-r	total-r	elapsed-w	errors-w	ops(total)-w	ops/sec(cum)-w	avg(ms)-w	p50(ms)-w	p95(ms)-w	p99(ms)-w	pMax(ms)-w	total-w	elapsed	errors	ops(total)	ops/sec(cum)	avg(ms)	p50(ms)	p95(ms)	p99(ms)	pMax(ms)
87	0.0	0.0	2858160.0	95268.4	4.279999999999999	3.54	10.24	19.12	198.38	0.0	0.0	0.0	150822.0	5027.1	13.1	11.959999999999999	27.220000000000006	33.940000000000005	158.96	0.0	0.0	0.0	3008982.0	100295.6	4.720000000000001	3.66	14.02	22.24	201.74
