concurrency	elapsed-r	errors-r	ops(total)-r	ops/sec(cum)-r	avg(ms)-r	p50(ms)-r	p95(ms)-r	p99(ms)-r	pMax(ms)-r	total-r	elapsed	errors	ops(total)	ops/sec(cum)	avg(ms)	p50(ms)	p95(ms)	p99(ms)	pMax(ms)
38	0.0	0.0	1546982.0	51564.8	5.45	4.975	12.099999999999998	17.175	103.81250000000001	0.0	0.0	0.0	1546982.0	51564.8	5.45	4.975	12.099999999999998	17.175	103.81250000000001
