concurrency	elapsed-r	errors-r	ops(total)-r	ops/sec(cum)-r	avg(ms)-r	p50(ms)-r	p95(ms)-r	p99(ms)-r	pMax(ms)-r	total-r	elapsed-w	errors-w	ops(total)-w	ops/sec(cum)-w	avg(ms)-w	p50(ms)-w	p95(ms)-w	p99(ms)-w	pMax(ms)-w	total-w	elapsed	errors	ops(total)	ops/sec(cum)	avg(ms)	p50(ms)	p95(ms)	p99(ms)	pMax(ms)
47	0.0	0.0	3739729.0	124654.3	2.6125	1.8250000000000002	7.7125	11.125	147.1875	0.0	0.0	0.0	196514.0	6550.200000000001	2.6625	1.85	7.862499999999999	11.1875	70.8375	0.0	0.0	0.0	3936243.0	131204.6	2.6125	1.8250000000000002	7.7125	11.1875	168.1625
