concurrency	elapsed-r	errors-r	ops(total)-r	ops/sec(cum)-r	avg(ms)-r	p50(ms)-r	p95(ms)-r	p99(ms)-r	pMax(ms)-r	total-r	elapsed-w	errors-w	ops(total)-w	ops/sec(cum)-w	avg(ms)-w	p50(ms)-w	p95(ms)-w	p99(ms)-w	pMax(ms)-w	total-w	elapsed	errors	ops(total)	ops/sec(cum)	avg(ms)	p50(ms)	p95(ms)	p99(ms)	pMax(ms)
148	0.0	0.0	4506635.0	150201.7	5.0200000000000005	4.08	12.7	20.54	188.3	0.0	0.0	0.0	237501.0	7915.700000000001	13.080000000000002	11.940000000000001	26.82	35.64	168.6	0.0	0.0	0.0	4744136.0	158117.30000000002	5.3999999999999995	4.239999999999999	14.76	23.259999999999998	188.3
