concurrency	elapsed-r	errors-r	ops(total)-r	ops/sec(cum)-r	avg(ms)-r	p50(ms)-r	p95(ms)-r	p99(ms)-r	pMax(ms)-r	total-r	elapsed-w	errors-w	ops(total)-w	ops/sec(cum)-w	avg(ms)-w	p50(ms)-w	p95(ms)-w	p99(ms)-w	pMax(ms)-w	total-w	elapsed	errors	ops(total)	ops/sec(cum)	avg(ms)	p50(ms)	p95(ms)	p99(ms)	pMax(ms)
56	0.0	0.0	2212659.0	73753.2	2.55	1.725	6.8	10.45	43.375	0.0	0.0	0.0	116520.0	3883.8999999999996	42.75	3.375	230.95	250.975	281.79999999999995	0.0	0.0	0.0	2329179.0	77637.09999999999	4.55	1.8250000000000002	7.15	17.175	281.79999999999995
