concurrency	elapsed-w	errors-w	ops(total)-w	ops/sec(cum)-w	avg(ms)-w	p50(ms)-w	p95(ms)-w	p99(ms)-w	pMax(ms)-w	total-w	elapsed	errors	ops(total)	ops/sec(cum)	avg(ms)	p50(ms)	p95(ms)	p99(ms)	pMax(ms)
48	0.0	0.0	4904375.0	163475.60000000003	2.0	1.7625	3.9124999999999996	6.4625	179.3	0.0	0.0	0.0	4904375.0	163475.60000000003	2.0	1.7625	3.9124999999999996	6.4625	179.3
