concurrency	elapsed-r	errors-r	ops(total)-r	ops/sec(cum)-r	avg(ms)-r	p50(ms)-r	p95(ms)-r	p99(ms)-r	pMax(ms)-r	total-r	elapsed-w	errors-w	ops(total)-w	ops/sec(cum)-w	avg(ms)-w	p50(ms)-w	p95(ms)-w	p99(ms)-w	pMax(ms)-w	total-w	elapsed	errors	ops(total)	ops/sec(cum)	avg(ms)	p50(ms)	p95(ms)	p99(ms)	pMax(ms)
32	0.0	0.0	1229115.0	40969.5	5.5375	4.4625	17.025000000000002	21.762500000000003	82.325	0.0	0.0	0.0	64477.0	2149.2	13.737499999999999	8.924999999999999	44.675	98.60000000000001	152.04999999999998	0.0	0.0	0.0	1293592.0	43118.6	5.950000000000001	4.512499999999999	17.5625	26.699999999999996	152.04999999999998
