ops/sec(cum)	p50(ms)	p99(ms)	read_tp	read_p50	read_p99	write_tp	write_p50	write_p99
285332.0333333334	0.26783333333333337	2.0443333333333333	271083.8	0.266	2.0443333333333333	14247.233333333334	0.26966666666666667	2.0793333333333335
