concurrency	elapsed-r	errors-r	ops(total)-r	ops/sec(cum)-r	avg(ms)-r	p50(ms)-r	p95(ms)-r	p99(ms)-r	pMax(ms)-r	total-r	elapsed-w	errors-w	ops(total)-w	ops/sec(cum)-w	avg(ms)-w	p50(ms)-w	p95(ms)-w	p99(ms)-w	pMax(ms)-w	total-w	elapsed	errors	ops(total)	ops/sec(cum)	avg(ms)	p50(ms)	p95(ms)	p99(ms)	pMax(ms)
51	0.0	0.0	1173447.0	39113.6	2.9	2.2	7.599999999999999	18.9	75.5	0.0	0.0	0.0	61167.0	2038.8000000000002	1.2	0.9	2.6666666666666665	6.966666666666666	50.300000000000004	0.0	0.0	0.0	1234614.0	41152.4	2.7999999999999994	2.1	7.3	18.9	75.5
