concurrency	elapsed-r	errors-r	ops(total)-r	ops/sec(cum)-r	avg(ms)-r	p50(ms)-r	p95(ms)-r	p99(ms)-r	pMax(ms)-r	total-r	elapsed-w	errors-w	ops(total)-w	ops/sec(cum)-w	avg(ms)-w	p50(ms)-w	p95(ms)-w	p99(ms)-w	pMax(ms)-w	total-w	elapsed	errors	ops(total)	ops/sec(cum)	avg(ms)	p50(ms)	p95(ms)	p99(ms)	pMax(ms)
65	0.0	0.0	1400191.0	46671.3	2.7999999999999994	2.0	8.200000000000001	21.0	83.9	0.0	0.0	0.0	73735.0	2457.7999999999997	5.5	3.7999999999999994	18.166666666666668	36.36666666666667	74.10000000000001	0.0	0.0	0.0	1473926.0	49128.9	2.9	2.0	8.9	22.0	83.9
