concurrency	elapsed-r	errors-r	ops(total)-r	ops/sec(cum)-r	avg(ms)-r	p50(ms)-r	p95(ms)-r	p99(ms)-r	pMax(ms)-r	total-r	elapsed-w	errors-w	ops(total)-w	ops/sec(cum)-w	avg(ms)-w	p50(ms)-w	p95(ms)-w	p99(ms)-w	pMax(ms)-w	total-w	elapsed	errors	ops(total)	ops/sec(cum)	avg(ms)	p50(ms)	p95(ms)	p99(ms)	pMax(ms)
83	0.0	0.0	1669664.0	55652.799999999996	2.9333333333333336	1.8	8.5	14.133333333333335	35.266666666666666	0.0	0.0	0.0	88032.0	2934.2	111.0	3.6666666666666665	635.7666666666667	662.0	713.0333333333334	0.0	0.0	0.0	1757696.0	58587.2	8.299999999999999	1.9333333333333333	9.299999999999999	23.633333333333336	713.0333333333334
