concurrency	elapsed-r	errors-r	ops(total)-r	ops/sec(cum)-r	avg(ms)-r	p50(ms)-r	p95(ms)-r	p99(ms)-r	pMax(ms)-r	total-r	elapsed-w	errors-w	ops(total)-w	ops/sec(cum)-w	avg(ms)-w	p50(ms)-w	p95(ms)-w	p99(ms)-w	pMax(ms)-w	total-w	elapsed	errors	ops(total)	ops/sec(cum)	avg(ms)	p50(ms)	p95(ms)	p99(ms)	pMax(ms)
144	0.0	0.0	4299183.0	143298.59999999998	4.12	3.1399999999999997	12.040000000000001	20.139999999999997	78.04	0.0	0.0	0.0	224939.0	7497.4	38.6	7.040000000000001	24.2	1123.02	1320.3799999999999	0.0	0.0	0.0	4524122.0	150796.2	5.859999999999999	3.2399999999999998	12.719999999999999	22.02	1321.22
