concurrency	elapsed-r	errors-r	ops(total)-r	ops/sec(cum)-r	avg(ms)-r	p50(ms)-r	p95(ms)-r	p99(ms)-r	pMax(ms)-r	total-r	elapsed	errors	ops(total)	ops/sec(cum)	avg(ms)	p50(ms)	p95(ms)	p99(ms)	pMax(ms)
14	0.0	0.0	1305914.0	43529.799999999996	2.4000000000000004	2.25	4.125	6.5	19.675	0.0	0.0	0.0	1305914.0	43529.799999999996	2.4000000000000004	2.25	4.125	6.5	19.675
