concurrency	elapsed-r	errors-r	ops(total)-r	ops/sec(cum)-r	avg(ms)-r	p50(ms)-r	p95(ms)-r	p99(ms)-r	pMax(ms)-r	total-r	elapsed-w	errors-w	ops(total)-w	ops/sec(cum)-w	avg(ms)-w	p50(ms)-w	p95(ms)-w	p99(ms)-w	pMax(ms)-w	total-w	elapsed	errors	ops(total)	ops/sec(cum)	avg(ms)	p50(ms)	p95(ms)	p99(ms)	pMax(ms)
29	0.0	0.0	1042338.0	34743.799999999996	6.15	6.225	10.5625	12.099999999999998	22.15	0.0	0.0	0.0	54936.0	1831.1000000000001	6.3875	6.45	11.0	12.724999999999998	21.112499999999997	0.0	0.0	0.0	1097274.0	36575.1	6.1625000000000005	6.225	10.5625	12.099999999999998	22.8125
