concurrency	elapsed-r	errors-r	ops(total)-r	ops/sec(cum)-r	avg(ms)-r	p50(ms)-r	p95(ms)-r	p99(ms)-r	pMax(ms)-r	total-r	elapsed-w	errors-w	ops(total)-w	ops/sec(cum)-w	avg(ms)-w	p50(ms)-w	p95(ms)-w	p99(ms)-w	pMax(ms)-w	total-w	elapsed	errors	ops(total)	ops/sec(cum)	avg(ms)	p50(ms)	p95(ms)	p99(ms)	pMax(ms)
23	0.0	0.0	81234.0	2707.8999999999996	52.075	3.5	318.775	675.2625	1660.9250000000002	0.0	0.0	0.0	4309.0	143.60000000000002	292.525	154.6625	989.85	1728.025	3170.9000000000005	0.0	0.0	0.0	85543.0	2851.3999999999996	64.16250000000001	3.6999999999999993	379.6	784.3625	3170.9000000000005
