concurrency	elapsed-w	errors-w	ops(total)-w	ops/sec(cum)-w	avg(ms)-w	p50(ms)-w	p95(ms)-w	p99(ms)-w	pMax(ms)-w	total-w	elapsed	errors	ops(total)	ops/sec(cum)	avg(ms)	p50(ms)	p95(ms)	p99(ms)	pMax(ms)
43	0.0	0.0	4801652.0	160051.7	1.8250000000000002	1.6500000000000001	3.5000000000000004	5.5874999999999995	178.775	0.0	0.0	0.0	4801652.0	160051.7	1.8250000000000002	1.6500000000000001	3.5000000000000004	5.5874999999999995	178.775
