concurrency	elapsed-r	errors-r	ops(total)-r	ops/sec(cum)-r	avg(ms)-r	p50(ms)-r	p95(ms)-r	p99(ms)-r	pMax(ms)-r	total-r	elapsed-w	errors-w	ops(total)-w	ops/sec(cum)-w	avg(ms)-w	p50(ms)-w	p95(ms)-w	p99(ms)-w	pMax(ms)-w	total-w	elapsed	errors	ops(total)	ops/sec(cum)	avg(ms)	p50(ms)	p95(ms)	p99(ms)	pMax(ms)
91	0.0	0.0	2879672.0	95984.5	4.42	3.66	10.540000000000001	20.36	177.84	0.0	0.0	0.0	152102.0	5069.900000000001	14.52	13.419999999999998	29.98	38.160000000000004	97.73999999999998	0.0	0.0	0.0	3031774.0	101054.29999999999	4.9399999999999995	3.72	14.8	23.9	178.67999999999998
