concurrency	elapsed-r	errors-r	ops(total)-r	ops/sec(cum)-r	avg(ms)-r	p50(ms)-r	p95(ms)-r	p99(ms)-r	pMax(ms)-r	total-r	elapsed-w	errors-w	ops(total)-w	ops/sec(cum)-w	avg(ms)-w	p50(ms)-w	p95(ms)-w	p99(ms)-w	pMax(ms)-w	total-w	elapsed	errors	ops(total)	ops/sec(cum)	avg(ms)	p50(ms)	p95(ms)	p99(ms)	pMax(ms)
41	0.0	0.0	1922823.0	64092.4	4.2375	3.6624999999999996	9.887500000000001	15.537500000000001	129.5125	0.0	0.0	0.0	101130.0	3371.0000000000005	8.037500000000001	7.3999999999999995	17.675	25.187499999999996	97.51249999999999	0.0	0.0	0.0	2023953.0	67463.2	4.4125	3.7999999999999994	10.75	16.9	133.71249999999998
