concurrency	elapsed-r	errors-r	ops(total)-r	ops/sec(cum)-r	avg(ms)-r	p50(ms)-r	p95(ms)-r	p99(ms)-r	pMax(ms)-r	total-r	elapsed	errors	ops(total)	ops/sec(cum)	avg(ms)	p50(ms)	p95(ms)	p99(ms)	pMax(ms)
53	0.0	0.0	1880090.0	62667.9	6.275	5.3625	14.6125	23.049999999999997	68.675	0.0	0.0	0.0	1880090.0	62667.9	6.275	5.3625	14.6125	23.049999999999997	68.675
