ops/sec(cum)	p50(ms)	p99(ms)	read_tp	read_p50	read_p99	write_tp	write_p50	write_p99
161349.50000000003	0.4005714285714286	2.2844285714285713	154091.15000000002	0.40285714285714286	2.2844285714285713	7257.349999999999	0.3982857142857143	2.2252857142857145
