concurrency	elapsed-r	errors-r	ops(total)-r	ops/sec(cum)-r	avg(ms)-r	p50(ms)-r	p95(ms)-r	p99(ms)-r	pMax(ms)-r	total-r	elapsed-w	errors-w	ops(total)-w	ops/sec(cum)-w	avg(ms)-w	p50(ms)-w	p95(ms)-w	p99(ms)-w	pMax(ms)-w	total-w	elapsed	errors	ops(total)	ops/sec(cum)	avg(ms)	p50(ms)	p95(ms)	p99(ms)	pMax(ms)
19	0.0	0.0	1159789.0	38658.99999999999	3.5125	3.425	6.65	7.8999999999999995	23.8625	0.0	0.0	0.0	60818.0	2027.2	4.4625	4.387499999999999	8.3875	11.537499999999998	64.47500000000001	0.0	0.0	0.0	1220607.0	40686.200000000004	3.5500000000000003	3.45	6.799999999999999	8.05	64.47500000000001
