concurrency	elapsed-r	errors-r	ops(total)-r	ops/sec(cum)-r	avg(ms)-r	p50(ms)-r	p95(ms)-r	p99(ms)-r	pMax(ms)-r	total-r	elapsed-w	errors-w	ops(total)-w	ops/sec(cum)-w	avg(ms)-w	p50(ms)-w	p95(ms)-w	p99(ms)-w	pMax(ms)-w	total-w	elapsed	errors	ops(total)	ops/sec(cum)	avg(ms)	p50(ms)	p95(ms)	p99(ms)	pMax(ms)
35	0.0	0.0	1810788.0	60358.0	3.8749999999999996	3.25	9.1375	14.8625	74.96249999999999	0.0	0.0	0.0	95626.0	3187.5000000000005	6.2875000000000005	5.15	15.7	22.7	42.45	0.0	0.0	0.0	1906414.0	63545.5	4.0125	3.3249999999999997	9.8375	15.6875	74.96249999999999
