concurrency	elapsed-r	errors-r	ops(total)-r	ops/sec(cum)-r	avg(ms)-r	p50(ms)-r	p95(ms)-r	p99(ms)-r	pMax(ms)-r	total-r	elapsed-w	errors-w	ops(total)-w	ops/sec(cum)-w	avg(ms)-w	p50(ms)-w	p95(ms)-w	p99(ms)-w	pMax(ms)-w	total-w	elapsed	errors	ops(total)	ops/sec(cum)	avg(ms)	p50(ms)	p95(ms)	p99(ms)	pMax(ms)
67	0.0	0.0	2691068.0	89699.80000000002	4.1	3.3800000000000003	9.559999999999999	18.68	83.86	0.0	0.0	0.0	141441.0	4714.7	8.86	7.840000000000001	19.36	27.220000000000006	59.98	0.0	0.0	0.0	2832509.0	94414.40000000001	4.339999999999999	3.5	11.059999999999999	19.28	83.86
