concurrency	elapsed-r	errors-r	ops(total)-r	ops/sec(cum)-r	avg(ms)-r	p50(ms)-r	p95(ms)-r	p99(ms)-r	pMax(ms)-r	total-r	elapsed-w	errors-w	ops(total)-w	ops/sec(cum)-w	avg(ms)-w	p50(ms)-w	p95(ms)-w	p99(ms)-w	pMax(ms)-w	total-w	elapsed	errors	ops(total)	ops/sec(cum)	avg(ms)	p50(ms)	p95(ms)	p99(ms)	pMax(ms)
69	0.0	0.0	1396145.0	46535.2	3.8199999999999994	3.9	13.2	19.9	57.02	0.0	0.0	0.0	73944.0	2464.6	7.219999999999999	7.659999999999999	22.0	31.48	59.120000000000005	0.0	0.0	0.0	1470089.0	49000.100000000006	4.0200000000000005	3.94	14.3	21.0	59.96
