concurrency	elapsed-r	errors-r	ops(total)-r	ops/sec(cum)-r	avg(ms)-r	p50(ms)-r	p95(ms)-r	p99(ms)-r	pMax(ms)-r	total-r	elapsed-w	errors-w	ops(total)-w	ops/sec(cum)-w	avg(ms)-w	p50(ms)-w	p95(ms)-w	p99(ms)-w	pMax(ms)-w	total-w	elapsed	errors	ops(total)	ops/sec(cum)	avg(ms)	p50(ms)	p95(ms)	p99(ms)	pMax(ms)
42	0.0	0.0	1704953.0	56829.8	5.075	4.199999999999999	11.799999999999999	19.0	60.8	0.0	0.0	0.0	89474.0	2982.6	7.550000000000001	5.012499999999999	20.2	28.6	62.375	0.0	0.0	0.0	1794427.0	59812.299999999996	5.2125	4.225	12.45	19.95	64.7375
