concurrency	elapsed-r	errors-r	ops(total)-r	ops/sec(cum)-r	avg(ms)-r	p50(ms)-r	p95(ms)-r	p99(ms)-r	pMax(ms)-r	total-r	elapsed-w	errors-w	ops(total)-w	ops/sec(cum)-w	avg(ms)-w	p50(ms)-w	p95(ms)-w	p99(ms)-w	pMax(ms)-w	total-w	elapsed	errors	ops(total)	ops/sec(cum)	avg(ms)	p50(ms)	p95(ms)	p99(ms)	pMax(ms)
39	0.0	0.0	258359.0	8611.6	29.6875	2.8999999999999995	192.90000000000003	404.78749999999997	792.7374999999998	0.0	0.0	0.0	13649.0	454.90000000000003	117.3375	14.100000000000001	509.6125	692.0500000000001	1509.95	0.0	0.0	0.0	272008.0	9066.300000000001	34.0875	3.0	221.24999999999997	450.9	1509.95
