concurrency	elapsed-r	errors-r	ops(total)-r	ops/sec(cum)-r	avg(ms)-r	p50(ms)-r	p95(ms)-r	p99(ms)-r	pMax(ms)-r	total-r	elapsed-w	errors-w	ops(total)-w	ops/sec(cum)-w	avg(ms)-w	p50(ms)-w	p95(ms)-w	p99(ms)-w	pMax(ms)-w	total-w	elapsed	errors	ops(total)	ops/sec(cum)	avg(ms)	p50(ms)	p95(ms)	p99(ms)	pMax(ms)
16	0.0	0.0	665928.0	22197.3	1.7	1.5666666666666667	2.2	6.8	60.1	0.0	0.0	0.0	35039.0	1168.0	2.8666666666666667	2.6666666666666665	4.366666666666666	13.833333333333334	35.7	0.0	0.0	0.0	700967.0	23365.3	1.7	1.6000000000000003	2.966666666666667	7.233333333333333	60.1
