concurrency	elapsed-r	errors-r	ops(total)-r	ops/sec(cum)-r	avg(ms)-r	p50(ms)-r	p95(ms)-r	p99(ms)-r	pMax(ms)-r	total-r	elapsed-w	errors-w	ops(total)-w	ops/sec(cum)-w	avg(ms)-w	p50(ms)-w	p95(ms)-w	p99(ms)-w	pMax(ms)-w	total-w	elapsed	errors	ops(total)	ops/sec(cum)	avg(ms)	p50(ms)	p95(ms)	p99(ms)	pMax(ms)
72	0.0	0.0	2610426.0	87011.7	3.6400000000000006	2.66	10.559999999999999	20.04	77.17999999999999	0.0	0.0	0.0	137455.0	4581.8	27.9	7.0	23.3	730.4799999999999	943.7	0.0	0.0	0.0	2747881.0	91593.4	4.86	2.78	11.719999999999999	21.639999999999997	944.1200000000001
