concurrency	elapsed-r	errors-r	ops(total)-r	ops/sec(cum)-r	avg(ms)-r	p50(ms)-r	p95(ms)-r	p99(ms)-r	pMax(ms)-r	total-r	elapsed-w	errors-w	ops(total)-w	ops/sec(cum)-w	avg(ms)-w	p50(ms)-w	p95(ms)-w	p99(ms)-w	pMax(ms)-w	total-w	elapsed	errors	ops(total)	ops/sec(cum)	avg(ms)	p50(ms)	p95(ms)	p99(ms)	pMax(ms)
62	0.0	0.0	1939827.0	64658.00000000001	6.3875	5.5375	15.450000000000001	24.237499999999997	91.23750000000001	0.0	0.0	0.0	102569.0	3418.9	11.8	11.0	26.3375	37.7125	122.15	0.0	0.0	0.0	2042396.0	68077.0	6.675	5.7	16.474999999999998	25.949999999999996	122.675
