concurrency	elapsed-r	errors-r	ops(total)-r	ops/sec(cum)-r	avg(ms)-r	p50(ms)-r	p95(ms)-r	p99(ms)-r	pMax(ms)-r	total-r	elapsed-w	errors-w	ops(total)-w	ops/sec(cum)-w	avg(ms)-w	p50(ms)-w	p95(ms)-w	p99(ms)-w	pMax(ms)-w	total-w	elapsed	errors	ops(total)	ops/sec(cum)	avg(ms)	p50(ms)	p95(ms)	p99(ms)	pMax(ms)
23	0.0	0.0	1820846.0	60693.5	2.4375	1.9875	6.249999999999999	10.5	45.849999999999994	0.0	0.0	0.0	96020.0	3200.7	5.8375	3.725	15.087500000000002	59.487500000000004	154.14999999999998	0.0	0.0	0.0	1916866.0	63894.0	2.6374999999999997	2.0375	6.574999999999999	11.275	154.14999999999998
