ops/sec(cum)	p50(ms)	p99(ms)	read_tp	read_p50	read_p99	write_tp	write_p50	write_p99
310677.0666666666	0.21958333333333332	1.1058333333333334	297306.6166666667	0.21933333333333332	1.1058333333333334	13369.45	0.21983333333333333	1.1015
