concurrency	elapsed-r	errors-r	ops(total)-r	ops/sec(cum)-r	avg(ms)-r	p50(ms)-r	p95(ms)-r	p99(ms)-r	pMax(ms)-r	total-r	elapsed-w	errors-w	ops(total)-w	ops/sec(cum)-w	avg(ms)-w	p50(ms)-w	p95(ms)-w	p99(ms)-w	pMax(ms)-w	total-w	elapsed	errors	ops(total)	ops/sec(cum)	avg(ms)	p50(ms)	p95(ms)	p99(ms)	pMax(ms)
22	0.0	0.0	610685.0	20355.600000000002	3.45	2.2875	10.4375	16.025	66.575	0.0	0.0	0.0	31773.0	1058.9	95.2	5.2875	897.6	973.1000000000001	1140.8999999999999	0.0	0.0	0.0	642458.0	21414.6	7.949999999999999	2.35	10.875	19.650000000000002	1140.8999999999999
