concurrency	elapsed-r	errors-r	ops(total)-r	ops/sec(cum)-r	avg(ms)-r	p50(ms)-r	p95(ms)-r	p99(ms)-r	pMax(ms)-r	total-r	elapsed-w	errors-w	ops(total)-w	ops/sec(cum)-w	avg(ms)-w	p50(ms)-w	p95(ms)-w	p99(ms)-w	pMax(ms)-w	total-w	elapsed	errors	ops(total)	ops/sec(cum)	avg(ms)	p50(ms)	p95(ms)	p99(ms)	pMax(ms)
112	0.0	0.0	4429041.0	147626.4	3.6199999999999997	2.98	8.6	16.2	339.32000000000005	0.0	0.0	0.0	232609.0	7753.299999999999	9.2	8.16	19.46	27.360000000000003	90.8	0.0	0.0	0.0	4661650.0	155379.4	3.9	3.06	10.78	17.88	339.32000000000005
