concurrency	elapsed-r	errors-r	ops(total)-r	ops/sec(cum)-r	avg(ms)-r	p50(ms)-r	p95(ms)-r	p99(ms)-r	pMax(ms)-r	total-r	elapsed-w	errors-w	ops(total)-w	ops/sec(cum)-w	avg(ms)-w	p50(ms)-w	p95(ms)-w	p99(ms)-w	pMax(ms)-w	total-w	elapsed	errors	ops(total)	ops/sec(cum)	avg(ms)	p50(ms)	p95(ms)	p99(ms)	pMax(ms)
80	0.0	0.0	812601.0	27085.300000000003	2.6	1.8333333333333333	6.8	14.199999999999998	79.7	0.0	0.0	0.0	42760.0	1425.2	92.66666666666667	3.466666666666667	520.1	570.4	637.5	0.0	0.0	0.0	855361.0	28510.600000000002	7.099999999999999	1.8999999999999997	7.3	35.7	637.5
