concurrency	elapsed-r	errors-r	ops(total)-r	ops/sec(cum)-r	avg(ms)-r	p50(ms)-r	p95(ms)-r	p99(ms)-r	pMax(ms)-r	total-r	elapsed-w	errors-w	ops(total)-w	ops/sec(cum)-w	avg(ms)-w	p50(ms)-w	p95(ms)-w	p99(ms)-w	pMax(ms)-w	total-w	elapsed	errors	ops(total)	ops/sec(cum)	avg(ms)	p50(ms)	p95(ms)	p99(ms)	pMax(ms)
15	0.0	0.0	634014.0	21133.399999999998	3.8249999999999997	2.575	13.037499999999998	22.825	90.725	0.0	0.0	0.0	33429.0	1114.3000000000002	30.912499999999998	9.15	86.225	526.4	708.8375	0.0	0.0	0.0	667443.0	22247.5	5.1625000000000005	2.65	14.05	24.375	708.8375
