concurrency	elapsed-r	errors-r	ops(total)-r	ops/sec(cum)-r	avg(ms)-r	p50(ms)-r	p95(ms)-r	p99(ms)-r	pMax(ms)-r	total-r	elapsed-w	errors-w	ops(total)-w	ops/sec(cum)-w	avg(ms)-w	p50(ms)-w	p95(ms)-w	p99(ms)-w	pMax(ms)-w	total-w	elapsed	errors	ops(total)	ops/sec(cum)	avg(ms)	p50(ms)	p95(ms)	p99(ms)	pMax(ms)
35	0.0	0.0	1574828.0	52492.50000000001	1.925	1.4375	5.5	9.275	55.81250000000001	0.0	0.0	0.0	82860.0	2762.1000000000004	59.7125	2.6	742.3999999999999	830.4999999999999	906.0	0.0	0.0	0.0	1657688.0	55254.4	4.8	1.4500000000000002	5.75	10.8125	906.0
