concurrency	elapsed-r	errors-r	ops(total)-r	ops/sec(cum)-r	avg(ms)-r	p50(ms)-r	p95(ms)-r	p99(ms)-r	pMax(ms)-r	total-r	elapsed-w	errors-w	ops(total)-w	ops/sec(cum)-w	avg(ms)-w	p50(ms)-w	p95(ms)-w	p99(ms)-w	pMax(ms)-w	total-w	elapsed	errors	ops(total)	ops/sec(cum)	avg(ms)	p50(ms)	p95(ms)	p99(ms)	pMax(ms)
55	0.0	0.0	4406599.0	146882.0	2.4000000000000004	2.2	4.6	8.525	219.14999999999995	0.0	0.0	0.0	231646.0	7721.099999999999	2.475	2.2625	4.7625	9.55	173.2625	0.0	0.0	0.0	4638245.0	154603.2	2.4000000000000004	2.2	4.65	8.525	219.14999999999995
