concurrency	elapsed-r	errors-r	ops(total)-r	ops/sec(cum)-r	avg(ms)-r	p50(ms)-r	p95(ms)-r	p99(ms)-r	pMax(ms)-r	total-r	elapsed-w	errors-w	ops(total)-w	ops/sec(cum)-w	avg(ms)-w	p50(ms)-w	p95(ms)-w	p99(ms)-w	pMax(ms)-w	total-w	elapsed	errors	ops(total)	ops/sec(cum)	avg(ms)	p50(ms)	p95(ms)	p99(ms)	pMax(ms)
10	0.0	0.0	663165.0	22105.199999999997	2.875	2.4625000000000004	5.6	9.575	53.1875	0.0	0.0	0.0	34783.0	1159.4	9.7	9.1125	17.35	22.299999999999997	47.4125	0.0	0.0	0.0	697948.0	23264.5	3.2499999999999996	2.6374999999999997	7.624999999999999	14.3	55.025
