concurrency	elapsed-r	errors-r	ops(total)-r	ops/sec(cum)-r	avg(ms)-r	p50(ms)-r	p95(ms)-r	p99(ms)-r	pMax(ms)-r	total-r	elapsed-w	errors-w	ops(total)-w	ops/sec(cum)-w	avg(ms)-w	p50(ms)-w	p95(ms)-w	p99(ms)-w	pMax(ms)-w	total-w	elapsed	errors	ops(total)	ops/sec(cum)	avg(ms)	p50(ms)	p95(ms)	p99(ms)	pMax(ms)
6	0.0	0.0	1208308.0	40276.600000000006	0.9125000000000001	0.9125000000000001	1.525	2.2750000000000004	17.425	0.0	0.0	0.0	63577.0	2119.2	2.125	2.3125	3.775	5.1875	13.162499999999998	0.0	0.0	0.0	1271885.0	42395.799999999996	0.9500000000000001	0.9125000000000001	1.9500000000000002	3.1374999999999997	17.825
