concurrency	elapsed-r	errors-r	ops(total)-r	ops/sec(cum)-r	avg(ms)-r	p50(ms)-r	p95(ms)-r	p99(ms)-r	pMax(ms)-r	total-r	elapsed-w	errors-w	ops(total)-w	ops/sec(cum)-w	avg(ms)-w	p50(ms)-w	p95(ms)-w	p99(ms)-w	pMax(ms)-w	total-w	elapsed	errors	ops(total)	ops/sec(cum)	avg(ms)	p50(ms)	p95(ms)	p99(ms)	pMax(ms)
36	0.0	0.0	2247857.0	74926.8	3.2375000000000003	2.7625	6.85	11.6375	34.487500000000004	0.0	0.0	0.0	118309.0	3943.6	4.175	3.0	10.975	16.9625	34.35	0.0	0.0	0.0	2366166.0	78870.50000000001	3.3000000000000003	2.7750000000000004	7.15	12.075	36.575
