concurrency	elapsed-r	errors-r	ops(total)-r	ops/sec(cum)-r	avg(ms)-r	p50(ms)-r	p95(ms)-r	p99(ms)-r	pMax(ms)-r	total-r	elapsed-w	errors-w	ops(total)-w	ops/sec(cum)-w	avg(ms)-w	p50(ms)-w	p95(ms)-w	p99(ms)-w	pMax(ms)-w	total-w	elapsed	errors	ops(total)	ops/sec(cum)	avg(ms)	p50(ms)	p95(ms)	p99(ms)	pMax(ms)
63	0.0	0.0	1930263.0	64339.50000000001	6.675	5.387499999999999	15.874999999999998	24.525	65.52499999999999	0.0	0.0	0.0	102275.0	3409.2	9.225	5.8	26.3625	37.46249999999999	75.23750000000001	0.0	0.0	0.0	2032538.0	67748.6	6.7875000000000005	5.425	16.75	26.250000000000004	75.7625
