concurrency	elapsed-r	errors-r	ops(total)-r	ops/sec(cum)-r	avg(ms)-r	p50(ms)-r	p95(ms)-r	p99(ms)-r	pMax(ms)-r	total-r	elapsed-w	errors-w	ops(total)-w	ops/sec(cum)-w	avg(ms)-w	p50(ms)-w	p95(ms)-w	p99(ms)-w	pMax(ms)-w	total-w	elapsed	errors	ops(total)	ops/sec(cum)	avg(ms)	p50(ms)	p95(ms)	p99(ms)	pMax(ms)
24	0.0	0.0	2040926.0	45353.399999999994	1.7	1.4	3.4799999999999995	8.9	169.46	0.0	0.0	0.0	106839.0	2374.2000000000003	3.3200000000000003	2.8	8.5	21.2	100.67999999999999	0.0	0.0	0.0	2147765.0	47727.600000000006	1.78	1.4	3.8	9.76	171.14000000000001
