concurrency	elapsed-r	errors-r	ops(total)-r	ops/sec(cum)-r	avg(ms)-r	p50(ms)-r	p95(ms)-r	p99(ms)-r	pMax(ms)-r	total-r	elapsed-w	errors-w	ops(total)-w	ops/sec(cum)-w	avg(ms)-w	p50(ms)-w	p95(ms)-w	p99(ms)-w	pMax(ms)-w	total-w	elapsed	errors	ops(total)	ops/sec(cum)	avg(ms)	p50(ms)	p95(ms)	p99(ms)	pMax(ms)
160	0.0	0.0	4633606.0	154440.09999999998	4.68	3.8	12.379999999999999	21.08	283.14	0.0	0.0	0.0	244033.0	8133.700000000001	16.36	15.02	32.699999999999996	43.2	281.46	0.0	0.0	0.0	4877639.0	162573.80000000002	5.279999999999999	3.94	16.04	27.24	303.28
