concurrency	elapsed-r	errors-r	ops(total)-r	ops/sec(cum)-r	avg(ms)-r	p50(ms)-r	p95(ms)-r	p99(ms)-r	pMax(ms)-r	total-r	elapsed-w	errors-w	ops(total)-w	ops/sec(cum)-w	avg(ms)-w	p50(ms)-w	p95(ms)-w	p99(ms)-w	pMax(ms)-w	total-w	elapsed	errors	ops(total)	ops/sec(cum)	avg(ms)	p50(ms)	p95(ms)	p99(ms)	pMax(ms)
72	0.0	0.0	723699.0	24121.7	2.54	1.8	6.859999999999999	12.9	216.42	0.0	0.0	0.0	38160.0	1271.8999999999999	202.85999999999999	3.3	1140.9	1234.84	1409.3	0.0	0.0	0.0	761859.0	25393.5	12.559999999999999	1.8	7.419999999999999	28.96	1409.3
