concurrency	elapsed-r	errors-r	ops(total)-r	ops/sec(cum)-r	avg(ms)-r	p50(ms)-r	p95(ms)-r	p99(ms)-r	pMax(ms)-r	total-r	elapsed-w	errors-w	ops(total)-w	ops/sec(cum)-w	avg(ms)-w	p50(ms)-w	p95(ms)-w	p99(ms)-w	pMax(ms)-w	total-w	elapsed	errors	ops(total)	ops/sec(cum)	avg(ms)	p50(ms)	p95(ms)	p99(ms)	pMax(ms)
39	0.0	0.0	1204363.0	40144.100000000006	6.9125000000000005	4.6125	18.4	28.437499999999996	144.6875	0.0	0.0	0.0	62844.0	2094.9000000000005	31.95	24.425	100.6625	151.00000000000003	231.73749999999995	0.0	0.0	0.0	1267207.0	42238.600000000006	8.175	4.725	24.05	49.0	231.73749999999995
