concurrency	elapsed-r	errors-r	ops(total)-r	ops/sec(cum)-r	avg(ms)-r	p50(ms)-r	p95(ms)-r	p99(ms)-r	pMax(ms)-r	total-r	elapsed-w	errors-w	ops(total)-w	ops/sec(cum)-w	avg(ms)-w	p50(ms)-w	p95(ms)-w	p99(ms)-w	pMax(ms)-w	total-w	elapsed	errors	ops(total)	ops/sec(cum)	avg(ms)	p50(ms)	p95(ms)	p99(ms)	pMax(ms)
40	0.0	0.0	4489690.0	149653.3	1.7000000000000002	1.5499999999999998	3.05	5.6	217.04999999999995	0.0	0.0	0.0	236783.0	7892.599999999999	1.8	1.5499999999999998	3.2249999999999996	6.825	154.67499999999998	0.0	0.0	0.0	4726473.0	157545.7	1.725	1.5499999999999998	3.05	5.6	217.04999999999995
