concurrency	elapsed-r	errors-r	ops(total)-r	ops/sec(cum)-r	avg(ms)-r	p50(ms)-r	p95(ms)-r	p99(ms)-r	pMax(ms)-r	total-r	elapsed-w	errors-w	ops(total)-w	ops/sec(cum)-w	avg(ms)-w	p50(ms)-w	p95(ms)-w	p99(ms)-w	pMax(ms)-w	total-w	elapsed	errors	ops(total)	ops/sec(cum)	avg(ms)	p50(ms)	p95(ms)	p99(ms)	pMax(ms)
38	0.0	0.0	1946525.0	64882.3	3.85	3.3999999999999995	9.0875	14.262500000000001	37.4875	0.0	0.0	0.0	102071.0	3402.2999999999997	6.925	6.525	15.012500000000001	20.85	37.987500000000004	0.0	0.0	0.0	2048596.0	68284.4	4.025	3.4499999999999997	9.7	14.950000000000001	39.2875
