concurrency	elapsed-w	errors-w	ops(total)-w	ops/sec(cum)-w	avg(ms)-w	p50(ms)-w	p95(ms)-w	p99(ms)-w	pMax(ms)-w	total-w	elapsed	errors	ops(total)	ops/sec(cum)	avg(ms)	p50(ms)	p95(ms)	p99(ms)	pMax(ms)
24	0.0	0.0	3207868.0	106927.20000000001	1.5875	1.4625000000000001	2.8874999999999997	4.55	24.1375	0.0	0.0	0.0	3207868.0	106927.20000000001	1.5875	1.4625000000000001	2.8874999999999997	4.55	24.1375
