concurrency	elapsed-w	errors-w	ops(total)-w	ops/sec(cum)-w	avg(ms)-w	p50(ms)-w	p95(ms)-w	p99(ms)-w	pMax(ms)-w	total-w	elapsed	errors	ops(total)	ops/sec(cum)	avg(ms)	p50(ms)	p95(ms)	p99(ms)	pMax(ms)
59	0.0	0.0	4192010.0	139729.6	3.0875	1.6375000000000002	9.4	14.575000000000001	213.89999999999998	0.0	0.0	0.0	4192010.0	139729.6	3.0875	1.6375000000000002	9.4	14.575000000000001	213.89999999999998
