concurrency	elapsed-r	errors-r	ops(total)-r	ops/sec(cum)-r	avg(ms)-r	p50(ms)-r	p95(ms)-r	p99(ms)-r	pMax(ms)-r	total-r	elapsed-w	errors-w	ops(total)-w	ops/sec(cum)-w	avg(ms)-w	p50(ms)-w	p95(ms)-w	p99(ms)-w	pMax(ms)-w	total-w	elapsed	errors	ops(total)	ops/sec(cum)	avg(ms)	p50(ms)	p95(ms)	p99(ms)	pMax(ms)
135	0.0	0.0	4590787.0	153012.3	4.0600000000000005	3.46	9.48	17.32	134.64	0.0	0.0	0.0	241249.0	8040.9	11.620000000000001	10.879999999999999	23.36	30.619999999999997	125.38000000000002	0.0	0.0	0.0	4832036.0	161053.30000000002	4.4399999999999995	3.5	12.219999999999999	20.240000000000002	137.98
