concurrency	elapsed-r	errors-r	ops(total)-r	ops/sec(cum)-r	avg(ms)-r	p50(ms)-r	p95(ms)-r	p99(ms)-r	pMax(ms)-r	total-r	elapsed-w	errors-w	ops(total)-w	ops/sec(cum)-w	avg(ms)-w	p50(ms)-w	p95(ms)-w	p99(ms)-w	pMax(ms)-w	total-w	elapsed	errors	ops(total)	ops/sec(cum)	avg(ms)	p50(ms)	p95(ms)	p99(ms)	pMax(ms)
15	0.0	0.0	988510.0	32949.6	3.025	2.0	8.0125	18.900000000000002	167.79999999999998	0.0	0.0	0.0	51770.0	1725.6000000000001	6.987500000000001	3.625	28.187500000000004	45.3125	171.97500000000002	0.0	0.0	0.0	1040280.0	34675.2	3.225	2.0625	8.737499999999999	22.949999999999996	177.225
