concurrency	elapsed-r	errors-r	ops(total)-r	ops/sec(cum)-r	avg(ms)-r	p50(ms)-r	p95(ms)-r	p99(ms)-r	pMax(ms)-r	total-r	elapsed-w	errors-w	ops(total)-w	ops/sec(cum)-w	avg(ms)-w	p50(ms)-w	p95(ms)-w	p99(ms)-w	pMax(ms)-w	total-w	elapsed	errors	ops(total)	ops/sec(cum)	avg(ms)	p50(ms)	p95(ms)	p99(ms)	pMax(ms)
18	0.0	0.0	413422.0	13780.5	2.9	2.033333333333333	7.966666666666666	14.199999999999998	64.3	0.0	0.0	0.0	21924.0	730.8	7.2	4.5	26.2	48.9	81.10000000000001	0.0	0.0	0.0	435346.0	14511.2	3.1	2.1333333333333333	8.4	17.8	81.10000000000001
