concurrency	elapsed-r	errors-r	ops(total)-r	ops/sec(cum)-r	avg(ms)-r	p50(ms)-r	p95(ms)-r	p99(ms)-r	pMax(ms)-r	total-r	elapsed-w	errors-w	ops(total)-w	ops/sec(cum)-w	avg(ms)-w	p50(ms)-w	p95(ms)-w	p99(ms)-w	pMax(ms)-w	total-w	elapsed	errors	ops(total)	ops/sec(cum)	avg(ms)	p50(ms)	p95(ms)	p99(ms)	pMax(ms)
17	0.0	0.0	797862.0	26594.8	1.7249999999999999	1.2999999999999998	3.75	5.025	15.849999999999998	0.0	0.0	0.0	42103.0	1403.5	12.425	2.3000000000000003	46.1	54.5	72.35	0.0	0.0	0.0	839965.0	27998.300000000003	2.275	1.35	4.05	31.225	72.35
