concurrency	elapsed-r	errors-r	ops(total)-r	ops/sec(cum)-r	avg(ms)-r	p50(ms)-r	p95(ms)-r	p99(ms)-r	pMax(ms)-r	total-r	elapsed-w	errors-w	ops(total)-w	ops/sec(cum)-w	avg(ms)-w	p50(ms)-w	p95(ms)-w	p99(ms)-w	pMax(ms)-w	total-w	elapsed	errors	ops(total)	ops/sec(cum)	avg(ms)	p50(ms)	p95(ms)	p99(ms)	pMax(ms)
148	0.0	0.0	4638210.0	154596.4	4.36	3.56	10.82	18.759999999999998	189.6	0.0	0.0	0.0	243639.0	8120.799999999999	13.600000000000003	12.719999999999999	27.04	34.58	149.32	0.0	0.0	0.0	4881849.0	162717.1	4.82	3.72	13.88	22.779999999999998	189.6
