concurrency	elapsed-r	errors-r	ops(total)-r	ops/sec(cum)-r	avg(ms)-r	p50(ms)-r	p95(ms)-r	p99(ms)-r	pMax(ms)-r	total-r	elapsed-w	errors-w	ops(total)-w	ops/sec(cum)-w	avg(ms)-w	p50(ms)-w	p95(ms)-w	p99(ms)-w	pMax(ms)-w	total-w	elapsed	errors	ops(total)	ops/sec(cum)	avg(ms)	p50(ms)	p95(ms)	p99(ms)	pMax(ms)
30	0.0	0.0	3254975.0	108496.59999999999	1.8625	1.7375	3.1625	6.0125	27.675	0.0	0.0	0.0	171355.0	5711.799999999999	2.025	1.8375000000000001	3.4499999999999997	6.387500000000001	21.900000000000002	0.0	0.0	0.0	3426330.0	114208.1	1.8875	1.75	3.1625	6.050000000000001	28.075000000000003
