concurrency	elapsed-r	errors-r	ops(total)-r	ops/sec(cum)-r	avg(ms)-r	p50(ms)-r	p95(ms)-r	p99(ms)-r	pMax(ms)-r	total-r	elapsed-w	errors-w	ops(total)-w	ops/sec(cum)-w	avg(ms)-w	p50(ms)-w	p95(ms)-w	p99(ms)-w	pMax(ms)-w	total-w	elapsed	errors	ops(total)	ops/sec(cum)	avg(ms)	p50(ms)	p95(ms)	p99(ms)	pMax(ms)
50	0.0	0.0	4503125.0	150100.2	2.1	1.9374999999999998	4.0	7.325	172.08749999999998	0.0	0.0	0.0	237513.0	7916.900000000001	2.2249999999999996	1.975	4.1	8.825	159.125	0.0	0.0	0.0	4740638.0	158017.09999999998	2.1	1.9374999999999998	4.0	7.3999999999999995	200.27499999999995
