concurrency	elapsed-r	errors-r	ops(total)-r	ops/sec(cum)-r	avg(ms)-r	p50(ms)-r	p95(ms)-r	p99(ms)-r	pMax(ms)-r	total-r	elapsed-w	errors-w	ops(total)-w	ops/sec(cum)-w	avg(ms)-w	p50(ms)-w	p95(ms)-w	p99(ms)-w	pMax(ms)-w	total-w	elapsed	errors	ops(total)	ops/sec(cum)	avg(ms)	p50(ms)	p95(ms)	p99(ms)	pMax(ms)
23	0.0	0.0	640025.0	21333.5	4.5625	2.6	17.675	44.2625	109.0625	0.0	0.0	0.0	33456.0	1115.1999999999998	69.9	19.650000000000002	45.050000000000004	2936.025	3422.55	0.0	0.0	0.0	673481.0	22448.8	7.800000000000001	2.6624999999999996	23.849999999999998	46.8875	3422.55
