concurrency	elapsed-r	errors-r	ops(total)-r	ops/sec(cum)-r	avg(ms)-r	p50(ms)-r	p95(ms)-r	p99(ms)-r	pMax(ms)-r	total-r	elapsed-w	errors-w	ops(total)-w	ops/sec(cum)-w	avg(ms)-w	p50(ms)-w	p95(ms)-w	p99(ms)-w	pMax(ms)-w	total-w	elapsed	errors	ops(total)	ops/sec(cum)	avg(ms)	p50(ms)	p95(ms)	p99(ms)	pMax(ms)
15	0.0	0.0	350471.0	11682.0	2.7499999999999996	2.4375	5.4125	6.775	17.162499999999998	0.0	0.0	0.0	18215.0	607.1999999999999	140.125	234.90000000000003	285.2	289.40000000000003	308.3	0.0	0.0	0.0	368686.0	12289.3	9.5375	2.475	6.0249999999999995	260.0	308.3
