concurrency	elapsed-w	errors-w	ops(total)-w	ops/sec(cum)-w	avg(ms)-w	p50(ms)-w	p95(ms)-w	p99(ms)-w	pMax(ms)-w	total-w	elapsed	errors	ops(total)	ops/sec(cum)	avg(ms)	p50(ms)	p95(ms)	p99(ms)	pMax(ms)
24	0.0	0.0	3533540.0	117782.69999999998	1.425	1.325	2.7375000000000003	4.2375	23.075	0.0	0.0	0.0	3533540.0	117782.69999999998	1.425	1.325	2.7375000000000003	4.2375	23.075
