concurrency	elapsed-r	errors-r	ops(total)-r	ops/sec(cum)-r	avg(ms)-r	p50(ms)-r	p95(ms)-r	p99(ms)-r	pMax(ms)-r	total-r	elapsed-w	errors-w	ops(total)-w	ops/sec(cum)-w	avg(ms)-w	p50(ms)-w	p95(ms)-w	p99(ms)-w	pMax(ms)-w	total-w	elapsed	errors	ops(total)	ops/sec(cum)	avg(ms)	p50(ms)	p95(ms)	p99(ms)	pMax(ms)
32	0.0	0.0	3296281.0	109873.80000000002	1.9875	1.85	3.375	6.6499999999999995	123.75	0.0	0.0	0.0	173547.0	5784.800000000001	2.225	2.15	3.7125	6.887499999999999	44.425000000000004	0.0	0.0	0.0	3469828.0	115658.80000000002	2.0000000000000004	1.85	3.4	6.6499999999999995	123.75
