concurrency	elapsed-w	errors-w	ops(total)-w	ops/sec(cum)-w	avg(ms)-w	p50(ms)-w	p95(ms)-w	p99(ms)-w	pMax(ms)-w	total-w	elapsed	errors	ops(total)	ops/sec(cum)	avg(ms)	p50(ms)	p95(ms)	p99(ms)	pMax(ms)
63	0.0	0.0	745798.0	24858.899999999998	19.75	16.5	48.725	67.3625	226.47500000000002	0.0	0.0	0.0	745798.0	24858.899999999998	19.75	16.5	48.725	67.3625	226.47500000000002
