concurrency	elapsed-r	errors-r	ops(total)-r	ops/sec(cum)-r	avg(ms)-r	p50(ms)-r	p95(ms)-r	p99(ms)-r	pMax(ms)-r	total-r	elapsed-w	errors-w	ops(total)-w	ops/sec(cum)-w	avg(ms)-w	p50(ms)-w	p95(ms)-w	p99(ms)-w	pMax(ms)-w	total-w	elapsed	errors	ops(total)	ops/sec(cum)	avg(ms)	p50(ms)	p95(ms)	p99(ms)	pMax(ms)
32	0.0	0.0	3464736.0	115488.5	1.85	1.7500000000000002	3.075	6.262499999999999	118.3625	0.0	0.0	0.0	182221.0	6074.0	1.8625	1.7625000000000002	3.075	6.25	16.925	0.0	0.0	0.0	3646957.0	121562.6	1.85	1.7500000000000002	3.075	6.262499999999999	118.3625
