concurrency	elapsed-r	errors-r	ops(total)-r	ops/sec(cum)-r	avg(ms)-r	p50(ms)-r	p95(ms)-r	p99(ms)-r	pMax(ms)-r	total-r	elapsed-w	errors-w	ops(total)-w	ops/sec(cum)-w	avg(ms)-w	p50(ms)-w	p95(ms)-w	p99(ms)-w	pMax(ms)-w	total-w	elapsed	errors	ops(total)	ops/sec(cum)	avg(ms)	p50(ms)	p95(ms)	p99(ms)	pMax(ms)
16	0.0	0.0	1803296.0	60108.700000000004	1.7375	1.5375	3.25	6.7	22.025	0.0	0.0	0.0	94438.0	3147.8999999999996	3.125	2.9	6.3374999999999995	10.3125	20.975	0.0	0.0	0.0	1897734.0	63256.90000000001	1.7999999999999998	1.55	3.6375	7.0125	22.425
