concurrency	elapsed-w	errors-w	ops(total)-w	ops/sec(cum)-w	avg(ms)-w	p50(ms)-w	p95(ms)-w	p99(ms)-w	pMax(ms)-w	total-w	elapsed	errors	ops(total)	ops/sec(cum)	avg(ms)	p50(ms)	p95(ms)	p99(ms)	pMax(ms)
63	0.0	0.0	732022.0	24399.599999999995	20.1375	16.3125	50.824999999999996	69.4625	160.4375	0.0	0.0	0.0	732022.0	24399.599999999995	20.1375	16.3125	50.824999999999996	69.4625	160.4375
