concurrency	elapsed-r	errors-r	ops(total)-r	ops/sec(cum)-r	avg(ms)-r	p50(ms)-r	p95(ms)-r	p99(ms)-r	pMax(ms)-r	total-r	elapsed-w	errors-w	ops(total)-w	ops/sec(cum)-w	avg(ms)-w	p50(ms)-w	p95(ms)-w	p99(ms)-w	pMax(ms)-w	total-w	elapsed	errors	ops(total)	ops/sec(cum)	avg(ms)	p50(ms)	p95(ms)	p99(ms)	pMax(ms)
132	0.0	0.0	3314920.0	110483.59999999999	3.3000000000000003	2.6999999999999997	6.8	16.433333333333334	48.56666666666666	0.0	0.0	0.0	174522.0	5816.700000000001	6.633333333333333	5.833333333333333	14.866666666666665	22.03333333333333	39.833333333333336	0.0	0.0	0.0	3489442.0	116300.3	3.4333333333333336	2.8333333333333335	7.766666666666667	17.133333333333333	48.56666666666666
