concurrency	elapsed-r	errors-r	ops(total)-r	ops/sec(cum)-r	avg(ms)-r	p50(ms)-r	p95(ms)-r	p99(ms)-r	pMax(ms)-r	total-r	elapsed-w	errors-w	ops(total)-w	ops/sec(cum)-w	avg(ms)-w	p50(ms)-w	p95(ms)-w	p99(ms)-w	pMax(ms)-w	total-w	elapsed	errors	ops(total)	ops/sec(cum)	avg(ms)	p50(ms)	p95(ms)	p99(ms)	pMax(ms)
12	0.0	0.0	1475563.0	49184.700000000004	1.6124999999999998	1.4125	3.4375	4.3999999999999995	19.725	0.0	0.0	0.0	77533.0	2584.4	3.3875	3.15	7.1	11.875	24.787499999999998	0.0	0.0	0.0	1553096.0	51769.2	1.6999999999999997	1.425	3.6625	5.45	25.174999999999997
