concurrency	elapsed-r	errors-r	ops(total)-r	ops/sec(cum)-r	avg(ms)-r	p50(ms)-r	p95(ms)-r	p99(ms)-r	pMax(ms)-r	total-r	elapsed-w	errors-w	ops(total)-w	ops/sec(cum)-w	avg(ms)-w	p50(ms)-w	p95(ms)-w	p99(ms)-w	pMax(ms)-w	total-w	elapsed	errors	ops(total)	ops/sec(cum)	avg(ms)	p50(ms)	p95(ms)	p99(ms)	pMax(ms)
48	0.0	0.0	365337.0	12177.300000000001	3.8000000000000003	2.6499999999999995	8.65	14.500000000000002	56.3375	0.0	0.0	0.0	18908.0	630.1	515.2625	5.549999999999999	1677.7000000000003	1677.7000000000003	1744.7999999999997	0.0	0.0	0.0	384245.0	12807.7	28.9875	2.7875	9.85	1610.6000000000001	1744.7999999999997
