concurrency	elapsed-r	errors-r	ops(total)-r	ops/sec(cum)-r	avg(ms)-r	p50(ms)-r	p95(ms)-r	p99(ms)-r	pMax(ms)-r	total-r	elapsed-w	errors-w	ops(total)-w	ops/sec(cum)-w	avg(ms)-w	p50(ms)-w	p95(ms)-w	p99(ms)-w	pMax(ms)-w	total-w	elapsed	errors	ops(total)	ops/sec(cum)	avg(ms)	p50(ms)	p95(ms)	p99(ms)	pMax(ms)
26	0.0	0.0	3278645.0	109286.2	1.5749999999999997	1.4749999999999999	2.7249999999999996	5.425	23.349999999999998	0.0	0.0	0.0	172193.0	5739.700000000001	1.85	1.7750000000000001	3.1250000000000004	5.775	16.375	0.0	0.0	0.0	3450838.0	115025.79999999999	1.5749999999999997	1.4749999999999999	2.7874999999999996	5.449999999999999	23.474999999999998
