concurrency	elapsed-r	errors-r	ops(total)-r	ops/sec(cum)-r	avg(ms)-r	p50(ms)-r	p95(ms)-r	p99(ms)-r	pMax(ms)-r	total-r	elapsed-w	errors-w	ops(total)-w	ops/sec(cum)-w	avg(ms)-w	p50(ms)-w	p95(ms)-w	p99(ms)-w	pMax(ms)-w	total-w	elapsed	errors	ops(total)	ops/sec(cum)	avg(ms)	p50(ms)	p95(ms)	p99(ms)	pMax(ms)
56	0.0	0.0	757087.0	25235.4	4.533333333333333	2.9	12.6	25.2	187.33333333333334	0.0	0.0	0.0	39791.0	1326.4	10.966666666666667	8.566666666666668	29.03333333333333	51.0	144.03333333333333	0.0	0.0	0.0	796878.0	26561.8	4.9	3.0	13.6	27.3	204.13333333333335
