concurrency	elapsed-r	errors-r	ops(total)-r	ops/sec(cum)-r	avg(ms)-r	p50(ms)-r	p95(ms)-r	p99(ms)-r	pMax(ms)-r	total-r	elapsed	errors	ops(total)	ops/sec(cum)	avg(ms)	p50(ms)	p95(ms)	p99(ms)	pMax(ms)
41	0.0	0.0	995360.0	33177.700000000004	9.9375	9.0	21.3625	30.975	81.27499999999999	0.0	0.0	0.0	995360.0	33177.700000000004	9.9375	9.0	21.3625	30.975	81.27499999999999
