concurrency	elapsed-r	errors-r	ops(total)-r	ops/sec(cum)-r	avg(ms)-r	p50(ms)-r	p95(ms)-r	p99(ms)-r	pMax(ms)-r	total-r	elapsed-w	errors-w	ops(total)-w	ops/sec(cum)-w	avg(ms)-w	p50(ms)-w	p95(ms)-w	p99(ms)-w	pMax(ms)-w	total-w	elapsed	errors	ops(total)	ops/sec(cum)	avg(ms)	p50(ms)	p95(ms)	p99(ms)	pMax(ms)
36	0.0	0.0	3259920.0	108662.0	2.2874999999999996	2.025	3.9125	7.449999999999999	192.6625	0.0	0.0	0.0	172265.0	5742.1	2.2	2.0	3.8625	7.4125	78.8875	0.0	0.0	0.0	3432185.0	114404.0	2.2874999999999996	2.025	3.9125	7.449999999999999	192.6625
