concurrency	elapsed-r	errors-r	ops(total)-r	ops/sec(cum)-r	avg(ms)-r	p50(ms)-r	p95(ms)-r	p99(ms)-r	pMax(ms)-r	total-r	elapsed-w	errors-w	ops(total)-w	ops/sec(cum)-w	avg(ms)-w	p50(ms)-w	p95(ms)-w	p99(ms)-w	pMax(ms)-w	total-w	elapsed	errors	ops(total)	ops/sec(cum)	avg(ms)	p50(ms)	p95(ms)	p99(ms)	pMax(ms)
50	0.0	0.0	1929732.0	64322.4	5.3125	4.35	12.325	19.674999999999997	66.825	0.0	0.0	0.0	100971.0	3365.7	7.874999999999999	4.7625	22.674999999999997	32.12500000000001	55.55	0.0	0.0	0.0	2030703.0	67688.0	5.437499999999999	4.3875	13.25	20.95	69.97500000000001
