concurrency	elapsed-r	errors-r	ops(total)-r	ops/sec(cum)-r	avg(ms)-r	p50(ms)-r	p95(ms)-r	p99(ms)-r	pMax(ms)-r	total-r	elapsed-w	errors-w	ops(total)-w	ops/sec(cum)-w	avg(ms)-w	p50(ms)-w	p95(ms)-w	p99(ms)-w	pMax(ms)-w	total-w	elapsed	errors	ops(total)	ops/sec(cum)	avg(ms)	p50(ms)	p95(ms)	p99(ms)	pMax(ms)
151	0.0	0.0	4480861.0	149348.0	5.260000000000001	4.279999999999999	13.6	21.92	245.57999999999998	0.0	0.0	0.0	235871.0	7861.599999999999	14.319999999999999	12.76	29.26	40.26	231.95999999999998	0.0	0.0	0.0	4716732.0	157209.59999999998	5.76	4.4	15.7	25.78	245.57999999999998
