concurrency	elapsed-r	errors-r	ops(total)-r	ops/sec(cum)-r	avg(ms)-r	p50(ms)-r	p95(ms)-r	p99(ms)-r	pMax(ms)-r	total-r	elapsed-w	errors-w	ops(total)-w	ops/sec(cum)-w	avg(ms)-w	p50(ms)-w	p95(ms)-w	p99(ms)-w	pMax(ms)-w	total-w	elapsed	errors	ops(total)	ops/sec(cum)	avg(ms)	p50(ms)	p95(ms)	p99(ms)	pMax(ms)
48	0.0	0.0	1788113.0	59601.6	5.425	4.425	13.525	21.3875	107.4875	0.0	0.0	0.0	93991.0	3133.0	9.4375	7.387499999999999	24.924999999999997	36.449999999999996	78.64999999999999	0.0	0.0	0.0	1882104.0	62734.5	5.625	4.525	14.425	23.225	108.5375
