concurrency	elapsed-r	errors-r	ops(total)-r	ops/sec(cum)-r	avg(ms)-r	p50(ms)-r	p95(ms)-r	p99(ms)-r	pMax(ms)-r	total-r	elapsed-w	errors-w	ops(total)-w	ops/sec(cum)-w	avg(ms)-w	p50(ms)-w	p95(ms)-w	p99(ms)-w	pMax(ms)-w	total-w	elapsed	errors	ops(total)	ops/sec(cum)	avg(ms)	p50(ms)	p95(ms)	p99(ms)	pMax(ms)
32	0.0	0.0	586542.0	19550.8	7.6	2.3875	11.812499999999998	167.79999999999998	373.2875	0.0	0.0	0.0	30969.0	1032.3	99.225	96.5	122.12500000000001	253.76250000000002	440.4125000000001	0.0	0.0	0.0	617511.0	20582.9	12.2	2.5	96.5	167.79999999999998	442.51250000000005
