concurrency	elapsed-r	errors-r	ops(total)-r	ops/sec(cum)-r	avg(ms)-r	p50(ms)-r	p95(ms)-r	p99(ms)-r	pMax(ms)-r	total-r	elapsed	errors	ops(total)	ops/sec(cum)	avg(ms)	p50(ms)	p95(ms)	p99(ms)	pMax(ms)
6	0.0	0.0	898545.0	29951.099999999995	1.4749999999999999	1.375	1.9625	3.1875	18.4875	0.0	0.0	0.0	898545.0	29951.099999999995	1.4749999999999999	1.375	1.9625	3.1875	18.4875
