concurrency	elapsed-r	errors-r	ops(total)-r	ops/sec(cum)-r	avg(ms)-r	p50(ms)-r	p95(ms)-r	p99(ms)-r	pMax(ms)-r	total-r	elapsed-w	errors-w	ops(total)-w	ops/sec(cum)-w	avg(ms)-w	p50(ms)-w	p95(ms)-w	p99(ms)-w	pMax(ms)-w	total-w	elapsed	errors	ops(total)	ops/sec(cum)	avg(ms)	p50(ms)	p95(ms)	p99(ms)	pMax(ms)
10	0.0	0.0	139483.0	4649.4	13.287500000000001	3.1000000000000005	66.8375	182.45000000000002	708.8375000000001	0.0	0.0	0.0	7360.0	245.40000000000003	69.625	30.812500000000004	293.6	564.1500000000001	935.325	0.0	0.0	0.0	146843.0	4894.8	16.1	3.2375000000000003	116.35	247.5	935.325
