concurrency	elapsed-r	errors-r	ops(total)-r	ops/sec(cum)-r	avg(ms)-r	p50(ms)-r	p95(ms)-r	p99(ms)-r	pMax(ms)-r	total-r	elapsed-w	errors-w	ops(total)-w	ops/sec(cum)-w	avg(ms)-w	p50(ms)-w	p95(ms)-w	p99(ms)-w	pMax(ms)-w	total-w	elapsed	errors	ops(total)	ops/sec(cum)	avg(ms)	p50(ms)	p95(ms)	p99(ms)	pMax(ms)
46	0.0	0.0	2579276.0	85973.2	3.5875	3.1499999999999995	7.374999999999999	12.1375	35.25	0.0	0.0	0.0	135514.0	4517.200000000001	4.2875	3.4124999999999996	11.2	16.9	33.8375	0.0	0.0	0.0	2714790.0	90490.29999999999	3.6125	3.1499999999999995	7.525	12.325	36.824999999999996
