concurrency	elapsed-r	errors-r	ops(total)-r	ops/sec(cum)-r	avg(ms)-r	p50(ms)-r	p95(ms)-r	p99(ms)-r	pMax(ms)-r	total-r	elapsed	errors	ops(total)	ops/sec(cum)	avg(ms)	p50(ms)	p95(ms)	p99(ms)	pMax(ms)
11	0.0	0.0	1347246.0	44907.700000000004	1.8	1.7000000000000002	2.7625	5.175	16.45	0.0	0.0	0.0	1347246.0	44907.700000000004	1.8	1.7000000000000002	2.7625	5.175	16.45
