concurrency	elapsed-r	errors-r	ops(total)-r	ops/sec(cum)-r	avg(ms)-r	p50(ms)-r	p95(ms)-r	p99(ms)-r	pMax(ms)-r	total-r	elapsed-w	errors-w	ops(total)-w	ops/sec(cum)-w	avg(ms)-w	p50(ms)-w	p95(ms)-w	p99(ms)-w	pMax(ms)-w	total-w	elapsed	errors	ops(total)	ops/sec(cum)	avg(ms)	p50(ms)	p95(ms)	p99(ms)	pMax(ms)
63	0.0	0.0	1642230.0	54738.8	3.3	2.0	11.0	23.3	80.53999999999999	0.0	0.0	0.0	86787.0	2892.7	6.5200000000000005	4.5	22.660000000000004	38.96	78.85999999999999	0.0	0.0	0.0	1729017.0	57631.700000000004	3.4200000000000004	2.0	11.98	24.76	85.58
