ops/sec(cum)	p50(ms)	p99(ms)	read_tp	read_p50	read_p99	write_tp	write_p50	write_p99
298957.5833333334	0.2505	1.3407142857142857	285962.23333333334	0.25057142857142856	1.3407142857142857	12994.35	0.25042857142857144	1.2795714285714286
