concurrency	elapsed-w	errors-w	ops(total)-w	ops/sec(cum)-w	avg(ms)-w	p50(ms)-w	p95(ms)-w	p99(ms)-w	pMax(ms)-w	total-w	elapsed	errors	ops(total)	ops/sec(cum)	avg(ms)	p50(ms)	p95(ms)	p99(ms)	pMax(ms)
61	0.0	0.0	4603696.0	153452.30000000002	2.8750000000000004	1.875	7.8125	12.849999999999998	116.4125	0.0	0.0	0.0	4603696.0	153452.30000000002	2.8750000000000004	1.875	7.8125	12.849999999999998	116.4125
