concurrency	elapsed-r	errors-r	ops(total)-r	ops/sec(cum)-r	avg(ms)-r	p50(ms)-r	p95(ms)-r	p99(ms)-r	pMax(ms)-r	total-r	elapsed-w	errors-w	ops(total)-w	ops/sec(cum)-w	avg(ms)-w	p50(ms)-w	p95(ms)-w	p99(ms)-w	pMax(ms)-w	total-w	elapsed	errors	ops(total)	ops/sec(cum)	avg(ms)	p50(ms)	p95(ms)	p99(ms)	pMax(ms)
33	0.0	0.0	1853839.0	61793.20000000001	4.2875000000000005	2.625	16.587500000000002	23.400000000000002	75.65	0.0	0.0	0.0	97694.0	3256.4	4.25	2.5375	16.5125	23.2125	58.324999999999996	0.0	0.0	0.0	1951533.0	65049.6	4.2875000000000005	2.625	16.587500000000002	23.400000000000002	75.65
