concurrency	elapsed-r	errors-r	ops(total)-r	ops/sec(cum)-r	avg(ms)-r	p50(ms)-r	p95(ms)-r	p99(ms)-r	pMax(ms)-r	total-r	elapsed-w	errors-w	ops(total)-w	ops/sec(cum)-w	avg(ms)-w	p50(ms)-w	p95(ms)-w	p99(ms)-w	pMax(ms)-w	total-w	elapsed	errors	ops(total)	ops/sec(cum)	avg(ms)	p50(ms)	p95(ms)	p99(ms)	pMax(ms)
38	0.0	0.0	1258203.0	41938.8	6.187499999999999	5.387500000000001	14.2375	22.025	85.47500000000001	0.0	0.0	0.0	66245.0	2208.2	11.45	10.5	23.9875	36.974999999999994	107.4875	0.0	0.0	0.0	1324448.0	44146.899999999994	6.4624999999999995	5.5	15.137500000000001	23.349999999999998	107.4875
