concurrency	elapsed-r	errors-r	ops(total)-r	ops/sec(cum)-r	avg(ms)-r	p50(ms)-r	p95(ms)-r	p99(ms)-r	pMax(ms)-r	total-r	elapsed	errors	ops(total)	ops/sec(cum)	avg(ms)	p50(ms)	p95(ms)	p99(ms)	pMax(ms)
46	0.0	0.0	1533747.0	51123.4	6.7124999999999995	6.1	14.675	21.475	80.46249999999999	0.0	0.0	0.0	1533747.0	51123.4	6.7124999999999995	6.1	14.675	21.475	80.46249999999999
