concurrency	elapsed-r	errors-r	ops(total)-r	ops/sec(cum)-r	avg(ms)-r	p50(ms)-r	p95(ms)-r	p99(ms)-r	pMax(ms)-r	total-r	elapsed-w	errors-w	ops(total)-w	ops/sec(cum)-w	avg(ms)-w	p50(ms)-w	p95(ms)-w	p99(ms)-w	pMax(ms)-w	total-w	elapsed	errors	ops(total)	ops/sec(cum)	avg(ms)	p50(ms)	p95(ms)	p99(ms)	pMax(ms)
83	0.0	0.0	2809571.0	93648.5	4.159999999999999	3.5	9.760000000000002	18.46	170.3	0.0	0.0	0.0	148091.0	4936.2	12.6	11.34	25.820000000000004	34.160000000000004	132.5	0.0	0.0	0.0	2957662.0	98584.6	4.6	3.5	13.419999999999998	21.839999999999996	170.3
