concurrency	elapsed-r	errors-r	ops(total)-r	ops/sec(cum)-r	avg(ms)-r	p50(ms)-r	p95(ms)-r	p99(ms)-r	pMax(ms)-r	total-r	elapsed-w	errors-w	ops(total)-w	ops/sec(cum)-w	avg(ms)-w	p50(ms)-w	p95(ms)-w	p99(ms)-w	pMax(ms)-w	total-w	elapsed	errors	ops(total)	ops/sec(cum)	avg(ms)	p50(ms)	p95(ms)	p99(ms)	pMax(ms)
19	0.0	0.0	469844.0	15661.1	3.3249999999999997	2.2625	8.7	12.325	38.775	0.0	0.0	0.0	24467.0	815.6	116.925	4.2375	604.0	650.0999999999999	704.6000000000001	0.0	0.0	0.0	494311.0	16476.6	8.95	2.35	9.275	316.26250000000005	704.6000000000001
