concurrency	elapsed-r	errors-r	ops(total)-r	ops/sec(cum)-r	avg(ms)-r	p50(ms)-r	p95(ms)-r	p99(ms)-r	pMax(ms)-r	total-r	elapsed-w	errors-w	ops(total)-w	ops/sec(cum)-w	avg(ms)-w	p50(ms)-w	p95(ms)-w	p99(ms)-w	pMax(ms)-w	total-w	elapsed	errors	ops(total)	ops/sec(cum)	avg(ms)	p50(ms)	p95(ms)	p99(ms)	pMax(ms)
34	0.0	0.0	3252327.0	108408.90000000001	2.125	1.9625000000000001	3.6499999999999995	7.1125	165.5375	0.0	0.0	0.0	171747.0	5724.9000000000015	2.1125	1.9249999999999998	3.5999999999999996	7.074999999999999	28.1875	0.0	0.0	0.0	3424074.0	114133.5	2.125	1.9625000000000001	3.6499999999999995	7.1125	165.5375
