concurrency	elapsed-w	errors-w	ops(total)-w	ops/sec(cum)-w	avg(ms)-w	p50(ms)-w	p95(ms)-w	p99(ms)-w	pMax(ms)-w	total-w	elapsed	errors	ops(total)	ops/sec(cum)	avg(ms)	p50(ms)	p95(ms)	p99(ms)	pMax(ms)
5	0.0	0.0	111440.0	3714.6000000000004	5.125	2.65	24.925	33.05	47.675000000000004	0.0	0.0	0.0	111440.0	3714.6000000000004	5.125	2.65	24.925	33.05	47.675000000000004
