concurrency	elapsed-r	errors-r	ops(total)-r	ops/sec(cum)-r	avg(ms)-r	p50(ms)-r	p95(ms)-r	p99(ms)-r	pMax(ms)-r	total-r	elapsed-w	errors-w	ops(total)-w	ops/sec(cum)-w	avg(ms)-w	p50(ms)-w	p95(ms)-w	p99(ms)-w	pMax(ms)-w	total-w	elapsed	errors	ops(total)	ops/sec(cum)	avg(ms)	p50(ms)	p95(ms)	p99(ms)	pMax(ms)
76	0.0	0.0	605888.0	20195.4	2.54	1.6800000000000002	7.32	13.86	226.5	0.0	0.0	0.0	31856.0	1061.8	271.76000000000005	3.02	1717.9600000000003	3543.3599999999997	6925.62	0.0	0.0	0.0	637744.0	21257.2	16.020000000000003	1.72	7.92	26.02	6925.62
