concurrency	elapsed-r	errors-r	ops(total)-r	ops/sec(cum)-r	avg(ms)-r	p50(ms)-r	p95(ms)-r	p99(ms)-r	pMax(ms)-r	total-r	elapsed	errors	ops(total)	ops/sec(cum)	avg(ms)	p50(ms)	p95(ms)	p99(ms)	pMax(ms)
13	0.0	0.0	1361135.0	45370.399999999994	2.1	2.0	3.4875000000000003	6.0	18.5375	0.0	0.0	0.0	1361135.0	45370.399999999994	2.1	2.0	3.4875000000000003	6.0	18.5375
