concurrency	elapsed-r	errors-r	ops(total)-r	ops/sec(cum)-r	avg(ms)-r	p50(ms)-r	p95(ms)-r	p99(ms)-r	pMax(ms)-r	total-r	elapsed	errors	ops(total)	ops/sec(cum)	avg(ms)	p50(ms)	p95(ms)	p99(ms)	pMax(ms)
33	0.0	0.0	1014320.0	33809.9	7.762499999999999	7.0	16.400000000000002	23.012499999999996	58.175	0.0	0.0	0.0	1014320.0	33809.9	7.762499999999999	7.0	16.400000000000002	23.012499999999996	58.175
