concurrency	elapsed-r	errors-r	ops(total)-r	ops/sec(cum)-r	avg(ms)-r	p50(ms)-r	p95(ms)-r	p99(ms)-r	pMax(ms)-r	total-r	elapsed-w	errors-w	ops(total)-w	ops/sec(cum)-w	avg(ms)-w	p50(ms)-w	p95(ms)-w	p99(ms)-w	pMax(ms)-w	total-w	elapsed	errors	ops(total)	ops/sec(cum)	avg(ms)	p50(ms)	p95(ms)	p99(ms)	pMax(ms)
44	0.0	0.0	644147.0	21471.0	2.3	1.5399999999999998	6.6	11.620000000000001	105.72	0.0	0.0	0.0	33712.0	1123.7	115.91999999999999	2.9	697.9	771.8	1610.6000000000001	0.0	0.0	0.0	677859.0	22594.8	7.960000000000001	1.5399999999999998	6.919999999999999	21.4	1610.6000000000001
