concurrency	elapsed-r	errors-r	ops(total)-r	ops/sec(cum)-r	avg(ms)-r	p50(ms)-r	p95(ms)-r	p99(ms)-r	pMax(ms)-r	total-r	elapsed-w	errors-w	ops(total)-w	ops/sec(cum)-w	avg(ms)-w	p50(ms)-w	p95(ms)-w	p99(ms)-w	pMax(ms)-w	total-w	elapsed	errors	ops(total)	ops/sec(cum)	avg(ms)	p50(ms)	p95(ms)	p99(ms)	pMax(ms)
30	0.0	0.0	1357758.0	45257.49999999999	4.4375	4.6	9.15	11.0	93.35	0.0	0.0	0.0	71254.0	2375.3	12.85	7.262499999999999	72.35000000000001	104.89999999999999	150.98749999999998	0.0	0.0	0.0	1429012.0	47632.6	4.874999999999999	4.7250000000000005	9.475000000000001	13.412499999999998	150.98749999999998
