concurrency	elapsed-r	errors-r	ops(total)-r	ops/sec(cum)-r	avg(ms)-r	p50(ms)-r	p95(ms)-r	p99(ms)-r	pMax(ms)-r	total-r	elapsed	errors	ops(total)	ops/sec(cum)	avg(ms)	p50(ms)	p95(ms)	p99(ms)	pMax(ms)
21	0.0	0.0	1362801.0	45425.700000000004	3.5124999999999997	3.275	6.6125	10.1375	25.5625	0.0	0.0	0.0	1362801.0	45425.700000000004	3.5124999999999997	3.275	6.6125	10.1375	25.5625
