concurrency	elapsed-r	errors-r	ops(total)-r	ops/sec(cum)-r	avg(ms)-r	p50(ms)-r	p95(ms)-r	p99(ms)-r	pMax(ms)-r	total-r	elapsed	errors	ops(total)	ops/sec(cum)	avg(ms)	p50(ms)	p95(ms)	p99(ms)	pMax(ms)
22	0.0	0.0	1113109.0	37102.99999999999	4.575	4.175	8.875	12.224999999999998	29.512500000000003	0.0	0.0	0.0	1113109.0	37102.99999999999	4.575	4.175	8.875	12.224999999999998	29.512500000000003
