concurrency	elapsed-r	errors-r	ops(total)-r	ops/sec(cum)-r	avg(ms)-r	p50(ms)-r	p95(ms)-r	p99(ms)-r	pMax(ms)-r	total-r	elapsed-w	errors-w	ops(total)-w	ops/sec(cum)-w	avg(ms)-w	p50(ms)-w	p95(ms)-w	p99(ms)-w	pMax(ms)-w	total-w	elapsed	errors	ops(total)	ops/sec(cum)	avg(ms)	p50(ms)	p95(ms)	p99(ms)	pMax(ms)
26	0.0	0.0	958473.0	31948.4	2.1399999999999997	1.7	5.5	11.5	40.220000000000006	0.0	0.0	0.0	50377.0	1679.1999999999998	23.259999999999998	2.96	130.0	154.35999999999999	192.9	0.0	0.0	0.0	1008850.0	33627.6	3.2	1.72	6.24	24.119999999999997	192.9
