concurrency	elapsed-r	errors-r	ops(total)-r	ops/sec(cum)-r	avg(ms)-r	p50(ms)-r	p95(ms)-r	p99(ms)-r	pMax(ms)-r	total-r	elapsed-w	errors-w	ops(total)-w	ops/sec(cum)-w	avg(ms)-w	p50(ms)-w	p95(ms)-w	p99(ms)-w	pMax(ms)-w	total-w	elapsed	errors	ops(total)	ops/sec(cum)	avg(ms)	p50(ms)	p95(ms)	p99(ms)	pMax(ms)
20	0.0	0.0	1733235.0	57773.200000000004	1.95	1.5	5.6499999999999995	9.575	28.0625	0.0	0.0	0.0	90923.0	3030.9000000000005	10.787499999999998	2.7250000000000005	87.57499999999999	170.95	244.35	0.0	0.0	0.0	1824158.0	60804.0	2.425	1.5125000000000002	5.85	10.350000000000001	244.35
