concurrency	elapsed-r	errors-r	ops(total)-r	ops/sec(cum)-r	avg(ms)-r	p50(ms)-r	p95(ms)-r	p99(ms)-r	pMax(ms)-r	total-r	elapsed	errors	ops(total)	ops/sec(cum)	avg(ms)	p50(ms)	p95(ms)	p99(ms)	pMax(ms)
17	0.0	0.0	1292430.0	43080.49999999999	2.975	2.7750000000000004	5.375	8.375	22.7	0.0	0.0	0.0	1292430.0	43080.49999999999	2.975	2.7750000000000004	5.375	8.375	22.7
