concurrency	elapsed-r	errors-r	ops(total)-r	ops/sec(cum)-r	avg(ms)-r	p50(ms)-r	p95(ms)-r	p99(ms)-r	pMax(ms)-r	total-r	elapsed	errors	ops(total)	ops/sec(cum)	avg(ms)	p50(ms)	p95(ms)	p99(ms)	pMax(ms)
28	0.0	0.0	1374845.0	45827.4	2.25	2.15	3.95	6.4750000000000005	16.549999999999997	0.0	0.0	0.0	1374845.0	45827.4	2.25	2.15	3.95	6.4750000000000005	16.549999999999997
