concurrency	elapsed-r	errors-r	ops(total)-r	ops/sec(cum)-r	avg(ms)-r	p50(ms)-r	p95(ms)-r	p99(ms)-r	pMax(ms)-r	total-r	elapsed-w	errors-w	ops(total)-w	ops/sec(cum)-w	avg(ms)-w	p50(ms)-w	p95(ms)-w	p99(ms)-w	pMax(ms)-w	total-w	elapsed	errors	ops(total)	ops/sec(cum)	avg(ms)	p50(ms)	p95(ms)	p99(ms)	pMax(ms)
44	0.0	0.0	4500470.0	150012.40000000002	1.8375	1.6875000000000002	3.3874999999999997	6.225	217.04999999999995	0.0	0.0	0.0	237099.0	7903.000000000001	2.0375	1.7125000000000001	3.525	7.825	149.92499999999998	0.0	0.0	0.0	4737569.0	157915.50000000003	1.85	1.6875000000000002	3.4124999999999996	6.374999999999999	217.04999999999995
