concurrency	elapsed-r	errors-r	ops(total)-r	ops/sec(cum)-r	avg(ms)-r	p50(ms)-r	p95(ms)-r	p99(ms)-r	pMax(ms)-r	total-r	elapsed	errors	ops(total)	ops/sec(cum)	avg(ms)	p50(ms)	p95(ms)	p99(ms)	pMax(ms)
24	0.0	0.0	1406625.0	46886.4	3.925	3.625	7.699999999999999	11.562499999999998	28.600000000000005	0.0	0.0	0.0	1406625.0	46886.4	3.925	3.625	7.699999999999999	11.562499999999998	28.600000000000005
