concurrency	elapsed-r	errors-r	ops(total)-r	ops/sec(cum)-r	avg(ms)-r	p50(ms)-r	p95(ms)-r	p99(ms)-r	pMax(ms)-r	total-r	elapsed-w	errors-w	ops(total)-w	ops/sec(cum)-w	avg(ms)-w	p50(ms)-w	p95(ms)-w	p99(ms)-w	pMax(ms)-w	total-w	elapsed	errors	ops(total)	ops/sec(cum)	avg(ms)	p50(ms)	p95(ms)	p99(ms)	pMax(ms)
48	0.0	0.0	1254452.0	41813.5	7.862500000000001	6.975	17.45	26.3625	102.7875	0.0	0.0	0.0	66453.0	2215.1	14.912500000000001	13.899999999999999	29.900000000000002	41.9	115.36250000000001	0.0	0.0	0.0	1320905.0	44028.49999999999	8.212499999999999	7.15	19.125	28.325	116.4
