concurrency	elapsed-r	errors-r	ops(total)-r	ops/sec(cum)-r	avg(ms)-r	p50(ms)-r	p95(ms)-r	p99(ms)-r	pMax(ms)-r	total-r	elapsed-w	errors-w	ops(total)-w	ops/sec(cum)-w	avg(ms)-w	p50(ms)-w	p95(ms)-w	p99(ms)-w	pMax(ms)-w	total-w	elapsed	errors	ops(total)	ops/sec(cum)	avg(ms)	p50(ms)	p95(ms)	p99(ms)	pMax(ms)
55	0.0	0.0	3403751.0	113455.70000000001	3.35	3.175	5.7875	10.3375	29.362500000000004	0.0	0.0	0.0	179402.0	5980.1	3.3625000000000003	3.1875	5.825	10.625	21.362499999999997	0.0	0.0	0.0	3583153.0	119435.6	3.35	3.175	5.7875	10.3375	29.362500000000004
