concurrency	elapsed-r	errors-r	ops(total)-r	ops/sec(cum)-r	avg(ms)-r	p50(ms)-r	p95(ms)-r	p99(ms)-r	pMax(ms)-r	total-r	elapsed-w	errors-w	ops(total)-w	ops/sec(cum)-w	avg(ms)-w	p50(ms)-w	p95(ms)-w	p99(ms)-w	pMax(ms)-w	total-w	elapsed	errors	ops(total)	ops/sec(cum)	avg(ms)	p50(ms)	p95(ms)	p99(ms)	pMax(ms)
32	0.0	0.0	3410269.0	113673.39999999998	1.9374999999999998	1.85	3.3499999999999996	6.4125	165.79999999999998	0.0	0.0	0.0	179543.0	5984.799999999999	1.95	1.85	3.375	6.4625	19.2125	0.0	0.0	0.0	3589812.0	119658.0	1.9374999999999998	1.85	3.3499999999999996	6.45	166.06249999999997
