concurrency	elapsed-r	errors-r	ops(total)-r	ops/sec(cum)-r	avg(ms)-r	p50(ms)-r	p95(ms)-r	p99(ms)-r	pMax(ms)-r	total-r	elapsed-w	errors-w	ops(total)-w	ops/sec(cum)-w	avg(ms)-w	p50(ms)-w	p95(ms)-w	p99(ms)-w	pMax(ms)-w	total-w	elapsed	errors	ops(total)	ops/sec(cum)	avg(ms)	p50(ms)	p95(ms)	p99(ms)	pMax(ms)
11	0.0	0.0	939176.0	31305.3	2.3375	1.7750000000000001	5.85	10.5	158.35	0.0	0.0	0.0	49406.0	1646.9	4.362500000000001	3.1750000000000003	11.6	20.337500000000002	72.8625	0.0	0.0	0.0	988582.0	32952.200000000004	2.4375	1.8	6.137499999999999	11.375	158.35
