concurrency	elapsed-r	errors-r	ops(total)-r	ops/sec(cum)-r	avg(ms)-r	p50(ms)-r	p95(ms)-r	p99(ms)-r	pMax(ms)-r	total-r	elapsed-w	errors-w	ops(total)-w	ops/sec(cum)-w	avg(ms)-w	p50(ms)-w	p95(ms)-w	p99(ms)-w	pMax(ms)-w	total-w	elapsed	errors	ops(total)	ops/sec(cum)	avg(ms)	p50(ms)	p95(ms)	p99(ms)	pMax(ms)
24	0.0	0.0	836676.0	27888.699999999997	1.8	1.5333333333333332	3.033333333333333	8.733333333333334	48.9	0.0	0.0	0.0	43400.0	1446.6999999999998	3.2000000000000006	2.7999999999999994	6.2	16.433333333333334	51.0	0.0	0.0	0.0	880076.0	29335.300000000003	1.8999999999999997	1.6000000000000003	3.4333333333333336	9.233333333333334	52.4
