concurrency	elapsed-r	errors-r	ops(total)-r	ops/sec(cum)-r	avg(ms)-r	p50(ms)-r	p95(ms)-r	p99(ms)-r	pMax(ms)-r	total-r	elapsed-w	errors-w	ops(total)-w	ops/sec(cum)-w	avg(ms)-w	p50(ms)-w	p95(ms)-w	p99(ms)-w	pMax(ms)-w	total-w	elapsed	errors	ops(total)	ops/sec(cum)	avg(ms)	p50(ms)	p95(ms)	p99(ms)	pMax(ms)
12	0.0	0.0	1462320.0	48743.4	1.5999999999999999	1.375	3.4625	4.55	24.9125	0.0	0.0	0.0	77060.0	2568.6	3.7749999999999995	3.2625	9.174999999999999	14.4875	26.625000000000004	0.0	0.0	0.0	1539380.0	51311.9	1.6999999999999997	1.4124999999999999	3.7124999999999995	5.887499999999999	28.462500000000002
