concurrency	elapsed-w	errors-w	ops(total)-w	ops/sec(cum)-w	avg(ms)-w	p50(ms)-w	p95(ms)-w	p99(ms)-w	pMax(ms)-w	total-w	elapsed	errors	ops(total)	ops/sec(cum)	avg(ms)	p50(ms)	p95(ms)	p99(ms)	pMax(ms)
45	0.0	0.0	538860.0	17961.2	19.612499999999997	17.812500000000004	46.3625	59.224999999999994	114.825	0.0	0.0	0.0	538860.0	17961.2	19.612499999999997	17.812500000000004	46.3625	59.224999999999994	114.825
