concurrency	elapsed-r	errors-r	ops(total)-r	ops/sec(cum)-r	avg(ms)-r	p50(ms)-r	p95(ms)-r	p99(ms)-r	pMax(ms)-r	total-r	elapsed-w	errors-w	ops(total)-w	ops/sec(cum)-w	avg(ms)-w	p50(ms)-w	p95(ms)-w	p99(ms)-w	pMax(ms)-w	total-w	elapsed	errors	ops(total)	ops/sec(cum)	avg(ms)	p50(ms)	p95(ms)	p99(ms)	pMax(ms)
37	0.0	0.0	2237425.0	74578.40000000001	3.3375000000000004	2.8750000000000004	7.075	12.075	78.76249999999999	0.0	0.0	0.0	117286.0	3909.5	4.300000000000001	3.0875000000000004	11.5625	17.4875	37.6	0.0	0.0	0.0	2354711.0	78488.09999999999	3.4125	2.8750000000000004	7.475	12.45	84.1125
