concurrency	elapsed-r	errors-r	ops(total)-r	ops/sec(cum)-r	avg(ms)-r	p50(ms)-r	p95(ms)-r	p99(ms)-r	pMax(ms)-r	total-r	elapsed	errors	ops(total)	ops/sec(cum)	avg(ms)	p50(ms)	p95(ms)	p99(ms)	pMax(ms)
35	0.0	0.0	996651.0	33220.9	8.424999999999999	7.725	17.4125	25.1125	68.14999999999999	0.0	0.0	0.0	996651.0	33220.9	8.424999999999999	7.725	17.4125	25.1125	68.14999999999999
