concurrency	elapsed-r	errors-r	ops(total)-r	ops/sec(cum)-r	avg(ms)-r	p50(ms)-r	p95(ms)-r	p99(ms)-r	pMax(ms)-r	total-r	elapsed-w	errors-w	ops(total)-w	ops/sec(cum)-w	avg(ms)-w	p50(ms)-w	p95(ms)-w	p99(ms)-w	pMax(ms)-w	total-w	elapsed	errors	ops(total)	ops/sec(cum)	avg(ms)	p50(ms)	p95(ms)	p99(ms)	pMax(ms)
95	0.0	0.0	2712856.0	90424.5	5.42	4.32	14.4	23.2	201.76	0.0	0.0	0.0	143625.0	4787.199999999999	14.660000000000002	13.2	31.439999999999998	42.339999999999996	152.66000000000003	0.0	0.0	0.0	2856481.0	95211.9	5.859999999999999	4.5200000000000005	16.660000000000004	26.020000000000003	201.76
