concurrency	elapsed-w	errors-w	ops(total)-w	ops/sec(cum)-w	avg(ms)-w	p50(ms)-w	p95(ms)-w	p99(ms)-w	pMax(ms)-w	total-w	elapsed	errors	ops(total)	ops/sec(cum)	avg(ms)	p50(ms)	p95(ms)	p99(ms)	pMax(ms)
7	0.0	0.0	24149.0	805.0	34.425	4.2749999999999995	92.3	96.5	111.14999999999999	0.0	0.0	0.0	24149.0	805.0	34.425	4.2749999999999995	92.3	96.5	111.14999999999999
