concurrency	elapsed-r	errors-r	ops(total)-r	ops/sec(cum)-r	avg(ms)-r	p50(ms)-r	p95(ms)-r	p99(ms)-r	pMax(ms)-r	total-r	elapsed-w	errors-w	ops(total)-w	ops/sec(cum)-w	avg(ms)-w	p50(ms)-w	p95(ms)-w	p99(ms)-w	pMax(ms)-w	total-w	elapsed	errors	ops(total)	ops/sec(cum)	avg(ms)	p50(ms)	p95(ms)	p99(ms)	pMax(ms)
15	0.0	0.0	143573.0	4785.5	18.700000000000003	2.775	131.575	318.8	985.6500000000001	0.0	0.0	0.0	7442.0	247.9	117.85000000000001	52.400000000000006	478.15	775.9375	1203.7875000000001	0.0	0.0	0.0	151015.0	5033.7	23.575	2.8625	155.2	379.6	1207.9875000000002
