concurrency	elapsed-r	errors-r	ops(total)-r	ops/sec(cum)-r	avg(ms)-r	p50(ms)-r	p95(ms)-r	p99(ms)-r	pMax(ms)-r	total-r	elapsed-w	errors-w	ops(total)-w	ops/sec(cum)-w	avg(ms)-w	p50(ms)-w	p95(ms)-w	p99(ms)-w	pMax(ms)-w	total-w	elapsed	errors	ops(total)	ops/sec(cum)	avg(ms)	p50(ms)	p95(ms)	p99(ms)	pMax(ms)
28	0.0	0.0	956196.0	31872.6	2.1	1.6400000000000001	5.319999999999999	11.1	36.92	0.0	0.0	0.0	50597.0	1686.6	30.46	2.9	167.8	191.21999999999997	226.5	0.0	0.0	0.0	1006793.0	33559.0	3.5200000000000005	1.6600000000000001	6.0	24.759999999999998	226.5
