ops/sec(cum)	p50(ms)	p99(ms)	read_tp	read_p50	read_p99	write_tp	write_p50	write_p99
130211.06666666667	0.7438571428571429	3.789	124260.34999999999	0.7537142857142857	3.789	5949.716666666667	0.734	3.597857142857143
