concurrency	elapsed-r	errors-r	ops(total)-r	ops/sec(cum)-r	avg(ms)-r	p50(ms)-r	p95(ms)-r	p99(ms)-r	pMax(ms)-r	total-r	elapsed-w	errors-w	ops(total)-w	ops/sec(cum)-w	avg(ms)-w	p50(ms)-w	p95(ms)-w	p99(ms)-w	pMax(ms)-w	total-w	elapsed	errors	ops(total)	ops/sec(cum)	avg(ms)	p50(ms)	p95(ms)	p99(ms)	pMax(ms)
18	0.0	0.0	1451241.0	48374.0	2.3874999999999997	2.3	5.275	7.0249999999999995	33.025	0.0	0.0	0.0	76191.0	2539.8	7.562500000000001	4.675	28.850000000000005	40.5875	71.03750000000001	0.0	0.0	0.0	1527432.0	50913.6	2.6500000000000004	2.4	5.6875	11.2125	71.03750000000001
