concurrency	elapsed-r	errors-r	ops(total)-r	ops/sec(cum)-r	avg(ms)-r	p50(ms)-r	p95(ms)-r	p99(ms)-r	pMax(ms)-r	total-r	elapsed-w	errors-w	ops(total)-w	ops/sec(cum)-w	avg(ms)-w	p50(ms)-w	p95(ms)-w	p99(ms)-w	pMax(ms)-w	total-w	elapsed	errors	ops(total)	ops/sec(cum)	avg(ms)	p50(ms)	p95(ms)	p99(ms)	pMax(ms)
49	0.0	0.0	1949581.0	64983.700000000004	5.025	4.45	11.8	18.35	130.82500000000002	0.0	0.0	0.0	102561.0	3418.5	9.3	8.775	20.587500000000002	28.325000000000003	86.4875	0.0	0.0	0.0	2052142.0	68402.3	5.25	4.475	12.849999999999998	19.400000000000002	149.175
