concurrency	elapsed-r	errors-r	ops(total)-r	ops/sec(cum)-r	avg(ms)-r	p50(ms)-r	p95(ms)-r	p99(ms)-r	pMax(ms)-r	total-r	elapsed-w	errors-w	ops(total)-w	ops/sec(cum)-w	avg(ms)-w	p50(ms)-w	p95(ms)-w	p99(ms)-w	pMax(ms)-w	total-w	elapsed	errors	ops(total)	ops/sec(cum)	avg(ms)	p50(ms)	p95(ms)	p99(ms)	pMax(ms)
72	0.0	0.0	4197718.0	139917.69999999998	2.46	1.98	5.88	12.28	45.94	0.0	0.0	0.0	221282.0	7375.8	5.0600000000000005	4.1	12.120000000000001	20.6	66.03999999999999	0.0	0.0	0.0	4419000.0	147293.6	2.58	2.04	6.4799999999999995	12.68	67.1
