concurrency	elapsed-r	errors-r	ops(total)-r	ops/sec(cum)-r	avg(ms)-r	p50(ms)-r	p95(ms)-r	p99(ms)-r	pMax(ms)-r	total-r	elapsed-w	errors-w	ops(total)-w	ops/sec(cum)-w	avg(ms)-w	p50(ms)-w	p95(ms)-w	p99(ms)-w	pMax(ms)-w	total-w	elapsed	errors	ops(total)	ops/sec(cum)	avg(ms)	p50(ms)	p95(ms)	p99(ms)	pMax(ms)
157	0.0	0.0	4601276.0	153362.8	4.58	3.4799999999999995	13.219999999999999	24.1	170.48	0.0	0.0	0.0	241467.0	8048.199999999999	22.139999999999997	11.139999999999999	27.880000000000003	631.48	1139.6200000000001	0.0	0.0	0.0	4842743.0	161411.1	5.44	3.66	15.059999999999999	26.74	1140.2400000000002
