concurrency	elapsed-r	errors-r	ops(total)-r	ops/sec(cum)-r	avg(ms)-r	p50(ms)-r	p95(ms)-r	p99(ms)-r	pMax(ms)-r	total-r	elapsed-w	errors-w	ops(total)-w	ops/sec(cum)-w	avg(ms)-w	p50(ms)-w	p95(ms)-w	p99(ms)-w	pMax(ms)-w	total-w	elapsed	errors	ops(total)	ops/sec(cum)	avg(ms)	p50(ms)	p95(ms)	p99(ms)	pMax(ms)
5	0.0	0.0	529547.0	17651.3	1.875	1.7750000000000001	2.7249999999999996	4.125	16.3125	0.0	0.0	0.0	27731.0	924.3	3.2750000000000004	3.1875	4.574999999999999	7.0249999999999995	13.575000000000001	0.0	0.0	0.0	557278.0	18575.7	1.9625	1.8375000000000001	3.175	4.525	16.3125
