concurrency	elapsed-r	errors-r	ops(total)-r	ops/sec(cum)-r	avg(ms)-r	p50(ms)-r	p95(ms)-r	p99(ms)-r	pMax(ms)-r	total-r	elapsed-w	errors-w	ops(total)-w	ops/sec(cum)-w	avg(ms)-w	p50(ms)-w	p95(ms)-w	p99(ms)-w	pMax(ms)-w	total-w	elapsed	errors	ops(total)	ops/sec(cum)	avg(ms)	p50(ms)	p95(ms)	p99(ms)	pMax(ms)
155	0.0	0.0	4708821.0	156946.8	4.5200000000000005	3.8	10.92	18.96	222.52000000000004	0.0	0.0	0.0	247387.0	8245.5	14.040000000000001	13.139999999999997	27.82	36.06	210.34	0.0	0.0	0.0	4956208.0	165192.09999999998	4.9799999999999995	3.84	14.219999999999999	23.66	222.52000000000004
