concurrency	elapsed-r	errors-r	ops(total)-r	ops/sec(cum)-r	avg(ms)-r	p50(ms)-r	p95(ms)-r	p99(ms)-r	pMax(ms)-r	total-r	elapsed-w	errors-w	ops(total)-w	ops/sec(cum)-w	avg(ms)-w	p50(ms)-w	p95(ms)-w	p99(ms)-w	pMax(ms)-w	total-w	elapsed	errors	ops(total)	ops/sec(cum)	avg(ms)	p50(ms)	p95(ms)	p99(ms)	pMax(ms)
104	0.0	0.0	850250.0	28340.2	8.0	6.599999999999999	20.266666666666666	30.766666666666666	385.8999999999999	0.0	0.0	0.0	44565.0	1485.4	26.266666666666666	24.100000000000005	50.29999999999999	65.7	369.1000000000001	0.0	0.0	0.0	894815.0	29825.699999999997	8.9	6.8	25.2	40.5	402.6666666666667
