concurrency	elapsed-r	errors-r	ops(total)-r	ops/sec(cum)-r	avg(ms)-r	p50(ms)-r	p95(ms)-r	p99(ms)-r	pMax(ms)-r	total-r	elapsed	errors	ops(total)	ops/sec(cum)	avg(ms)	p50(ms)	p95(ms)	p99(ms)	pMax(ms)
64	0.0	0.0	1294813.0	43158.7	12.0875	10.375	27.275000000000002	43.225	105.39999999999999	0.0	0.0	0.0	1294813.0	43158.7	12.0875	10.375	27.275000000000002	43.225	105.39999999999999
