concurrency	elapsed-w	errors-w	ops(total)-w	ops/sec(cum)-w	avg(ms)-w	p50(ms)-w	p95(ms)-w	p99(ms)-w	pMax(ms)-w	total-w	elapsed	errors	ops(total)	ops/sec(cum)	avg(ms)	p50(ms)	p95(ms)	p99(ms)	pMax(ms)
45	0.0	0.0	720133.0	24003.7	14.575000000000001	12.325	35.675000000000004	48.2	112.7375	0.0	0.0	0.0	720133.0	24003.7	14.575000000000001	12.325	35.675000000000004	48.2	112.7375
