concurrency	elapsed-w	errors-w	ops(total)-w	ops/sec(cum)-w	avg(ms)-w	p50(ms)-w	p95(ms)-w	p99(ms)-w	pMax(ms)-w	total-w	elapsed	errors	ops(total)	ops/sec(cum)	avg(ms)	p50(ms)	p95(ms)	p99(ms)	pMax(ms)
42	0.0	0.0	3532997.0	117764.00000000001	2.6375	2.5000000000000004	4.875	7.8999999999999995	23.8625	0.0	0.0	0.0	3532997.0	117764.00000000001	2.6375	2.5000000000000004	4.875	7.8999999999999995	23.8625
