concurrency	elapsed-r	errors-r	ops(total)-r	ops/sec(cum)-r	avg(ms)-r	p50(ms)-r	p95(ms)-r	p99(ms)-r	pMax(ms)-r	total-r	elapsed-w	errors-w	ops(total)-w	ops/sec(cum)-w	avg(ms)-w	p50(ms)-w	p95(ms)-w	p99(ms)-w	pMax(ms)-w	total-w	elapsed	errors	ops(total)	ops/sec(cum)	avg(ms)	p50(ms)	p95(ms)	p99(ms)	pMax(ms)
7	0.0	0.0	159877.0	5329.2	4.437499999999999	4.3374999999999995	7.7625	9.524999999999999	14.962499999999999	0.0	0.0	0.0	8403.0	280.09999999999997	109.4375	121.60000000000001	159.4	167.79999999999998	178.27500000000003	0.0	0.0	0.0	168280.0	5609.3	9.700000000000001	4.375	10.475000000000001	142.6	178.27500000000003
