concurrency	elapsed-r	errors-r	ops(total)-r	ops/sec(cum)-r	avg(ms)-r	p50(ms)-r	p95(ms)-r	p99(ms)-r	pMax(ms)-r	total-r	elapsed	errors	ops(total)	ops/sec(cum)	avg(ms)	p50(ms)	p95(ms)	p99(ms)	pMax(ms)
39	0.0	0.0	993096.0	33102.200000000004	9.424999999999999	8.675	19.925	27.6625	74.45	0.0	0.0	0.0	993096.0	33102.200000000004	9.424999999999999	8.675	19.925	27.6625	74.45
