concurrency	elapsed-r	errors-r	ops(total)-r	ops/sec(cum)-r	avg(ms)-r	p50(ms)-r	p95(ms)-r	p99(ms)-r	pMax(ms)-r	total-r	elapsed-w	errors-w	ops(total)-w	ops/sec(cum)-w	avg(ms)-w	p50(ms)-w	p95(ms)-w	p99(ms)-w	pMax(ms)-w	total-w	elapsed	errors	ops(total)	ops/sec(cum)	avg(ms)	p50(ms)	p95(ms)	p99(ms)	pMax(ms)
15	0.0	0.0	3143083.0	104768.1	0.925	0.8500000000000001	1.2000000000000002	2.8125	93.18750000000001	0.0	0.0	0.0	165197.0	5506.599999999999	0.925	0.8500000000000001	1.175	2.9375	15.412499999999998	0.0	0.0	0.0	3308280.0	110274.6	0.925	0.8500000000000001	1.2000000000000002	2.8125	93.18750000000001
