concurrency	elapsed-r	errors-r	ops(total)-r	ops/sec(cum)-r	avg(ms)-r	p50(ms)-r	p95(ms)-r	p99(ms)-r	pMax(ms)-r	total-r	elapsed	errors	ops(total)	ops/sec(cum)	avg(ms)	p50(ms)	p95(ms)	p99(ms)	pMax(ms)
51	0.0	0.0	1551130.0	51702.9	7.325	6.7	16.0	23.099999999999998	66.57500000000002	0.0	0.0	0.0	1551130.0	51702.9	7.325	6.7	16.0	23.099999999999998	66.57500000000002
