concurrency	elapsed-r	errors-r	ops(total)-r	ops/sec(cum)-r	avg(ms)-r	p50(ms)-r	p95(ms)-r	p99(ms)-r	pMax(ms)-r	total-r	elapsed-w	errors-w	ops(total)-w	ops/sec(cum)-w	avg(ms)-w	p50(ms)-w	p95(ms)-w	p99(ms)-w	pMax(ms)-w	total-w	elapsed	errors	ops(total)	ops/sec(cum)	avg(ms)	p50(ms)	p95(ms)	p99(ms)	pMax(ms)
6	0.0	0.0	619072.0	20635.4	1.95	1.85	2.95	4.15	15.0875	0.0	0.0	0.0	32525.0	1084.1999999999998	3.5250000000000004	3.4749999999999996	5.075	7.3374999999999995	13.7125	0.0	0.0	0.0	651597.0	21719.6	2.05	1.85	3.425	4.775	15.475000000000001
