concurrency	elapsed-r	errors-r	ops(total)-r	ops/sec(cum)-r	avg(ms)-r	p50(ms)-r	p95(ms)-r	p99(ms)-r	pMax(ms)-r	total-r	elapsed-w	errors-w	ops(total)-w	ops/sec(cum)-w	avg(ms)-w	p50(ms)-w	p95(ms)-w	p99(ms)-w	pMax(ms)-w	total-w	elapsed	errors	ops(total)	ops/sec(cum)	avg(ms)	p50(ms)	p95(ms)	p99(ms)	pMax(ms)
24	0.0	0.0	1362664.0	45421.2	3.6000000000000005	3.6125	7.6	9.275	62.900000000000006	0.0	0.0	0.0	71649.0	2388.2999999999997	8.3375	5.6625	33.95	65.0	95.44999999999999	0.0	0.0	0.0	1434313.0	47809.50000000001	3.8375000000000004	3.6875	7.8125	10.4375	95.44999999999999
