concurrency	elapsed-r	errors-r	ops(total)-r	ops/sec(cum)-r	avg(ms)-r	p50(ms)-r	p95(ms)-r	p99(ms)-r	pMax(ms)-r	total-r	elapsed-w	errors-w	ops(total)-w	ops/sec(cum)-w	avg(ms)-w	p50(ms)-w	p95(ms)-w	p99(ms)-w	pMax(ms)-w	total-w	elapsed	errors	ops(total)	ops/sec(cum)	avg(ms)	p50(ms)	p95(ms)	p99(ms)	pMax(ms)
32	0.0	0.0	4564250.0	152138.50000000003	1.3375000000000001	1.225	2.3249999999999997	3.8874999999999997	214.95	0.0	0.0	0.0	240835.0	8027.6	1.375	1.2500000000000002	2.5500000000000003	5.0375	126.8625	0.0	0.0	0.0	4805085.0	160166.09999999998	1.3375000000000001	1.225	2.35	3.9625	214.95
