concurrency	elapsed-r	errors-r	ops(total)-r	ops/sec(cum)-r	avg(ms)-r	p50(ms)-r	p95(ms)-r	p99(ms)-r	pMax(ms)-r	total-r	elapsed-w	errors-w	ops(total)-w	ops/sec(cum)-w	avg(ms)-w	p50(ms)-w	p95(ms)-w	p99(ms)-w	pMax(ms)-w	total-w	elapsed	errors	ops(total)	ops/sec(cum)	avg(ms)	p50(ms)	p95(ms)	p99(ms)	pMax(ms)
30	0.0	0.0	3081915.0	102728.9	1.9500000000000002	1.775	3.1999999999999997	6.125000000000001	25.975	0.0	0.0	0.0	162843.0	5428.099999999999	2.1374999999999997	1.8625	4.800000000000001	7.5249999999999995	21.712500000000002	0.0	0.0	0.0	3244758.0	108156.90000000002	1.9625	1.775	3.275	6.35	26.3625
