concurrency	elapsed-r	errors-r	ops(total)-r	ops/sec(cum)-r	avg(ms)-r	p50(ms)-r	p95(ms)-r	p99(ms)-r	pMax(ms)-r	total-r	elapsed	errors	ops(total)	ops/sec(cum)	avg(ms)	p50(ms)	p95(ms)	p99(ms)	pMax(ms)
45	0.0	0.0	5516843.0	183891.0	1.5749999999999997	1.4625	2.7249999999999996	5.7375	219.14999999999998	0.0	0.0	0.0	5516843.0	183891.0	1.5749999999999997	1.4625	2.7249999999999996	5.7375	219.14999999999998
