concurrency	elapsed-r	errors-r	ops(total)-r	ops/sec(cum)-r	avg(ms)-r	p50(ms)-r	p95(ms)-r	p99(ms)-r	pMax(ms)-r	total-r	elapsed-w	errors-w	ops(total)-w	ops/sec(cum)-w	avg(ms)-w	p50(ms)-w	p95(ms)-w	p99(ms)-w	pMax(ms)-w	total-w	elapsed	errors	ops(total)	ops/sec(cum)	avg(ms)	p50(ms)	p95(ms)	p99(ms)	pMax(ms)
43	0.0	0.0	2643197.0	58736.299999999996	2.3	1.6	6.8	17.8	171.14000000000001	0.0	0.0	0.0	138837.0	3085.2	4.74	3.4	15.940000000000001	30.619999999999997	87.66	0.0	0.0	0.0	2782034.0	61821.399999999994	2.44	1.6	7.3	18.9	171.14000000000001
