concurrency	elapsed-r	errors-r	ops(total)-r	ops/sec(cum)-r	avg(ms)-r	p50(ms)-r	p95(ms)-r	p99(ms)-r	pMax(ms)-r	total-r	elapsed-w	errors-w	ops(total)-w	ops/sec(cum)-w	avg(ms)-w	p50(ms)-w	p95(ms)-w	p99(ms)-w	pMax(ms)-w	total-w	elapsed	errors	ops(total)	ops/sec(cum)	avg(ms)	p50(ms)	p95(ms)	p99(ms)	pMax(ms)
58	0.0	0.0	3470670.0	115685.5	3.5375000000000005	3.1250000000000004	9.675	14.850000000000001	101.0625	0.0	0.0	0.0	182606.0	6086.5	3.5875	3.1250000000000004	9.762500000000001	14.975000000000001	32.900000000000006	0.0	0.0	0.0	3653276.0	121772.09999999999	3.5375000000000005	3.1250000000000004	9.675	14.850000000000001	103.8
