concurrency	elapsed-r	errors-r	ops(total)-r	ops/sec(cum)-r	avg(ms)-r	p50(ms)-r	p95(ms)-r	p99(ms)-r	pMax(ms)-r	total-r	elapsed-w	errors-w	ops(total)-w	ops/sec(cum)-w	avg(ms)-w	p50(ms)-w	p95(ms)-w	p99(ms)-w	pMax(ms)-w	total-w	elapsed	errors	ops(total)	ops/sec(cum)	avg(ms)	p50(ms)	p95(ms)	p99(ms)	pMax(ms)
18	0.0	0.0	418781.0	13959.1	2.9875	2.2	6.637499999999999	8.8875	20.3125	0.0	0.0	0.0	22119.0	737.3	133.3625	4.3374999999999995	419.40000000000003	436.19999999999993	469.80000000000007	0.0	0.0	0.0	440900.0	14696.5	9.537500000000001	2.325	7.312500000000001	385.90000000000003	469.80000000000007
