concurrency	elapsed-r	errors-r	ops(total)-r	ops/sec(cum)-r	avg(ms)-r	p50(ms)-r	p95(ms)-r	p99(ms)-r	pMax(ms)-r	total-r	elapsed	errors	ops(total)	ops/sec(cum)	avg(ms)	p50(ms)	p95(ms)	p99(ms)	pMax(ms)
14	0.0	0.0	1366444.0	45547.6	2.275	2.1750000000000003	3.8375	6.4625	17.175	0.0	0.0	0.0	1366444.0	45547.6	2.275	2.1750000000000003	3.8375	6.4625	17.175
