concurrency	elapsed-w	errors-w	ops(total)-w	ops/sec(cum)-w	avg(ms)-w	p50(ms)-w	p95(ms)-w	p99(ms)-w	pMax(ms)-w	total-w	elapsed	errors	ops(total)	ops/sec(cum)	avg(ms)	p50(ms)	p95(ms)	p99(ms)	pMax(ms)
43	0.0	0.0	3380628.0	112685.59999999998	2.8375	2.7249999999999996	4.875	8.3125	25.187499999999996	0.0	0.0	0.0	3380628.0	112685.59999999998	2.8375	2.7249999999999996	4.875	8.3125	25.187499999999996
