concurrency	elapsed-r	errors-r	ops(total)-r	ops/sec(cum)-r	avg(ms)-r	p50(ms)-r	p95(ms)-r	p99(ms)-r	pMax(ms)-r	total-r	elapsed-w	errors-w	ops(total)-w	ops/sec(cum)-w	avg(ms)-w	p50(ms)-w	p95(ms)-w	p99(ms)-w	pMax(ms)-w	total-w	elapsed	errors	ops(total)	ops/sec(cum)	avg(ms)	p50(ms)	p95(ms)	p99(ms)	pMax(ms)
55	0.0	0.0	3349329.0	111641.09999999999	3.5125000000000006	3.2874999999999996	8.9	13.374999999999998	80.22500000000001	0.0	0.0	0.0	176352.0	5878.3	3.5125000000000006	3.3375	9.1	13.249999999999998	26.0875	0.0	0.0	0.0	3525681.0	117519.5	3.5125000000000006	3.2874999999999996	9.025	13.374999999999998	80.22500000000001
