concurrency	elapsed-r	errors-r	ops(total)-r	ops/sec(cum)-r	avg(ms)-r	p50(ms)-r	p95(ms)-r	p99(ms)-r	pMax(ms)-r	total-r	elapsed-w	errors-w	ops(total)-w	ops/sec(cum)-w	avg(ms)-w	p50(ms)-w	p95(ms)-w	p99(ms)-w	pMax(ms)-w	total-w	elapsed	errors	ops(total)	ops/sec(cum)	avg(ms)	p50(ms)	p95(ms)	p99(ms)	pMax(ms)
40	0.0	0.0	1963792.0	65457.9	4.0375	3.55	9.4	14.825000000000001	85.96249999999999	0.0	0.0	0.0	103557.0	3451.9000000000005	7.349999999999999	6.874999999999998	16.287499999999998	22.412499999999998	40.0875	0.0	0.0	0.0	2067349.0	68909.8	4.2	3.6624999999999996	10.0625	15.700000000000001	87.53750000000001
