concurrency	elapsed-r	errors-r	ops(total)-r	ops/sec(cum)-r	avg(ms)-r	p50(ms)-r	p95(ms)-r	p99(ms)-r	pMax(ms)-r	total-r	elapsed	errors	ops(total)	ops/sec(cum)	avg(ms)	p50(ms)	p95(ms)	p99(ms)	pMax(ms)
18	0.0	0.0	1097474.0	36582.0	3.7499999999999996	3.4749999999999996	7.0125	10.0125	26.8625	0.0	0.0	0.0	1097474.0	36582.0	3.7499999999999996	3.4749999999999996	7.0125	10.0125	26.8625
