concurrency	elapsed-w	errors-w	ops(total)-w	ops/sec(cum)-w	avg(ms)-w	p50(ms)-w	p95(ms)-w	p99(ms)-w	pMax(ms)-w	total-w	elapsed	errors	ops(total)	ops/sec(cum)	avg(ms)	p50(ms)	p95(ms)	p99(ms)	pMax(ms)
16	0.0	0.0	4584212.0	152805.7	0.65	0.65	1.1624999999999999	1.5125	22.812500000000004	0.0	0.0	0.0	4584212.0	152805.7	0.65	0.65	1.1624999999999999	1.5125	22.812500000000004
