concurrency	elapsed-r	errors-r	ops(total)-r	ops/sec(cum)-r	avg(ms)-r	p50(ms)-r	p95(ms)-r	p99(ms)-r	pMax(ms)-r	total-r	elapsed-w	errors-w	ops(total)-w	ops/sec(cum)-w	avg(ms)-w	p50(ms)-w	p95(ms)-w	p99(ms)-w	pMax(ms)-w	total-w	elapsed	errors	ops(total)	ops/sec(cum)	avg(ms)	p50(ms)	p95(ms)	p99(ms)	pMax(ms)
33	0.0	0.0	894808.0	29826.1	2.1	1.48	5.2	11.620000000000001	138.4	0.0	0.0	0.0	47224.0	1574.1	44.260000000000005	2.6399999999999997	243.3	369.1	872.4399999999999	0.0	0.0	0.0	942032.0	31400.300000000003	4.22	1.5	5.8	31.060000000000002	872.4399999999999
