concurrency	elapsed-r	errors-r	ops(total)-r	ops/sec(cum)-r	avg(ms)-r	p50(ms)-r	p95(ms)-r	p99(ms)-r	pMax(ms)-r	total-r	elapsed-w	errors-w	ops(total)-w	ops/sec(cum)-w	avg(ms)-w	p50(ms)-w	p95(ms)-w	p99(ms)-w	pMax(ms)-w	total-w	elapsed	errors	ops(total)	ops/sec(cum)	avg(ms)	p50(ms)	p95(ms)	p99(ms)	pMax(ms)
51	0.0	0.0	1837980.0	61263.700000000004	5.6000000000000005	4.5	14.149999999999999	22.8	76.28750000000001	0.0	0.0	0.0	97440.0	3248.0000000000005	10.999999999999998	9.425	26.612499999999997	38.5125	76.8125	0.0	0.0	0.0	1935420.0	64511.7	5.8374999999999995	4.7250000000000005	15.200000000000001	24.9	80.22500000000001
