concurrency	elapsed-r	errors-r	ops(total)-r	ops/sec(cum)-r	avg(ms)-r	p50(ms)-r	p95(ms)-r	p99(ms)-r	pMax(ms)-r	total-r	elapsed-w	errors-w	ops(total)-w	ops/sec(cum)-w	avg(ms)-w	p50(ms)-w	p95(ms)-w	p99(ms)-w	pMax(ms)-w	total-w	elapsed	errors	ops(total)	ops/sec(cum)	avg(ms)	p50(ms)	p95(ms)	p99(ms)	pMax(ms)
15	0.0	0.0	971662.0	32388.1	3.0625	1.9500000000000002	8.05	19.7875	167.79999999999998	0.0	0.0	0.0	51027.0	1700.9	7.8	3.525	35.425000000000004	50.824999999999996	182.45000000000005	0.0	0.0	0.0	1022689.0	34089.0	3.2874999999999996	2.0124999999999997	8.7	26.4875	187.70000000000002
