concurrency	elapsed-r	errors-r	ops(total)-r	ops/sec(cum)-r	avg(ms)-r	p50(ms)-r	p95(ms)-r	p99(ms)-r	pMax(ms)-r	total-r	elapsed	errors	ops(total)	ops/sec(cum)	avg(ms)	p50(ms)	p95(ms)	p99(ms)	pMax(ms)
39	0.0	0.0	1340400.0	44678.799999999996	6.5249999999999995	5.824999999999999	13.9875	20.2	162.025	0.0	0.0	0.0	1340400.0	44678.799999999996	6.5249999999999995	5.824999999999999	13.9875	20.2	162.025
