concurrency	elapsed-r	errors-r	ops(total)-r	ops/sec(cum)-r	avg(ms)-r	p50(ms)-r	p95(ms)-r	p99(ms)-r	pMax(ms)-r	total-r	elapsed-w	errors-w	ops(total)-w	ops/sec(cum)-w	avg(ms)-w	p50(ms)-w	p95(ms)-w	p99(ms)-w	pMax(ms)-w	total-w	elapsed	errors	ops(total)	ops/sec(cum)	avg(ms)	p50(ms)	p95(ms)	p99(ms)	pMax(ms)
31	0.0	0.0	3138310.0	104608.09999999999	2.025	1.8250000000000002	3.45	6.675	30.95	0.0	0.0	0.0	165634.0	5521.100000000001	2.075	1.8375000000000001	4.125	7.1875	25.4375	0.0	0.0	0.0	3303944.0	110129.09999999999	2.025	1.8250000000000002	3.475	6.7125	31.7375
