concurrency	elapsed-r	errors-r	ops(total)-r	ops/sec(cum)-r	avg(ms)-r	p50(ms)-r	p95(ms)-r	p99(ms)-r	pMax(ms)-r	total-r	elapsed-w	errors-w	ops(total)-w	ops/sec(cum)-w	avg(ms)-w	p50(ms)-w	p95(ms)-w	p99(ms)-w	pMax(ms)-w	total-w	elapsed	errors	ops(total)	ops/sec(cum)	avg(ms)	p50(ms)	p95(ms)	p99(ms)	pMax(ms)
51	0.0	0.0	1253528.0	41782.8	8.3375	7.425	18.6	26.75	119.54999999999998	0.0	0.0	0.0	65862.0	2195.5	16.8375	15.7375	34.125	47.150000000000006	91.77499999999999	0.0	0.0	0.0	1319390.0	43978.00000000001	8.75	7.675	20.2	29.625000000000004	125.84999999999998
