concurrency	elapsed-r	errors-r	ops(total)-r	ops/sec(cum)-r	avg(ms)-r	p50(ms)-r	p95(ms)-r	p99(ms)-r	pMax(ms)-r	total-r	elapsed-w	errors-w	ops(total)-w	ops/sec(cum)-w	avg(ms)-w	p50(ms)-w	p95(ms)-w	p99(ms)-w	pMax(ms)-w	total-w	elapsed	errors	ops(total)	ops/sec(cum)	avg(ms)	p50(ms)	p95(ms)	p99(ms)	pMax(ms)
15	0.0	0.0	1067744.0	35590.7	3.0	2.8999999999999995	5.5	6.299999999999999	19.675	0.0	0.0	0.0	56149.0	1871.7	3.075	2.9499999999999997	5.5375	6.675	13.262500000000001	0.0	0.0	0.0	1123893.0	37462.4	3.0	2.8999999999999995	5.5	6.299999999999999	19.675
