concurrency	elapsed-r	errors-r	ops(total)-r	ops/sec(cum)-r	avg(ms)-r	p50(ms)-r	p95(ms)-r	p99(ms)-r	pMax(ms)-r	total-r	elapsed-w	errors-w	ops(total)-w	ops/sec(cum)-w	avg(ms)-w	p50(ms)-w	p95(ms)-w	p99(ms)-w	pMax(ms)-w	total-w	elapsed	errors	ops(total)	ops/sec(cum)	avg(ms)	p50(ms)	p95(ms)	p99(ms)	pMax(ms)
42	0.0	0.0	3313492.0	110446.59999999999	2.6374999999999997	2.5000000000000004	5.799999999999999	8.775	93.7125	0.0	0.0	0.0	173957.0	5798.400000000001	2.65	2.5000000000000004	5.799999999999999	8.925	70.775	0.0	0.0	0.0	3487449.0	116245.0	2.6374999999999997	2.5000000000000004	5.799999999999999	8.775	143.125
