concurrency	elapsed-r	errors-r	ops(total)-r	ops/sec(cum)-r	avg(ms)-r	p50(ms)-r	p95(ms)-r	p99(ms)-r	pMax(ms)-r	total-r	elapsed	errors	ops(total)	ops/sec(cum)	avg(ms)	p50(ms)	p95(ms)	p99(ms)	pMax(ms)
37	0.0	0.0	1555508.0	51848.9	5.2749999999999995	4.825	11.5	16.7375	64.7375	0.0	0.0	0.0	1555508.0	51848.9	5.2749999999999995	4.825	11.5	16.7375	64.7375
