concurrency	elapsed-r	errors-r	ops(total)-r	ops/sec(cum)-r	avg(ms)-r	p50(ms)-r	p95(ms)-r	p99(ms)-r	pMax(ms)-r	total-r	elapsed	errors	ops(total)	ops/sec(cum)	avg(ms)	p50(ms)	p95(ms)	p99(ms)	pMax(ms)
39	0.0	0.0	1521789.0	50725.0	5.6875	5.25	12.349999999999998	18.625	126.875	0.0	0.0	0.0	1521789.0	50725.0	5.6875	5.25	12.349999999999998	18.625	126.875
