concurrency	elapsed-r	errors-r	ops(total)-r	ops/sec(cum)-r	avg(ms)-r	p50(ms)-r	p95(ms)-r	p99(ms)-r	pMax(ms)-r	total-r	elapsed-w	errors-w	ops(total)-w	ops/sec(cum)-w	avg(ms)-w	p50(ms)-w	p95(ms)-w	p99(ms)-w	pMax(ms)-w	total-w	elapsed	errors	ops(total)	ops/sec(cum)	avg(ms)	p50(ms)	p95(ms)	p99(ms)	pMax(ms)
10	0.0	0.0	660877.0	22029.2	2.95	2.45	5.8375	12.462499999999999	43.475	0.0	0.0	0.0	34746.0	1158.1	8.787500000000001	8.4375	15.012500000000001	21.1	48.724999999999994	0.0	0.0	0.0	695623.0	23187.200000000004	3.2499999999999996	2.625	7.975	14.362499999999999	48.724999999999994
