concurrency	elapsed-r	errors-r	ops(total)-r	ops/sec(cum)-r	avg(ms)-r	p50(ms)-r	p95(ms)-r	p99(ms)-r	pMax(ms)-r	total-r	elapsed	errors	ops(total)	ops/sec(cum)	avg(ms)	p50(ms)	p95(ms)	p99(ms)	pMax(ms)
32	0.0	0.0	1525319.0	50843.0	4.675	4.199999999999999	10.25	15.075000000000001	159.13750000000002	0.0	0.0	0.0	1525319.0	50843.0	4.675	4.199999999999999	10.25	15.075000000000001	159.13750000000002
