concurrency	elapsed-r	errors-r	ops(total)-r	ops/sec(cum)-r	avg(ms)-r	p50(ms)-r	p95(ms)-r	p99(ms)-r	pMax(ms)-r	total-r	elapsed-w	errors-w	ops(total)-w	ops/sec(cum)-w	avg(ms)-w	p50(ms)-w	p95(ms)-w	p99(ms)-w	pMax(ms)-w	total-w	elapsed	errors	ops(total)	ops/sec(cum)	avg(ms)	p50(ms)	p95(ms)	p99(ms)	pMax(ms)
47	0.0	0.0	3232388.0	107743.49999999999	3.0125	2.625	5.549999999999999	16.25	50.449999999999996	0.0	0.0	0.0	170077.0	5669.0	3.1625	2.7625	5.887499999999999	16.25	43.5	0.0	0.0	0.0	3402465.0	113412.6	3.0125	2.625	5.6125	16.25	50.449999999999996
