ops/sec(cum)	p50(ms)	p99(ms)	read_tp	read_p50	read_p99	write_tp	write_p50	write_p99
298138.0833333333	0.18966666666666665	0.8536666666666667	285645.26666666666	0.189	0.8536666666666667	12491.816666666666	0.19033333333333333	0.862
