concurrency	elapsed-r	errors-r	ops(total)-r	ops/sec(cum)-r	avg(ms)-r	p50(ms)-r	p95(ms)-r	p99(ms)-r	pMax(ms)-r	total-r	elapsed-w	errors-w	ops(total)-w	ops/sec(cum)-w	avg(ms)-w	p50(ms)-w	p95(ms)-w	p99(ms)-w	pMax(ms)-w	total-w	elapsed	errors	ops(total)	ops/sec(cum)	avg(ms)	p50(ms)	p95(ms)	p99(ms)	pMax(ms)
38	0.0	0.0	3292968.0	109763.3	2.3625	2.2	4.125	7.6625000000000005	96.86250000000001	0.0	0.0	0.0	173248.0	5774.799999999999	2.3375	2.2	4.0	7.6499999999999995	46.987500000000004	0.0	0.0	0.0	3466216.0	115538.29999999999	2.3625	2.2	4.125	7.6625000000000005	96.98750000000001
