concurrency	elapsed-r	errors-r	ops(total)-r	ops/sec(cum)-r	avg(ms)-r	p50(ms)-r	p95(ms)-r	p99(ms)-r	pMax(ms)-r	total-r	elapsed	errors	ops(total)	ops/sec(cum)	avg(ms)	p50(ms)	p95(ms)	p99(ms)	pMax(ms)
15	0.0	0.0	1464376.0	48812.0	2.225	2.0125	4.574999999999999	7.949999999999999	72.9375	0.0	0.0	0.0	1464376.0	48812.0	2.225	2.0125	4.574999999999999	7.949999999999999	72.9375
