concurrency	elapsed-r	errors-r	ops(total)-r	ops/sec(cum)-r	avg(ms)-r	p50(ms)-r	p95(ms)-r	p99(ms)-r	pMax(ms)-r	total-r	elapsed-w	errors-w	ops(total)-w	ops/sec(cum)-w	avg(ms)-w	p50(ms)-w	p95(ms)-w	p99(ms)-w	pMax(ms)-w	total-w	elapsed	errors	ops(total)	ops/sec(cum)	avg(ms)	p50(ms)	p95(ms)	p99(ms)	pMax(ms)
51	0.0	0.0	2400734.0	80022.09999999999	4.2625	3.6375	9.325	15.274999999999999	62.112500000000004	0.0	0.0	0.0	126981.0	4232.6	5.5874999999999995	3.9624999999999995	15.2	23.0875	48.199999999999996	0.0	0.0	0.0	2527715.0	84254.9	4.312499999999999	3.6625	9.85	16.15	62.112500000000004
