concurrency	elapsed-r	errors-r	ops(total)-r	ops/sec(cum)-r	avg(ms)-r	p50(ms)-r	p95(ms)-r	p99(ms)-r	pMax(ms)-r	total-r	elapsed-w	errors-w	ops(total)-w	ops/sec(cum)-w	avg(ms)-w	p50(ms)-w	p95(ms)-w	p99(ms)-w	pMax(ms)-w	total-w	elapsed	errors	ops(total)	ops/sec(cum)	avg(ms)	p50(ms)	p95(ms)	p99(ms)	pMax(ms)
44	0.0	0.0	3487143.0	116235.2	2.65	2.25	7.449999999999999	10.375	169.35	0.0	0.0	0.0	183935.0	6130.8	2.6874999999999996	2.3125	7.4375	10.375	71.96249999999999	0.0	0.0	0.0	3671078.0	122366.30000000002	2.65	2.2625	7.449999999999999	10.375	170.1375
