concurrency	elapsed-r	errors-r	ops(total)-r	ops/sec(cum)-r	avg(ms)-r	p50(ms)-r	p95(ms)-r	p99(ms)-r	pMax(ms)-r	total-r	elapsed-w	errors-w	ops(total)-w	ops/sec(cum)-w	avg(ms)-w	p50(ms)-w	p95(ms)-w	p99(ms)-w	pMax(ms)-w	total-w	elapsed	errors	ops(total)	ops/sec(cum)	avg(ms)	p50(ms)	p95(ms)	p99(ms)	pMax(ms)
61	0.0	0.0	3496803.0	116557.1	3.5999999999999996	3.4875000000000003	6.2250000000000005	11.299999999999999	100.54999999999998	0.0	0.0	0.0	184075.0	6135.6	3.6374999999999997	3.5000000000000004	6.225	11.225	24.375	0.0	0.0	0.0	3680878.0	122692.70000000001	3.5999999999999996	3.4875000000000003	6.2250000000000005	11.299999999999999	100.54999999999998
