concurrency	elapsed-r	errors-r	ops(total)-r	ops/sec(cum)-r	avg(ms)-r	p50(ms)-r	p95(ms)-r	p99(ms)-r	pMax(ms)-r	total-r	elapsed-w	errors-w	ops(total)-w	ops/sec(cum)-w	avg(ms)-w	p50(ms)-w	p95(ms)-w	p99(ms)-w	pMax(ms)-w	total-w	elapsed	errors	ops(total)	ops/sec(cum)	avg(ms)	p50(ms)	p95(ms)	p99(ms)	pMax(ms)
109	0.0	0.0	4419877.0	147320.5	3.54	2.9400000000000004	7.7	15.660000000000002	103.16	0.0	0.0	0.0	232382.0	7745.6	9.580000000000002	8.7	19.700000000000003	26.82	78.84	0.0	0.0	0.0	4652259.0	155066.0	3.8599999999999994	3.06	10.379999999999999	17.439999999999998	103.16
