concurrency	elapsed-r	errors-r	ops(total)-r	ops/sec(cum)-r	avg(ms)-r	p50(ms)-r	p95(ms)-r	p99(ms)-r	pMax(ms)-r	total-r	elapsed-w	errors-w	ops(total)-w	ops/sec(cum)-w	avg(ms)-w	p50(ms)-w	p95(ms)-w	p99(ms)-w	pMax(ms)-w	total-w	elapsed	errors	ops(total)	ops/sec(cum)	avg(ms)	p50(ms)	p95(ms)	p99(ms)	pMax(ms)
77	0.0	0.0	1862233.0	62072.399999999994	2.233333333333333	1.5333333333333332	5.966666666666666	9.5	46.300000000000004	0.0	0.0	0.0	97810.0	3260.2	68.63333333333334	2.733333333333333	384.6333333333334	387.59999999999997	415.23333333333335	0.0	0.0	0.0	1960043.0	65332.600000000006	5.533333333333334	1.5666666666666667	6.3	17.733333333333334	415.23333333333335
