concurrency	elapsed-r	errors-r	ops(total)-r	ops/sec(cum)-r	avg(ms)-r	p50(ms)-r	p95(ms)-r	p99(ms)-r	pMax(ms)-r	total-r	elapsed-w	errors-w	ops(total)-w	ops/sec(cum)-w	avg(ms)-w	p50(ms)-w	p95(ms)-w	p99(ms)-w	pMax(ms)-w	total-w	elapsed	errors	ops(total)	ops/sec(cum)	avg(ms)	p50(ms)	p95(ms)	p99(ms)	pMax(ms)
39	0.0	0.0	1927220.0	64238.90000000001	4.0249999999999995	3.525	9.4	14.950000000000001	131.33749999999998	0.0	0.0	0.0	101097.0	3369.7999999999997	7.7250000000000005	7.049999999999999	17.175	24.237499999999997	72.8375	0.0	0.0	0.0	2028317.0	67608.7	4.2	3.5999999999999996	10.25	16.0	135.52499999999998
