concurrency	elapsed-r	errors-r	ops(total)-r	ops/sec(cum)-r	avg(ms)-r	p50(ms)-r	p95(ms)-r	p99(ms)-r	pMax(ms)-r	total-r	elapsed-w	errors-w	ops(total)-w	ops/sec(cum)-w	avg(ms)-w	p50(ms)-w	p95(ms)-w	p99(ms)-w	pMax(ms)-w	total-w	elapsed	errors	ops(total)	ops/sec(cum)	avg(ms)	p50(ms)	p95(ms)	p99(ms)	pMax(ms)
32	0.0	0.0	1888607.0	62952.1	3.8499999999999996	2.7625	14.0875	18.2	54.125	0.0	0.0	0.0	99469.0	3315.6000000000004	3.7750000000000004	2.725	13.950000000000001	18.325	43.8875	0.0	0.0	0.0	1988076.0	66267.5	3.8499999999999996	2.7625	14.0875	18.2	54.125
