concurrency	elapsed-r	errors-r	ops(total)-r	ops/sec(cum)-r	avg(ms)-r	p50(ms)-r	p95(ms)-r	p99(ms)-r	pMax(ms)-r	total-r	elapsed-w	errors-w	ops(total)-w	ops/sec(cum)-w	avg(ms)-w	p50(ms)-w	p95(ms)-w	p99(ms)-w	pMax(ms)-w	total-w	elapsed	errors	ops(total)	ops/sec(cum)	avg(ms)	p50(ms)	p95(ms)	p99(ms)	pMax(ms)
150	0.0	0.0	4506034.0	150186.5	5.08	4.159999999999999	12.940000000000001	21.42	174.68	0.0	0.0	0.0	237564.0	7917.9	13.26	12.219999999999999	27.4	36.7	163.57999999999998	0.0	0.0	0.0	4743598.0	158104.5	5.4799999999999995	4.24	15.16	24.72	195.46
