concurrency	elapsed-r	errors-r	ops(total)-r	ops/sec(cum)-r	avg(ms)-r	p50(ms)-r	p95(ms)-r	p99(ms)-r	pMax(ms)-r	total-r	elapsed	errors	ops(total)	ops/sec(cum)	avg(ms)	p50(ms)	p95(ms)	p99(ms)	pMax(ms)
55	0.0	0.0	1809634.0	60319.200000000004	6.75	5.4875	16.5875	26.2125	176.17499999999998	0.0	0.0	0.0	1809634.0	60319.200000000004	6.75	5.4875	16.5875	26.2125	176.17499999999998
