concurrency	elapsed-r	errors-r	ops(total)-r	ops/sec(cum)-r	avg(ms)-r	p50(ms)-r	p95(ms)-r	p99(ms)-r	pMax(ms)-r	total-r	elapsed-w	errors-w	ops(total)-w	ops/sec(cum)-w	avg(ms)-w	p50(ms)-w	p95(ms)-w	p99(ms)-w	pMax(ms)-w	total-w	elapsed	errors	ops(total)	ops/sec(cum)	avg(ms)	p50(ms)	p95(ms)	p99(ms)	pMax(ms)
89	0.0	0.0	2892479.0	96411.3	4.159999999999999	3.5	9.52	19.32	187.07999999999998	0.0	0.0	0.0	152626.0	5087.3	13.62	12.48	28.71999999999999	35.54	158.56	0.0	0.0	0.0	3045105.0	101498.5	4.64	3.5	13.939999999999998	23.3	192.11999999999998
