concurrency	elapsed-r	errors-r	ops(total)-r	ops/sec(cum)-r	avg(ms)-r	p50(ms)-r	p95(ms)-r	p99(ms)-r	pMax(ms)-r	total-r	elapsed	errors	ops(total)	ops/sec(cum)	avg(ms)	p50(ms)	p95(ms)	p99(ms)	pMax(ms)
14	0.0	0.0	1360835.0	45360.50000000001	2.2874999999999996	2.175	3.9375	6.375000000000001	19.8	0.0	0.0	0.0	1360835.0	45360.50000000001	2.2874999999999996	2.175	3.9375	6.375000000000001	19.8
