concurrency	elapsed-r	errors-r	ops(total)-r	ops/sec(cum)-r	avg(ms)-r	p50(ms)-r	p95(ms)-r	p99(ms)-r	pMax(ms)-r	total-r	elapsed-w	errors-w	ops(total)-w	ops/sec(cum)-w	avg(ms)-w	p50(ms)-w	p95(ms)-w	p99(ms)-w	pMax(ms)-w	total-w	elapsed	errors	ops(total)	ops/sec(cum)	avg(ms)	p50(ms)	p95(ms)	p99(ms)	pMax(ms)
112	0.0	0.0	2601847.0	86723.70000000001	7.0200000000000005	5.4	19.7	30.580000000000002	248.3	0.0	0.0	0.0	136779.0	4559.1	17.68	15.440000000000001	38.160000000000004	52.419999999999995	262.54	0.0	0.0	0.0	2738626.0	91282.9	7.56	5.62	22.0	33.940000000000005	269.26000000000005
