concurrency	elapsed-r	errors-r	ops(total)-r	ops/sec(cum)-r	avg(ms)-r	p50(ms)-r	p95(ms)-r	p99(ms)-r	pMax(ms)-r	total-r	elapsed-w	errors-w	ops(total)-w	ops/sec(cum)-w	avg(ms)-w	p50(ms)-w	p95(ms)-w	p99(ms)-w	pMax(ms)-w	total-w	elapsed	errors	ops(total)	ops/sec(cum)	avg(ms)	p50(ms)	p95(ms)	p99(ms)	pMax(ms)
137	0.0	0.0	4582149.0	152724.5	4.24	3.4200000000000004	10.639999999999999	19.0	183.70000000000002	0.0	0.0	0.0	241091.0	8035.700000000001	12.34	11.299999999999999	25.4	34.059999999999995	130.44	0.0	0.0	0.0	4823240.0	160760.0	4.62	3.56	13.12	22.42	186.22
