concurrency	elapsed-r	errors-r	ops(total)-r	ops/sec(cum)-r	avg(ms)-r	p50(ms)-r	p95(ms)-r	p99(ms)-r	pMax(ms)-r	total-r	elapsed-w	errors-w	ops(total)-w	ops/sec(cum)-w	avg(ms)-w	p50(ms)-w	p95(ms)-w	p99(ms)-w	pMax(ms)-w	total-w	elapsed	errors	ops(total)	ops/sec(cum)	avg(ms)	p50(ms)	p95(ms)	p99(ms)	pMax(ms)
48	0.0	0.0	1432193.0	47738.299999999996	6.9	5.9624999999999995	16.625	24.775	61.324999999999996	0.0	0.0	0.0	75662.0	2522.0	11.625000000000002	9.75	29.3625	40.85	73.13749999999999	0.0	0.0	0.0	1507855.0	50260.1	7.137499999999999	5.9624999999999995	17.562500000000004	26.875000000000004	73.13749999999999
