concurrency	elapsed-w	errors-w	ops(total)-w	ops/sec(cum)-w	avg(ms)-w	p50(ms)-w	p95(ms)-w	p99(ms)-w	pMax(ms)-w	total-w	elapsed	errors	ops(total)	ops/sec(cum)	avg(ms)	p50(ms)	p95(ms)	p99(ms)	pMax(ms)
32	0.0	0.0	4177536.0	139248.9	1.6249999999999998	1.0125	4.4125	5.875	97.63749999999999	0.0	0.0	0.0	4177536.0	139248.9	1.6249999999999998	1.0125	4.4125	5.875	97.63749999999999
