concurrency	elapsed-r	errors-r	ops(total)-r	ops/sec(cum)-r	avg(ms)-r	p50(ms)-r	p95(ms)-r	p99(ms)-r	pMax(ms)-r	total-r	elapsed-w	errors-w	ops(total)-w	ops/sec(cum)-w	avg(ms)-w	p50(ms)-w	p95(ms)-w	p99(ms)-w	pMax(ms)-w	total-w	elapsed	errors	ops(total)	ops/sec(cum)	avg(ms)	p50(ms)	p95(ms)	p99(ms)	pMax(ms)
16	0.0	0.0	147889.0	4929.300000000001	5.000000000000001	4.825	8.825	10.662500000000001	20.65	0.0	0.0	0.0	7745.0	258.1	392.1875	423.6	469.80000000000007	492.8	511.7	0.0	0.0	0.0	155634.0	5187.7	24.3	5.025	55.587500000000006	453.0	511.7
