concurrency	elapsed-r	errors-r	ops(total)-r	ops/sec(cum)-r	avg(ms)-r	p50(ms)-r	p95(ms)-r	p99(ms)-r	pMax(ms)-r	total-r	elapsed-w	errors-w	ops(total)-w	ops/sec(cum)-w	avg(ms)-w	p50(ms)-w	p95(ms)-w	p99(ms)-w	pMax(ms)-w	total-w	elapsed	errors	ops(total)	ops/sec(cum)	avg(ms)	p50(ms)	p95(ms)	p99(ms)	pMax(ms)
72	0.0	0.0	2437935.0	81261.7	2.2333333333333334	1.5333333333333332	5.933333333333334	10.700000000000001	92.60000000000001	0.0	0.0	0.0	128809.0	4293.5	11.133333333333333	2.866666666666667	58.86666666666667	80.03333333333335	111.16666666666667	0.0	0.0	0.0	2566744.0	85555.2	2.6999999999999997	1.6000000000000003	6.366666666666667	17.166666666666668	169.16666666666666
