concurrency	elapsed-w	errors-w	ops(total)-w	ops/sec(cum)-w	avg(ms)-w	p50(ms)-w	p95(ms)-w	p99(ms)-w	pMax(ms)-w	total-w	elapsed	errors	ops(total)	ops/sec(cum)	avg(ms)	p50(ms)	p95(ms)	p99(ms)	pMax(ms)
50	0.0	0.0	741084.0	24701.9	15.725000000000001	13.374999999999998	37.9875	50.824999999999996	155.175	0.0	0.0	0.0	741084.0	24701.9	15.725000000000001	13.374999999999998	37.9875	50.824999999999996	155.175
