concurrency	elapsed-r	errors-r	ops(total)-r	ops/sec(cum)-r	avg(ms)-r	p50(ms)-r	p95(ms)-r	p99(ms)-r	pMax(ms)-r	total-r	elapsed-w	errors-w	ops(total)-w	ops/sec(cum)-w	avg(ms)-w	p50(ms)-w	p95(ms)-w	p99(ms)-w	pMax(ms)-w	total-w	elapsed	errors	ops(total)	ops/sec(cum)	avg(ms)	p50(ms)	p95(ms)	p99(ms)	pMax(ms)
120	0.0	0.0	2638136.0	87933.40000000001	7.6800000000000015	5.82	20.639999999999997	31.439999999999998	359.02000000000004	0.0	0.0	0.0	139083.0	4635.8	19.740000000000002	17.619999999999997	42.339999999999996	56.620000000000005	282.28	0.0	0.0	0.0	2777219.0	92569.2	8.280000000000001	6.0	23.72	36.06	362.38
