concurrency	elapsed-w	errors-w	ops(total)-w	ops/sec(cum)-w	avg(ms)-w	p50(ms)-w	p95(ms)-w	p99(ms)-w	pMax(ms)-w	total-w	elapsed	errors	ops(total)	ops/sec(cum)	avg(ms)	p50(ms)	p95(ms)	p99(ms)	pMax(ms)
61	0.0	0.0	730172.0	24337.9	19.575	15.225000000000001	50.5625	67.625	162.53750000000002	0.0	0.0	0.0	730172.0	24337.9	19.575	15.225000000000001	50.5625	67.625	162.53750000000002
