ops/sec(cum)	p50(ms)	p99(ms)	read_tp	read_p50	read_p99	write_tp	write_p50	write_p99
252651.7	0.2931666666666667	2.091666666666667	240033.75	0.29133333333333333	2.091666666666667	12616.95	0.295	2.142333333333333
