concurrency	elapsed-r	errors-r	ops(total)-r	ops/sec(cum)-r	avg(ms)-r	p50(ms)-r	p95(ms)-r	p99(ms)-r	pMax(ms)-r	total-r	elapsed-w	errors-w	ops(total)-w	ops/sec(cum)-w	avg(ms)-w	p50(ms)-w	p95(ms)-w	p99(ms)-w	pMax(ms)-w	total-w	elapsed	errors	ops(total)	ops/sec(cum)	avg(ms)	p50(ms)	p95(ms)	p99(ms)	pMax(ms)
136	0.0	0.0	2669518.0	88979.2	7.780000000000001	6.279999999999999	19.96	30.82	456.34	0.0	0.0	0.0	141240.0	4707.799999999999	27.04	25.180000000000003	53.7	70.5	434.53999999999996	0.0	0.0	0.0	2810758.0	93687.0	8.719999999999999	6.42	25.620000000000005	41.94	463.06000000000006
