concurrency	elapsed-r	errors-r	ops(total)-r	ops/sec(cum)-r	avg(ms)-r	p50(ms)-r	p95(ms)-r	p99(ms)-r	pMax(ms)-r	total-r	elapsed-w	errors-w	ops(total)-w	ops/sec(cum)-w	avg(ms)-w	p50(ms)-w	p95(ms)-w	p99(ms)-w	pMax(ms)-w	total-w	elapsed	errors	ops(total)	ops/sec(cum)	avg(ms)	p50(ms)	p95(ms)	p99(ms)	pMax(ms)
17	0.0	0.0	503604.0	16786.3	6.675000000000001	2.0	26.349999999999998	121.60000000000001	484.4125000000001	0.0	0.0	0.0	26787.0	892.9000000000001	22.7625	3.8249999999999997	74.45	211.7875	538.9749999999999	0.0	0.0	0.0	530391.0	17679.199999999997	7.4875	2.0875	32.125	130.0	551.55
