ops/sec(cum)	p50(ms)	p99(ms)	read_tp	read_p50	read_p99	write_tp	write_p50	write_p99
305993.65	0.19833333333333333	0.9496666666666667	293034.73333333334	0.198	0.9496666666666667	12957.916666666668	0.19866666666666666	0.956
