concurrency	elapsed-r	errors-r	ops(total)-r	ops/sec(cum)-r	avg(ms)-r	p50(ms)-r	p95(ms)-r	p99(ms)-r	pMax(ms)-r	total-r	elapsed-w	errors-w	ops(total)-w	ops/sec(cum)-w	avg(ms)-w	p50(ms)-w	p95(ms)-w	p99(ms)-w	pMax(ms)-w	total-w	elapsed	errors	ops(total)	ops/sec(cum)	avg(ms)	p50(ms)	p95(ms)	p99(ms)	pMax(ms)
47	0.0	0.0	1267665.0	42254.200000000004	7.5	6.6499999999999995	16.7375	24.65	169.86249999999998	0.0	0.0	0.0	66250.0	2208.4	15.6125	14.512500000000001	31.3625	41.9	117.9625	0.0	0.0	0.0	1333915.0	44462.4	7.9	6.874999999999999	18.35	27.300000000000004	176.67499999999998
