concurrency	elapsed-r	errors-r	ops(total)-r	ops/sec(cum)-r	avg(ms)-r	p50(ms)-r	p95(ms)-r	p99(ms)-r	pMax(ms)-r	total-r	elapsed-w	errors-w	ops(total)-w	ops/sec(cum)-w	avg(ms)-w	p50(ms)-w	p95(ms)-w	p99(ms)-w	pMax(ms)-w	total-w	elapsed	errors	ops(total)	ops/sec(cum)	avg(ms)	p50(ms)	p95(ms)	p99(ms)	pMax(ms)
31	0.0	0.0	1919710.0	63988.9	3.1875	2.8375	7.05	11.8	75.225	0.0	0.0	0.0	100573.0	3352.4	5.8374999999999995	5.5	12.662499999999998	17.8125	32.0125	0.0	0.0	0.0	2020283.0	67341.1	3.2875000000000005	2.9124999999999996	7.75	12.474999999999998	75.225
