concurrency	elapsed-r	errors-r	ops(total)-r	ops/sec(cum)-r	avg(ms)-r	p50(ms)-r	p95(ms)-r	p99(ms)-r	pMax(ms)-r	total-r	elapsed-w	errors-w	ops(total)-w	ops/sec(cum)-w	avg(ms)-w	p50(ms)-w	p95(ms)-w	p99(ms)-w	pMax(ms)-w	total-w	elapsed	errors	ops(total)	ops/sec(cum)	avg(ms)	p50(ms)	p95(ms)	p99(ms)	pMax(ms)
9	0.0	0.0	310294.0	10343.0	3.2875	2.8499999999999996	6.549999999999999	8.3125	17.112499999999997	0.0	0.0	0.0	16272.0	542.4000000000001	65.35000000000001	17.1125	155.2	175.15	198.15000000000003	0.0	0.0	0.0	326566.0	10885.299999999997	6.375	2.95	7.3125	134.20000000000002	198.15000000000003
