concurrency	elapsed-r	errors-r	ops(total)-r	ops/sec(cum)-r	avg(ms)-r	p50(ms)-r	p95(ms)-r	p99(ms)-r	pMax(ms)-r	total-r	elapsed-w	errors-w	ops(total)-w	ops/sec(cum)-w	avg(ms)-w	p50(ms)-w	p95(ms)-w	p99(ms)-w	pMax(ms)-w	total-w	elapsed	errors	ops(total)	ops/sec(cum)	avg(ms)	p50(ms)	p95(ms)	p99(ms)	pMax(ms)
35	0.0	0.0	1157085.0	38568.3	6.250000000000001	5.7375	13.9	20.575	48.9875	0.0	0.0	0.0	60259.0	2008.6	11.812500000000002	11.274999999999999	25.4375	34.875	57.125	0.0	0.0	0.0	1217344.0	40576.9	6.525	5.85	15.075	22.424999999999997	57.125
