concurrency	elapsed-r	errors-r	ops(total)-r	ops/sec(cum)-r	avg(ms)-r	p50(ms)-r	p95(ms)-r	p99(ms)-r	pMax(ms)-r	total-r	elapsed-w	errors-w	ops(total)-w	ops/sec(cum)-w	avg(ms)-w	p50(ms)-w	p95(ms)-w	p99(ms)-w	pMax(ms)-w	total-w	elapsed	errors	ops(total)	ops/sec(cum)	avg(ms)	p50(ms)	p95(ms)	p99(ms)	pMax(ms)
37	0.0	0.0	1921089.0	64034.3	3.8249999999999997	3.325	9.025	14.3	59.4875	0.0	0.0	0.0	101130.0	3370.9	7.0375	6.475	15.662500000000001	22.287499999999998	41.9	0.0	0.0	0.0	2022219.0	67405.1	3.9874999999999994	3.4000000000000004	9.700000000000001	15.325000000000001	59.75
