concurrency	elapsed-r	errors-r	ops(total)-r	ops/sec(cum)-r	avg(ms)-r	p50(ms)-r	p95(ms)-r	p99(ms)-r	pMax(ms)-r	total-r	elapsed-w	errors-w	ops(total)-w	ops/sec(cum)-w	avg(ms)-w	p50(ms)-w	p95(ms)-w	p99(ms)-w	pMax(ms)-w	total-w	elapsed	errors	ops(total)	ops/sec(cum)	avg(ms)	p50(ms)	p95(ms)	p99(ms)	pMax(ms)
18	0.0	0.0	1183271.0	39442.0	3.2875	3.1250000000000004	5.8999999999999995	7.062500000000001	21.750000000000004	0.0	0.0	0.0	62715.0	2090.5	3.2875	3.1500000000000004	5.824999999999999	7.05	14.025	0.0	0.0	0.0	1245986.0	41532.2	3.2875	3.1250000000000004	5.8999999999999995	7.062500000000001	21.750000000000004
