concurrency	elapsed-r	errors-r	ops(total)-r	ops/sec(cum)-r	avg(ms)-r	p50(ms)-r	p95(ms)-r	p99(ms)-r	pMax(ms)-r	total-r	elapsed-w	errors-w	ops(total)-w	ops/sec(cum)-w	avg(ms)-w	p50(ms)-w	p95(ms)-w	p99(ms)-w	pMax(ms)-w	total-w	elapsed	errors	ops(total)	ops/sec(cum)	avg(ms)	p50(ms)	p95(ms)	p99(ms)	pMax(ms)
8	0.0	0.0	151575.0	5052.400000000001	4.6	4.35	8.325	9.9	15.612499999999999	0.0	0.0	0.0	8005.0	266.8	147.0875	159.4	189.75000000000003	200.25	211.8	0.0	0.0	0.0	159580.0	5319.299999999999	11.737499999999999	4.45	11.674999999999999	176.20000000000002	211.8
