concurrency	elapsed-w	errors-w	ops(total)-w	ops/sec(cum)-w	avg(ms)-w	p50(ms)-w	p95(ms)-w	p99(ms)-w	pMax(ms)-w	total-w	elapsed	errors	ops(total)	ops/sec(cum)	avg(ms)	p50(ms)	p95(ms)	p99(ms)	pMax(ms)
44	0.0	0.0	731006.0	24366.100000000002	14.012500000000003	10.9625	35.375	48.2	100.1625	0.0	0.0	0.0	731006.0	24366.100000000002	14.012500000000003	10.9625	35.375	48.2	100.1625
