concurrency	elapsed-w	errors-w	ops(total)-w	ops/sec(cum)-w	avg(ms)-w	p50(ms)-w	p95(ms)-w	p99(ms)-w	pMax(ms)-w	total-w	elapsed	errors	ops(total)	ops/sec(cum)	avg(ms)	p50(ms)	p95(ms)	p99(ms)	pMax(ms)
35	0.0	0.0	3466229.0	115539.1	2.2375	2.1125000000000003	5.3875	7.1499999999999995	20.837500000000002	0.0	0.0	0.0	3466229.0	115539.1	2.2375	2.1125000000000003	5.3875	7.1499999999999995	20.837500000000002
