concurrency	elapsed-r	errors-r	ops(total)-r	ops/sec(cum)-r	avg(ms)-r	p50(ms)-r	p95(ms)-r	p99(ms)-r	pMax(ms)-r	total-r	elapsed-w	errors-w	ops(total)-w	ops/sec(cum)-w	avg(ms)-w	p50(ms)-w	p95(ms)-w	p99(ms)-w	pMax(ms)-w	total-w	elapsed	errors	ops(total)	ops/sec(cum)	avg(ms)	p50(ms)	p95(ms)	p99(ms)	pMax(ms)
46	0.0	0.0	748674.0	24955.100000000002	3.7000000000000006	2.5	10.333333333333334	24.100000000000005	74.10000000000001	0.0	0.0	0.0	39066.0	1302.2	7.266666666666667	5.3	21.0	38.43333333333333	78.3	0.0	0.0	0.0	787740.0	26257.1	3.9	2.5666666666666664	11.0	25.2	79.7
