concurrency	elapsed-r	errors-r	ops(total)-r	ops/sec(cum)-r	avg(ms)-r	p50(ms)-r	p95(ms)-r	p99(ms)-r	pMax(ms)-r	total-r	elapsed-w	errors-w	ops(total)-w	ops/sec(cum)-w	avg(ms)-w	p50(ms)-w	p95(ms)-w	p99(ms)-w	pMax(ms)-w	total-w	elapsed	errors	ops(total)	ops/sec(cum)	avg(ms)	p50(ms)	p95(ms)	p99(ms)	pMax(ms)
136	0.0	0.0	3535532.0	117845.4	4.9750000000000005	4.1	11.899999999999999	22.049999999999997	197.125	0.0	0.0	0.0	185202.0	6173.1	14.25	13.175	28.375	37.75	168.8	0.0	0.0	0.0	3720734.0	124018.4	5.425000000000001	4.25	15.224999999999998	25.275	202.35000000000002
