concurrency	elapsed-r	errors-r	ops(total)-r	ops/sec(cum)-r	avg(ms)-r	p50(ms)-r	p95(ms)-r	p99(ms)-r	pMax(ms)-r	total-r	elapsed-w	errors-w	ops(total)-w	ops/sec(cum)-w	avg(ms)-w	p50(ms)-w	p95(ms)-w	p99(ms)-w	pMax(ms)-w	total-w	elapsed	errors	ops(total)	ops/sec(cum)	avg(ms)	p50(ms)	p95(ms)	p99(ms)	pMax(ms)
48	0.0	0.0	1287565.0	42917.6	7.625	6.9	17.175	24.787499999999998	64.2125	0.0	0.0	0.0	67988.0	2266.2000000000003	13.9875	13.162499999999998	27.800000000000004	37.7125	73.925	0.0	0.0	0.0	1355553.0	45183.700000000004	7.9375	6.949999999999999	18.35	26.5	76.025
