concurrency	elapsed-r	errors-r	ops(total)-r	ops/sec(cum)-r	avg(ms)-r	p50(ms)-r	p95(ms)-r	p99(ms)-r	pMax(ms)-r	total-r	elapsed	errors	ops(total)	ops/sec(cum)	avg(ms)	p50(ms)	p95(ms)	p99(ms)	pMax(ms)
18	0.0	0.0	1083416.0	36113.3	3.8	3.4999999999999996	7.075	10.0125	27.000000000000004	0.0	0.0	0.0	1083416.0	36113.3	3.8	3.4999999999999996	7.075	10.0125	27.000000000000004
