concurrency	elapsed-r	errors-r	ops(total)-r	ops/sec(cum)-r	avg(ms)-r	p50(ms)-r	p95(ms)-r	p99(ms)-r	pMax(ms)-r	total-r	elapsed-w	errors-w	ops(total)-w	ops/sec(cum)-w	avg(ms)-w	p50(ms)-w	p95(ms)-w	p99(ms)-w	pMax(ms)-w	total-w	elapsed	errors	ops(total)	ops/sec(cum)	avg(ms)	p50(ms)	p95(ms)	p99(ms)	pMax(ms)
9	0.0	0.0	902763.0	30091.799999999996	2.0125	1.5875	4.65	8.65	32.3875	0.0	0.0	0.0	47885.0	1596.2	3.4749999999999996	2.75	8.2875	13.699999999999998	32.237500000000004	0.0	0.0	0.0	950648.0	31687.7	2.05	1.625	4.925000000000001	9.025	34.862500000000004
