concurrency	elapsed-r	errors-r	ops(total)-r	ops/sec(cum)-r	avg(ms)-r	p50(ms)-r	p95(ms)-r	p99(ms)-r	pMax(ms)-r	total-r	elapsed-w	errors-w	ops(total)-w	ops/sec(cum)-w	avg(ms)-w	p50(ms)-w	p95(ms)-w	p99(ms)-w	pMax(ms)-w	total-w	elapsed	errors	ops(total)	ops/sec(cum)	avg(ms)	p50(ms)	p95(ms)	p99(ms)	pMax(ms)
51	0.0	0.0	3734820.0	124490.1	2.875	2.0	8.3	12.599999999999998	147.9875	0.0	0.0	0.0	196018.0	6533.700000000001	2.875	1.9625000000000001	8.375	12.724999999999998	50.337500000000006	0.0	0.0	0.0	3930838.0	131024.0	2.875	2.0	8.3	12.599999999999998	148.375
