concurrency	elapsed-r	errors-r	ops(total)-r	ops/sec(cum)-r	avg(ms)-r	p50(ms)-r	p95(ms)-r	p99(ms)-r	pMax(ms)-r	total-r	elapsed	errors	ops(total)	ops/sec(cum)	avg(ms)	p50(ms)	p95(ms)	p99(ms)	pMax(ms)
32	0.0	0.0	1317504.0	43915.799999999996	5.699999999999999	5.1	11.899999999999999	18.4875	41.375	0.0	0.0	0.0	1317504.0	43915.799999999996	5.699999999999999	5.1	11.899999999999999	18.4875	41.375
