concurrency	elapsed-r	errors-r	ops(total)-r	ops/sec(cum)-r	avg(ms)-r	p50(ms)-r	p95(ms)-r	p99(ms)-r	pMax(ms)-r	total-r	elapsed-w	errors-w	ops(total)-w	ops/sec(cum)-w	avg(ms)-w	p50(ms)-w	p95(ms)-w	p99(ms)-w	pMax(ms)-w	total-w	elapsed	errors	ops(total)	ops/sec(cum)	avg(ms)	p50(ms)	p95(ms)	p99(ms)	pMax(ms)
88	0.0	0.0	4436597.0	147879.9	2.6799999999999997	2.3	5.5	12.7	60.0	0.0	0.0	0.0	233613.0	7786.7	6.5200000000000005	5.860000000000001	14.1	20.14	57.06	0.0	0.0	0.0	4670210.0	155666.6	2.8400000000000003	2.3	7.040000000000001	13.8	61.260000000000005
