concurrency	elapsed-r	errors-r	ops(total)-r	ops/sec(cum)-r	avg(ms)-r	p50(ms)-r	p95(ms)-r	p99(ms)-r	pMax(ms)-r	total-r	elapsed-w	errors-w	ops(total)-w	ops/sec(cum)-w	avg(ms)-w	p50(ms)-w	p95(ms)-w	p99(ms)-w	pMax(ms)-w	total-w	elapsed	errors	ops(total)	ops/sec(cum)	avg(ms)	p50(ms)	p95(ms)	p99(ms)	pMax(ms)
85	0.0	0.0	24516.0	408.5	8.925	3.45	38.0	109.05000000000001	213.9	0.0	0.0	0.0	977.0	16.2	51.65	29.874999999999996	197.125	373.29999999999995	545.25	0.0	0.0	0.0	25493.0	424.9	10.524999999999999	3.5250000000000004	49.775000000000006	120.55	545.25
