concurrency	elapsed-w	errors-w	ops(total)-w	ops/sec(cum)-w	avg(ms)-w	p50(ms)-w	p95(ms)-w	p99(ms)-w	pMax(ms)-w	total-w	elapsed	errors	ops(total)	ops/sec(cum)	avg(ms)	p50(ms)	p95(ms)	p99(ms)	pMax(ms)
48	0.0	0.0	4196038.0	139863.6	2.5000000000000004	1.4374999999999998	7.374999999999999	11.0	104.18749999999999	0.0	0.0	0.0	4196038.0	139863.6	2.5000000000000004	1.4374999999999998	7.374999999999999	11.0	104.18749999999999
