concurrency	elapsed-r	errors-r	ops(total)-r	ops/sec(cum)-r	avg(ms)-r	p50(ms)-r	p95(ms)-r	p99(ms)-r	pMax(ms)-r	total-r	elapsed-w	errors-w	ops(total)-w	ops/sec(cum)-w	avg(ms)-w	p50(ms)-w	p95(ms)-w	p99(ms)-w	pMax(ms)-w	total-w	elapsed	errors	ops(total)	ops/sec(cum)	avg(ms)	p50(ms)	p95(ms)	p99(ms)	pMax(ms)
31	0.0	0.0	1895047.0	63166.600000000006	3.2750000000000004	2.8000000000000003	7.562499999999999	12.287499999999998	42.300000000000004	0.0	0.0	0.0	99234.0	3307.8	6.037499999999999	5.35	13.487499999999997	19.150000000000002	44.55	0.0	0.0	0.0	1994281.0	66474.4	3.4000000000000004	2.8750000000000004	8.175	12.974999999999998	46.2375
