concurrency	elapsed-r	errors-r	ops(total)-r	ops/sec(cum)-r	avg(ms)-r	p50(ms)-r	p95(ms)-r	p99(ms)-r	pMax(ms)-r	total-r	elapsed-w	errors-w	ops(total)-w	ops/sec(cum)-w	avg(ms)-w	p50(ms)-w	p95(ms)-w	p99(ms)-w	pMax(ms)-w	total-w	elapsed	errors	ops(total)	ops/sec(cum)	avg(ms)	p50(ms)	p95(ms)	p99(ms)	pMax(ms)
125	0.0	0.0	3495949.0	116525.4	2.8666666666666667	2.433333333333333	5.6000000000000005	14.933333333333332	53.833333333333336	0.0	0.0	0.0	184046.0	6134.599999999999	5.800000000000001	5.066666666666666	13.299999999999999	19.599999999999998	53.800000000000004	0.0	0.0	0.0	3679995.0	122660.0	2.966666666666667	2.466666666666667	6.633333333333333	15.133333333333335	62.199999999999996
