concurrency	elapsed-r	errors-r	ops(total)-r	ops/sec(cum)-r	avg(ms)-r	p50(ms)-r	p95(ms)-r	p99(ms)-r	pMax(ms)-r	total-r	elapsed-w	errors-w	ops(total)-w	ops/sec(cum)-w	avg(ms)-w	p50(ms)-w	p95(ms)-w	p99(ms)-w	pMax(ms)-w	total-w	elapsed	errors	ops(total)	ops/sec(cum)	avg(ms)	p50(ms)	p95(ms)	p99(ms)	pMax(ms)
52	0.0	0.0	3193864.0	106458.40000000001	3.3499999999999996	3.0000000000000004	6.137499999999999	15.6625	69.575	0.0	0.0	0.0	167605.0	5586.6	3.65	3.2249999999999996	6.8875	16.137500000000003	61.1875	0.0	0.0	0.0	3361469.0	112045.0	3.375	3.0000000000000004	6.1625	15.6625	69.575
