concurrency	elapsed-r	errors-r	ops(total)-r	ops/sec(cum)-r	avg(ms)-r	p50(ms)-r	p95(ms)-r	p99(ms)-r	pMax(ms)-r	total-r	elapsed	errors	ops(total)	ops/sec(cum)	avg(ms)	p50(ms)	p95(ms)	p99(ms)	pMax(ms)
63	0.0	0.0	1539582.0	51317.6	9.174999999999999	8.325	19.925	29.125000000000004	84.93749999999999	0.0	0.0	0.0	1539582.0	51317.6	9.174999999999999	8.325	19.925	29.125000000000004	84.93749999999999
