concurrency	elapsed-r	errors-r	ops(total)-r	ops/sec(cum)-r	avg(ms)-r	p50(ms)-r	p95(ms)-r	p99(ms)-r	pMax(ms)-r	total-r	elapsed-w	errors-w	ops(total)-w	ops/sec(cum)-w	avg(ms)-w	p50(ms)-w	p95(ms)-w	p99(ms)-w	pMax(ms)-w	total-w	elapsed	errors	ops(total)	ops/sec(cum)	avg(ms)	p50(ms)	p95(ms)	p99(ms)	pMax(ms)
32	0.0	0.0	1912248.0	63740.00000000001	3.3124999999999996	2.9250000000000003	7.449999999999999	12.474999999999998	99.6125	0.0	0.0	0.0	100558.0	3351.8999999999996	6.1625000000000005	5.725	13.549999999999997	19.275000000000002	54.5	0.0	0.0	0.0	2012806.0	67092.0	3.425	2.9625	8.075000000000001	13.162499999999998	101.71249999999999
