concurrency	elapsed-r	errors-r	ops(total)-r	ops/sec(cum)-r	avg(ms)-r	p50(ms)-r	p95(ms)-r	p99(ms)-r	pMax(ms)-r	total-r	elapsed-w	errors-w	ops(total)-w	ops/sec(cum)-w	avg(ms)-w	p50(ms)-w	p95(ms)-w	p99(ms)-w	pMax(ms)-w	total-w	elapsed	errors	ops(total)	ops/sec(cum)	avg(ms)	p50(ms)	p95(ms)	p99(ms)	pMax(ms)
9	0.0	0.0	661368.0	22045.299999999996	2.6750000000000003	2.45	5.025	6.95	34.349999999999994	0.0	0.0	0.0	35024.0	1167.4	6.950000000000001	6.549999999999999	11.7625	15.7625	25.174999999999997	0.0	0.0	0.0	696392.0	23212.800000000003	2.8875	2.475	6.0625	9.5875	34.349999999999994
