concurrency	elapsed-w	errors-w	ops(total)-w	ops/sec(cum)-w	avg(ms)-w	p50(ms)-w	p95(ms)-w	p99(ms)-w	pMax(ms)-w	total-w	elapsed	errors	ops(total)	ops/sec(cum)	avg(ms)	p50(ms)	p95(ms)	p99(ms)	pMax(ms)
52	0.0	0.0	3721841.0	124058.70000000001	3.0500000000000003	2.9000000000000004	4.987500000000001	9.3375	28.062499999999996	0.0	0.0	0.0	3721841.0	124058.70000000001	3.0500000000000003	2.9000000000000004	4.987500000000001	9.3375	28.062499999999996
