concurrency	elapsed-r	errors-r	ops(total)-r	ops/sec(cum)-r	avg(ms)-r	p50(ms)-r	p95(ms)-r	p99(ms)-r	pMax(ms)-r	total-r	elapsed-w	errors-w	ops(total)-w	ops/sec(cum)-w	avg(ms)-w	p50(ms)-w	p95(ms)-w	p99(ms)-w	pMax(ms)-w	total-w	elapsed	errors	ops(total)	ops/sec(cum)	avg(ms)	p50(ms)	p95(ms)	p99(ms)	pMax(ms)
22	0.0	0.0	595910.0	19863.200000000004	2.475	1.6750000000000003	6.1	9.0125	38.6625	0.0	0.0	0.0	31097.0	1036.5	117.775	3.2124999999999995	557.8375	599.8	604.0	0.0	0.0	0.0	627007.0	20899.600000000002	8.1625	1.7375000000000003	6.575	469.80000000000007	604.0
