concurrency	elapsed-r	errors-r	ops(total)-r	ops/sec(cum)-r	avg(ms)-r	p50(ms)-r	p95(ms)-r	p99(ms)-r	pMax(ms)-r	total-r	elapsed-w	errors-w	ops(total)-w	ops/sec(cum)-w	avg(ms)-w	p50(ms)-w	p95(ms)-w	p99(ms)-w	pMax(ms)-w	total-w	elapsed	errors	ops(total)	ops/sec(cum)	avg(ms)	p50(ms)	p95(ms)	p99(ms)	pMax(ms)
43	0.0	0.0	1279732.0	42656.5	6.85	6.137499999999999	15.075000000000001	22.549999999999997	86.77499999999999	0.0	0.0	0.0	67065.0	2235.5	12.7	11.95	25.174999999999997	34.637499999999996	82.5875	0.0	0.0	0.0	1346797.0	44891.799999999996	7.1375	6.3	16.15	23.974999999999998	93.86249999999998
