concurrency	elapsed-r	errors-r	ops(total)-r	ops/sec(cum)-r	avg(ms)-r	p50(ms)-r	p95(ms)-r	p99(ms)-r	pMax(ms)-r	total-r	elapsed-w	errors-w	ops(total)-w	ops/sec(cum)-w	avg(ms)-w	p50(ms)-w	p95(ms)-w	p99(ms)-w	pMax(ms)-w	total-w	elapsed	errors	ops(total)	ops/sec(cum)	avg(ms)	p50(ms)	p95(ms)	p99(ms)	pMax(ms)
80	0.0	0.0	2451378.0	81709.40000000001	2.375	1.65	6.375	10.5	50.875	0.0	0.0	0.0	129118.0	4303.7	62.02499999999999	2.85	331.9	355.975	395.82500000000005	0.0	0.0	0.0	2580496.0	86013.2	5.375	1.65	6.824999999999999	19.924999999999997	395.82500000000005
