concurrency	elapsed-r	errors-r	ops(total)-r	ops/sec(cum)-r	avg(ms)-r	p50(ms)-r	p95(ms)-r	p99(ms)-r	pMax(ms)-r	total-r	elapsed-w	errors-w	ops(total)-w	ops/sec(cum)-w	avg(ms)-w	p50(ms)-w	p95(ms)-w	p99(ms)-w	pMax(ms)-w	total-w	elapsed	errors	ops(total)	ops/sec(cum)	avg(ms)	p50(ms)	p95(ms)	p99(ms)	pMax(ms)
32	0.0	0.0	123946.0	4131.3	44.74999999999999	2.75	318.775	746.5875	1719.6500000000003	0.0	0.0	0.0	6539.0	217.9	320.9875	54.93750000000001	1224.775	1988.1125000000002	3489.6625	0.0	0.0	0.0	130485.0	4349.2	58.587500000000006	2.875	400.56250000000006	947.9125	3489.6625
