concurrency	elapsed-r	errors-r	ops(total)-r	ops/sec(cum)-r	avg(ms)-r	p50(ms)-r	p95(ms)-r	p99(ms)-r	pMax(ms)-r	total-r	elapsed-w	errors-w	ops(total)-w	ops/sec(cum)-w	avg(ms)-w	p50(ms)-w	p95(ms)-w	p99(ms)-w	pMax(ms)-w	total-w	elapsed	errors	ops(total)	ops/sec(cum)	avg(ms)	p50(ms)	p95(ms)	p99(ms)	pMax(ms)
21	0.0	0.0	3265209.0	108838.59999999999	1.2875	1.2000000000000002	1.85	4.4125	96.08749999999999	0.0	0.0	0.0	171366.0	5712.2	1.2750000000000001	1.2000000000000002	1.85	4.425	15.737499999999997	0.0	0.0	0.0	3436575.0	114550.6	1.2875	1.2000000000000002	1.85	4.4125	96.08749999999999
