concurrency	elapsed-r	errors-r	ops(total)-r	ops/sec(cum)-r	avg(ms)-r	p50(ms)-r	p95(ms)-r	p99(ms)-r	pMax(ms)-r	total-r	elapsed-w	errors-w	ops(total)-w	ops/sec(cum)-w	avg(ms)-w	p50(ms)-w	p95(ms)-w	p99(ms)-w	pMax(ms)-w	total-w	elapsed	errors	ops(total)	ops/sec(cum)	avg(ms)	p50(ms)	p95(ms)	p99(ms)	pMax(ms)
48	0.0	0.0	3145921.0	104861.4	3.1375	2.75	5.95	15.5375	214.95000000000002	0.0	0.0	0.0	165749.0	5524.8	3.125	2.75	5.8625	15.324999999999998	77.9875	0.0	0.0	0.0	3311670.0	110386.2	3.1500000000000004	2.75	5.95	15.5375	214.95000000000002
