concurrency	elapsed-w	errors-w	ops(total)-w	ops/sec(cum)-w	avg(ms)-w	p50(ms)-w	p95(ms)-w	p99(ms)-w	pMax(ms)-w	total-w	elapsed	errors	ops(total)	ops/sec(cum)	avg(ms)	p50(ms)	p95(ms)	p99(ms)	pMax(ms)
16	0.0	0.0	652309.0	21743.2	5.5874999999999995	4.675	12.724999999999998	18.349999999999998	84.675	0.0	0.0	0.0	652309.0	21743.2	5.5874999999999995	4.675	12.724999999999998	18.349999999999998	84.675
