concurrency	elapsed-r	errors-r	ops(total)-r	ops/sec(cum)-r	avg(ms)-r	p50(ms)-r	p95(ms)-r	p99(ms)-r	pMax(ms)-r	total-r	elapsed-w	errors-w	ops(total)-w	ops/sec(cum)-w	avg(ms)-w	p50(ms)-w	p95(ms)-w	p99(ms)-w	pMax(ms)-w	total-w	elapsed	errors	ops(total)	ops/sec(cum)	avg(ms)	p50(ms)	p95(ms)	p99(ms)	pMax(ms)
72	0.0	0.0	450876.0	7514.5	3.3	1.9749999999999999	9.575	26.25	77.60000000000001	0.0	0.0	0.0	23526.0	392.1	7.275	4.2250000000000005	25.174999999999997	45.575	88.1	0.0	0.0	0.0	474402.0	7906.599999999999	3.5	2.075	10.475	28.075	91.25
