concurrency	elapsed-r	errors-r	ops(total)-r	ops/sec(cum)-r	avg(ms)-r	p50(ms)-r	p95(ms)-r	p99(ms)-r	pMax(ms)-r	total-r	elapsed-w	errors-w	ops(total)-w	ops/sec(cum)-w	avg(ms)-w	p50(ms)-w	p95(ms)-w	p99(ms)-w	pMax(ms)-w	total-w	elapsed	errors	ops(total)	ops/sec(cum)	avg(ms)	p50(ms)	p95(ms)	p99(ms)	pMax(ms)
47	0.0	0.0	908137.0	30270.399999999998	3.0	2.2	7.3	18.9	142.63333333333335	0.0	0.0	0.0	48065.0	1602.1	1.3666666666666665	0.9	3.4666666666666663	9.6	63.6	0.0	0.0	0.0	956202.0	31872.5	3.0	2.0	7.099999999999999	18.9	142.63333333333335
