concurrency	elapsed-r	errors-r	ops(total)-r	ops/sec(cum)-r	avg(ms)-r	p50(ms)-r	p95(ms)-r	p99(ms)-r	pMax(ms)-r	total-r	elapsed-w	errors-w	ops(total)-w	ops/sec(cum)-w	avg(ms)-w	p50(ms)-w	p95(ms)-w	p99(ms)-w	pMax(ms)-w	total-w	elapsed	errors	ops(total)	ops/sec(cum)	avg(ms)	p50(ms)	p95(ms)	p99(ms)	pMax(ms)
85	0.0	0.0	2959564.0	98649.20000000001	1.35	1.05	3.0	6.949999999999999	20.95	0.0	0.0	0.0	155978.0	5199.1	2.3499999999999996	1.7	6.85	11.55	31.450000000000003	0.0	0.0	0.0	3115542.0	103848.29999999999	1.4	1.1	3.1	7.6	31.450000000000003
