concurrency	elapsed-r	errors-r	ops(total)-r	ops/sec(cum)-r	avg(ms)-r	p50(ms)-r	p95(ms)-r	p99(ms)-r	pMax(ms)-r	total-r	elapsed-w	errors-w	ops(total)-w	ops/sec(cum)-w	avg(ms)-w	p50(ms)-w	p95(ms)-w	p99(ms)-w	pMax(ms)-w	total-w	elapsed	errors	ops(total)	ops/sec(cum)	avg(ms)	p50(ms)	p95(ms)	p99(ms)	pMax(ms)
36	0.0	0.0	1869721.0	62322.299999999996	3.8625	3.1999999999999997	9.425	15.012500000000001	56.3375	0.0	0.0	0.0	98561.0	3285.3	7.375	6.275	16.8625	24.125	56.337500000000006	0.0	0.0	0.0	1968282.0	65607.6	4.05	3.2749999999999995	10.25	16.0625	63.6875
