concurrency	elapsed-r	errors-r	ops(total)-r	ops/sec(cum)-r	avg(ms)-r	p50(ms)-r	p95(ms)-r	p99(ms)-r	pMax(ms)-r	total-r	elapsed-w	errors-w	ops(total)-w	ops/sec(cum)-w	avg(ms)-w	p50(ms)-w	p95(ms)-w	p99(ms)-w	pMax(ms)-w	total-w	elapsed	errors	ops(total)	ops/sec(cum)	avg(ms)	p50(ms)	p95(ms)	p99(ms)	pMax(ms)
39	0.0	0.0	1290055.0	43000.399999999994	7.275	4.3375	18.075	31.9375	161.4625	0.0	0.0	0.0	67709.0	2256.7999999999997	29.7625	17.7375	115.5875	169.86250000000004	279.975	0.0	0.0	0.0	1357764.0	45257.4	8.4	4.637499999999999	20.387499999999996	42.1875	279.975
