concurrency	elapsed-r	errors-r	ops(total)-r	ops/sec(cum)-r	avg(ms)-r	p50(ms)-r	p95(ms)-r	p99(ms)-r	pMax(ms)-r	total-r	elapsed-w	errors-w	ops(total)-w	ops/sec(cum)-w	avg(ms)-w	p50(ms)-w	p95(ms)-w	p99(ms)-w	pMax(ms)-w	total-w	elapsed	errors	ops(total)	ops/sec(cum)	avg(ms)	p50(ms)	p95(ms)	p99(ms)	pMax(ms)
16	0.0	0.0	636292.0	21209.4	1.7666666666666666	1.5666666666666667	2.466666666666667	9.4	173.4	0.0	0.0	0.0	33418.0	1113.9	1.2	0.9	2.1666666666666665	4.1000000000000005	26.599999999999998	0.0	0.0	0.0	669710.0	22323.2	1.7	1.5666666666666667	2.466666666666667	8.9	173.4
