concurrency	elapsed-r	errors-r	ops(total)-r	ops/sec(cum)-r	avg(ms)-r	p50(ms)-r	p95(ms)-r	p99(ms)-r	pMax(ms)-r	total-r	elapsed-w	errors-w	ops(total)-w	ops/sec(cum)-w	avg(ms)-w	p50(ms)-w	p95(ms)-w	p99(ms)-w	pMax(ms)-w	total-w	elapsed	errors	ops(total)	ops/sec(cum)	avg(ms)	p50(ms)	p95(ms)	p99(ms)	pMax(ms)
103	0.0	0.0	786740.0	26223.199999999997	8.833333333333334	6.8	24.100000000000005	37.7	419.43333333333334	0.0	0.0	0.0	41545.0	1384.7	25.400000000000002	23.100000000000005	52.4	69.89999999999999	307.6	0.0	0.0	0.0	828285.0	27608.0	9.666666666666666	7.099999999999999	27.3	44.0	419.43333333333334
