concurrency	elapsed-r	errors-r	ops(total)-r	ops/sec(cum)-r	avg(ms)-r	p50(ms)-r	p95(ms)-r	p99(ms)-r	pMax(ms)-r	total-r	elapsed-w	errors-w	ops(total)-w	ops/sec(cum)-w	avg(ms)-w	p50(ms)-w	p95(ms)-w	p99(ms)-w	pMax(ms)-w	total-w	elapsed	errors	ops(total)	ops/sec(cum)	avg(ms)	p50(ms)	p95(ms)	p99(ms)	pMax(ms)
11	0.0	0.0	1133647.0	37787.7	1.6750000000000003	1.2750000000000001	4.025	5.875	102.22500000000001	0.0	0.0	0.0	59687.0	1989.5	8.3875	2.35	44.7875	58.175	75.5	0.0	0.0	0.0	1193334.0	39777.200000000004	2.05	1.3375000000000001	4.3	10.0375	113.25
