concurrency	elapsed-r	errors-r	ops(total)-r	ops/sec(cum)-r	avg(ms)-r	p50(ms)-r	p95(ms)-r	p99(ms)-r	pMax(ms)-r	total-r	elapsed	errors	ops(total)	ops/sec(cum)	avg(ms)	p50(ms)	p95(ms)	p99(ms)	pMax(ms)
56	0.0	0.0	1296013.0	43198.9	10.525	9.05	23.5625	36.675000000000004	87.575	0.0	0.0	0.0	1296013.0	43198.9	10.525	9.05	23.5625	36.675000000000004	87.575
