concurrency	elapsed-w	errors-w	ops(total)-w	ops/sec(cum)-w	avg(ms)-w	p50(ms)-w	p95(ms)-w	p99(ms)-w	pMax(ms)-w	total-w	elapsed	errors	ops(total)	ops/sec(cum)	avg(ms)	p50(ms)	p95(ms)	p99(ms)	pMax(ms)
14	0.0	0.0	672746.0	22424.5	4.7125	3.8124999999999996	10.375	18.075	143.65	0.0	0.0	0.0	672746.0	22424.5	4.7125	3.8124999999999996	10.375	18.075	143.65
