concurrency	elapsed-w	errors-w	ops(total)-w	ops/sec(cum)-w	avg(ms)-w	p50(ms)-w	p95(ms)-w	p99(ms)-w	pMax(ms)-w	total-w	elapsed	errors	ops(total)	ops/sec(cum)	avg(ms)	p50(ms)	p95(ms)	p99(ms)	pMax(ms)
3	0.0	0.0	103394.0	3446.3999999999996	3.2249999999999996	2.75	7.925	13.625	28.575	0.0	0.0	0.0	103394.0	3446.3999999999996	3.2249999999999996	2.75	7.925	13.625	28.575
