concurrency	elapsed-r	errors-r	ops(total)-r	ops/sec(cum)-r	avg(ms)-r	p50(ms)-r	p95(ms)-r	p99(ms)-r	pMax(ms)-r	total-r	elapsed-w	errors-w	ops(total)-w	ops/sec(cum)-w	avg(ms)-w	p50(ms)-w	p95(ms)-w	p99(ms)-w	pMax(ms)-w	total-w	elapsed	errors	ops(total)	ops/sec(cum)	avg(ms)	p50(ms)	p95(ms)	p99(ms)	pMax(ms)
48	0.0	0.0	260822.0	8693.6	3.6999999999999997	3.375	7.2749999999999995	9.850000000000001	41.02499999999999	0.0	0.0	0.0	13319.0	443.90000000000003	772.8499999999999	1275.1000000000001	1342.2	1342.2	1426.0749999999998	0.0	0.0	0.0	274141.0	9137.4	41.0375	3.4375	8.575	1342.2	1426.0749999999998
