concurrency	elapsed-r	errors-r	ops(total)-r	ops/sec(cum)-r	avg(ms)-r	p50(ms)-r	p95(ms)-r	p99(ms)-r	pMax(ms)-r	total-r	elapsed	errors	ops(total)	ops/sec(cum)	avg(ms)	p50(ms)	p95(ms)	p99(ms)	pMax(ms)
54	0.0	0.0	1524458.0	50813.6	7.937500000000001	6.949999999999999	17.8	25.699999999999996	224.37500000000003	0.0	0.0	0.0	1524458.0	50813.6	7.937500000000001	6.949999999999999	17.8	25.699999999999996	224.37500000000003
