concurrency	elapsed-r	errors-r	ops(total)-r	ops/sec(cum)-r	avg(ms)-r	p50(ms)-r	p95(ms)-r	p99(ms)-r	pMax(ms)-r	total-r	elapsed-w	errors-w	ops(total)-w	ops/sec(cum)-w	avg(ms)-w	p50(ms)-w	p95(ms)-w	p99(ms)-w	pMax(ms)-w	total-w	elapsed	errors	ops(total)	ops/sec(cum)	avg(ms)	p50(ms)	p95(ms)	p99(ms)	pMax(ms)
14	0.0	0.0	1053870.0	35128.7	0.9	0.9	1.0666666666666667	3.4	8.566666666666668	0.0	0.0	0.0	55654.0	1855.1999999999998	1.4666666666666668	1.3999999999999997	1.7	4.7	8.9	0.0	0.0	0.0	1109524.0	36983.7	0.9333333333333332	0.9	1.3999999999999997	3.4	9.066666666666668
