concurrency	elapsed-r	errors-r	ops(total)-r	ops/sec(cum)-r	avg(ms)-r	p50(ms)-r	p95(ms)-r	p99(ms)-r	pMax(ms)-r	total-r	elapsed-w	errors-w	ops(total)-w	ops/sec(cum)-w	avg(ms)-w	p50(ms)-w	p95(ms)-w	p99(ms)-w	pMax(ms)-w	total-w	elapsed	errors	ops(total)	ops/sec(cum)	avg(ms)	p50(ms)	p95(ms)	p99(ms)	pMax(ms)
35	0.0	0.0	3255505.0	108514.90000000001	2.125	2.0	3.4625000000000004	7.1	28.712500000000002	0.0	0.0	0.0	171507.0	5716.900000000001	2.325	2.175	4.425	8.0875	23.3375	0.0	0.0	0.0	3427012.0	114231.79999999999	2.1374999999999997	2.0	3.5000000000000004	7.25	28.712500000000002
