concurrency	elapsed-r	errors-r	ops(total)-r	ops/sec(cum)-r	avg(ms)-r	p50(ms)-r	p95(ms)-r	p99(ms)-r	pMax(ms)-r	total-r	elapsed-w	errors-w	ops(total)-w	ops/sec(cum)-w	avg(ms)-w	p50(ms)-w	p95(ms)-w	p99(ms)-w	pMax(ms)-w	total-w	elapsed	errors	ops(total)	ops/sec(cum)	avg(ms)	p50(ms)	p95(ms)	p99(ms)	pMax(ms)
32	0.0	0.0	3038259.0	101273.0	2.1750000000000003	2.0374999999999996	3.925	7.15	139.975	0.0	0.0	0.0	160376.0	5345.7	2.1750000000000003	2.0374999999999996	3.874999999999999	7.2875	36.025000000000006	0.0	0.0	0.0	3198635.0	106618.8	2.1750000000000003	2.0374999999999996	3.925	7.15	139.975
