concurrency	elapsed-r	errors-r	ops(total)-r	ops/sec(cum)-r	avg(ms)-r	p50(ms)-r	p95(ms)-r	p99(ms)-r	pMax(ms)-r	total-r	elapsed-w	errors-w	ops(total)-w	ops/sec(cum)-w	avg(ms)-w	p50(ms)-w	p95(ms)-w	p99(ms)-w	pMax(ms)-w	total-w	elapsed	errors	ops(total)	ops/sec(cum)	avg(ms)	p50(ms)	p95(ms)	p99(ms)	pMax(ms)
45	0.0	0.0	1899351.0	63309.40000000001	4.7375	4.0375	11.25	18.35	93.8625	0.0	0.0	0.0	100008.0	3333.5	9.25	8.2875	21.25	30.1625	79.7	0.0	0.0	0.0	1999359.0	66643.0	4.949999999999999	4.137499999999999	12.349999999999998	19.400000000000002	97.0125
