concurrency	elapsed-r	errors-r	ops(total)-r	ops/sec(cum)-r	avg(ms)-r	p50(ms)-r	p95(ms)-r	p99(ms)-r	pMax(ms)-r	total-r	elapsed-w	errors-w	ops(total)-w	ops/sec(cum)-w	avg(ms)-w	p50(ms)-w	p95(ms)-w	p99(ms)-w	pMax(ms)-w	total-w	elapsed	errors	ops(total)	ops/sec(cum)	avg(ms)	p50(ms)	p95(ms)	p99(ms)	pMax(ms)
22	0.0	0.0	2946380.0	98211.29999999999	1.4749999999999999	1.3625	2.575	4.65	95.54999999999998	0.0	0.0	0.0	155273.0	5175.9	1.7500000000000002	1.45	4.275	6.3125	41.8625	0.0	0.0	0.0	3101653.0	103386.7	1.4749999999999999	1.375	2.625	5.0	95.54999999999998
