concurrency	elapsed-r	errors-r	ops(total)-r	ops/sec(cum)-r	avg(ms)-r	p50(ms)-r	p95(ms)-r	p99(ms)-r	pMax(ms)-r	total-r	elapsed-w	errors-w	ops(total)-w	ops/sec(cum)-w	avg(ms)-w	p50(ms)-w	p95(ms)-w	p99(ms)-w	pMax(ms)-w	total-w	elapsed	errors	ops(total)	ops/sec(cum)	avg(ms)	p50(ms)	p95(ms)	p99(ms)	pMax(ms)
45	0.0	0.0	1445179.0	48170.99999999999	6.374999999999999	5.525	14.675	22.424999999999997	139.45000000000002	0.0	0.0	0.0	76178.0	2539.1	11.15	10.125	27.275000000000002	37.85	72.6	0.0	0.0	0.0	1521357.0	50710.200000000004	6.625000000000001	5.6	15.999999999999998	24.525	139.975
