concurrency	elapsed-r	errors-r	ops(total)-r	ops/sec(cum)-r	avg(ms)-r	p50(ms)-r	p95(ms)-r	p99(ms)-r	pMax(ms)-r	total-r	elapsed-w	errors-w	ops(total)-w	ops/sec(cum)-w	avg(ms)-w	p50(ms)-w	p95(ms)-w	p99(ms)-w	pMax(ms)-w	total-w	elapsed	errors	ops(total)	ops/sec(cum)	avg(ms)	p50(ms)	p95(ms)	p99(ms)	pMax(ms)
24	0.0	0.0	689148.0	22971.2	2.2333333333333334	1.7	5.5	10.5	44.0	0.0	0.0	0.0	36297.0	1209.9	5.3999999999999995	3.0	21.333333333333332	33.93333333333334	65.7	0.0	0.0	0.0	725445.0	24181.1	2.4333333333333336	1.7333333333333334	6.0	13.1	65.7
