concurrency	elapsed-r	errors-r	ops(total)-r	ops/sec(cum)-r	avg(ms)-r	p50(ms)-r	p95(ms)-r	p99(ms)-r	pMax(ms)-r	total-r	elapsed-w	errors-w	ops(total)-w	ops/sec(cum)-w	avg(ms)-w	p50(ms)-w	p95(ms)-w	p99(ms)-w	pMax(ms)-w	total-w	elapsed	errors	ops(total)	ops/sec(cum)	avg(ms)	p50(ms)	p95(ms)	p99(ms)	pMax(ms)
146	0.0	0.0	2827460.0	94237.5	7.12	5.359999999999999	20.36	31.0	600.6400000000001	0.0	0.0	0.0	148049.0	4934.5	26.080000000000002	24.340000000000003	56.220000000000006	71.96	409.36	0.0	0.0	0.0	2975509.0	99171.8	8.02	5.5600000000000005	24.34	42.78000000000001	600.6400000000001
