concurrency	elapsed-r	errors-r	ops(total)-r	ops/sec(cum)-r	avg(ms)-r	p50(ms)-r	p95(ms)-r	p99(ms)-r	pMax(ms)-r	total-r	elapsed-w	errors-w	ops(total)-w	ops/sec(cum)-w	avg(ms)-w	p50(ms)-w	p95(ms)-w	p99(ms)-w	pMax(ms)-w	total-w	elapsed	errors	ops(total)	ops/sec(cum)	avg(ms)	p50(ms)	p95(ms)	p99(ms)	pMax(ms)
39	0.0	0.0	4570506.0	152347.3	1.6375000000000002	1.45	2.825	5.125	213.89999999999998	0.0	0.0	0.0	240161.0	8005.300000000001	1.7000000000000002	1.45	3.0624999999999996	6.425	151.49999999999997	0.0	0.0	0.0	4810667.0	160352.7	1.6375000000000002	1.45	2.825	5.2	213.89999999999998
