concurrency	elapsed-r	errors-r	ops(total)-r	ops/sec(cum)-r	avg(ms)-r	p50(ms)-r	p95(ms)-r	p99(ms)-r	pMax(ms)-r	total-r	elapsed-w	errors-w	ops(total)-w	ops/sec(cum)-w	avg(ms)-w	p50(ms)-w	p95(ms)-w	p99(ms)-w	pMax(ms)-w	total-w	elapsed	errors	ops(total)	ops/sec(cum)	avg(ms)	p50(ms)	p95(ms)	p99(ms)	pMax(ms)
48	0.0	0.0	721430.0	24047.0	18.324999999999996	16.625	36.675	48.72500000000001	131.0625	0.0	0.0	0.0	37853.0	1261.7	29.3875	20.687499999999996	86.25	142.6	219.15	0.0	0.0	0.0	759283.0	25308.600000000002	18.8625	16.625	36.675	56.862500000000004	219.15
