concurrency	elapsed-r	errors-r	ops(total)-r	ops/sec(cum)-r	avg(ms)-r	p50(ms)-r	p95(ms)-r	p99(ms)-r	pMax(ms)-r	total-r	elapsed-w	errors-w	ops(total)-w	ops/sec(cum)-w	avg(ms)-w	p50(ms)-w	p95(ms)-w	p99(ms)-w	pMax(ms)-w	total-w	elapsed	errors	ops(total)	ops/sec(cum)	avg(ms)	p50(ms)	p95(ms)	p99(ms)	pMax(ms)
25	0.0	0.0	1165615.0	38853.0	4.2375	2.9	10.6875	25.9625	184.5375	0.0	0.0	0.0	61386.0	2046.1999999999998	11.7125	5.5125	63.95000000000001	118.45	197.10000000000002	0.0	0.0	0.0	1227001.0	40899.00000000001	4.5874999999999995	3.0	11.3125	40.5875	197.10000000000002
