concurrency	elapsed-r	errors-r	ops(total)-r	ops/sec(cum)-r	avg(ms)-r	p50(ms)-r	p95(ms)-r	p99(ms)-r	pMax(ms)-r	total-r	elapsed-w	errors-w	ops(total)-w	ops/sec(cum)-w	avg(ms)-w	p50(ms)-w	p95(ms)-w	p99(ms)-w	pMax(ms)-w	total-w	elapsed	errors	ops(total)	ops/sec(cum)	avg(ms)	p50(ms)	p95(ms)	p99(ms)	pMax(ms)
42	0.0	0.0	4492833.0	149757.30000000002	1.8250000000000002	1.6500000000000001	3.175	5.8999999999999995	217.04999999999998	0.0	0.0	0.0	236589.0	7886.200000000001	1.9124999999999999	1.6500000000000001	3.4124999999999996	7.2125	157.2625	0.0	0.0	0.0	4729422.0	157643.5	1.8250000000000002	1.6500000000000001	3.1999999999999997	5.9624999999999995	217.04999999999998
