concurrency	elapsed-r	errors-r	ops(total)-r	ops/sec(cum)-r	avg(ms)-r	p50(ms)-r	p95(ms)-r	p99(ms)-r	pMax(ms)-r	total-r	elapsed-w	errors-w	ops(total)-w	ops/sec(cum)-w	avg(ms)-w	p50(ms)-w	p95(ms)-w	p99(ms)-w	pMax(ms)-w	total-w	elapsed	errors	ops(total)	ops/sec(cum)	avg(ms)	p50(ms)	p95(ms)	p99(ms)	pMax(ms)
23	0.0	0.0	627983.0	20932.2	5.0	2.3125000000000004	7.45	102.275	245.375	0.0	0.0	0.0	32901.0	1096.7	67.69999999999999	66.575	84.95	166.75	299.8875	0.0	0.0	0.0	660884.0	22028.9	8.1375	2.3499999999999996	62.89999999999999	104.89999999999999	308.275
