concurrency	elapsed-r	errors-r	ops(total)-r	ops/sec(cum)-r	avg(ms)-r	p50(ms)-r	p95(ms)-r	p99(ms)-r	pMax(ms)-r	total-r	elapsed-w	errors-w	ops(total)-w	ops/sec(cum)-w	avg(ms)-w	p50(ms)-w	p95(ms)-w	p99(ms)-w	pMax(ms)-w	total-w	elapsed	errors	ops(total)	ops/sec(cum)	avg(ms)	p50(ms)	p95(ms)	p99(ms)	pMax(ms)
68	0.0	0.0	988944.0	32963.2	4.5	3.2999999999999994	12.1	27.3	190.1	0.0	0.0	0.0	52203.0	1739.9	11.800000000000002	9.4	32.5	50.29999999999999	89.46666666666665	0.0	0.0	0.0	1041147.0	34703.2	4.9	3.4	14.699999999999998	29.73333333333333	190.1
