concurrency	elapsed-r	errors-r	ops(total)-r	ops/sec(cum)-r	avg(ms)-r	p50(ms)-r	p95(ms)-r	p99(ms)-r	pMax(ms)-r	total-r	elapsed-w	errors-w	ops(total)-w	ops/sec(cum)-w	avg(ms)-w	p50(ms)-w	p95(ms)-w	p99(ms)-w	pMax(ms)-w	total-w	elapsed	errors	ops(total)	ops/sec(cum)	avg(ms)	p50(ms)	p95(ms)	p99(ms)	pMax(ms)
31	0.0	0.0	1880898.0	62694.99999999999	3.125	2.475	8.2625	13.299999999999997	47.6875	0.0	0.0	0.0	99086.0	3302.8999999999996	9.7625	4.9125	19.8	160.45000000000002	300.9375	0.0	0.0	0.0	1979984.0	65997.9	3.4375	2.65	8.65	14.425	300.9375
