concurrency	elapsed-r	errors-r	ops(total)-r	ops/sec(cum)-r	avg(ms)-r	p50(ms)-r	p95(ms)-r	p99(ms)-r	pMax(ms)-r	total-r	elapsed-w	errors-w	ops(total)-w	ops/sec(cum)-w	avg(ms)-w	p50(ms)-w	p95(ms)-w	p99(ms)-w	pMax(ms)-w	total-w	elapsed	errors	ops(total)	ops/sec(cum)	avg(ms)	p50(ms)	p95(ms)	p99(ms)	pMax(ms)
41	0.0	0.0	871539.0	29050.4	3.4333333333333336	2.6	10.166666666666666	24.100000000000005	78.3	0.0	0.0	0.0	46161.0	1538.7	1.6000000000000003	1.0	3.4	14.533333333333331	72.0	0.0	0.0	0.0	917700.0	30589.1	3.3333333333333335	2.5	10.0	24.100000000000005	78.3
