concurrency	elapsed-r	errors-r	ops(total)-r	ops/sec(cum)-r	avg(ms)-r	p50(ms)-r	p95(ms)-r	p99(ms)-r	pMax(ms)-r	total-r	elapsed-w	errors-w	ops(total)-w	ops/sec(cum)-w	avg(ms)-w	p50(ms)-w	p95(ms)-w	p99(ms)-w	pMax(ms)-w	total-w	elapsed	errors	ops(total)	ops/sec(cum)	avg(ms)	p50(ms)	p95(ms)	p99(ms)	pMax(ms)
33	0.0	0.0	1338905.0	44628.9	7.175	3.8	18.1625	32.4125	103.05000000000001	0.0	0.0	0.0	71011.0	2367.0	7.2749999999999995	3.8125	18.9375	32.6375	91.62500000000001	0.0	0.0	0.0	1409916.0	46995.700000000004	7.1875	3.8125	18.1625	32.4125	104.10000000000002
