concurrency	elapsed-r	errors-r	ops(total)-r	ops/sec(cum)-r	avg(ms)-r	p50(ms)-r	p95(ms)-r	p99(ms)-r	pMax(ms)-r	total-r	elapsed-w	errors-w	ops(total)-w	ops/sec(cum)-w	avg(ms)-w	p50(ms)-w	p95(ms)-w	p99(ms)-w	pMax(ms)-w	total-w	elapsed	errors	ops(total)	ops/sec(cum)	avg(ms)	p50(ms)	p95(ms)	p99(ms)	pMax(ms)
63	0.0	0.0	3105825.0	103524.40000000001	4.2625	4.175000000000001	7.749999999999999	12.2625	124.4	0.0	0.0	0.0	163551.0	5451.400000000001	4.2625	4.175000000000001	7.724999999999999	12.2625	24.525	0.0	0.0	0.0	3269376.0	108975.9	4.2625	4.175000000000001	7.749999999999999	12.2625	124.4
