concurrency	elapsed-r	errors-r	ops(total)-r	ops/sec(cum)-r	avg(ms)-r	p50(ms)-r	p95(ms)-r	p99(ms)-r	pMax(ms)-r	total-r	elapsed-w	errors-w	ops(total)-w	ops/sec(cum)-w	avg(ms)-w	p50(ms)-w	p95(ms)-w	p99(ms)-w	pMax(ms)-w	total-w	elapsed	errors	ops(total)	ops/sec(cum)	avg(ms)	p50(ms)	p95(ms)	p99(ms)	pMax(ms)
112	0.0	0.0	4492234.0	149734.7	3.46	2.88	7.859999999999999	15.26	126.66	0.0	0.0	0.0	236837.0	7894.299999999999	8.88	7.9	18.800000000000004	25.98	114.9	0.0	0.0	0.0	4729071.0	157628.9	3.7399999999999998	2.96	10.2	17.08	128.33999999999997
