concurrency	elapsed-r	errors-r	ops(total)-r	ops/sec(cum)-r	avg(ms)-r	p50(ms)-r	p95(ms)-r	p99(ms)-r	pMax(ms)-r	total-r	elapsed-w	errors-w	ops(total)-w	ops/sec(cum)-w	avg(ms)-w	p50(ms)-w	p95(ms)-w	p99(ms)-w	pMax(ms)-w	total-w	elapsed	errors	ops(total)	ops/sec(cum)	avg(ms)	p50(ms)	p95(ms)	p99(ms)	pMax(ms)
11	0.0	0.0	674170.0	22472.000000000004	3.0500000000000003	2.65	6.0625	9.112499999999999	63.6875	0.0	0.0	0.0	35264.0	1175.3000000000002	12.812499999999998	12.2	22.575	29.1125	56.33749999999999	0.0	0.0	0.0	709434.0	23647.3	3.5125	2.7249999999999996	8.8625	17.625	65.78750000000001
