concurrency	elapsed-w	errors-w	ops(total)-w	ops/sec(cum)-w	avg(ms)-w	p50(ms)-w	p95(ms)-w	p99(ms)-w	pMax(ms)-w	total-w	elapsed	errors	ops(total)	ops/sec(cum)	avg(ms)	p50(ms)	p95(ms)	p99(ms)	pMax(ms)
32	0.0	0.0	3194154.0	106470.09999999999	2.2	2.0875000000000004	4.0	6.437499999999999	49.025	0.0	0.0	0.0	3194154.0	106470.09999999999	2.2	2.0875000000000004	4.0	6.437499999999999	49.025
