concurrency	elapsed-r	errors-r	ops(total)-r	ops/sec(cum)-r	avg(ms)-r	p50(ms)-r	p95(ms)-r	p99(ms)-r	pMax(ms)-r	total-r	elapsed-w	errors-w	ops(total)-w	ops/sec(cum)-w	avg(ms)-w	p50(ms)-w	p95(ms)-w	p99(ms)-w	pMax(ms)-w	total-w	elapsed	errors	ops(total)	ops/sec(cum)	avg(ms)	p50(ms)	p95(ms)	p99(ms)	pMax(ms)
2	0.0	0.0	224678.0	7489.3	1.725	1.5999999999999999	3.125	4.325	16.775	0.0	0.0	0.0	11839.0	394.5	2.825	2.725	4.862500000000001	7.0874999999999995	12.524999999999999	0.0	0.0	0.0	236517.0	7883.999999999999	1.7625000000000002	1.6375	3.2874999999999996	4.5249999999999995	18.15
