concurrency	elapsed-r	errors-r	ops(total)-r	ops/sec(cum)-r	avg(ms)-r	p50(ms)-r	p95(ms)-r	p99(ms)-r	pMax(ms)-r	total-r	elapsed	errors	ops(total)	ops/sec(cum)	avg(ms)	p50(ms)	p95(ms)	p99(ms)	pMax(ms)
13	0.0	0.0	1386891.0	46229.3	2.075	1.9874999999999998	3.4124999999999996	5.749999999999999	16.724999999999998	0.0	0.0	0.0	1386891.0	46229.3	2.075	1.9874999999999998	3.4124999999999996	5.749999999999999	16.724999999999998
