concurrency	elapsed-r	errors-r	ops(total)-r	ops/sec(cum)-r	avg(ms)-r	p50(ms)-r	p95(ms)-r	p99(ms)-r	pMax(ms)-r	total-r	elapsed-w	errors-w	ops(total)-w	ops/sec(cum)-w	avg(ms)-w	p50(ms)-w	p95(ms)-w	p99(ms)-w	pMax(ms)-w	total-w	elapsed	errors	ops(total)	ops/sec(cum)	avg(ms)	p50(ms)	p95(ms)	p99(ms)	pMax(ms)
52	0.0	0.0	1956338.0	65209.0	5.325	4.675000000000001	12.662499999999998	19.900000000000002	76.52499999999999	0.0	0.0	0.0	102643.0	3421.3	9.725	9.025	21.625	30.1625	55.55	0.0	0.0	0.0	2058981.0	68630.4	5.525	4.775	13.474999999999998	21.0	78.3625
