concurrency	elapsed-r	errors-r	ops(total)-r	ops/sec(cum)-r	avg(ms)-r	p50(ms)-r	p95(ms)-r	p99(ms)-r	pMax(ms)-r	total-r	elapsed-w	errors-w	ops(total)-w	ops/sec(cum)-w	avg(ms)-w	p50(ms)-w	p95(ms)-w	p99(ms)-w	pMax(ms)-w	total-w	elapsed	errors	ops(total)	ops/sec(cum)	avg(ms)	p50(ms)	p95(ms)	p99(ms)	pMax(ms)
72	0.0	0.0	2683513.0	89447.59999999999	4.0200000000000005	3.12	11.440000000000001	20.740000000000002	156.23999999999998	0.0	0.0	0.0	141570.0	4718.799999999999	11.559999999999999	10.079999999999998	25.300000000000004	35.42	177.64000000000001	0.0	0.0	0.0	2825083.0	94166.50000000001	4.4	3.3	13.739999999999998	22.9	179.73999999999998
