concurrency	elapsed-r	errors-r	ops(total)-r	ops/sec(cum)-r	avg(ms)-r	p50(ms)-r	p95(ms)-r	p99(ms)-r	pMax(ms)-r	total-r	elapsed-w	errors-w	ops(total)-w	ops/sec(cum)-w	avg(ms)-w	p50(ms)-w	p95(ms)-w	p99(ms)-w	pMax(ms)-w	total-w	elapsed	errors	ops(total)	ops/sec(cum)	avg(ms)	p50(ms)	p95(ms)	p99(ms)	pMax(ms)
85	0.0	0.0	2413744.0	80454.8	2.2666666666666666	1.5333333333333332	6.033333333333334	9.766666666666667	32.46666666666667	0.0	0.0	0.0	127252.0	4241.6	21.066666666666666	2.8000000000000003	114.3	132.1	169.16666666666666	0.0	0.0	0.0	2540996.0	84696.3	3.233333333333333	1.6333333333333335	6.433333333333333	17.666666666666668	169.16666666666666
