concurrency	elapsed-r	errors-r	ops(total)-r	ops/sec(cum)-r	avg(ms)-r	p50(ms)-r	p95(ms)-r	p99(ms)-r	pMax(ms)-r	total-r	elapsed-w	errors-w	ops(total)-w	ops/sec(cum)-w	avg(ms)-w	p50(ms)-w	p95(ms)-w	p99(ms)-w	pMax(ms)-w	total-w	elapsed	errors	ops(total)	ops/sec(cum)	avg(ms)	p50(ms)	p95(ms)	p99(ms)	pMax(ms)
32	0.0	0.0	177602.0	5919.799999999999	4.9375	4.925	8.875	11.2	37.887499999999996	0.0	0.0	0.0	9168.0	305.5	724.3125	939.5	998.2250000000001	1006.6000000000001	1010.8000000000002	0.0	0.0	0.0	186770.0	6225.3	40.3125	5.05	11.675	973.1000000000001	1010.8000000000002
