concurrency	elapsed-r	errors-r	ops(total)-r	ops/sec(cum)-r	avg(ms)-r	p50(ms)-r	p95(ms)-r	p99(ms)-r	pMax(ms)-r	total-r	elapsed-w	errors-w	ops(total)-w	ops/sec(cum)-w	avg(ms)-w	p50(ms)-w	p95(ms)-w	p99(ms)-w	pMax(ms)-w	total-w	elapsed	errors	ops(total)	ops/sec(cum)	avg(ms)	p50(ms)	p95(ms)	p99(ms)	pMax(ms)
66	0.0	0.0	2751421.0	91711.0	3.3599999999999994	2.64	8.66	17.2	123.5	0.0	0.0	0.0	145504.0	4849.900000000001	9.219999999999999	8.0	20.58	28.9	111.6	0.0	0.0	0.0	2896925.0	96561.0	3.6800000000000006	2.7	11.2	18.880000000000003	124.97999999999999
