concurrency	elapsed-r	errors-r	ops(total)-r	ops/sec(cum)-r	avg(ms)-r	p50(ms)-r	p95(ms)-r	p99(ms)-r	pMax(ms)-r	total-r	elapsed-w	errors-w	ops(total)-w	ops/sec(cum)-w	avg(ms)-w	p50(ms)-w	p95(ms)-w	p99(ms)-w	pMax(ms)-w	total-w	elapsed	errors	ops(total)	ops/sec(cum)	avg(ms)	p50(ms)	p95(ms)	p99(ms)	pMax(ms)
104	0.0	0.0	4505306.0	150169.0	3.1599999999999997	2.6	6.94	14.719999999999999	95.42	0.0	0.0	0.0	236329.0	7877.2	8.440000000000001	7.4399999999999995	17.779999999999998	25.34	80.12	0.0	0.0	0.0	4741635.0	158046.30000000002	3.4200000000000004	2.68	9.179999999999998	16.32	107.38
