concurrency	elapsed-r	errors-r	ops(total)-r	ops/sec(cum)-r	avg(ms)-r	p50(ms)-r	p95(ms)-r	p99(ms)-r	pMax(ms)-r	total-r	elapsed-w	errors-w	ops(total)-w	ops/sec(cum)-w	avg(ms)-w	p50(ms)-w	p95(ms)-w	p99(ms)-w	pMax(ms)-w	total-w	elapsed	errors	ops(total)	ops/sec(cum)	avg(ms)	p50(ms)	p95(ms)	p99(ms)	pMax(ms)
48	0.0	0.0	555226.0	18506.4	13.312499999999998	2.6999999999999993	80.75	250.65000000000003	555.75	0.0	0.0	0.0	29303.0	976.6	136.0375	127.37499999999999	206.54999999999998	394.3	771.7375000000002	0.0	0.0	0.0	584529.0	19483.300000000003	19.4625	2.825	135.25	258.9625	771.7375000000002
