concurrency	elapsed-r	errors-r	ops(total)-r	ops/sec(cum)-r	avg(ms)-r	p50(ms)-r	p95(ms)-r	p99(ms)-r	pMax(ms)-r	total-r	elapsed-w	errors-w	ops(total)-w	ops/sec(cum)-w	avg(ms)-w	p50(ms)-w	p95(ms)-w	p99(ms)-w	pMax(ms)-w	total-w	elapsed	errors	ops(total)	ops/sec(cum)	avg(ms)	p50(ms)	p95(ms)	p99(ms)	pMax(ms)
40	0.0	0.0	2557883.0	56841.0	2.3	1.6	7.039999999999999	17.6	197.95999999999998	0.0	0.0	0.0	134819.0	2995.8999999999996	4.68	3.3	15.3	27.7	159.4	0.0	0.0	0.0	2692702.0	59836.8	2.4400000000000004	1.6400000000000001	7.539999999999999	18.46	204.66
