concurrency	elapsed-r	errors-r	ops(total)-r	ops/sec(cum)-r	avg(ms)-r	p50(ms)-r	p95(ms)-r	p99(ms)-r	pMax(ms)-r	total-r	elapsed	errors	ops(total)	ops/sec(cum)	avg(ms)	p50(ms)	p95(ms)	p99(ms)	pMax(ms)
15	0.0	0.0	1326806.0	44226.3	2.4625	2.1750000000000003	5.324999999999999	8.775	134.2375	0.0	0.0	0.0	1326806.0	44226.3	2.4625	2.1750000000000003	5.324999999999999	8.775	134.2375
