concurrency	elapsed-r	errors-r	ops(total)-r	ops/sec(cum)-r	avg(ms)-r	p50(ms)-r	p95(ms)-r	p99(ms)-r	pMax(ms)-r	total-r	elapsed-w	errors-w	ops(total)-w	ops/sec(cum)-w	avg(ms)-w	p50(ms)-w	p95(ms)-w	p99(ms)-w	pMax(ms)-w	total-w	elapsed	errors	ops(total)	ops/sec(cum)	avg(ms)	p50(ms)	p95(ms)	p99(ms)	pMax(ms)
48	0.0	0.0	1920033.0	63999.1	4.9	4.0874999999999995	12.474999999999998	20.45	109.0625	0.0	0.0	0.0	101151.0	3371.6	10.737499999999999	8.1625	22.0125	69.9875	1056.95	0.0	0.0	0.0	2021184.0	67370.59999999999	5.2	4.225	13.099999999999998	21.8875	1056.95
