concurrency	elapsed-w	errors-w	ops(total)-w	ops/sec(cum)-w	avg(ms)-w	p50(ms)-w	p95(ms)-w	p99(ms)-w	pMax(ms)-w	total-w	elapsed	errors	ops(total)	ops/sec(cum)	avg(ms)	p50(ms)	p95(ms)	p99(ms)	pMax(ms)
43	0.0	0.0	763218.0	25439.9	13.075	11.525	28.600000000000005	39.5375	110.625	0.0	0.0	0.0	763218.0	25439.9	13.075	11.525	28.600000000000005	39.5375	110.625
