concurrency	elapsed-r	errors-r	ops(total)-r	ops/sec(cum)-r	avg(ms)-r	p50(ms)-r	p95(ms)-r	p99(ms)-r	pMax(ms)-r	total-r	elapsed-w	errors-w	ops(total)-w	ops/sec(cum)-w	avg(ms)-w	p50(ms)-w	p95(ms)-w	p99(ms)-w	pMax(ms)-w	total-w	elapsed	errors	ops(total)	ops/sec(cum)	avg(ms)	p50(ms)	p95(ms)	p99(ms)	pMax(ms)
46	0.0	0.0	1890722.0	63021.700000000004	4.8125	4.1	12.075	19.8	101.2	0.0	0.0	0.0	99923.0	3330.8000000000006	10.1625	8.2875	22.412499999999998	45.575	375.38750000000005	0.0	0.0	0.0	1990645.0	66352.4	5.1	4.2	12.974999999999998	21.5	375.38750000000005
