concurrency	elapsed-r	errors-r	ops(total)-r	ops/sec(cum)-r	avg(ms)-r	p50(ms)-r	p95(ms)-r	p99(ms)-r	pMax(ms)-r	total-r	elapsed-w	errors-w	ops(total)-w	ops/sec(cum)-w	avg(ms)-w	p50(ms)-w	p95(ms)-w	p99(ms)-w	pMax(ms)-w	total-w	elapsed	errors	ops(total)	ops/sec(cum)	avg(ms)	p50(ms)	p95(ms)	p99(ms)	pMax(ms)
71	0.0	0.0	2859521.0	95314.2	3.5200000000000005	2.8600000000000003	8.0	17.419999999999998	92.67999999999999	0.0	0.0	0.0	151035.0	5034.299999999999	9.68	8.5	21.6	28.919999999999995	78.22	0.0	0.0	0.0	3010556.0	100348.4	3.8400000000000007	2.9200000000000004	10.679999999999998	18.880000000000003	93.32
