concurrency	elapsed-r	errors-r	ops(total)-r	ops/sec(cum)-r	avg(ms)-r	p50(ms)-r	p95(ms)-r	p99(ms)-r	pMax(ms)-r	total-r	elapsed-w	errors-w	ops(total)-w	ops/sec(cum)-w	avg(ms)-w	p50(ms)-w	p95(ms)-w	p99(ms)-w	pMax(ms)-w	total-w	elapsed	errors	ops(total)	ops/sec(cum)	avg(ms)	p50(ms)	p95(ms)	p99(ms)	pMax(ms)
21	0.0	0.0	1801848.0	60060.200000000004	2.275	1.7750000000000001	5.949999999999999	10.0375	73.6625	0.0	0.0	0.0	95129.0	3170.8999999999996	5.375000000000001	3.3625	15.162500000000001	53.449999999999996	112.725	0.0	0.0	0.0	1896977.0	63231.0	2.4125	1.8375	6.25	10.875	112.725
