concurrency	elapsed-r	errors-r	ops(total)-r	ops/sec(cum)-r	avg(ms)-r	p50(ms)-r	p95(ms)-r	p99(ms)-r	pMax(ms)-r	total-r	elapsed-w	errors-w	ops(total)-w	ops/sec(cum)-w	avg(ms)-w	p50(ms)-w	p95(ms)-w	p99(ms)-w	pMax(ms)-w	total-w	elapsed	errors	ops(total)	ops/sec(cum)	avg(ms)	p50(ms)	p95(ms)	p99(ms)	pMax(ms)
30	0.0	0.0	3250673.0	108353.70000000001	1.85	1.7125000000000004	3.1999999999999997	6.2749999999999995	166.975	0.0	0.0	0.0	171666.0	5722.2	1.85	1.6500000000000001	3.175	6.2875	66.2375	0.0	0.0	0.0	3422339.0	114075.90000000001	1.85	1.7125000000000004	3.1999999999999997	6.2749999999999995	190.4375
