concurrency	elapsed-r	errors-r	ops(total)-r	ops/sec(cum)-r	avg(ms)-r	p50(ms)-r	p95(ms)-r	p99(ms)-r	pMax(ms)-r	total-r	elapsed-w	errors-w	ops(total)-w	ops/sec(cum)-w	avg(ms)-w	p50(ms)-w	p95(ms)-w	p99(ms)-w	pMax(ms)-w	total-w	elapsed	errors	ops(total)	ops/sec(cum)	avg(ms)	p50(ms)	p95(ms)	p99(ms)	pMax(ms)
44	0.0	0.0	1085165.0	36171.2	2.5	2.0	5.933333333333334	15.699999999999998	74.10000000000001	0.0	0.0	0.0	57065.0	1902.1	1.2666666666666666	0.9	2.4	6.933333333333333	55.20000000000001	0.0	0.0	0.0	1142230.0	38073.3	2.466666666666667	1.9666666666666668	5.5	15.699999999999998	76.89999999999999
