concurrency	elapsed-r	errors-r	ops(total)-r	ops/sec(cum)-r	avg(ms)-r	p50(ms)-r	p95(ms)-r	p99(ms)-r	pMax(ms)-r	total-r	elapsed-w	errors-w	ops(total)-w	ops/sec(cum)-w	avg(ms)-w	p50(ms)-w	p95(ms)-w	p99(ms)-w	pMax(ms)-w	total-w	elapsed	errors	ops(total)	ops/sec(cum)	avg(ms)	p50(ms)	p95(ms)	p99(ms)	pMax(ms)
45	0.0	0.0	3443306.0	114774.29999999999	2.65	2.475	4.3125	8.85	73.91250000000001	0.0	0.0	0.0	181401.0	6046.6	2.825	2.6374999999999997	4.675000000000001	9.15	67.1125	0.0	0.0	0.0	3624707.0	120820.8	2.65	2.5	4.387499999999999	8.85	73.91250000000001
