concurrency	elapsed-r	errors-r	ops(total)-r	ops/sec(cum)-r	avg(ms)-r	p50(ms)-r	p95(ms)-r	p99(ms)-r	pMax(ms)-r	total-r	elapsed-w	errors-w	ops(total)-w	ops/sec(cum)-w	avg(ms)-w	p50(ms)-w	p95(ms)-w	p99(ms)-w	pMax(ms)-w	total-w	elapsed	errors	ops(total)	ops/sec(cum)	avg(ms)	p50(ms)	p95(ms)	p99(ms)	pMax(ms)
32	0.0	0.0	1708493.0	56948.0	1.975	1.4875	5.300000000000001	8.8875	37.637499999999996	0.0	0.0	0.0	90196.0	3006.6000000000004	43.487500000000004	2.75	524.3000000000001	604.0	704.6000000000001	0.0	0.0	0.0	1798689.0	59954.49999999999	4.0375	1.525	5.575	10.1625	704.6000000000001
