concurrency	elapsed-r	errors-r	ops(total)-r	ops/sec(cum)-r	avg(ms)-r	p50(ms)-r	p95(ms)-r	p99(ms)-r	pMax(ms)-r	total-r	elapsed-w	errors-w	ops(total)-w	ops/sec(cum)-w	avg(ms)-w	p50(ms)-w	p95(ms)-w	p99(ms)-w	pMax(ms)-w	total-w	elapsed	errors	ops(total)	ops/sec(cum)	avg(ms)	p50(ms)	p95(ms)	p99(ms)	pMax(ms)
65	0.0	0.0	2548972.0	84963.09999999999	4.220000000000001	3.3800000000000003	10.62	19.94	94.38	0.0	0.0	0.0	133982.0	4466.0	9.860000000000001	8.459999999999999	22.26	29.98	97.76	0.0	0.0	0.0	2682954.0	89429.1	4.46	3.3800000000000003	12.859999999999996	21.3	102.78000000000002
