concurrency	elapsed-r	errors-r	ops(total)-r	ops/sec(cum)-r	avg(ms)-r	p50(ms)-r	p95(ms)-r	p99(ms)-r	pMax(ms)-r	total-r	elapsed-w	errors-w	ops(total)-w	ops/sec(cum)-w	avg(ms)-w	p50(ms)-w	p95(ms)-w	p99(ms)-w	pMax(ms)-w	total-w	elapsed	errors	ops(total)	ops/sec(cum)	avg(ms)	p50(ms)	p95(ms)	p99(ms)	pMax(ms)
31	0.0	0.0	1900943.0	63363.1	3.2125000000000004	2.75	8.0	13.224999999999998	49.775	0.0	0.0	0.0	100413.0	3347.1999999999994	6.075	5.15	14.0375	26.349999999999998	113.24999999999999	0.0	0.0	0.0	2001356.0	66710.29999999999	3.3874999999999997	2.8249999999999997	8.575	13.899999999999999	113.24999999999999
