concurrency	elapsed-r	errors-r	ops(total)-r	ops/sec(cum)-r	avg(ms)-r	p50(ms)-r	p95(ms)-r	p99(ms)-r	pMax(ms)-r	total-r	elapsed-w	errors-w	ops(total)-w	ops/sec(cum)-w	avg(ms)-w	p50(ms)-w	p95(ms)-w	p99(ms)-w	pMax(ms)-w	total-w	elapsed	errors	ops(total)	ops/sec(cum)	avg(ms)	p50(ms)	p95(ms)	p99(ms)	pMax(ms)
21	0.0	0.0	1186701.0	39556.00000000001	3.825	3.7249999999999996	6.874999999999999	8.1	20.462500000000002	0.0	0.0	0.0	62356.0	2078.5	3.8375000000000004	3.7249999999999996	6.874999999999999	8.175	18.112499999999997	0.0	0.0	0.0	1249057.0	41634.5	3.8375000000000004	3.7249999999999996	6.874999999999999	8.1	20.6
