concurrency	elapsed-r	errors-r	ops(total)-r	ops/sec(cum)-r	avg(ms)-r	p50(ms)-r	p95(ms)-r	p99(ms)-r	pMax(ms)-r	total-r	elapsed-w	errors-w	ops(total)-w	ops/sec(cum)-w	avg(ms)-w	p50(ms)-w	p95(ms)-w	p99(ms)-w	pMax(ms)-w	total-w	elapsed	errors	ops(total)	ops/sec(cum)	avg(ms)	p50(ms)	p95(ms)	p99(ms)	pMax(ms)
6	0.0	0.0	588753.0	19624.699999999997	2.0749999999999997	1.875	3.2499999999999996	5.5249999999999995	17.112499999999997	0.0	0.0	0.0	30724.0	1024.1	3.6999999999999997	3.575	5.6375	8.4125	14.4375	0.0	0.0	0.0	619477.0	20649.0	2.15	1.9	3.675	5.75	17.45
