concurrency	elapsed-r	errors-r	ops(total)-r	ops/sec(cum)-r	avg(ms)-r	p50(ms)-r	p95(ms)-r	p99(ms)-r	pMax(ms)-r	total-r	elapsed-w	errors-w	ops(total)-w	ops/sec(cum)-w	avg(ms)-w	p50(ms)-w	p95(ms)-w	p99(ms)-w	pMax(ms)-w	total-w	elapsed	errors	ops(total)	ops/sec(cum)	avg(ms)	p50(ms)	p95(ms)	p99(ms)	pMax(ms)
31	0.0	0.0	1631387.0	54378.1	1.8375000000000001	1.4375000000000002	5.15	8.9	48.987500000000004	0.0	0.0	0.0	85490.0	2849.6	46.9875	2.5625	570.4	637.5	704.6000000000001	0.0	0.0	0.0	1716877.0	57227.799999999996	4.125	1.4500000000000002	5.425	10.4375	704.6000000000001
