concurrency	elapsed-r	errors-r	ops(total)-r	ops/sec(cum)-r	avg(ms)-r	p50(ms)-r	p95(ms)-r	p99(ms)-r	pMax(ms)-r	total-r	elapsed-w	errors-w	ops(total)-w	ops/sec(cum)-w	avg(ms)-w	p50(ms)-w	p95(ms)-w	p99(ms)-w	pMax(ms)-w	total-w	elapsed	errors	ops(total)	ops/sec(cum)	avg(ms)	p50(ms)	p95(ms)	p99(ms)	pMax(ms)
56	0.0	0.0	1075682.0	35855.0	3.1	2.2	7.900000000000001	18.9	93.66666666666667	0.0	0.0	0.0	56861.0	1895.2999999999997	1.4666666666666668	0.9	4.8999999999999995	11.0	55.9	0.0	0.0	0.0	1132543.0	37750.3	3.033333333333333	2.0	7.599999999999999	18.9	93.66666666666667
