ops/sec(cum)	p50(ms)	p99(ms)	read_tp	read_p50	read_p99	write_tp	write_p50	write_p99
294785.64999999997	0.20457142857142857	0.7805714285714286	281611.7166666667	0.20442857142857143	0.7805714285714286	13172.933333333334	0.2047142857142857	0.7802857142857142
