ops/sec(cum)	p50(ms)	p99(ms)	read_tp	read_p50	read_p99	write_tp	write_p50	write_p99
60860.41666666668	3.31	17.271	58140.26666666668	3.4832857142857145	17.271	2719.15	3.1367142857142856	15.098
