concurrency	elapsed-r	errors-r	ops(total)-r	ops/sec(cum)-r	avg(ms)-r	p50(ms)-r	p95(ms)-r	p99(ms)-r	pMax(ms)-r	total-r	elapsed-w	errors-w	ops(total)-w	ops/sec(cum)-w	avg(ms)-w	p50(ms)-w	p95(ms)-w	p99(ms)-w	pMax(ms)-w	total-w	elapsed	errors	ops(total)	ops/sec(cum)	avg(ms)	p50(ms)	p95(ms)	p99(ms)	pMax(ms)
21	0.0	0.0	531837.0	17727.6	2.6	2.0	6.8	11.5	99.26666666666667	0.0	0.0	0.0	27855.0	928.5	6.5	3.9	24.8	55.199999999999996	90.89999999999999	0.0	0.0	0.0	559692.0	18656.1	2.7999999999999994	2.0666666666666664	7.3	13.433333333333332	117.46666666666668
