concurrency	elapsed-r	errors-r	ops(total)-r	ops/sec(cum)-r	avg(ms)-r	p50(ms)-r	p95(ms)-r	p99(ms)-r	pMax(ms)-r	total-r	elapsed-w	errors-w	ops(total)-w	ops/sec(cum)-w	avg(ms)-w	p50(ms)-w	p95(ms)-w	p99(ms)-w	pMax(ms)-w	total-w	elapsed	errors	ops(total)	ops/sec(cum)	avg(ms)	p50(ms)	p95(ms)	p99(ms)	pMax(ms)
131	0.0	0.0	4585665.0	152846.1	3.8999999999999995	3.2399999999999998	9.120000000000001	17.499999999999996	218.95999999999998	0.0	0.0	0.0	241887.0	8062.5	11.48	10.639999999999999	23.419999999999998	31.24	161.9	0.0	0.0	0.0	4827552.0	160908.6	4.299999999999999	3.38	12.319999999999999	20.259999999999998	218.95999999999998
