concurrency	elapsed-r	errors-r	ops(total)-r	ops/sec(cum)-r	avg(ms)-r	p50(ms)-r	p95(ms)-r	p99(ms)-r	pMax(ms)-r	total-r	elapsed-w	errors-w	ops(total)-w	ops/sec(cum)-w	avg(ms)-w	p50(ms)-w	p95(ms)-w	p99(ms)-w	pMax(ms)-w	total-w	elapsed	errors	ops(total)	ops/sec(cum)	avg(ms)	p50(ms)	p95(ms)	p99(ms)	pMax(ms)
10	0.0	0.0	671778.0	22392.2	2.8499999999999996	2.5500000000000003	5.6	7.975	43.225	0.0	0.0	0.0	35355.0	1178.5	9.3375	9.025	16.275	20.587500000000002	37.087500000000006	0.0	0.0	0.0	707133.0	23570.6	3.1749999999999994	2.65	7.2749999999999995	12.6375	43.75
