concurrency	elapsed-r	errors-r	ops(total)-r	ops/sec(cum)-r	avg(ms)-r	p50(ms)-r	p95(ms)-r	p99(ms)-r	pMax(ms)-r	total-r	elapsed-w	errors-w	ops(total)-w	ops/sec(cum)-w	avg(ms)-w	p50(ms)-w	p95(ms)-w	p99(ms)-w	pMax(ms)-w	total-w	elapsed	errors	ops(total)	ops/sec(cum)	avg(ms)	p50(ms)	p95(ms)	p99(ms)	pMax(ms)
39	0.0	0.0	1916296.0	63874.2	4.05	3.5	9.55	15.075000000000001	44.525000000000006	0.0	0.0	0.0	101127.0	3370.9	7.499999999999999	6.85	16.5375	23.599999999999998	44.00000000000001	0.0	0.0	0.0	2017423.0	67244.9	4.2125	3.5874999999999995	10.25	15.9375	45.31250000000001
