concurrency	elapsed-r	errors-r	ops(total)-r	ops/sec(cum)-r	avg(ms)-r	p50(ms)-r	p95(ms)-r	p99(ms)-r	pMax(ms)-r	total-r	elapsed-w	errors-w	ops(total)-w	ops/sec(cum)-w	avg(ms)-w	p50(ms)-w	p95(ms)-w	p99(ms)-w	pMax(ms)-w	total-w	elapsed	errors	ops(total)	ops/sec(cum)	avg(ms)	p50(ms)	p95(ms)	p99(ms)	pMax(ms)
59	0.0	0.0	937820.0	31259.5	3.7000000000000006	2.9	7.599999999999999	22.0	170.6	0.0	0.0	0.0	49289.0	1642.9	8.5	7.166666666666667	22.366666666666664	45.4	125.83333333333333	0.0	0.0	0.0	987109.0	32902.5	3.9	3.0	9.4	23.100000000000005	184.5666666666667
