concurrency	elapsed-r	errors-r	ops(total)-r	ops/sec(cum)-r	avg(ms)-r	p50(ms)-r	p95(ms)-r	p99(ms)-r	pMax(ms)-r	total-r	elapsed	errors	ops(total)	ops/sec(cum)	avg(ms)	p50(ms)	p95(ms)	p99(ms)	pMax(ms)
14	0.0	0.0	991723.0	33057.0	3.175	3.05	5.725	7.5249999999999995	20.962500000000002	0.0	0.0	0.0	991723.0	33057.0	3.175	3.05	5.725	7.5249999999999995	20.962500000000002
