concurrency	elapsed-w	errors-w	ops(total)-w	ops/sec(cum)-w	avg(ms)-w	p50(ms)-w	p95(ms)-w	p99(ms)-w	pMax(ms)-w	total-w	elapsed	errors	ops(total)	ops/sec(cum)	avg(ms)	p50(ms)	p95(ms)	p99(ms)	pMax(ms)
43	0.0	0.0	3288013.0	109597.89999999998	2.875	2.7749999999999995	4.949999999999999	8.375	25.049999999999997	0.0	0.0	0.0	3288013.0	109597.89999999998	2.875	2.7749999999999995	4.949999999999999	8.375	25.049999999999997
