concurrency	elapsed-r	errors-r	ops(total)-r	ops/sec(cum)-r	avg(ms)-r	p50(ms)-r	p95(ms)-r	p99(ms)-r	pMax(ms)-r	total-r	elapsed-w	errors-w	ops(total)-w	ops/sec(cum)-w	avg(ms)-w	p50(ms)-w	p95(ms)-w	p99(ms)-w	pMax(ms)-w	total-w	elapsed	errors	ops(total)	ops/sec(cum)	avg(ms)	p50(ms)	p95(ms)	p99(ms)	pMax(ms)
17	0.0	0.0	483369.0	16112.000000000002	2.4	1.8	6.3	10.5	131.4	0.0	0.0	0.0	25164.0	838.8000000000001	4.8999999999999995	3.7000000000000006	13.6	23.066666666666666	90.86666666666667	0.0	0.0	0.0	508533.0	16950.9	2.5	1.8999999999999997	6.599999999999999	11.5	131.4
