concurrency	elapsed-w	errors-w	ops(total)-w	ops/sec(cum)-w	avg(ms)-w	p50(ms)-w	p95(ms)-w	p99(ms)-w	pMax(ms)-w	total-w	elapsed	errors	ops(total)	ops/sec(cum)	avg(ms)	p50(ms)	p95(ms)	p99(ms)	pMax(ms)
48	0.0	0.0	752675.0	25088.2	14.849999999999998	12.524999999999999	35.4	47.675	101.725	0.0	0.0	0.0	752675.0	25088.2	14.849999999999998	12.524999999999999	35.4	47.675	101.725
