ops/sec(cum)	p50(ms)	p99(ms)	read_tp	read_p50	read_p99	write_tp	write_p50	write_p99
308715.3333333333	0.23464285714285715	1.1057142857142856	295356.8833333333	0.23457142857142857	1.1057142857142856	13357.45	0.2347142857142857	1.0912857142857142
