concurrency	elapsed-r	errors-r	ops(total)-r	ops/sec(cum)-r	avg(ms)-r	p50(ms)-r	p95(ms)-r	p99(ms)-r	pMax(ms)-r	total-r	elapsed-w	errors-w	ops(total)-w	ops/sec(cum)-w	avg(ms)-w	p50(ms)-w	p95(ms)-w	p99(ms)-w	pMax(ms)-w	total-w	elapsed	errors	ops(total)	ops/sec(cum)	avg(ms)	p50(ms)	p95(ms)	p99(ms)	pMax(ms)
82	0.0	0.0	84675.0	1411.3000000000002	4.625	1.9249999999999998	11.950000000000001	72.35000000000001	293.625	0.0	0.0	0.0	4166.0	69.30000000000001	41.9	31.975	108.02499999999999	297.77500000000003	1082.15	0.0	0.0	0.0	88841.0	1480.6	6.3999999999999995	1.975	28.075	91.25	1082.15
