concurrency	elapsed-r	errors-r	ops(total)-r	ops/sec(cum)-r	avg(ms)-r	p50(ms)-r	p95(ms)-r	p99(ms)-r	pMax(ms)-r	total-r	elapsed-w	errors-w	ops(total)-w	ops/sec(cum)-w	avg(ms)-w	p50(ms)-w	p95(ms)-w	p99(ms)-w	pMax(ms)-w	total-w	elapsed	errors	ops(total)	ops/sec(cum)	avg(ms)	p50(ms)	p95(ms)	p99(ms)	pMax(ms)
51	0.0	0.0	1036125.0	34536.5	2.7999999999999994	2.2	8.1	17.46666666666667	62.9	0.0	0.0	0.0	54843.0	1828.0	1.6000000000000003	1.0	2.566666666666667	11.0	39.8	0.0	0.0	0.0	1090968.0	36364.5	2.7999999999999994	2.1333333333333333	7.900000000000001	16.8	62.9
