concurrency	elapsed-r	errors-r	ops(total)-r	ops/sec(cum)-r	avg(ms)-r	p50(ms)-r	p95(ms)-r	p99(ms)-r	pMax(ms)-r	total-r	elapsed-w	errors-w	ops(total)-w	ops/sec(cum)-w	avg(ms)-w	p50(ms)-w	p95(ms)-w	p99(ms)-w	pMax(ms)-w	total-w	elapsed	errors	ops(total)	ops/sec(cum)	avg(ms)	p50(ms)	p95(ms)	p99(ms)	pMax(ms)
48	0.0	0.0	604384.0	13430.5	2.96	1.9600000000000002	7.359999999999999	11.3	76.32000000000001	0.0	0.0	0.0	31542.0	700.8	224.38000000000002	3.4799999999999995	738.2	771.8	838.9	0.0	0.0	0.0	635926.0	14131.199999999999	13.919999999999998	2.0	8.1	704.6	838.9
