concurrency	elapsed-r	errors-r	ops(total)-r	ops/sec(cum)-r	avg(ms)-r	p50(ms)-r	p95(ms)-r	p99(ms)-r	pMax(ms)-r	total-r	elapsed-w	errors-w	ops(total)-w	ops/sec(cum)-w	avg(ms)-w	p50(ms)-w	p95(ms)-w	p99(ms)-w	pMax(ms)-w	total-w	elapsed	errors	ops(total)	ops/sec(cum)	avg(ms)	p50(ms)	p95(ms)	p99(ms)	pMax(ms)
31	0.0	0.0	458238.0	15274.099999999999	3.525	2.3125000000000004	9.275	13.899999999999999	62.375	0.0	0.0	0.0	24210.0	806.9	231.5	4.375	1208.0	1275.1000000000001	1342.2	0.0	0.0	0.0	482448.0	16081.100000000002	14.975000000000001	2.3499999999999996	9.912500000000001	404.99999999999994	1342.2
