concurrency	elapsed-r	errors-r	ops(total)-r	ops/sec(cum)-r	avg(ms)-r	p50(ms)-r	p95(ms)-r	p99(ms)-r	pMax(ms)-r	total-r	elapsed-w	errors-w	ops(total)-w	ops/sec(cum)-w	avg(ms)-w	p50(ms)-w	p95(ms)-w	p99(ms)-w	pMax(ms)-w	total-w	elapsed	errors	ops(total)	ops/sec(cum)	avg(ms)	p50(ms)	p95(ms)	p99(ms)	pMax(ms)
47	0.0	0.0	2741202.0	60914.399999999994	2.4	1.6	8.1	17.8	108.64000000000001	0.0	0.0	0.0	144098.0	3202.2999999999997	4.839999999999999	3.3600000000000003	16.3	28.320000000000004	90.17999999999999	0.0	0.0	0.0	2885300.0	64116.600000000006	2.5	1.6	8.9	18.9	112.42
