concurrency	elapsed-r	errors-r	ops(total)-r	ops/sec(cum)-r	avg(ms)-r	p50(ms)-r	p95(ms)-r	p99(ms)-r	pMax(ms)-r	total-r	elapsed-w	errors-w	ops(total)-w	ops/sec(cum)-w	avg(ms)-w	p50(ms)-w	p95(ms)-w	p99(ms)-w	pMax(ms)-w	total-w	elapsed	errors	ops(total)	ops/sec(cum)	avg(ms)	p50(ms)	p95(ms)	p99(ms)	pMax(ms)
38	0.0	0.0	1944478.0	64814.3	3.875	3.375	9.15	14.450000000000001	43.487500000000004	0.0	0.0	0.0	102200.0	3406.7	7.0375	6.575	15.325000000000001	21.625	46.637499999999996	0.0	0.0	0.0	2046678.0	68221.0	4.0249999999999995	3.4749999999999996	9.7	15.200000000000001	49.775
