concurrency	elapsed-w	errors-w	ops(total)-w	ops/sec(cum)-w	avg(ms)-w	p50(ms)-w	p95(ms)-w	p99(ms)-w	pMax(ms)-w	total-w	elapsed	errors	ops(total)	ops/sec(cum)	avg(ms)	p50(ms)	p95(ms)	p99(ms)	pMax(ms)
4	0.0	0.0	391261.0	13041.999999999998	2.2249999999999996	2.175	3.6999999999999997	7.025	22.299999999999997	0.0	0.0	0.0	391261.0	13041.999999999998	2.2249999999999996	2.175	3.6999999999999997	7.025	22.299999999999997
