concurrency	elapsed-r	errors-r	ops(total)-r	ops/sec(cum)-r	avg(ms)-r	p50(ms)-r	p95(ms)-r	p99(ms)-r	pMax(ms)-r	total-r	elapsed	errors	ops(total)	ops/sec(cum)	avg(ms)	p50(ms)	p95(ms)	p99(ms)	pMax(ms)
31	0.0	0.0	1012321.0	33743.4	7.3375	6.5625	15.325	23.449999999999996	79.175	0.0	0.0	0.0	1012321.0	33743.4	7.3375	6.5625	15.325	23.449999999999996	79.175
