concurrency	elapsed-r	errors-r	ops(total)-r	ops/sec(cum)-r	avg(ms)-r	p50(ms)-r	p95(ms)-r	p99(ms)-r	pMax(ms)-r	total-r	elapsed-w	errors-w	ops(total)-w	ops/sec(cum)-w	avg(ms)-w	p50(ms)-w	p95(ms)-w	p99(ms)-w	pMax(ms)-w	total-w	elapsed	errors	ops(total)	ops/sec(cum)	avg(ms)	p50(ms)	p95(ms)	p99(ms)	pMax(ms)
7	0.0	0.0	629065.0	20968.499999999996	2.25	2.0749999999999997	3.6375	5.1375	18.1625	0.0	0.0	0.0	33372.0	1112.4	4.425	4.25	6.7375	9.2625	19.662499999999998	0.0	0.0	0.0	662437.0	22080.899999999998	2.35	2.1	4.25	6.025	20.537499999999998
