concurrency	elapsed-r	errors-r	ops(total)-r	ops/sec(cum)-r	avg(ms)-r	p50(ms)-r	p95(ms)-r	p99(ms)-r	pMax(ms)-r	total-r	elapsed-w	errors-w	ops(total)-w	ops/sec(cum)-w	avg(ms)-w	p50(ms)-w	p95(ms)-w	p99(ms)-w	pMax(ms)-w	total-w	elapsed	errors	ops(total)	ops/sec(cum)	avg(ms)	p50(ms)	p95(ms)	p99(ms)	pMax(ms)
67	0.0	0.0	1314086.0	43801.3	3.8	2.4	12.725	26.2	80.75	0.0	0.0	0.0	69418.0	2313.7999999999997	7.55	5.2	24.925	42.425	78.65	0.0	0.0	0.0	1383504.0	46114.899999999994	3.9250000000000003	2.4250000000000003	13.6	27.55	82.85000000000001
