concurrency	elapsed-w	errors-w	ops(total)-w	ops/sec(cum)-w	avg(ms)-w	p50(ms)-w	p95(ms)-w	p99(ms)-w	pMax(ms)-w	total-w	elapsed	errors	ops(total)	ops/sec(cum)	avg(ms)	p50(ms)	p95(ms)	p99(ms)	pMax(ms)
16	0.0	0.0	693219.0	23106.999999999996	5.2375	4.3625	11.7625	17.025	56.60000000000001	0.0	0.0	0.0	693219.0	23106.999999999996	5.2375	4.3625	11.7625	17.025	56.60000000000001
