concurrency	elapsed-r	errors-r	ops(total)-r	ops/sec(cum)-r	avg(ms)-r	p50(ms)-r	p95(ms)-r	p99(ms)-r	pMax(ms)-r	total-r	elapsed	errors	ops(total)	ops/sec(cum)	avg(ms)	p50(ms)	p95(ms)	p99(ms)	pMax(ms)
48	0.0	0.0	940192.0	31338.600000000002	12.4375	11.049999999999999	26.675	39.025	106.45	0.0	0.0	0.0	940192.0	31338.600000000002	12.4375	11.049999999999999	26.675	39.025	106.45
