concurrency	elapsed-r	errors-r	ops(total)-r	ops/sec(cum)-r	avg(ms)-r	p50(ms)-r	p95(ms)-r	p99(ms)-r	pMax(ms)-r	total-r	elapsed-w	errors-w	ops(total)-w	ops/sec(cum)-w	avg(ms)-w	p50(ms)-w	p95(ms)-w	p99(ms)-w	pMax(ms)-w	total-w	elapsed	errors	ops(total)	ops/sec(cum)	avg(ms)	p50(ms)	p95(ms)	p99(ms)	pMax(ms)
39	0.0	0.0	3468397.0	115611.00000000001	2.225	2.1624999999999996	3.55	7.375	195.8125	0.0	0.0	0.0	182531.0	6084.4	2.2625	2.1875	3.675	7.5375	48.24999999999999	0.0	0.0	0.0	3650928.0	121695.0	2.225	2.1624999999999996	3.55	7.4125	195.8125
