concurrency	elapsed-r	errors-r	ops(total)-r	ops/sec(cum)-r	avg(ms)-r	p50(ms)-r	p95(ms)-r	p99(ms)-r	pMax(ms)-r	total-r	elapsed-w	errors-w	ops(total)-w	ops/sec(cum)-w	avg(ms)-w	p50(ms)-w	p95(ms)-w	p99(ms)-w	pMax(ms)-w	total-w	elapsed	errors	ops(total)	ops/sec(cum)	avg(ms)	p50(ms)	p95(ms)	p99(ms)	pMax(ms)
46	0.0	0.0	3471838.0	115724.7	2.7750000000000004	2.3625	7.925000000000001	11.1875	73.92500000000001	0.0	0.0	0.0	183077.0	6102.300000000001	2.8499999999999996	2.4125	8.075	11.1875	27.000000000000004	0.0	0.0	0.0	3654915.0	121827.20000000001	2.7750000000000004	2.3625	7.925000000000001	11.1875	74.70000000000002
