concurrency	elapsed-r	errors-r	ops(total)-r	ops/sec(cum)-r	avg(ms)-r	p50(ms)-r	p95(ms)-r	p99(ms)-r	pMax(ms)-r	total-r	elapsed-w	errors-w	ops(total)-w	ops/sec(cum)-w	avg(ms)-w	p50(ms)-w	p95(ms)-w	p99(ms)-w	pMax(ms)-w	total-w	elapsed	errors	ops(total)	ops/sec(cum)	avg(ms)	p50(ms)	p95(ms)	p99(ms)	pMax(ms)
112	0.0	0.0	906878.0	30227.3	7.900000000000001	6.3	21.0	32.86666666666667	497.7	0.0	0.0	0.0	47654.0	1588.3	29.46666666666667	27.3	58.70000000000001	75.5	497.7	0.0	0.0	0.0	954532.0	31815.6	9.0	6.599999999999999	26.566666666666666	46.1	503.3
