concurrency	elapsed-r	errors-r	ops(total)-r	ops/sec(cum)-r	avg(ms)-r	p50(ms)-r	p95(ms)-r	p99(ms)-r	pMax(ms)-r	total-r	elapsed-w	errors-w	ops(total)-w	ops/sec(cum)-w	avg(ms)-w	p50(ms)-w	p95(ms)-w	p99(ms)-w	pMax(ms)-w	total-w	elapsed	errors	ops(total)	ops/sec(cum)	avg(ms)	p50(ms)	p95(ms)	p99(ms)	pMax(ms)
91	0.0	0.0	2498931.0	83294.3	2.3	1.5333333333333332	6.2	11.133333333333333	28.666666666666668	0.0	0.0	0.0	130887.0	4362.7	27.03333333333333	2.9	149.56666666666663	171.96666666666667	202.73333333333335	0.0	0.0	0.0	2629818.0	87657.0	3.5	1.6000000000000003	6.666666666666667	19.23333333333333	202.73333333333335
