concurrency	elapsed-r	errors-r	ops(total)-r	ops/sec(cum)-r	avg(ms)-r	p50(ms)-r	p95(ms)-r	p99(ms)-r	pMax(ms)-r	total-r	elapsed-w	errors-w	ops(total)-w	ops/sec(cum)-w	avg(ms)-w	p50(ms)-w	p95(ms)-w	p99(ms)-w	pMax(ms)-w	total-w	elapsed	errors	ops(total)	ops/sec(cum)	avg(ms)	p50(ms)	p95(ms)	p99(ms)	pMax(ms)
24	0.0	0.0	1775689.0	39459.3	1.8400000000000003	1.4	3.7	11.3	167.78000000000003	0.0	0.0	0.0	92907.0	2064.6	3.4200000000000004	2.84	7.9799999999999995	21.0	62.9	0.0	0.0	0.0	1868596.0	41523.899999999994	1.9	1.4	4.14	11.860000000000001	167.78000000000003
