concurrency	elapsed-r	errors-r	ops(total)-r	ops/sec(cum)-r	avg(ms)-r	p50(ms)-r	p95(ms)-r	p99(ms)-r	pMax(ms)-r	total-r	elapsed-w	errors-w	ops(total)-w	ops/sec(cum)-w	avg(ms)-w	p50(ms)-w	p95(ms)-w	p99(ms)-w	pMax(ms)-w	total-w	elapsed	errors	ops(total)	ops/sec(cum)	avg(ms)	p50(ms)	p95(ms)	p99(ms)	pMax(ms)
23	0.0	0.0	1250616.0	41686.3	3.8874999999999997	3.875	7.675000000000001	9.2125	43.512499999999996	0.0	0.0	0.0	66191.0	2206.3999999999996	6.2875000000000005	5.25	11.362499999999999	52.6625	98.60000000000001	0.0	0.0	0.0	1316807.0	43892.6	4.0125	3.9374999999999996	7.8375	9.775	98.60000000000001
