concurrency	elapsed-r	errors-r	ops(total)-r	ops/sec(cum)-r	avg(ms)-r	p50(ms)-r	p95(ms)-r	p99(ms)-r	pMax(ms)-r	total-r	elapsed-w	errors-w	ops(total)-w	ops/sec(cum)-w	avg(ms)-w	p50(ms)-w	p95(ms)-w	p99(ms)-w	pMax(ms)-w	total-w	elapsed	errors	ops(total)	ops/sec(cum)	avg(ms)	p50(ms)	p95(ms)	p99(ms)	pMax(ms)
31	0.0	0.0	3686132.0	122869.00000000001	1.725	1.3	4.4	6.0249999999999995	141.5625	0.0	0.0	0.0	193626.0	6454.099999999999	1.7375	1.3125	4.4125	6.375	81.88749999999999	0.0	0.0	0.0	3879758.0	129323.00000000001	1.725	1.3	4.4	6.0249999999999995	145.6
