concurrency	elapsed-r	errors-r	ops(total)-r	ops/sec(cum)-r	avg(ms)-r	p50(ms)-r	p95(ms)-r	p99(ms)-r	pMax(ms)-r	total-r	elapsed-w	errors-w	ops(total)-w	ops/sec(cum)-w	avg(ms)-w	p50(ms)-w	p95(ms)-w	p99(ms)-w	pMax(ms)-w	total-w	elapsed	errors	ops(total)	ops/sec(cum)	avg(ms)	p50(ms)	p95(ms)	p99(ms)	pMax(ms)
25	0.0	0.0	3297869.0	109927.29999999999	1.4999999999999998	1.3875	2.4125	5.387499999999999	96.3375	0.0	0.0	0.0	172923.0	5764.1	1.4749999999999999	1.375	2.4000000000000004	5.35	66.925	0.0	0.0	0.0	3470792.0	115691.3	1.4999999999999998	1.3875	2.4125	5.387499999999999	97.3875
