concurrency	elapsed-r	errors-r	ops(total)-r	ops/sec(cum)-r	avg(ms)-r	p50(ms)-r	p95(ms)-r	p99(ms)-r	pMax(ms)-r	total-r	elapsed-w	errors-w	ops(total)-w	ops/sec(cum)-w	avg(ms)-w	p50(ms)-w	p95(ms)-w	p99(ms)-w	pMax(ms)-w	total-w	elapsed	errors	ops(total)	ops/sec(cum)	avg(ms)	p50(ms)	p95(ms)	p99(ms)	pMax(ms)
17	0.0	0.0	524168.0	17471.9	2.9875000000000003	2.05	7.699999999999999	10.4375	27.2875	0.0	0.0	0.0	27460.0	915.3000000000001	86.69999999999999	3.8125	434.0999999999999	463.50000000000006	515.9	0.0	0.0	0.0	551628.0	18387.200000000004	7.1625	2.175	8.049999999999999	316.2625	515.9
