concurrency	elapsed-w	errors-w	ops(total)-w	ops/sec(cum)-w	avg(ms)-w	p50(ms)-w	p95(ms)-w	p99(ms)-w	pMax(ms)-w	total-w	elapsed	errors	ops(total)	ops/sec(cum)	avg(ms)	p50(ms)	p95(ms)	p99(ms)	pMax(ms)
24	0.0	0.0	630297.0	21009.3	8.874999999999998	3.375	9.912500000000001	358.6000000000001	497.0	0.0	0.0	0.0	630297.0	21009.3	8.874999999999998	3.375	9.912500000000001	358.6000000000001	497.0
