concurrency	elapsed-r	errors-r	ops(total)-r	ops/sec(cum)-r	avg(ms)-r	p50(ms)-r	p95(ms)-r	p99(ms)-r	pMax(ms)-r	total-r	elapsed-w	errors-w	ops(total)-w	ops/sec(cum)-w	avg(ms)-w	p50(ms)-w	p95(ms)-w	p99(ms)-w	pMax(ms)-w	total-w	elapsed	errors	ops(total)	ops/sec(cum)	avg(ms)	p50(ms)	p95(ms)	p99(ms)	pMax(ms)
35	0.0	0.0	859023.0	28633.5	2.5	2.2	5.133333333333334	12.1	70.60000000000001	0.0	0.0	0.0	45057.0	1501.9	1.2333333333333334	0.9	2.533333333333333	5.866666666666667	58.699999999999996	0.0	0.0	0.0	904080.0	30135.3	2.5	2.2	5.0	11.5	77.60000000000001
