concurrency	elapsed-r	errors-r	ops(total)-r	ops/sec(cum)-r	avg(ms)-r	p50(ms)-r	p95(ms)-r	p99(ms)-r	pMax(ms)-r	total-r	elapsed-w	errors-w	ops(total)-w	ops/sec(cum)-w	avg(ms)-w	p50(ms)-w	p95(ms)-w	p99(ms)-w	pMax(ms)-w	total-w	elapsed	errors	ops(total)	ops/sec(cum)	avg(ms)	p50(ms)	p95(ms)	p99(ms)	pMax(ms)
38	0.0	0.0	1870086.0	62334.9	1.3999999999999997	1.2	2.1	7.900000000000001	22.7	0.0	0.0	0.0	97970.0	3265.6	2.7999999999999994	2.5	5.066666666666666	10.0	18.866666666666664	0.0	0.0	0.0	1968056.0	65600.5	1.5	1.2	2.6	8.033333333333333	22.7
