concurrency	elapsed-r	errors-r	ops(total)-r	ops/sec(cum)-r	avg(ms)-r	p50(ms)-r	p95(ms)-r	p99(ms)-r	pMax(ms)-r	total-r	elapsed-w	errors-w	ops(total)-w	ops/sec(cum)-w	avg(ms)-w	p50(ms)-w	p95(ms)-w	p99(ms)-w	pMax(ms)-w	total-w	elapsed	errors	ops(total)	ops/sec(cum)	avg(ms)	p50(ms)	p95(ms)	p99(ms)	pMax(ms)
32	0.0	0.0	1925291.0	64174.899999999994	3.3749999999999996	2.7750000000000004	7.525	12.8875	39.18749999999999	0.0	0.0	0.0	101371.0	3379.0	4.7625	3.125	12.7	19.25	36.3125	0.0	0.0	0.0	2026662.0	67554.0	3.475	2.7750000000000004	7.874999999999999	13.45	40.75
