concurrency	elapsed-r	errors-r	ops(total)-r	ops/sec(cum)-r	avg(ms)-r	p50(ms)-r	p95(ms)-r	p99(ms)-r	pMax(ms)-r	total-r	elapsed-w	errors-w	ops(total)-w	ops/sec(cum)-w	avg(ms)-w	p50(ms)-w	p95(ms)-w	p99(ms)-w	pMax(ms)-w	total-w	elapsed	errors	ops(total)	ops/sec(cum)	avg(ms)	p50(ms)	p95(ms)	p99(ms)	pMax(ms)
96	0.0	0.0	2769546.0	92313.70000000001	2.2199999999999998	1.52	6.220000000000001	9.879999999999999	46.540000000000006	0.0	0.0	0.0	145589.0	4852.8	99.46000000000001	2.7199999999999998	571.26	593.1	656.8400000000001	0.0	0.0	0.0	2915135.0	97166.4	7.040000000000001	1.56	6.76	17.619999999999997	656.8400000000001
