concurrency	elapsed-r	errors-r	ops(total)-r	ops/sec(cum)-r	avg(ms)-r	p50(ms)-r	p95(ms)-r	p99(ms)-r	pMax(ms)-r	total-r	elapsed-w	errors-w	ops(total)-w	ops/sec(cum)-w	avg(ms)-w	p50(ms)-w	p95(ms)-w	p99(ms)-w	pMax(ms)-w	total-w	elapsed	errors	ops(total)	ops/sec(cum)	avg(ms)	p50(ms)	p95(ms)	p99(ms)	pMax(ms)
136	0.0	0.0	919531.0	30648.5	9.4	7.599999999999999	24.833333333333332	37.7	704.6	0.0	0.0	0.0	48242.0	1607.9	34.06666666666666	31.5	67.1	85.3	576.0333333333333	0.0	0.0	0.0	967773.0	32256.399999999998	10.633333333333333	7.900000000000001	30.399999999999995	52.4	715.8000000000001
