concurrency	elapsed-r	errors-r	ops(total)-r	ops/sec(cum)-r	avg(ms)-r	p50(ms)-r	p95(ms)-r	p99(ms)-r	pMax(ms)-r	total-r	elapsed-w	errors-w	ops(total)-w	ops/sec(cum)-w	avg(ms)-w	p50(ms)-w	p95(ms)-w	p99(ms)-w	pMax(ms)-w	total-w	elapsed	errors	ops(total)	ops/sec(cum)	avg(ms)	p50(ms)	p95(ms)	p99(ms)	pMax(ms)
39	0.0	0.0	1897376.0	63244.6	1.3999999999999997	1.2	2.1	7.900000000000001	31.133333333333336	0.0	0.0	0.0	99875.0	3329.1	2.7999999999999994	2.5	5.066666666666666	10.5	27.600000000000005	0.0	0.0	0.0	1997251.0	66573.70000000001	1.5	1.2	2.733333333333333	8.1	31.833333333333332
