concurrency	elapsed-r	errors-r	ops(total)-r	ops/sec(cum)-r	avg(ms)-r	p50(ms)-r	p95(ms)-r	p99(ms)-r	pMax(ms)-r	total-r	elapsed-w	errors-w	ops(total)-w	ops/sec(cum)-w	avg(ms)-w	p50(ms)-w	p95(ms)-w	p99(ms)-w	pMax(ms)-w	total-w	elapsed	errors	ops(total)	ops/sec(cum)	avg(ms)	p50(ms)	p95(ms)	p99(ms)	pMax(ms)
55	0.0	0.0	129.0	4.2	1014.8625	674.2375	2514.4874999999997	5437.924999999999	5437.924999999999	0.0	0.0	0.0	6.0	0.1	289.625	295.7	299.9	299.9	299.9	0.0	0.0	0.0	135.0	4.5	1008.825	678.425	2552.2374999999997	5437.924999999999	5437.924999999999
