concurrency	elapsed-r	errors-r	ops(total)-r	ops/sec(cum)-r	avg(ms)-r	p50(ms)-r	p95(ms)-r	p99(ms)-r	pMax(ms)-r	total-r	elapsed-w	errors-w	ops(total)-w	ops/sec(cum)-w	avg(ms)-w	p50(ms)-w	p95(ms)-w	p99(ms)-w	pMax(ms)-w	total-w	elapsed	errors	ops(total)	ops/sec(cum)	avg(ms)	p50(ms)	p95(ms)	p99(ms)	pMax(ms)
131	0.0	0.0	3395408.0	113175.29999999999	3.1	2.6333333333333333	6.266666666666667	15.566666666666668	50.333333333333336	0.0	0.0	0.0	177707.0	5923.3	6.066666666666666	5.366666666666667	13.933333333333332	20.099999999999998	44.56666666666666	0.0	0.0	0.0	3573115.0	119098.7	3.266666666666667	2.6666666666666665	7.066666666666666	16.099999999999998	50.333333333333336
