concurrency	elapsed-w	errors-w	ops(total)-w	ops/sec(cum)-w	avg(ms)-w	p50(ms)-w	p95(ms)-w	p99(ms)-w	pMax(ms)-w	total-w	elapsed	errors	ops(total)	ops/sec(cum)	avg(ms)	p50(ms)	p95(ms)	p99(ms)	pMax(ms)
31	0.0	0.0	3486678.0	116220.6	1.9249999999999998	1.7875	3.287499999999999	5.775	24.6625	0.0	0.0	0.0	3486678.0	116220.6	1.9249999999999998	1.7875	3.287499999999999	5.775	24.6625
