concurrency	elapsed-r	errors-r	ops(total)-r	ops/sec(cum)-r	avg(ms)-r	p50(ms)-r	p95(ms)-r	p99(ms)-r	pMax(ms)-r	total-r	elapsed-w	errors-w	ops(total)-w	ops/sec(cum)-w	avg(ms)-w	p50(ms)-w	p95(ms)-w	p99(ms)-w	pMax(ms)-w	total-w	elapsed	errors	ops(total)	ops/sec(cum)	avg(ms)	p50(ms)	p95(ms)	p99(ms)	pMax(ms)
63	0.0	0.0	3225831.0	107522.49999999999	3.95	3.55	7.387499999999999	15.175	82.17500000000001	0.0	0.0	0.0	169776.0	5658.8	3.9749999999999996	3.5624999999999996	7.9875	15.25	76.92500000000001	0.0	0.0	0.0	3395607.0	113181.5	3.9624999999999995	3.55	7.387499999999999	15.175	82.17500000000001
