concurrency	elapsed-r	errors-r	ops(total)-r	ops/sec(cum)-r	avg(ms)-r	p50(ms)-r	p95(ms)-r	p99(ms)-r	pMax(ms)-r	total-r	elapsed-w	errors-w	ops(total)-w	ops/sec(cum)-w	avg(ms)-w	p50(ms)-w	p95(ms)-w	p99(ms)-w	pMax(ms)-w	total-w	elapsed	errors	ops(total)	ops/sec(cum)	avg(ms)	p50(ms)	p95(ms)	p99(ms)	pMax(ms)
6	0.0	0.0	289765.0	9658.5	3.9750000000000005	2.4	9.712499999999999	26.0875	318.775	0.0	0.0	0.0	15236.0	507.8	14.475000000000001	8.1875	33.0625	148.9	368.0625	0.0	0.0	0.0	305001.0	10166.5	4.5125	2.4875000000000003	13.099999999999998	30.5625	388.0
