concurrency	elapsed-r	errors-r	ops(total)-r	ops/sec(cum)-r	avg(ms)-r	p50(ms)-r	p95(ms)-r	p99(ms)-r	pMax(ms)-r	total-r	elapsed-w	errors-w	ops(total)-w	ops/sec(cum)-w	avg(ms)-w	p50(ms)-w	p95(ms)-w	p99(ms)-w	pMax(ms)-w	total-w	elapsed	errors	ops(total)	ops/sec(cum)	avg(ms)	p50(ms)	p95(ms)	p99(ms)	pMax(ms)
34	0.0	0.0	1921088.0	64034.8	3.525	3.05	8.175	13.287499999999998	77.32499999999999	0.0	0.0	0.0	101611.0	3387.1	6.362500000000001	5.949999999999999	13.975	20.175	67.3625	0.0	0.0	0.0	2022699.0	67421.90000000001	3.6374999999999997	3.1	8.775	13.899999999999999	88.8625
