concurrency	elapsed-r	errors-r	ops(total)-r	ops/sec(cum)-r	avg(ms)-r	p50(ms)-r	p95(ms)-r	p99(ms)-r	pMax(ms)-r	total-r	elapsed-w	errors-w	ops(total)-w	ops/sec(cum)-w	avg(ms)-w	p50(ms)-w	p95(ms)-w	p99(ms)-w	pMax(ms)-w	total-w	elapsed	errors	ops(total)	ops/sec(cum)	avg(ms)	p50(ms)	p95(ms)	p99(ms)	pMax(ms)
104	0.0	0.0	2868539.0	95613.6	5.159999999999999	4.16	13.219999999999999	22.439999999999998	301.98	0.0	0.0	0.0	151310.0	5043.4	16.139999999999997	14.780000000000001	33.34	42.78000000000001	210.95999999999998	0.0	0.0	0.0	3019849.0	100657.20000000001	5.700000000000001	4.319999999999999	16.5	27.46	303.66
