concurrency	elapsed-r	errors-r	ops(total)-r	ops/sec(cum)-r	avg(ms)-r	p50(ms)-r	p95(ms)-r	p99(ms)-r	pMax(ms)-r	total-r	elapsed-w	errors-w	ops(total)-w	ops/sec(cum)-w	avg(ms)-w	p50(ms)-w	p95(ms)-w	p99(ms)-w	pMax(ms)-w	total-w	elapsed	errors	ops(total)	ops/sec(cum)	avg(ms)	p50(ms)	p95(ms)	p99(ms)	pMax(ms)
112	0.0	0.0	2710751.0	90353.4	6.68	5.039999999999999	18.240000000000002	28.479999999999997	253.36000000000004	0.0	0.0	0.0	143250.0	4774.8	18.720000000000002	16.36	42.160000000000004	56.220000000000006	187.05999999999997	0.0	0.0	0.0	2854001.0	95128.3	7.24	5.16	21.0	33.739999999999995	253.36000000000004
