concurrency	elapsed-r	errors-r	ops(total)-r	ops/sec(cum)-r	avg(ms)-r	p50(ms)-r	p95(ms)-r	p99(ms)-r	pMax(ms)-r	total-r	elapsed-w	errors-w	ops(total)-w	ops/sec(cum)-w	avg(ms)-w	p50(ms)-w	p95(ms)-w	p99(ms)-w	pMax(ms)-w	total-w	elapsed	errors	ops(total)	ops/sec(cum)	avg(ms)	p50(ms)	p95(ms)	p99(ms)	pMax(ms)
56	0.0	0.0	360177.0	12005.5	3.5749999999999997	2.1500000000000004	11.950000000000001	20.174999999999997	60.8	0.0	0.0	0.0	18868.0	629.0	247.45	4.1	1476.4	1543.5	1610.6	0.0	0.0	0.0	379045.0	12634.3	15.700000000000001	2.2	12.6	40.325	1610.6
