concurrency	elapsed-r	errors-r	ops(total)-r	ops/sec(cum)-r	avg(ms)-r	p50(ms)-r	p95(ms)-r	p99(ms)-r	pMax(ms)-r	total-r	elapsed-w	errors-w	ops(total)-w	ops/sec(cum)-w	avg(ms)-w	p50(ms)-w	p95(ms)-w	p99(ms)-w	pMax(ms)-w	total-w	elapsed	errors	ops(total)	ops/sec(cum)	avg(ms)	p50(ms)	p95(ms)	p99(ms)	pMax(ms)
47	0.0	0.0	838897.0	27961.9	16.575000000000003	16.275	36.275	39.1625	109.0625	0.0	0.0	0.0	44318.0	1477.3	34.387499999999996	25.4875	104.86250000000001	153.625	219.15	0.0	0.0	0.0	883215.0	29439.4	17.475	16.4375	36.4	62.387499999999996	219.15
