ops/sec(cum)	p50(ms)	p99(ms)	read_tp	read_p50	read_p99	write_tp	write_p50	write_p99
118800.35	1.0072142857142856	4.880285714285714	113388.33333333334	1.026857142857143	4.880285714285714	5411.016666666666	0.9875714285714285	4.547
