concurrency	elapsed-r	errors-r	ops(total)-r	ops/sec(cum)-r	avg(ms)-r	p50(ms)-r	p95(ms)-r	p99(ms)-r	pMax(ms)-r	total-r	elapsed-w	errors-w	ops(total)-w	ops/sec(cum)-w	avg(ms)-w	p50(ms)-w	p95(ms)-w	p99(ms)-w	pMax(ms)-w	total-w	elapsed	errors	ops(total)	ops/sec(cum)	avg(ms)	p50(ms)	p95(ms)	p99(ms)	pMax(ms)
39	0.0	0.0	3701915.0	123394.1	2.1374999999999997	1.5749999999999997	5.799999999999999	8.2	217.04999999999995	0.0	0.0	0.0	194846.0	6494.6	2.2125	1.5749999999999997	5.9	8.5125	45.5	0.0	0.0	0.0	3896761.0	129889.0	2.1374999999999997	1.5749999999999997	5.799999999999999	8.2	217.04999999999995
