concurrency	elapsed-r	errors-r	ops(total)-r	ops/sec(cum)-r	avg(ms)-r	p50(ms)-r	p95(ms)-r	p99(ms)-r	pMax(ms)-r	total-r	elapsed	errors	ops(total)	ops/sec(cum)	avg(ms)	p50(ms)	p95(ms)	p99(ms)	pMax(ms)
32	0.0	0.0	1356403.0	45212.50000000001	5.525	5.074999999999999	11.0625	16.925	39.825	0.0	0.0	0.0	1356403.0	45212.50000000001	5.525	5.074999999999999	11.0625	16.925	39.825
