concurrency	elapsed-r	errors-r	ops(total)-r	ops/sec(cum)-r	avg(ms)-r	p50(ms)-r	p95(ms)-r	p99(ms)-r	pMax(ms)-r	total-r	elapsed-w	errors-w	ops(total)-w	ops/sec(cum)-w	avg(ms)-w	p50(ms)-w	p95(ms)-w	p99(ms)-w	pMax(ms)-w	total-w	elapsed	errors	ops(total)	ops/sec(cum)	avg(ms)	p50(ms)	p95(ms)	p99(ms)	pMax(ms)
47	0.0	0.0	3405498.0	113513.90000000001	2.8750000000000004	2.7625	4.95	9.475	123.33749999999999	0.0	0.0	0.0	179615.0	5986.8	2.8750000000000004	2.775	4.9875	9.5375	23.075	0.0	0.0	0.0	3585113.0	119500.79999999999	2.8750000000000004	2.7625	4.95	9.475	123.33749999999999
