concurrency	elapsed-r	errors-r	ops(total)-r	ops/sec(cum)-r	avg(ms)-r	p50(ms)-r	p95(ms)-r	p99(ms)-r	pMax(ms)-r	total-r	elapsed	errors	ops(total)	ops/sec(cum)	avg(ms)	p50(ms)	p95(ms)	p99(ms)	pMax(ms)
32	0.0	0.0	1118103.0	37269.3	6.75	6.125	13.6875	20.599999999999998	55.2875	0.0	0.0	0.0	1118103.0	37269.3	6.75	6.125	13.6875	20.599999999999998	55.2875
