concurrency	elapsed-r	errors-r	ops(total)-r	ops/sec(cum)-r	avg(ms)-r	p50(ms)-r	p95(ms)-r	p99(ms)-r	pMax(ms)-r	total-r	elapsed-w	errors-w	ops(total)-w	ops/sec(cum)-w	avg(ms)-w	p50(ms)-w	p95(ms)-w	p99(ms)-w	pMax(ms)-w	total-w	elapsed	errors	ops(total)	ops/sec(cum)	avg(ms)	p50(ms)	p95(ms)	p99(ms)	pMax(ms)
47	0.0	0.0	3198173.0	106603.4	3.0875	2.9000000000000004	5.3	9.45	72.88749999999999	0.0	0.0	0.0	168740.0	5624.6	3.0875	2.9000000000000004	5.3	9.5125	22.95	0.0	0.0	0.0	3366913.0	112227.9	3.0875	2.9000000000000004	5.3	9.45	73.14999999999999
