concurrency	elapsed-r	errors-r	ops(total)-r	ops/sec(cum)-r	avg(ms)-r	p50(ms)-r	p95(ms)-r	p99(ms)-r	pMax(ms)-r	total-r	elapsed	errors	ops(total)	ops/sec(cum)	avg(ms)	p50(ms)	p95(ms)	p99(ms)	pMax(ms)
20	0.0	0.0	1350240.0	45007.5	1.625	1.5250000000000001	2.55	4.6499999999999995	15.224999999999998	0.0	0.0	0.0	1350240.0	45007.5	1.625	1.5250000000000001	2.55	4.6499999999999995	15.224999999999998
