concurrency	elapsed-r	errors-r	ops(total)-r	ops/sec(cum)-r	avg(ms)-r	p50(ms)-r	p95(ms)-r	p99(ms)-r	pMax(ms)-r	total-r	elapsed-w	errors-w	ops(total)-w	ops/sec(cum)-w	avg(ms)-w	p50(ms)-w	p95(ms)-w	p99(ms)-w	pMax(ms)-w	total-w	elapsed	errors	ops(total)	ops/sec(cum)	avg(ms)	p50(ms)	p95(ms)	p99(ms)	pMax(ms)
30	0.0	0.0	1273795.0	42459.0	1.3999999999999997	1.0	3.5	6.2	15.033333333333331	0.0	0.0	0.0	66838.0	2228.0	9.833333333333334	1.6000000000000003	53.800000000000004	65.0	83.9	0.0	0.0	0.0	1340633.0	44686.9	1.8	1.0	3.7999999999999994	10.5	83.9
