ops/sec(cum)	p50(ms)	p99(ms)	read_tp	read_p50	read_p99	write_tp	write_p50	write_p99
251816.91666666666	0.18575	0.7088333333333334	241029.8833333333	0.1855	0.7088333333333334	10786.033333333333	0.186	0.7070000000000001
