concurrency	elapsed-r	errors-r	ops(total)-r	ops/sec(cum)-r	avg(ms)-r	p50(ms)-r	p95(ms)-r	p99(ms)-r	pMax(ms)-r	total-r	elapsed-w	errors-w	ops(total)-w	ops/sec(cum)-w	avg(ms)-w	p50(ms)-w	p95(ms)-w	p99(ms)-w	pMax(ms)-w	total-w	elapsed	errors	ops(total)	ops/sec(cum)	avg(ms)	p50(ms)	p95(ms)	p99(ms)	pMax(ms)
29	0.0	0.0	3257362.0	108576.6	1.7500000000000002	1.6500000000000001	2.7874999999999996	5.8500000000000005	28.85	0.0	0.0	0.0	171376.0	5712.499999999999	1.8375000000000001	1.6625	3.4499999999999997	6.4750000000000005	18.599999999999998	0.0	0.0	0.0	3428738.0	114289.09999999999	1.7625000000000002	1.6500000000000001	2.8	5.925	28.85
