concurrency	elapsed-r	errors-r	ops(total)-r	ops/sec(cum)-r	avg(ms)-r	p50(ms)-r	p95(ms)-r	p99(ms)-r	pMax(ms)-r	total-r	elapsed-w	errors-w	ops(total)-w	ops/sec(cum)-w	avg(ms)-w	p50(ms)-w	p95(ms)-w	p99(ms)-w	pMax(ms)-w	total-w	elapsed	errors	ops(total)	ops/sec(cum)	avg(ms)	p50(ms)	p95(ms)	p99(ms)	pMax(ms)
30	0.0	0.0	2855890.0	95194.5	2.15	1.9500000000000002	4.4	6.7124999999999995	116.9125	0.0	0.0	0.0	150306.0	5010.3	2.1374999999999997	1.9249999999999998	4.125	6.6499999999999995	17.8375	0.0	0.0	0.0	3006196.0	100204.8	2.15	1.9500000000000002	4.4	6.7124999999999995	116.9125
