concurrency	elapsed-r	errors-r	ops(total)-r	ops/sec(cum)-r	avg(ms)-r	p50(ms)-r	p95(ms)-r	p99(ms)-r	pMax(ms)-r	total-r	elapsed-w	errors-w	ops(total)-w	ops/sec(cum)-w	avg(ms)-w	p50(ms)-w	p95(ms)-w	p99(ms)-w	pMax(ms)-w	total-w	elapsed	errors	ops(total)	ops/sec(cum)	avg(ms)	p50(ms)	p95(ms)	p99(ms)	pMax(ms)
6	0.0	0.0	707734.0	23590.9	1.65	1.35	3.35	4.475	13.975	0.0	0.0	0.0	37331.0	1244.3999999999999	3.6624999999999996	2.3874999999999997	11.0	18.224999999999998	31.712500000000002	0.0	0.0	0.0	745065.0	24835.3	1.7500000000000002	1.35	3.55	6.137499999999999	31.712500000000002
