concurrency	elapsed-r	errors-r	ops(total)-r	ops/sec(cum)-r	avg(ms)-r	p50(ms)-r	p95(ms)-r	p99(ms)-r	pMax(ms)-r	total-r	elapsed-w	errors-w	ops(total)-w	ops/sec(cum)-w	avg(ms)-w	p50(ms)-w	p95(ms)-w	p99(ms)-w	pMax(ms)-w	total-w	elapsed	errors	ops(total)	ops/sec(cum)	avg(ms)	p50(ms)	p95(ms)	p99(ms)	pMax(ms)
76	0.0	0.0	1679191.0	55971.299999999996	3.0	1.8666666666666665	8.700000000000001	14.333333333333334	41.56666666666666	0.0	0.0	0.0	87918.0	2930.6	102.0	3.8666666666666667	585.4333333333333	611.0	640.3000000000001	0.0	0.0	0.0	1767109.0	58901.799999999996	7.900000000000001	1.9666666666666668	9.533333333333333	23.599999999999998	640.3000000000001
