concurrency	elapsed-r	errors-r	ops(total)-r	ops/sec(cum)-r	avg(ms)-r	p50(ms)-r	p95(ms)-r	p99(ms)-r	pMax(ms)-r	total-r	elapsed	errors	ops(total)	ops/sec(cum)	avg(ms)	p50(ms)	p95(ms)	p99(ms)	pMax(ms)
10	0.0	0.0	967981.0	32265.800000000003	2.2874999999999996	2.2125	3.7874999999999996	5.075	17.2375	0.0	0.0	0.0	967981.0	32265.800000000003	2.2874999999999996	2.2125	3.7874999999999996	5.075	17.2375
