concurrency	elapsed-w	errors-w	ops(total)-w	ops/sec(cum)-w	avg(ms)-w	p50(ms)-w	p95(ms)-w	p99(ms)-w	pMax(ms)-w	total-w	elapsed	errors	ops(total)	ops/sec(cum)	avg(ms)	p50(ms)	p95(ms)	p99(ms)	pMax(ms)
57	0.0	0.0	3317172.0	110569.59999999998	3.8375	3.6	6.9750000000000005	10.6625	28.337500000000002	0.0	0.0	0.0	3317172.0	110569.59999999998	3.8375	3.6	6.9750000000000005	10.6625	28.337500000000002
