concurrency	elapsed-r	errors-r	ops(total)-r	ops/sec(cum)-r	avg(ms)-r	p50(ms)-r	p95(ms)-r	p99(ms)-r	pMax(ms)-r	total-r	elapsed-w	errors-w	ops(total)-w	ops/sec(cum)-w	avg(ms)-w	p50(ms)-w	p95(ms)-w	p99(ms)-w	pMax(ms)-w	total-w	elapsed	errors	ops(total)	ops/sec(cum)	avg(ms)	p50(ms)	p95(ms)	p99(ms)	pMax(ms)
48	0.0	0.0	1193378.0	39777.899999999994	2.7000000000000006	2.0666666666666664	7.099999999999999	17.8	76.89999999999999	0.0	0.0	0.0	62775.0	2092.4	1.2	0.9	2.6666666666666665	6.566666666666666	44.0	0.0	0.0	0.0	1256153.0	41870.3	2.6	2.0	6.8	17.8	76.89999999999999
