concurrency	elapsed-r	errors-r	ops(total)-r	ops/sec(cum)-r	avg(ms)-r	p50(ms)-r	p95(ms)-r	p99(ms)-r	pMax(ms)-r	total-r	elapsed-w	errors-w	ops(total)-w	ops/sec(cum)-w	avg(ms)-w	p50(ms)-w	p95(ms)-w	p99(ms)-w	pMax(ms)-w	total-w	elapsed	errors	ops(total)	ops/sec(cum)	avg(ms)	p50(ms)	p95(ms)	p99(ms)	pMax(ms)
23	0.0	0.0	390104.0	13003.100000000002	2.7499999999999996	2.25	5.8	7.812500000000001	20.587500000000002	0.0	0.0	0.0	20453.0	681.8	211.6375	5.7	503.30000000000007	520.1	534.8000000000001	0.0	0.0	0.0	410557.0	13684.8	13.1875	2.325	6.4	486.5	534.8000000000001
