concurrency	elapsed-r	errors-r	ops(total)-r	ops/sec(cum)-r	avg(ms)-r	p50(ms)-r	p95(ms)-r	p99(ms)-r	pMax(ms)-r	total-r	elapsed-w	errors-w	ops(total)-w	ops/sec(cum)-w	avg(ms)-w	p50(ms)-w	p95(ms)-w	p99(ms)-w	pMax(ms)-w	total-w	elapsed	errors	ops(total)	ops/sec(cum)	avg(ms)	p50(ms)	p95(ms)	p99(ms)	pMax(ms)
30	0.0	0.0	1938021.0	64599.3	3.05	2.7000000000000006	6.874999999999999	11.5	31.987500000000004	0.0	0.0	0.0	101716.0	3390.5	5.525	5.175	12.224999999999998	17.3	36.3	0.0	0.0	0.0	2039737.0	67989.89999999998	3.1500000000000004	2.85	7.4125	12.162499999999998	37.875
