concurrency	elapsed-w	errors-w	ops(total)-w	ops/sec(cum)-w	avg(ms)-w	p50(ms)-w	p95(ms)-w	p99(ms)-w	pMax(ms)-w	total-w	elapsed	errors	ops(total)	ops/sec(cum)	avg(ms)	p50(ms)	p95(ms)	p99(ms)	pMax(ms)
44	0.0	0.0	4988550.0	166281.5	1.7625000000000002	1.6500000000000001	3.2249999999999996	4.987500000000001	214.95	0.0	0.0	0.0	4988550.0	166281.5	1.7625000000000002	1.6500000000000001	3.2249999999999996	4.987500000000001	214.95
