concurrency	elapsed-r	errors-r	ops(total)-r	ops/sec(cum)-r	avg(ms)-r	p50(ms)-r	p95(ms)-r	p99(ms)-r	pMax(ms)-r	total-r	elapsed-w	errors-w	ops(total)-w	ops/sec(cum)-w	avg(ms)-w	p50(ms)-w	p95(ms)-w	p99(ms)-w	pMax(ms)-w	total-w	elapsed	errors	ops(total)	ops/sec(cum)	avg(ms)	p50(ms)	p95(ms)	p99(ms)	pMax(ms)
31	0.0	0.0	1923262.0	64107.4	3.2	2.825	7.3374999999999995	12.287499999999998	45.05	0.0	0.0	0.0	101226.0	3374.2999999999997	5.7	5.275	12.474999999999998	18.075	47.9375	0.0	0.0	0.0	2024488.0	67481.7	3.325	2.8874999999999997	7.8999999999999995	12.787499999999998	48.725
