concurrency	elapsed-r	errors-r	ops(total)-r	ops/sec(cum)-r	avg(ms)-r	p50(ms)-r	p95(ms)-r	p99(ms)-r	pMax(ms)-r	total-r	elapsed-w	errors-w	ops(total)-w	ops/sec(cum)-w	avg(ms)-w	p50(ms)-w	p95(ms)-w	p99(ms)-w	pMax(ms)-w	total-w	elapsed	errors	ops(total)	ops/sec(cum)	avg(ms)	p50(ms)	p95(ms)	p99(ms)	pMax(ms)
27	0.0	0.0	1883562.0	62784.0	2.825	2.4375	6.6625	11.125	43.9125	0.0	0.0	0.0	99308.0	3310.2	5.175	4.6875	11.5125	17.175	40.6	0.0	0.0	0.0	1982870.0	66094.20000000001	2.9875000000000003	2.5375	7.124999999999999	11.8	47.162499999999994
