concurrency	elapsed-r	errors-r	ops(total)-r	ops/sec(cum)-r	avg(ms)-r	p50(ms)-r	p95(ms)-r	p99(ms)-r	pMax(ms)-r	total-r	elapsed-w	errors-w	ops(total)-w	ops/sec(cum)-w	avg(ms)-w	p50(ms)-w	p95(ms)-w	p99(ms)-w	pMax(ms)-w	total-w	elapsed	errors	ops(total)	ops/sec(cum)	avg(ms)	p50(ms)	p95(ms)	p99(ms)	pMax(ms)
18	0.0	0.0	470463.0	15681.8	2.5	1.8	6.666666666666667	11.0	152.36666666666667	0.0	0.0	0.0	24937.0	831.2	5.5	3.7999999999999994	16.066666666666666	35.00000000000001	109.03333333333335	0.0	0.0	0.0	495400.0	16513.0	2.6333333333333333	1.8999999999999997	7.099999999999999	12.6	152.36666666666667
