concurrency	elapsed-r	errors-r	ops(total)-r	ops/sec(cum)-r	avg(ms)-r	p50(ms)-r	p95(ms)-r	p99(ms)-r	pMax(ms)-r	total-r	elapsed	errors	ops(total)	ops/sec(cum)	avg(ms)	p50(ms)	p95(ms)	p99(ms)	pMax(ms)
46	0.0	0.0	1532739.0	51089.7	6.7125	6.1	14.575000000000001	21.475	125.3125	0.0	0.0	0.0	1532739.0	51089.7	6.7125	6.1	14.575000000000001	21.475	125.3125
