concurrency	elapsed-r	errors-r	ops(total)-r	ops/sec(cum)-r	avg(ms)-r	p50(ms)-r	p95(ms)-r	p99(ms)-r	pMax(ms)-r	total-r	elapsed-w	errors-w	ops(total)-w	ops/sec(cum)-w	avg(ms)-w	p50(ms)-w	p95(ms)-w	p99(ms)-w	pMax(ms)-w	total-w	elapsed	errors	ops(total)	ops/sec(cum)	avg(ms)	p50(ms)	p95(ms)	p99(ms)	pMax(ms)
33	0.0	0.0	964637.0	32152.399999999998	2.1599999999999997	1.6	5.26	11.3	58.7	0.0	0.0	0.0	50817.0	1693.8	35.739999999999995	2.9	201.3	226.5	260.02	0.0	0.0	0.0	1015454.0	33846.200000000004	3.8600000000000003	1.6	5.8	30.640000000000004	260.02
