ops/sec(cum)	p50(ms)	p99(ms)	read_tp	read_p50	read_p99	write_tp	write_p50	write_p99
316022.86666666664	0.20607142857142857	0.8748571428571429	302347.2	0.20585714285714285	0.8748571428571429	13674.666666666664	0.2062857142857143	0.8812857142857142
