concurrency	elapsed-r	errors-r	ops(total)-r	ops/sec(cum)-r	avg(ms)-r	p50(ms)-r	p95(ms)-r	p99(ms)-r	pMax(ms)-r	total-r	elapsed	errors	ops(total)	ops/sec(cum)	avg(ms)	p50(ms)	p95(ms)	p99(ms)	pMax(ms)
20	0.0	0.0	1383559.0	46118.0	3.3000000000000003	3.0249999999999995	6.2375	9.525	25.0375	0.0	0.0	0.0	1383559.0	46118.0	3.3000000000000003	3.0249999999999995	6.2375	9.525	25.0375
