concurrency	elapsed-r	errors-r	ops(total)-r	ops/sec(cum)-r	avg(ms)-r	p50(ms)-r	p95(ms)-r	p99(ms)-r	pMax(ms)-r	total-r	elapsed-w	errors-w	ops(total)-w	ops/sec(cum)-w	avg(ms)-w	p50(ms)-w	p95(ms)-w	p99(ms)-w	pMax(ms)-w	total-w	elapsed	errors	ops(total)	ops/sec(cum)	avg(ms)	p50(ms)	p95(ms)	p99(ms)	pMax(ms)
33	0.0	0.0	160135.0	5337.599999999999	5.4	5.475	9.525	12.45	59.7625	0.0	0.0	0.0	8363.0	278.7	825.2750000000002	1061.1375	1140.8999999999999	1140.8999999999999	1140.8999999999999	0.0	0.0	0.0	168498.0	5616.4	46.112500000000004	5.499999999999999	13.1875	1073.7	1140.8999999999999
