concurrency	elapsed-r	errors-r	ops(total)-r	ops/sec(cum)-r	avg(ms)-r	p50(ms)-r	p95(ms)-r	p99(ms)-r	pMax(ms)-r	total-r	elapsed-w	errors-w	ops(total)-w	ops/sec(cum)-w	avg(ms)-w	p50(ms)-w	p95(ms)-w	p99(ms)-w	pMax(ms)-w	total-w	elapsed	errors	ops(total)	ops/sec(cum)	avg(ms)	p50(ms)	p95(ms)	p99(ms)	pMax(ms)
104	0.0	0.0	2542509.0	84746.8	4.74	3.3600000000000003	14.580000000000002	26.660000000000004	171.51999999999998	0.0	0.0	0.0	134243.0	4474.6	61.48	8.8	33.64	2150.8199999999997	2509.8599999999997	0.0	0.0	0.0	2676752.0	89221.5	7.580000000000001	3.5	16.380000000000003	29.139999999999997	2509.8599999999997
