concurrency	elapsed-r	errors-r	ops(total)-r	ops/sec(cum)-r	avg(ms)-r	p50(ms)-r	p95(ms)-r	p99(ms)-r	pMax(ms)-r	total-r	elapsed-w	errors-w	ops(total)-w	ops/sec(cum)-w	avg(ms)-w	p50(ms)-w	p95(ms)-w	p99(ms)-w	pMax(ms)-w	total-w	elapsed	errors	ops(total)	ops/sec(cum)	avg(ms)	p50(ms)	p95(ms)	p99(ms)	pMax(ms)
50	0.0	0.0	3337390.0	111243.09999999999	3.1375	2.9250000000000003	6.45	10.225	144.3125	0.0	0.0	0.0	175329.0	5844.1	3.1625	2.95	6.5375	10.35	70.7875	0.0	0.0	0.0	3512719.0	117087.29999999999	3.1375	2.9250000000000003	6.45	10.2875	144.575
