concurrency	elapsed-r	errors-r	ops(total)-r	ops/sec(cum)-r	avg(ms)-r	p50(ms)-r	p95(ms)-r	p99(ms)-r	pMax(ms)-r	total-r	elapsed-w	errors-w	ops(total)-w	ops/sec(cum)-w	avg(ms)-w	p50(ms)-w	p95(ms)-w	p99(ms)-w	pMax(ms)-w	total-w	elapsed	errors	ops(total)	ops/sec(cum)	avg(ms)	p50(ms)	p95(ms)	p99(ms)	pMax(ms)
32	0.0	0.0	1918566.0	63950.6	3.3	2.875	7.949999999999999	13.099999999999998	73.63749999999999	0.0	0.0	0.0	100712.0	3356.9999999999995	5.949999999999999	5.3500000000000005	13.287499999999998	20.0375	55.02499999999999	0.0	0.0	0.0	2019278.0	67307.40000000001	3.4499999999999997	2.9124999999999996	8.4	13.599999999999998	77.83749999999999
