concurrency	elapsed-r	errors-r	ops(total)-r	ops/sec(cum)-r	avg(ms)-r	p50(ms)-r	p95(ms)-r	p99(ms)-r	pMax(ms)-r	total-r	elapsed-w	errors-w	ops(total)-w	ops/sec(cum)-w	avg(ms)-w	p50(ms)-w	p95(ms)-w	p99(ms)-w	pMax(ms)-w	total-w	elapsed	errors	ops(total)	ops/sec(cum)	avg(ms)	p50(ms)	p95(ms)	p99(ms)	pMax(ms)
62	0.0	0.0	3161126.0	105367.50000000001	4.1499999999999995	3.9	7.699999999999999	11.95	54.27499999999999	0.0	0.0	0.0	166076.0	5535.6	4.1499999999999995	3.9	7.5874999999999995	11.95	22.412499999999998	0.0	0.0	0.0	3327202.0	110903.2	4.1499999999999995	3.9	7.699999999999999	11.95	54.27499999999999
