concurrency	elapsed-r	errors-r	ops(total)-r	ops/sec(cum)-r	avg(ms)-r	p50(ms)-r	p95(ms)-r	p99(ms)-r	pMax(ms)-r	total-r	elapsed-w	errors-w	ops(total)-w	ops/sec(cum)-w	avg(ms)-w	p50(ms)-w	p95(ms)-w	p99(ms)-w	pMax(ms)-w	total-w	elapsed	errors	ops(total)	ops/sec(cum)	avg(ms)	p50(ms)	p95(ms)	p99(ms)	pMax(ms)
32	0.0	0.0	1145339.0	38177.00000000001	8.075	4.824999999999999	18.525	33.449999999999996	99.76249999999999	0.0	0.0	0.0	60369.0	2012.3000000000002	8.2625	5.0249999999999995	19.275	33.449999999999996	87.94999999999999	0.0	0.0	0.0	1205708.0	40189.299999999996	8.075	4.824999999999999	18.4875	33.449999999999996	99.76249999999999
