concurrency	elapsed-w	errors-w	ops(total)-w	ops/sec(cum)-w	avg(ms)-w	p50(ms)-w	p95(ms)-w	p99(ms)-w	pMax(ms)-w	total-w	elapsed	errors	ops(total)	ops/sec(cum)	avg(ms)	p50(ms)	p95(ms)	p99(ms)	pMax(ms)
56	0.0	0.0	721860.0	24061.100000000002	18.15	14.799999999999999	46.3625	63.6875	201.31249999999997	0.0	0.0	0.0	721860.0	24061.100000000002	18.15	14.799999999999999	46.3625	63.6875	201.31249999999997
