concurrency	elapsed-r	errors-r	ops(total)-r	ops/sec(cum)-r	avg(ms)-r	p50(ms)-r	p95(ms)-r	p99(ms)-r	pMax(ms)-r	total-r	elapsed-w	errors-w	ops(total)-w	ops/sec(cum)-w	avg(ms)-w	p50(ms)-w	p95(ms)-w	p99(ms)-w	pMax(ms)-w	total-w	elapsed	errors	ops(total)	ops/sec(cum)	avg(ms)	p50(ms)	p95(ms)	p99(ms)	pMax(ms)
120	0.0	0.0	2692879.0	89758.99999999999	7.18	5.5200000000000005	19.3	29.98	314.6	0.0	0.0	0.0	141792.0	4726.1	19.060000000000002	16.96	40.260000000000005	53.9	296.93999999999994	0.0	0.0	0.0	2834671.0	94485.2	7.779999999999999	5.82	21.8	34.06	317.94
