concurrency	elapsed-w	errors-w	ops(total)-w	ops/sec(cum)-w	avg(ms)-w	p50(ms)-w	p95(ms)-w	p99(ms)-w	pMax(ms)-w	total-w	elapsed	errors	ops(total)	ops/sec(cum)	avg(ms)	p50(ms)	p95(ms)	p99(ms)	pMax(ms)
40	0.0	0.0	3462211.0	115404.90000000001	2.6	2.425	6.7250000000000005	8.9	26.875	0.0	0.0	0.0	3462211.0	115404.90000000001	2.6	2.425	6.7250000000000005	8.9	26.875
