concurrency	elapsed-r	errors-r	ops(total)-r	ops/sec(cum)-r	avg(ms)-r	p50(ms)-r	p95(ms)-r	p99(ms)-r	pMax(ms)-r	total-r	elapsed	errors	ops(total)	ops/sec(cum)	avg(ms)	p50(ms)	p95(ms)	p99(ms)	pMax(ms)
19	0.0	0.0	1357703.0	45256.1	1.5499999999999998	1.4500000000000002	2.275	4.324999999999999	15.875	0.0	0.0	0.0	1357703.0	45256.1	1.5499999999999998	1.4500000000000002	2.275	4.324999999999999	15.875
