concurrency	elapsed-r	errors-r	ops(total)-r	ops/sec(cum)-r	avg(ms)-r	p50(ms)-r	p95(ms)-r	p99(ms)-r	pMax(ms)-r	total-r	elapsed-w	errors-w	ops(total)-w	ops/sec(cum)-w	avg(ms)-w	p50(ms)-w	p95(ms)-w	p99(ms)-w	pMax(ms)-w	total-w	elapsed	errors	ops(total)	ops/sec(cum)	avg(ms)	p50(ms)	p95(ms)	p99(ms)	pMax(ms)
10	0.0	0.0	704176.0	23472.3	1.8250000000000002	1.35	4.375	5.8999999999999995	163.6	0.0	0.0	0.0	37227.0	1240.9999999999998	26.3875	2.35	113.20000000000002	132.1	473.95	0.0	0.0	0.0	741403.0	24713.2	3.0375	1.3625000000000003	4.637499999999999	83.9	473.95
