concurrency	elapsed-r	errors-r	ops(total)-r	ops/sec(cum)-r	avg(ms)-r	p50(ms)-r	p95(ms)-r	p99(ms)-r	pMax(ms)-r	total-r	elapsed-w	errors-w	ops(total)-w	ops/sec(cum)-w	avg(ms)-w	p50(ms)-w	p95(ms)-w	p99(ms)-w	pMax(ms)-w	total-w	elapsed	errors	ops(total)	ops/sec(cum)	avg(ms)	p50(ms)	p95(ms)	p99(ms)	pMax(ms)
159	0.0	0.0	3521878.0	117389.8	6.35	5.0	15.774999999999999	26.974999999999998	266.9	0.0	0.0	0.0	185376.0	6178.900000000001	18.125	16.925	36.175	47.599999999999994	251.15000000000003	0.0	0.0	0.0	3707254.0	123568.7	6.949999999999999	5.225	18.625	31.175	271.07500000000005
