concurrency	elapsed-r	errors-r	ops(total)-r	ops/sec(cum)-r	avg(ms)-r	p50(ms)-r	p95(ms)-r	p99(ms)-r	pMax(ms)-r	total-r	elapsed	errors	ops(total)	ops/sec(cum)	avg(ms)	p50(ms)	p95(ms)	p99(ms)	pMax(ms)
15	0.0	0.0	1410275.0	47008.6	2.3750000000000004	2.25	4.15	6.6000000000000005	25.575	0.0	0.0	0.0	1410275.0	47008.6	2.3750000000000004	2.25	4.15	6.6000000000000005	25.575
