concurrency	elapsed-r	errors-r	ops(total)-r	ops/sec(cum)-r	avg(ms)-r	p50(ms)-r	p95(ms)-r	p99(ms)-r	pMax(ms)-r	total-r	elapsed	errors	ops(total)	ops/sec(cum)	avg(ms)	p50(ms)	p95(ms)	p99(ms)	pMax(ms)
21	0.0	0.0	989948.0	32997.600000000006	4.9	4.625	9.375	12.937500000000002	32.925	0.0	0.0	0.0	989948.0	32997.600000000006	4.9	4.625	9.375	12.937500000000002	32.925
