concurrency	elapsed-w	errors-w	ops(total)-w	ops/sec(cum)-w	avg(ms)-w	p50(ms)-w	p95(ms)-w	p99(ms)-w	pMax(ms)-w	total-w	elapsed	errors	ops(total)	ops/sec(cum)	avg(ms)	p50(ms)	p95(ms)	p99(ms)	pMax(ms)
3	0.0	0.0	27641.0	921.3999999999999	12.7	4.05	33.324999999999996	37.7	45.575	0.0	0.0	0.0	27641.0	921.3999999999999	12.7	4.05	33.324999999999996	37.7	45.575
