concurrency	elapsed-r	errors-r	ops(total)-r	ops/sec(cum)-r	avg(ms)-r	p50(ms)-r	p95(ms)-r	p99(ms)-r	pMax(ms)-r	total-r	elapsed-w	errors-w	ops(total)-w	ops/sec(cum)-w	avg(ms)-w	p50(ms)-w	p95(ms)-w	p99(ms)-w	pMax(ms)-w	total-w	elapsed	errors	ops(total)	ops/sec(cum)	avg(ms)	p50(ms)	p95(ms)	p99(ms)	pMax(ms)
15	0.0	0.0	889144.0	19758.6	2.2	1.6	4.7	10.2	44.0	0.0	0.0	0.0	46790.0	1039.8	13.680000000000001	2.88	46.1	56.17999999999999	84.74000000000001	0.0	0.0	0.0	935934.0	20798.4	2.7600000000000002	1.6400000000000001	5.5	31.28	84.74000000000001
