concurrency	elapsed-r	errors-r	ops(total)-r	ops/sec(cum)-r	avg(ms)-r	p50(ms)-r	p95(ms)-r	p99(ms)-r	pMax(ms)-r	total-r	elapsed-w	errors-w	ops(total)-w	ops/sec(cum)-w	avg(ms)-w	p50(ms)-w	p95(ms)-w	p99(ms)-w	pMax(ms)-w	total-w	elapsed	errors	ops(total)	ops/sec(cum)	avg(ms)	p50(ms)	p95(ms)	p99(ms)	pMax(ms)
39	0.0	0.0	2547511.0	84915.0	3.4124999999999996	2.5375	12.6125	17.325	83.46249999999999	0.0	0.0	0.0	134075.0	4469.099999999999	3.3874999999999993	2.5125	12.725000000000001	17.45	34.45	0.0	0.0	0.0	2681586.0	89383.9	3.4124999999999996	2.5375	12.625	17.325	83.725
