concurrency	elapsed-w	errors-w	ops(total)-w	ops/sec(cum)-w	avg(ms)-w	p50(ms)-w	p95(ms)-w	p99(ms)-w	pMax(ms)-w	total-w	elapsed	errors	ops(total)	ops/sec(cum)	avg(ms)	p50(ms)	p95(ms)	p99(ms)	pMax(ms)
51	0.0	0.0	3295369.0	109842.90000000001	3.4375	3.2499999999999996	6.1	9.7875	32.7625	0.0	0.0	0.0	3295369.0	109842.90000000001	3.4375	3.2499999999999996	6.1	9.7875	32.7625
