concurrency	elapsed-r	errors-r	ops(total)-r	ops/sec(cum)-r	avg(ms)-r	p50(ms)-r	p95(ms)-r	p99(ms)-r	pMax(ms)-r	total-r	elapsed-w	errors-w	ops(total)-w	ops/sec(cum)-w	avg(ms)-w	p50(ms)-w	p95(ms)-w	p99(ms)-w	pMax(ms)-w	total-w	elapsed	errors	ops(total)	ops/sec(cum)	avg(ms)	p50(ms)	p95(ms)	p99(ms)	pMax(ms)
32	0.0	0.0	277502.0	9249.7	3.325	3.1000000000000005	6.3500000000000005	8.1	39.3125	0.0	0.0	0.0	14186.0	472.9	465.46250000000003	738.1999999999999	805.3000000000001	805.3000000000001	843.0874999999999	0.0	0.0	0.0	291688.0	9722.6	25.825000000000003	3.1750000000000003	7.387499999999999	771.8000000000001	843.0874999999999
