concurrency	elapsed-r	errors-r	ops(total)-r	ops/sec(cum)-r	avg(ms)-r	p50(ms)-r	p95(ms)-r	p99(ms)-r	pMax(ms)-r	total-r	elapsed-w	errors-w	ops(total)-w	ops/sec(cum)-w	avg(ms)-w	p50(ms)-w	p95(ms)-w	p99(ms)-w	pMax(ms)-w	total-w	elapsed	errors	ops(total)	ops/sec(cum)	avg(ms)	p50(ms)	p95(ms)	p99(ms)	pMax(ms)
2	0.0	0.0	231371.0	7712.299999999999	1.6749999999999998	1.6	2.9	4.075	16.5625	0.0	0.0	0.0	12121.0	403.8999999999999	2.7125	2.6625	4.4625	6.45	9.899999999999999	0.0	0.0	0.0	243492.0	8116.4	1.7249999999999999	1.6	3.0749999999999997	4.275	16.5625
