concurrency	elapsed-r	errors-r	ops(total)-r	ops/sec(cum)-r	avg(ms)-r	p50(ms)-r	p95(ms)-r	p99(ms)-r	pMax(ms)-r	total-r	elapsed-w	errors-w	ops(total)-w	ops/sec(cum)-w	avg(ms)-w	p50(ms)-w	p95(ms)-w	p99(ms)-w	pMax(ms)-w	total-w	elapsed	errors	ops(total)	ops/sec(cum)	avg(ms)	p50(ms)	p95(ms)	p99(ms)	pMax(ms)
22	0.0	0.0	3117613.0	103919.20000000001	1.4124999999999999	1.3	2.65	4.9375	69.725	0.0	0.0	0.0	164102.0	5470.000000000001	1.4124999999999999	1.3	2.575	4.8374999999999995	17.900000000000002	0.0	0.0	0.0	3281715.0	109389.1	1.4124999999999999	1.3	2.65	4.9375	69.9875
