concurrency	elapsed-r	errors-r	ops(total)-r	ops/sec(cum)-r	avg(ms)-r	p50(ms)-r	p95(ms)-r	p99(ms)-r	pMax(ms)-r	total-r	elapsed-w	errors-w	ops(total)-w	ops/sec(cum)-w	avg(ms)-w	p50(ms)-w	p95(ms)-w	p99(ms)-w	pMax(ms)-w	total-w	elapsed	errors	ops(total)	ops/sec(cum)	avg(ms)	p50(ms)	p95(ms)	p99(ms)	pMax(ms)
151	0.0	0.0	2735530.0	91179.3	4.18	2.9	13.1	25.380000000000003	130.86	0.0	0.0	0.0	143604.0	4786.5	101.97999999999999	7.959999999999999	36.06	3731.2599999999998	4107.08	0.0	0.0	0.0	2879134.0	95966.0	9.040000000000001	2.98	14.559999999999999	29.54	4107.08
