concurrency	elapsed-w	errors-w	ops(total)-w	ops/sec(cum)-w	avg(ms)-w	p50(ms)-w	p95(ms)-w	p99(ms)-w	pMax(ms)-w	total-w	elapsed	errors	ops(total)	ops/sec(cum)	avg(ms)	p50(ms)	p95(ms)	p99(ms)	pMax(ms)
55	0.0	0.0	697953.0	23263.899999999998	18.4875	11.650000000000002	52.6625	71.3	206.54999999999998	0.0	0.0	0.0	697953.0	23263.899999999998	18.4875	11.650000000000002	52.6625	71.3	206.54999999999998
