concurrency	elapsed-r	errors-r	ops(total)-r	ops/sec(cum)-r	avg(ms)-r	p50(ms)-r	p95(ms)-r	p99(ms)-r	pMax(ms)-r	total-r	elapsed-w	errors-w	ops(total)-w	ops/sec(cum)-w	avg(ms)-w	p50(ms)-w	p95(ms)-w	p99(ms)-w	pMax(ms)-w	total-w	elapsed	errors	ops(total)	ops/sec(cum)	avg(ms)	p50(ms)	p95(ms)	p99(ms)	pMax(ms)
16	0.0	0.0	216551.0	7218.2	4.1	3.7749999999999995	7.775	9.7875	20.175	0.0	0.0	0.0	11231.0	374.3	256.32500000000005	369.09999999999997	419.40000000000003	436.19999999999993	469.80000000000007	0.0	0.0	0.0	227782.0	7592.4	16.55	3.95	9.3	402.69999999999993	469.80000000000007
