concurrency	elapsed-r	errors-r	ops(total)-r	ops/sec(cum)-r	avg(ms)-r	p50(ms)-r	p95(ms)-r	p99(ms)-r	pMax(ms)-r	total-r	elapsed-w	errors-w	ops(total)-w	ops/sec(cum)-w	avg(ms)-w	p50(ms)-w	p95(ms)-w	p99(ms)-w	pMax(ms)-w	total-w	elapsed	errors	ops(total)	ops/sec(cum)	avg(ms)	p50(ms)	p95(ms)	p99(ms)	pMax(ms)
88	0.0	0.0	42779.0	712.9	3.3499999999999996	1.8	11.0	32.25	80.75	0.0	0.0	0.0	1912.0	31.9	13.150000000000002	7.5	35.900000000000006	94.375	207.625	0.0	0.0	0.0	44691.0	744.8	3.7750000000000004	1.825	14.575	35.400000000000006	207.625
