concurrency	elapsed-r	errors-r	ops(total)-r	ops/sec(cum)-r	avg(ms)-r	p50(ms)-r	p95(ms)-r	p99(ms)-r	pMax(ms)-r	total-r	elapsed-w	errors-w	ops(total)-w	ops/sec(cum)-w	avg(ms)-w	p50(ms)-w	p95(ms)-w	p99(ms)-w	pMax(ms)-w	total-w	elapsed	errors	ops(total)	ops/sec(cum)	avg(ms)	p50(ms)	p95(ms)	p99(ms)	pMax(ms)
22	0.0	0.0	333059.0	11101.6	2.9000000000000004	2.625	5.75	7.3125	17.7	0.0	0.0	0.0	17508.0	583.6	240.86249999999998	425.7124999999999	469.80000000000007	486.5	505.4000000000001	0.0	0.0	0.0	350567.0	11685.1	14.787500000000001	2.675	6.487499999999999	453.0	505.4000000000001
