concurrency	elapsed-r	errors-r	ops(total)-r	ops/sec(cum)-r	avg(ms)-r	p50(ms)-r	p95(ms)-r	p99(ms)-r	pMax(ms)-r	total-r	elapsed-w	errors-w	ops(total)-w	ops/sec(cum)-w	avg(ms)-w	p50(ms)-w	p95(ms)-w	p99(ms)-w	pMax(ms)-w	total-w	elapsed	errors	ops(total)	ops/sec(cum)	avg(ms)	p50(ms)	p95(ms)	p99(ms)	pMax(ms)
146	0.0	0.0	4427775.0	147577.7	5.279999999999999	4.2	13.720000000000002	22.42	207.6	0.0	0.0	0.0	233399.0	7779.200000000001	14.180000000000001	12.919999999999998	29.139999999999997	39.839999999999996	150.16	0.0	0.0	0.0	4661174.0	155356.8	5.72	4.359999999999999	16.2	24.84	207.6
