concurrency	elapsed-r	errors-r	ops(total)-r	ops/sec(cum)-r	avg(ms)-r	p50(ms)-r	p95(ms)-r	p99(ms)-r	pMax(ms)-r	total-r	elapsed-w	errors-w	ops(total)-w	ops/sec(cum)-w	avg(ms)-w	p50(ms)-w	p95(ms)-w	p99(ms)-w	pMax(ms)-w	total-w	elapsed	errors	ops(total)	ops/sec(cum)	avg(ms)	p50(ms)	p95(ms)	p99(ms)	pMax(ms)
10	0.0	0.0	1014836.0	33827.399999999994	1.7500000000000002	1.3499999999999999	4.325	6.2875000000000005	135.8	0.0	0.0	0.0	53724.0	1790.6999999999998	7.8125	2.3874999999999997	40.324999999999996	55.2875	76.025	0.0	0.0	0.0	1068560.0	35618.100000000006	2.05	1.3625	4.55	10.1125	141.05
