ops/sec(cum)	p50(ms)	p99(ms)	read_tp	read_p50	read_p99	write_tp	write_p50	write_p99
93048.68333333332	0.9986666666666666	6.758166666666667	88880.98333333334	1.0506666666666666	6.758166666666667	4166.7	0.9466666666666667	6.298
