concurrency	elapsed-r	errors-r	ops(total)-r	ops/sec(cum)-r	avg(ms)-r	p50(ms)-r	p95(ms)-r	p99(ms)-r	pMax(ms)-r	total-r	elapsed-w	errors-w	ops(total)-w	ops/sec(cum)-w	avg(ms)-w	p50(ms)-w	p95(ms)-w	p99(ms)-w	pMax(ms)-w	total-w	elapsed	errors	ops(total)	ops/sec(cum)	avg(ms)	p50(ms)	p95(ms)	p99(ms)	pMax(ms)
54	0.0	0.0	2171916.0	48263.7	3.7399999999999998	2.2	12.6	31.28	189.54	0.0	0.0	0.0	114173.0	2537.1	13.3	5.04	31.5	61.64	2214.5999999999995	0.0	0.0	0.0	2286089.0	50800.799999999996	4.22	2.2800000000000002	14.3	33.6	2214.5999999999995
