concurrency	elapsed-w	errors-w	ops(total)-w	ops/sec(cum)-w	avg(ms)-w	p50(ms)-w	p95(ms)-w	p99(ms)-w	pMax(ms)-w	total-w	elapsed	errors	ops(total)	ops/sec(cum)	avg(ms)	p50(ms)	p95(ms)	p99(ms)	pMax(ms)
56	0.0	0.0	717543.0	23917.2	18.2375	15.0375	45.575	60.275000000000006	206.5625	0.0	0.0	0.0	717543.0	23917.2	18.2375	15.0375	45.575	60.275000000000006	206.5625
