concurrency	elapsed-r	errors-r	ops(total)-r	ops/sec(cum)-r	avg(ms)-r	p50(ms)-r	p95(ms)-r	p99(ms)-r	pMax(ms)-r	total-r	elapsed-w	errors-w	ops(total)-w	ops/sec(cum)-w	avg(ms)-w	p50(ms)-w	p95(ms)-w	p99(ms)-w	pMax(ms)-w	total-w	elapsed	errors	ops(total)	ops/sec(cum)	avg(ms)	p50(ms)	p95(ms)	p99(ms)	pMax(ms)
32	0.0	0.0	1063651.0	35454.0	8.175	5.4875	19.224999999999998	32.2	57.275	0.0	0.0	0.0	55948.0	1864.8999999999999	10.2125	7.6125	28.237499999999997	34.7	60.824999999999996	0.0	0.0	0.0	1119599.0	37318.9	8.2875	5.5625	19.224999999999998	32.275000000000006	62.4
