concurrency	elapsed-r	errors-r	ops(total)-r	ops/sec(cum)-r	avg(ms)-r	p50(ms)-r	p95(ms)-r	p99(ms)-r	pMax(ms)-r	total-r	elapsed-w	errors-w	ops(total)-w	ops/sec(cum)-w	avg(ms)-w	p50(ms)-w	p95(ms)-w	p99(ms)-w	pMax(ms)-w	total-w	elapsed	errors	ops(total)	ops/sec(cum)	avg(ms)	p50(ms)	p95(ms)	p99(ms)	pMax(ms)
15	0.0	0.0	2716469.0	90548.0	1.075	0.9750000000000001	2.15	3.1999999999999997	48.9	0.0	0.0	0.0	142441.0	4748.0	1.0625	0.9250000000000002	2.0625	3.1875000000000004	13.375	0.0	0.0	0.0	2858910.0	95295.90000000001	1.075	0.9750000000000001	2.15	3.1999999999999997	48.9
