concurrency	elapsed-r	errors-r	ops(total)-r	ops/sec(cum)-r	avg(ms)-r	p50(ms)-r	p95(ms)-r	p99(ms)-r	pMax(ms)-r	total-r	elapsed-w	errors-w	ops(total)-w	ops/sec(cum)-w	avg(ms)-w	p50(ms)-w	p95(ms)-w	p99(ms)-w	pMax(ms)-w	total-w	elapsed	errors	ops(total)	ops/sec(cum)	avg(ms)	p50(ms)	p95(ms)	p99(ms)	pMax(ms)
160	0.0	0.0	4676599.0	155875.19999999998	4.74	3.94	12.360000000000001	20.46	231.11999999999998	0.0	0.0	0.0	245640.0	8187.4	14.7	13.319999999999999	29.98	38.8	192.94	0.0	0.0	0.0	4922239.0	164062.6	5.24	3.96	15.040000000000001	24.3	234.47999999999996
