concurrency	elapsed-r	errors-r	ops(total)-r	ops/sec(cum)-r	avg(ms)-r	p50(ms)-r	p95(ms)-r	p99(ms)-r	pMax(ms)-r	total-r	elapsed-w	errors-w	ops(total)-w	ops/sec(cum)-w	avg(ms)-w	p50(ms)-w	p95(ms)-w	p99(ms)-w	pMax(ms)-w	total-w	elapsed	errors	ops(total)	ops/sec(cum)	avg(ms)	p50(ms)	p95(ms)	p99(ms)	pMax(ms)
32	0.0	0.0	1494420.0	49813.0	1.9333333333333333	1.5	4.0	11.833333333333334	33.26666666666667	0.0	0.0	0.0	78136.0	2604.6	3.4666666666666663	2.9	7.2	17.1	35.63333333333333	0.0	0.0	0.0	1572556.0	52417.4	2.033333333333333	1.5	4.266666666666667	12.166666666666666	35.63333333333333
