concurrency	elapsed-r	errors-r	ops(total)-r	ops/sec(cum)-r	avg(ms)-r	p50(ms)-r	p95(ms)-r	p99(ms)-r	pMax(ms)-r	total-r	elapsed-w	errors-w	ops(total)-w	ops/sec(cum)-w	avg(ms)-w	p50(ms)-w	p95(ms)-w	p99(ms)-w	pMax(ms)-w	total-w	elapsed	errors	ops(total)	ops/sec(cum)	avg(ms)	p50(ms)	p95(ms)	p99(ms)	pMax(ms)
58	0.0	0.0	3226430.0	107545.09999999999	3.7874999999999996	3.5500000000000003	6.825	11.275	76.425	0.0	0.0	0.0	169282.0	5642.7	3.7625	3.5250000000000004	6.800000000000001	11.149999999999999	23.199999999999996	0.0	0.0	0.0	3395712.0	113187.5	3.7874999999999996	3.5500000000000003	6.825	11.2	76.425
