concurrency	elapsed-r	errors-r	ops(total)-r	ops/sec(cum)-r	avg(ms)-r	p50(ms)-r	p95(ms)-r	p99(ms)-r	pMax(ms)-r	total-r	elapsed-w	errors-w	ops(total)-w	ops/sec(cum)-w	avg(ms)-w	p50(ms)-w	p95(ms)-w	p99(ms)-w	pMax(ms)-w	total-w	elapsed	errors	ops(total)	ops/sec(cum)	avg(ms)	p50(ms)	p95(ms)	p99(ms)	pMax(ms)
32	0.0	0.0	212052.0	7068.2	4.4624999999999995	4.4624999999999995	8.4375	11.475	47.837500000000006	0.0	0.0	0.0	10884.0	362.90000000000003	604.3625000000001	906.0	1010.8000000000001	1040.2	1061.1375	0.0	0.0	0.0	222936.0	7431.0	33.78750000000001	4.475	10.55	939.5	1061.1375
