concurrency	elapsed-r	errors-r	ops(total)-r	ops/sec(cum)-r	avg(ms)-r	p50(ms)-r	p95(ms)-r	p99(ms)-r	pMax(ms)-r	total-r	elapsed-w	errors-w	ops(total)-w	ops/sec(cum)-w	avg(ms)-w	p50(ms)-w	p95(ms)-w	p99(ms)-w	pMax(ms)-w	total-w	elapsed	errors	ops(total)	ops/sec(cum)	avg(ms)	p50(ms)	p95(ms)	p99(ms)	pMax(ms)
32	0.0	0.0	1765161.0	58837.100000000006	2.025	1.5	4.7250000000000005	7.800000000000001	28.3	0.0	0.0	0.0	93054.0	3101.8	4.574999999999999	2.75	16.275	27.725	51.65	0.0	0.0	0.0	1858215.0	61938.899999999994	2.1500000000000004	1.5250000000000001	5.025	10.399999999999999	51.65
