concurrency	elapsed-r	errors-r	ops(total)-r	ops/sec(cum)-r	avg(ms)-r	p50(ms)-r	p95(ms)-r	p99(ms)-r	pMax(ms)-r	total-r	elapsed	errors	ops(total)	ops/sec(cum)	avg(ms)	p50(ms)	p95(ms)	p99(ms)	pMax(ms)
54	0.0	0.0	1547933.0	51596.0	7.8	7.1000000000000005	16.925	24.374999999999996	81.275	0.0	0.0	0.0	1547933.0	51596.0	7.8	7.1000000000000005	16.925	24.374999999999996	81.275
