concurrency	elapsed-r	errors-r	ops(total)-r	ops/sec(cum)-r	avg(ms)-r	p50(ms)-r	p95(ms)-r	p99(ms)-r	pMax(ms)-r	total-r	elapsed-w	errors-w	ops(total)-w	ops/sec(cum)-w	avg(ms)-w	p50(ms)-w	p95(ms)-w	p99(ms)-w	pMax(ms)-w	total-w	elapsed	errors	ops(total)	ops/sec(cum)	avg(ms)	p50(ms)	p95(ms)	p99(ms)	pMax(ms)
38	0.0	0.0	2141933.0	71395.2	3.5875	2.95	8.1375	13.8	43.5	0.0	0.0	0.0	112919.0	3763.6999999999994	5.0	3.474999999999999	12.7625	19.400000000000002	42.9625	0.0	0.0	0.0	2254852.0	75159.3	3.6375	2.9875000000000003	8.6	14.175	45.849999999999994
