concurrency	elapsed-r	errors-r	ops(total)-r	ops/sec(cum)-r	avg(ms)-r	p50(ms)-r	p95(ms)-r	p99(ms)-r	pMax(ms)-r	total-r	elapsed-w	errors-w	ops(total)-w	ops/sec(cum)-w	avg(ms)-w	p50(ms)-w	p95(ms)-w	p99(ms)-w	pMax(ms)-w	total-w	elapsed	errors	ops(total)	ops/sec(cum)	avg(ms)	p50(ms)	p95(ms)	p99(ms)	pMax(ms)
29	0.0	0.0	1061099.0	35369.1	6.062500000000001	5.95	10.125	11.5	25.8125	0.0	0.0	0.0	55886.0	1862.8999999999999	6.1625000000000005	6.199999999999999	10.5	12.224999999999998	20.975	0.0	0.0	0.0	1116985.0	37232.0	6.062500000000001	5.975	10.1875	11.575	26.337500000000002
