concurrency	elapsed-r	errors-r	ops(total)-r	ops/sec(cum)-r	avg(ms)-r	p50(ms)-r	p95(ms)-r	p99(ms)-r	pMax(ms)-r	total-r	elapsed-w	errors-w	ops(total)-w	ops/sec(cum)-w	avg(ms)-w	p50(ms)-w	p95(ms)-w	p99(ms)-w	pMax(ms)-w	total-w	elapsed	errors	ops(total)	ops/sec(cum)	avg(ms)	p50(ms)	p95(ms)	p99(ms)	pMax(ms)
70	0.0	0.0	3174777.0	105822.09999999999	4.6875	4.4875	8.575	12.95	53.74999999999999	0.0	0.0	0.0	166083.0	5535.9	4.65	4.4125	8.424999999999999	13.024999999999999	25.9625	0.0	0.0	0.0	3340860.0	111357.9	4.6875	4.4875	8.575	12.95	53.87499999999999
