concurrency	elapsed-r	errors-r	ops(total)-r	ops/sec(cum)-r	avg(ms)-r	p50(ms)-r	p95(ms)-r	p99(ms)-r	pMax(ms)-r	total-r	elapsed-w	errors-w	ops(total)-w	ops/sec(cum)-w	avg(ms)-w	p50(ms)-w	p95(ms)-w	p99(ms)-w	pMax(ms)-w	total-w	elapsed	errors	ops(total)	ops/sec(cum)	avg(ms)	p50(ms)	p95(ms)	p99(ms)	pMax(ms)
42	0.0	0.0	3341158.0	111369.4	2.5625	2.3875	4.275	8.5875	125.80000000000001	0.0	0.0	0.0	175643.0	5854.7	2.6875	2.5000000000000004	4.7	9.0125	91.22499999999998	0.0	0.0	0.0	3516801.0	117224.0	2.5625	2.3875	4.275	8.6625	125.80000000000001
