concurrency	elapsed-r	errors-r	ops(total)-r	ops/sec(cum)-r	avg(ms)-r	p50(ms)-r	p95(ms)-r	p99(ms)-r	pMax(ms)-r	total-r	elapsed-w	errors-w	ops(total)-w	ops/sec(cum)-w	avg(ms)-w	p50(ms)-w	p95(ms)-w	p99(ms)-w	pMax(ms)-w	total-w	elapsed	errors	ops(total)	ops/sec(cum)	avg(ms)	p50(ms)	p95(ms)	p99(ms)	pMax(ms)
152	0.0	0.0	2775162.0	92500.4	7.580000000000001	5.720000000000001	21.4	33.74	457.98	0.0	0.0	0.0	145603.0	4853.2	36.18	21.839999999999996	123.3	161.47999999999996	359.02	0.0	0.0	0.0	2920765.0	97353.5	9.0	5.9	26.020000000000003	60.82000000000001	457.98
