concurrency	elapsed-r	errors-r	ops(total)-r	ops/sec(cum)-r	avg(ms)-r	p50(ms)-r	p95(ms)-r	p99(ms)-r	pMax(ms)-r	total-r	elapsed-w	errors-w	ops(total)-w	ops/sec(cum)-w	avg(ms)-w	p50(ms)-w	p95(ms)-w	p99(ms)-w	pMax(ms)-w	total-w	elapsed	errors	ops(total)	ops/sec(cum)	avg(ms)	p50(ms)	p95(ms)	p99(ms)	pMax(ms)
39	0.0	0.0	1943074.0	64767.3	3.9875	3.5	9.275	14.637500000000001	40.087500000000006	0.0	0.0	0.0	102379.0	3412.7000000000003	7.1375	6.749999999999999	15.512500000000001	21.75	42.175	0.0	0.0	0.0	2045453.0	68179.9	4.1375	3.5875	9.85	15.387500000000001	43.2125
