concurrency	elapsed-r	errors-r	ops(total)-r	ops/sec(cum)-r	avg(ms)-r	p50(ms)-r	p95(ms)-r	p99(ms)-r	pMax(ms)-r	total-r	elapsed-w	errors-w	ops(total)-w	ops/sec(cum)-w	avg(ms)-w	p50(ms)-w	p95(ms)-w	p99(ms)-w	pMax(ms)-w	total-w	elapsed	errors	ops(total)	ops/sec(cum)	avg(ms)	p50(ms)	p95(ms)	p99(ms)	pMax(ms)
128	0.0	0.0	2756732.0	91885.9	6.840000000000001	5.380000000000001	17.84	27.860000000000003	274.3	0.0	0.0	0.0	144437.0	4814.3	23.48	21.8	48.22	61.879999999999995	166.9	0.0	0.0	0.0	2901169.0	96700.29999999999	7.7	5.62	22.24	36.36	274.3
