concurrency	elapsed-r	errors-r	ops(total)-r	ops/sec(cum)-r	avg(ms)-r	p50(ms)-r	p95(ms)-r	p99(ms)-r	pMax(ms)-r	total-r	elapsed-w	errors-w	ops(total)-w	ops/sec(cum)-w	avg(ms)-w	p50(ms)-w	p95(ms)-w	p99(ms)-w	pMax(ms)-w	total-w	elapsed	errors	ops(total)	ops/sec(cum)	avg(ms)	p50(ms)	p95(ms)	p99(ms)	pMax(ms)
23	0.0	0.0	1037176.0	34571.700000000004	4.862499999999999	4.775	8.525	10.0	25.1625	0.0	0.0	0.0	54829.0	1827.6000000000001	5.0375000000000005	5.025	8.9	10.625	18.1	0.0	0.0	0.0	1092005.0	36399.3	4.862499999999999	4.775	8.7125	10.0	25.1625
