concurrency	elapsed-r	errors-r	ops(total)-r	ops/sec(cum)-r	avg(ms)-r	p50(ms)-r	p95(ms)-r	p99(ms)-r	pMax(ms)-r	total-r	elapsed-w	errors-w	ops(total)-w	ops/sec(cum)-w	avg(ms)-w	p50(ms)-w	p95(ms)-w	p99(ms)-w	pMax(ms)-w	total-w	elapsed	errors	ops(total)	ops/sec(cum)	avg(ms)	p50(ms)	p95(ms)	p99(ms)	pMax(ms)
67	0.0	0.0	2315578.0	77183.6	2.6750000000000003	1.8250000000000002	7.375	11.375	41.675	0.0	0.0	0.0	121839.0	4061.2	60.224999999999994	3.45	328.375	358.475	412.65	0.0	0.0	0.0	2437417.0	81244.80000000002	5.6	1.875	7.775	20.275	412.65
