concurrency	elapsed-r	errors-r	ops(total)-r	ops/sec(cum)-r	avg(ms)-r	p50(ms)-r	p95(ms)-r	p99(ms)-r	pMax(ms)-r	total-r	elapsed-w	errors-w	ops(total)-w	ops/sec(cum)-w	avg(ms)-w	p50(ms)-w	p95(ms)-w	p99(ms)-w	pMax(ms)-w	total-w	elapsed	errors	ops(total)	ops/sec(cum)	avg(ms)	p50(ms)	p95(ms)	p99(ms)	pMax(ms)
35	0.0	0.0	1884247.0	62806.399999999994	3.375	2.775	8.825	14.3	59.225	0.0	0.0	0.0	99149.0	3304.9	13.899999999999999	5.2625	22.9625	267.35	419.40000000000003	0.0	0.0	0.0	1983396.0	66111.1	3.875	2.85	9.350000000000001	15.55	419.40000000000003
