concurrency	elapsed-r	errors-r	ops(total)-r	ops/sec(cum)-r	avg(ms)-r	p50(ms)-r	p95(ms)-r	p99(ms)-r	pMax(ms)-r	total-r	elapsed-w	errors-w	ops(total)-w	ops/sec(cum)-w	avg(ms)-w	p50(ms)-w	p95(ms)-w	p99(ms)-w	pMax(ms)-w	total-w	elapsed	errors	ops(total)	ops/sec(cum)	avg(ms)	p50(ms)	p95(ms)	p99(ms)	pMax(ms)
82	0.0	0.0	2445529.0	81514.79999999999	2.475	1.7000000000000002	6.824999999999999	10.75	57.05	0.0	0.0	0.0	128494.0	4283.1	70.5	3.05	384.02500000000003	406.82500000000005	457.7	0.0	0.0	0.0	2574023.0	85797.8	5.85	1.75	7.275	19.65	457.7
