concurrency	elapsed-r	errors-r	ops(total)-r	ops/sec(cum)-r	avg(ms)-r	p50(ms)-r	p95(ms)-r	p99(ms)-r	pMax(ms)-r	total-r	elapsed-w	errors-w	ops(total)-w	ops/sec(cum)-w	avg(ms)-w	p50(ms)-w	p95(ms)-w	p99(ms)-w	pMax(ms)-w	total-w	elapsed	errors	ops(total)	ops/sec(cum)	avg(ms)	p50(ms)	p95(ms)	p99(ms)	pMax(ms)
30	0.0	0.0	1466124.0	48869.399999999994	4.475	4.4125	7.862499999999999	10.4125	28.325	0.0	0.0	0.0	77235.0	2574.5	4.4875	4.4	7.875	10.4125	23.75	0.0	0.0	0.0	1543359.0	51443.799999999996	4.475	4.4125	7.862499999999999	10.4125	28.725
