concurrency	elapsed-r	errors-r	ops(total)-r	ops/sec(cum)-r	avg(ms)-r	p50(ms)-r	p95(ms)-r	p99(ms)-r	pMax(ms)-r	total-r	elapsed-w	errors-w	ops(total)-w	ops/sec(cum)-w	avg(ms)-w	p50(ms)-w	p95(ms)-w	p99(ms)-w	pMax(ms)-w	total-w	elapsed	errors	ops(total)	ops/sec(cum)	avg(ms)	p50(ms)	p95(ms)	p99(ms)	pMax(ms)
56	0.0	0.0	1116969.0	37231.100000000006	3.1	2.4	9.4	19.9	106.26666666666667	0.0	0.0	0.0	58652.0	1954.8999999999999	1.7	1.0	3.033333333333333	13.633333333333333	68.49999999999999	0.0	0.0	0.0	1175621.0	39186.200000000004	3.0	2.2	9.4	19.9	106.26666666666667
