ops/sec(cum)	p50(ms)	p99(ms)	skews
166277.7	1.725	5.4125	0
162986.1	2.0250000000000004	7.4125000000000005	0.1
160544.1	1.45	4.9625	0.2
153720.69999999998	2.0	12.575	0.3
140004.0	1.7125	13.999999999999998	0.4
129755.70000000001	1.3875	7.749999999999999	0.5
