concurrency	elapsed-r	errors-r	ops(total)-r	ops/sec(cum)-r	avg(ms)-r	p50(ms)-r	p95(ms)-r	p99(ms)-r	pMax(ms)-r	total-r	elapsed-w	errors-w	ops(total)-w	ops/sec(cum)-w	avg(ms)-w	p50(ms)-w	p95(ms)-w	p99(ms)-w	pMax(ms)-w	total-w	elapsed	errors	ops(total)	ops/sec(cum)	avg(ms)	p50(ms)	p95(ms)	p99(ms)	pMax(ms)
32	0.0	0.0	2881694.0	96054.3	2.3249999999999997	2.1	4.65	7.062499999999999	26.1	0.0	0.0	0.0	151577.0	5052.5	2.2624999999999997	2.0625000000000004	4.425	6.975	19.337500000000002	0.0	0.0	0.0	3033271.0	101106.8	2.3249999999999997	2.1	4.65	7.0249999999999995	26.1
