concurrency	elapsed-r	errors-r	ops(total)-r	ops/sec(cum)-r	avg(ms)-r	p50(ms)-r	p95(ms)-r	p99(ms)-r	pMax(ms)-r	total-r	elapsed-w	errors-w	ops(total)-w	ops/sec(cum)-w	avg(ms)-w	p50(ms)-w	p95(ms)-w	p99(ms)-w	pMax(ms)-w	total-w	elapsed	errors	ops(total)	ops/sec(cum)	avg(ms)	p50(ms)	p95(ms)	p99(ms)	pMax(ms)
40	0.0	0.0	2428196.0	53959.0	2.5	1.7399999999999998	6.8	18.9	209.71999999999997	0.0	0.0	0.0	127500.0	2833.2	5.72	3.94	18.68	34.019999999999996	189.58	0.0	0.0	0.0	2555696.0	56792.299999999996	2.6399999999999997	1.8	7.660000000000001	20.560000000000002	213.06
