concurrency	elapsed-r	errors-r	ops(total)-r	ops/sec(cum)-r	avg(ms)-r	p50(ms)-r	p95(ms)-r	p99(ms)-r	pMax(ms)-r	total-r	elapsed-w	errors-w	ops(total)-w	ops/sec(cum)-w	avg(ms)-w	p50(ms)-w	p95(ms)-w	p99(ms)-w	pMax(ms)-w	total-w	elapsed	errors	ops(total)	ops/sec(cum)	avg(ms)	p50(ms)	p95(ms)	p99(ms)	pMax(ms)
48	0.0	0.0	1240422.0	41346.1	8.9625	5.5375	26.525	35.0375	206.55	0.0	0.0	0.0	64995.0	2166.4	48.6875	32.24999999999999	173.5	212.85	312.47499999999997	0.0	0.0	0.0	1305417.0	43512.700000000004	10.924999999999999	5.9875	31.950000000000003	73.42500000000001	312.47499999999997
