concurrency	elapsed-r	errors-r	ops(total)-r	ops/sec(cum)-r	avg(ms)-r	p50(ms)-r	p95(ms)-r	p99(ms)-r	pMax(ms)-r	total-r	elapsed-w	errors-w	ops(total)-w	ops/sec(cum)-w	avg(ms)-w	p50(ms)-w	p95(ms)-w	p99(ms)-w	pMax(ms)-w	total-w	elapsed	errors	ops(total)	ops/sec(cum)	avg(ms)	p50(ms)	p95(ms)	p99(ms)	pMax(ms)
34	0.0	0.0	3309837.0	110325.8	2.0625	1.9249999999999998	3.4	6.9375	30.137499999999996	0.0	0.0	0.0	174822.0	5827.4	2.4375000000000004	2.3	4.175	7.6	23.525000000000002	0.0	0.0	0.0	3484659.0	116153.20000000001	2.0875	1.9249999999999998	3.4375	6.9375	30.137499999999996
