concurrency	elapsed-r	errors-r	ops(total)-r	ops/sec(cum)-r	avg(ms)-r	p50(ms)-r	p95(ms)-r	p99(ms)-r	pMax(ms)-r	total-r	elapsed-w	errors-w	ops(total)-w	ops/sec(cum)-w	avg(ms)-w	p50(ms)-w	p95(ms)-w	p99(ms)-w	pMax(ms)-w	total-w	elapsed	errors	ops(total)	ops/sec(cum)	avg(ms)	p50(ms)	p95(ms)	p99(ms)	pMax(ms)
126	0.0	0.0	2793575.0	93113.5	6.24	4.959999999999999	16.7	29.119999999999994	338.08	0.0	0.0	0.0	147484.0	4915.9	23.299999999999997	21.8	45.3	59.58	305.36	0.0	0.0	0.0	2941059.0	98029.1	7.12	5.08	21.639999999999997	37.72	340.59999999999997
