ops/sec(cum)	p50(ms)	p99(ms)	read_tp	read_p50	read_p99	write_tp	write_p50	write_p99
258593.95	0.22333333333333333	1.0213333333333332	247465.11666666667	0.22316666666666668	1.0213333333333332	11127.833333333334	0.2235	1.0081666666666667
