concurrency	elapsed-w	errors-w	ops(total)-w	ops/sec(cum)-w	avg(ms)-w	p50(ms)-w	p95(ms)-w	p99(ms)-w	pMax(ms)-w	total-w	elapsed	errors	ops(total)	ops/sec(cum)	avg(ms)	p50(ms)	p95(ms)	p99(ms)	pMax(ms)
39	0.0	0.0	3591110.0	119701.29999999999	2.4	2.025	6.7250000000000005	8.9	66.3125	0.0	0.0	0.0	3591110.0	119701.29999999999	2.4	2.025	6.7250000000000005	8.9	66.3125
