concurrency	elapsed-r	errors-r	ops(total)-r	ops/sec(cum)-r	avg(ms)-r	p50(ms)-r	p95(ms)-r	p99(ms)-r	pMax(ms)-r	total-r	elapsed-w	errors-w	ops(total)-w	ops/sec(cum)-w	avg(ms)-w	p50(ms)-w	p95(ms)-w	p99(ms)-w	pMax(ms)-w	total-w	elapsed	errors	ops(total)	ops/sec(cum)	avg(ms)	p50(ms)	p95(ms)	p99(ms)	pMax(ms)
63	0.0	0.0	2356195.0	78537.3	2.45	1.8250000000000002	6.450000000000001	10.15	29.85	0.0	0.0	0.0	124391.0	4146.3	45.425	3.1500000000000004	241.525	262.925	289.42499999999995	0.0	0.0	0.0	2480586.0	82683.5	4.6	1.8250000000000002	6.800000000000001	16.575000000000003	289.42499999999995
