ops/sec(cum)	p50(ms)	p99(ms)	read_tp	read_p50	read_p99	write_tp	write_p50	write_p99
281072.36666666664	0.275	1.8408571428571427	268733.5833333333	0.2752857142857143	1.8408571428571427	12337.783333333335	0.27471428571428574	1.653142857142857
