concurrency	elapsed-r	errors-r	ops(total)-r	ops/sec(cum)-r	avg(ms)-r	p50(ms)-r	p95(ms)-r	p99(ms)-r	pMax(ms)-r	total-r	elapsed-w	errors-w	ops(total)-w	ops/sec(cum)-w	avg(ms)-w	p50(ms)-w	p95(ms)-w	p99(ms)-w	pMax(ms)-w	total-w	elapsed	errors	ops(total)	ops/sec(cum)	avg(ms)	p50(ms)	p95(ms)	p99(ms)	pMax(ms)
136	0.0	0.0	4391184.0	146365.80000000002	3.72	2.82	11.18	19.279999999999998	100.26	0.0	0.0	0.0	230850.0	7694.700000000001	34.480000000000004	6.779999999999999	22.94	995.4	1187.44	0.0	0.0	0.0	4622034.0	154060.4	5.26	2.88	12.3	20.98	1188.2800000000002
