concurrency	elapsed-w	errors-w	ops(total)-w	ops/sec(cum)-w	avg(ms)-w	p50(ms)-w	p95(ms)-w	p99(ms)-w	pMax(ms)-w	total-w	elapsed	errors	ops(total)	ops/sec(cum)	avg(ms)	p50(ms)	p95(ms)	p99(ms)	pMax(ms)
66	0.0	0.0	4628310.0	154272.80000000002	3.0625	2.225	7.8375	12.8875	165.81250000000003	0.0	0.0	0.0	4628310.0	154272.80000000002	3.0625	2.225	7.8375	12.8875	165.81250000000003
