concurrency	elapsed-r	errors-r	ops(total)-r	ops/sec(cum)-r	avg(ms)-r	p50(ms)-r	p95(ms)-r	p99(ms)-r	pMax(ms)-r	total-r	elapsed-w	errors-w	ops(total)-w	ops/sec(cum)-w	avg(ms)-w	p50(ms)-w	p95(ms)-w	p99(ms)-w	pMax(ms)-w	total-w	elapsed	errors	ops(total)	ops/sec(cum)	avg(ms)	p50(ms)	p95(ms)	p99(ms)	pMax(ms)
160	0.0	0.0	4441176.0	148030.7	5.46	4.239999999999999	14.5	23.36	192.96	0.0	0.0	0.0	234215.0	7806.699999999999	15.16	13.88	30.919999999999998	41.22	132.33999999999997	0.0	0.0	0.0	4675391.0	155837.4	5.9399999999999995	4.36	16.82	27.360000000000003	194.64000000000001
