concurrency	elapsed-r	errors-r	ops(total)-r	ops/sec(cum)-r	avg(ms)-r	p50(ms)-r	p95(ms)-r	p99(ms)-r	pMax(ms)-r	total-r	elapsed-w	errors-w	ops(total)-w	ops/sec(cum)-w	avg(ms)-w	p50(ms)-w	p95(ms)-w	p99(ms)-w	pMax(ms)-w	total-w	elapsed	errors	ops(total)	ops/sec(cum)	avg(ms)	p50(ms)	p95(ms)	p99(ms)	pMax(ms)
147	0.0	0.0	4512375.0	150398.2	5.08	4.02	12.960000000000003	21.82	157.68	0.0	0.0	0.0	237731.0	7923.5	12.680000000000001	11.48	26.98	37.22	153.5	0.0	0.0	0.0	4750106.0	158321.8	5.44	4.159999999999999	14.940000000000001	24.2	164.39999999999998
