concurrency	elapsed-r	errors-r	ops(total)-r	ops/sec(cum)-r	avg(ms)-r	p50(ms)-r	p95(ms)-r	p99(ms)-r	pMax(ms)-r	total-r	elapsed-w	errors-w	ops(total)-w	ops/sec(cum)-w	avg(ms)-w	p50(ms)-w	p95(ms)-w	p99(ms)-w	pMax(ms)-w	total-w	elapsed	errors	ops(total)	ops/sec(cum)	avg(ms)	p50(ms)	p95(ms)	p99(ms)	pMax(ms)
40	0.0	0.0	1029122.0	34302.600000000006	2.4	2.0	5.5	14.699999999999998	107.66666666666667	0.0	0.0	0.0	54429.0	1814.2	1.3	0.9	2.5	6.733333333333333	39.13333333333333	0.0	0.0	0.0	1083551.0	36116.8	2.4	1.8999999999999997	5.0	14.366666666666665	107.66666666666667
