concurrency	elapsed-r	errors-r	ops(total)-r	ops/sec(cum)-r	avg(ms)-r	p50(ms)-r	p95(ms)-r	p99(ms)-r	pMax(ms)-r	total-r	elapsed	errors	ops(total)	ops/sec(cum)	avg(ms)	p50(ms)	p95(ms)	p99(ms)	pMax(ms)
55	0.0	0.0	1229245.0	40973.4	10.887500000000001	9.5625	23.750000000000004	37.449999999999996	86.0	0.0	0.0	0.0	1229245.0	40973.4	10.887500000000001	9.5625	23.750000000000004	37.449999999999996	86.0
