concurrency	elapsed-r	errors-r	ops(total)-r	ops/sec(cum)-r	avg(ms)-r	p50(ms)-r	p95(ms)-r	p99(ms)-r	pMax(ms)-r	total-r	elapsed	errors	ops(total)	ops/sec(cum)	avg(ms)	p50(ms)	p95(ms)	p99(ms)	pMax(ms)
15	0.0	0.0	1119214.0	37306.6	3.0374999999999996	2.8000000000000003	5.425000000000001	7.925	20.975	0.0	0.0	0.0	1119214.0	37306.6	3.0374999999999996	2.8000000000000003	5.425000000000001	7.925	20.975
