concurrency	elapsed-r	errors-r	ops(total)-r	ops/sec(cum)-r	avg(ms)-r	p50(ms)-r	p95(ms)-r	p99(ms)-r	pMax(ms)-r	total-r	elapsed-w	errors-w	ops(total)-w	ops/sec(cum)-w	avg(ms)-w	p50(ms)-w	p95(ms)-w	p99(ms)-w	pMax(ms)-w	total-w	elapsed	errors	ops(total)	ops/sec(cum)	avg(ms)	p50(ms)	p95(ms)	p99(ms)	pMax(ms)
103	0.0	0.0	2860774.0	95354.0	5.1	4.1	13.339999999999998	22.639999999999997	244.94	0.0	0.0	0.0	150410.0	5013.4	16.240000000000002	14.459999999999997	33.34	44.04	226.5	0.0	0.0	0.0	3011184.0	100367.4	5.66	4.319999999999999	16.5	27.46	244.94
