concurrency	elapsed-r	errors-r	ops(total)-r	ops/sec(cum)-r	avg(ms)-r	p50(ms)-r	p95(ms)-r	p99(ms)-r	pMax(ms)-r	total-r	elapsed-w	errors-w	ops(total)-w	ops/sec(cum)-w	avg(ms)-w	p50(ms)-w	p95(ms)-w	p99(ms)-w	pMax(ms)-w	total-w	elapsed	errors	ops(total)	ops/sec(cum)	avg(ms)	p50(ms)	p95(ms)	p99(ms)	pMax(ms)
10	0.0	0.0	668472.0	22282.0	2.8499999999999996	2.5250000000000004	5.6	8.3875	46.62499999999999	0.0	0.0	0.0	35131.0	1171.0	9.475	9.075	16.9625	21.225	44.5375	0.0	0.0	0.0	703603.0	23452.999999999996	3.1999999999999997	2.65	7.387500000000001	13.099999999999998	49.5125
