concurrency	elapsed-r	errors-r	ops(total)-r	ops/sec(cum)-r	avg(ms)-r	p50(ms)-r	p95(ms)-r	p99(ms)-r	pMax(ms)-r	total-r	elapsed	errors	ops(total)	ops/sec(cum)	avg(ms)	p50(ms)	p95(ms)	p99(ms)	pMax(ms)
7	0.0	0.0	1207935.0	40264.0	1.2750000000000001	1.2000000000000002	1.7375	3.0250000000000004	12.45	0.0	0.0	0.0	1207935.0	40264.0	1.2750000000000001	1.2000000000000002	1.7375	3.0250000000000004	12.45
