concurrency	elapsed-r	errors-r	ops(total)-r	ops/sec(cum)-r	avg(ms)-r	p50(ms)-r	p95(ms)-r	p99(ms)-r	pMax(ms)-r	total-r	elapsed-w	errors-w	ops(total)-w	ops/sec(cum)-w	avg(ms)-w	p50(ms)-w	p95(ms)-w	p99(ms)-w	pMax(ms)-w	total-w	elapsed	errors	ops(total)	ops/sec(cum)	avg(ms)	p50(ms)	p95(ms)	p99(ms)	pMax(ms)
89	0.0	0.0	94439.0	1573.8	3.1249999999999996	1.875	8.825	32.55	111.15	0.0	0.0	0.0	4624.0	76.9	16.95	9.424999999999999	45.05	114.30000000000001	394.27500000000003	0.0	0.0	0.0	99063.0	1651.0	3.75	1.9249999999999998	13.125	41.375	394.27500000000003
