concurrency	elapsed-r	errors-r	ops(total)-r	ops/sec(cum)-r	avg(ms)-r	p50(ms)-r	p95(ms)-r	p99(ms)-r	pMax(ms)-r	total-r	elapsed-w	errors-w	ops(total)-w	ops/sec(cum)-w	avg(ms)-w	p50(ms)-w	p95(ms)-w	p99(ms)-w	pMax(ms)-w	total-w	elapsed	errors	ops(total)	ops/sec(cum)	avg(ms)	p50(ms)	p95(ms)	p99(ms)	pMax(ms)
37	0.0	0.0	3079898.0	102661.1	2.375	2.25	4.1125	7.6125	28.975	0.0	0.0	0.0	162321.0	5410.700000000001	2.6374999999999997	2.2874999999999996	5.975	9.325	23.475	0.0	0.0	0.0	3242219.0	108071.6	2.3875	2.25	4.125	7.875	30.299999999999997
