concurrency	elapsed-r	errors-r	ops(total)-r	ops/sec(cum)-r	avg(ms)-r	p50(ms)-r	p95(ms)-r	p99(ms)-r	pMax(ms)-r	total-r	elapsed-w	errors-w	ops(total)-w	ops/sec(cum)-w	avg(ms)-w	p50(ms)-w	p95(ms)-w	p99(ms)-w	pMax(ms)-w	total-w	elapsed	errors	ops(total)	ops/sec(cum)	avg(ms)	p50(ms)	p95(ms)	p99(ms)	pMax(ms)
38	0.0	0.0	3362100.0	112067.7	2.3499999999999996	2.25	5.799999999999999	8.0	121.9	0.0	0.0	0.0	177617.0	5920.400000000001	2.375	2.275	5.799999999999999	8.125	68.8125	0.0	0.0	0.0	3539717.0	117987.99999999999	2.3499999999999996	2.25	5.799999999999999	8.0	122.0375
