concurrency	elapsed-r	errors-r	ops(total)-r	ops/sec(cum)-r	avg(ms)-r	p50(ms)-r	p95(ms)-r	p99(ms)-r	pMax(ms)-r	total-r	elapsed-w	errors-w	ops(total)-w	ops/sec(cum)-w	avg(ms)-w	p50(ms)-w	p95(ms)-w	p99(ms)-w	pMax(ms)-w	total-w	elapsed	errors	ops(total)	ops/sec(cum)	avg(ms)	p50(ms)	p95(ms)	p99(ms)	pMax(ms)
10	0.0	0.0	673025.0	22433.899999999998	2.85	2.5500000000000003	5.6	7.9	41.65	0.0	0.0	0.0	35421.0	1180.6	9.512500000000001	9.075	17.025	21.4875	43.112500000000004	0.0	0.0	0.0	708446.0	23614.4	3.1500000000000004	2.65	7.2749999999999995	12.912499999999998	46.8875
