concurrency	elapsed-r	errors-r	ops(total)-r	ops/sec(cum)-r	avg(ms)-r	p50(ms)-r	p95(ms)-r	p99(ms)-r	pMax(ms)-r	total-r	elapsed-w	errors-w	ops(total)-w	ops/sec(cum)-w	avg(ms)-w	p50(ms)-w	p95(ms)-w	p99(ms)-w	pMax(ms)-w	total-w	elapsed	errors	ops(total)	ops/sec(cum)	avg(ms)	p50(ms)	p95(ms)	p99(ms)	pMax(ms)
80	0.0	0.0	1438210.0	47938.100000000006	4.8	2.6	17.8	29.4	135.92000000000002	0.0	0.0	0.0	76366.0	2545.4	9.620000000000001	6.779999999999999	31.28	45.26	91.86	0.0	0.0	0.0	1514576.0	50483.49999999999	5.0	2.8	18.9	31.5	135.92000000000002
