concurrency	elapsed-r	errors-r	ops(total)-r	ops/sec(cum)-r	avg(ms)-r	p50(ms)-r	p95(ms)-r	p99(ms)-r	pMax(ms)-r	total-r	elapsed-w	errors-w	ops(total)-w	ops/sec(cum)-w	avg(ms)-w	p50(ms)-w	p95(ms)-w	p99(ms)-w	pMax(ms)-w	total-w	elapsed	errors	ops(total)	ops/sec(cum)	avg(ms)	p50(ms)	p95(ms)	p99(ms)	pMax(ms)
36	0.0	0.0	3339027.0	111297.90000000001	2.2	2.025	3.6374999999999993	7.5625	39.06250000000001	0.0	0.0	0.0	176092.0	5869.400000000001	2.3375	2.2	4.05	7.8625	32.3	0.0	0.0	0.0	3515119.0	117167.5	2.2	2.025	3.6499999999999995	7.5625	40.362500000000004
