concurrency	elapsed-r	errors-r	ops(total)-r	ops/sec(cum)-r	avg(ms)-r	p50(ms)-r	p95(ms)-r	p99(ms)-r	pMax(ms)-r	total-r	elapsed	errors	ops(total)	ops/sec(cum)	avg(ms)	p50(ms)	p95(ms)	p99(ms)	pMax(ms)
34	0.0	0.0	1229283.0	40975.1	6.237500000000001	5.65	13.225	19.650000000000002	166.725	0.0	0.0	0.0	1229283.0	40975.1	6.237500000000001	5.65	13.225	19.650000000000002	166.725
