concurrency	elapsed-r	errors-r	ops(total)-r	ops/sec(cum)-r	avg(ms)-r	p50(ms)-r	p95(ms)-r	p99(ms)-r	pMax(ms)-r	total-r	elapsed-w	errors-w	ops(total)-w	ops/sec(cum)-w	avg(ms)-w	p50(ms)-w	p95(ms)-w	p99(ms)-w	pMax(ms)-w	total-w	elapsed	errors	ops(total)	ops/sec(cum)	avg(ms)	p50(ms)	p95(ms)	p99(ms)	pMax(ms)
159	0.0	0.0	4612433.0	153736.5	4.859999999999999	3.9799999999999995	12.32	20.86	215.18	0.0	0.0	0.0	242862.0	8094.799999999999	15.460000000000003	14.319999999999999	31.18	40.8	208.88000000000002	0.0	0.0	0.0	4855295.0	161831.2	5.380000000000001	4.04	15.8	25.880000000000003	231.51999999999998
