concurrency	elapsed-w	errors-w	ops(total)-w	ops/sec(cum)-w	avg(ms)-w	p50(ms)-w	p95(ms)-w	p99(ms)-w	pMax(ms)-w	total-w	elapsed	errors	ops(total)	ops/sec(cum)	avg(ms)	p50(ms)	p95(ms)	p99(ms)	pMax(ms)
56	0.0	0.0	751454.0	25047.500000000004	17.349999999999998	15.450000000000001	38.225	52.662499999999994	191.8625	0.0	0.0	0.0	751454.0	25047.500000000004	17.349999999999998	15.450000000000001	38.225	52.662499999999994	191.8625
