concurrency	elapsed-r	errors-r	ops(total)-r	ops/sec(cum)-r	avg(ms)-r	p50(ms)-r	p95(ms)-r	p99(ms)-r	pMax(ms)-r	total-r	elapsed-w	errors-w	ops(total)-w	ops/sec(cum)-w	avg(ms)-w	p50(ms)-w	p95(ms)-w	p99(ms)-w	pMax(ms)-w	total-w	elapsed	errors	ops(total)	ops/sec(cum)	avg(ms)	p50(ms)	p95(ms)	p99(ms)	pMax(ms)
52	0.0	0.0	1956713.0	65221.600000000006	5.325	4.675	12.599999999999998	19.650000000000002	56.3375	0.0	0.0	0.0	103488.0	3449.6000000000004	9.85	9.275	21.8875	30.425	64.73750000000001	0.0	0.0	0.0	2060201.0	68671.0	5.5249999999999995	4.775	13.474999999999998	20.975	65.525
