concurrency	elapsed-r	errors-r	ops(total)-r	ops/sec(cum)-r	avg(ms)-r	p50(ms)-r	p95(ms)-r	p99(ms)-r	pMax(ms)-r	total-r	elapsed-w	errors-w	ops(total)-w	ops/sec(cum)-w	avg(ms)-w	p50(ms)-w	p95(ms)-w	p99(ms)-w	pMax(ms)-w	total-w	elapsed	errors	ops(total)	ops/sec(cum)	avg(ms)	p50(ms)	p95(ms)	p99(ms)	pMax(ms)
23	0.0	0.0	1850383.0	61678.3	2.425	2.0	6.2625	10.375	51.50000000000001	0.0	0.0	0.0	97191.0	3239.6000000000004	5.0249999999999995	3.8875	12.212499999999999	31.212500000000002	101.2	0.0	0.0	0.0	1947574.0	64917.899999999994	2.575	2.075	6.574999999999999	11.0625	101.2
