concurrency	elapsed-r	errors-r	ops(total)-r	ops/sec(cum)-r	avg(ms)-r	p50(ms)-r	p95(ms)-r	p99(ms)-r	pMax(ms)-r	total-r	elapsed-w	errors-w	ops(total)-w	ops/sec(cum)-w	avg(ms)-w	p50(ms)-w	p95(ms)-w	p99(ms)-w	pMax(ms)-w	total-w	elapsed	errors	ops(total)	ops/sec(cum)	avg(ms)	p50(ms)	p95(ms)	p99(ms)	pMax(ms)
76	0.0	0.0	398219.0	13272.8	3.84	2.3600000000000003	12.379999999999999	20.14	224.82	0.0	0.0	0.0	20618.0	687.3000000000001	387.08	4.4399999999999995	2415.9	2550.1	2818.6	0.0	0.0	0.0	418837.0	13960.0	22.740000000000002	2.4	13.2	52.620000000000005	2818.6
