concurrency	elapsed-r	errors-r	ops(total)-r	ops/sec(cum)-r	avg(ms)-r	p50(ms)-r	p95(ms)-r	p99(ms)-r	pMax(ms)-r	total-r	elapsed-w	errors-w	ops(total)-w	ops/sec(cum)-w	avg(ms)-w	p50(ms)-w	p95(ms)-w	p99(ms)-w	pMax(ms)-w	total-w	elapsed	errors	ops(total)	ops/sec(cum)	avg(ms)	p50(ms)	p95(ms)	p99(ms)	pMax(ms)
47	0.0	0.0	1150944.0	38362.4	2.6	2.0	6.5	16.633333333333336	251.66666666666666	0.0	0.0	0.0	60798.0	2026.4	1.2	0.9	2.4	5.866666666666667	44.0	0.0	0.0	0.0	1211742.0	40388.8	2.533333333333333	2.0	6.1000000000000005	16.46666666666667	251.66666666666666
