concurrency	elapsed-r	errors-r	ops(total)-r	ops/sec(cum)-r	avg(ms)-r	p50(ms)-r	p95(ms)-r	p99(ms)-r	pMax(ms)-r	total-r	elapsed-w	errors-w	ops(total)-w	ops/sec(cum)-w	avg(ms)-w	p50(ms)-w	p95(ms)-w	p99(ms)-w	pMax(ms)-w	total-w	elapsed	errors	ops(total)	ops/sec(cum)	avg(ms)	p50(ms)	p95(ms)	p99(ms)	pMax(ms)
11	0.0	0.0	676769.0	22558.6	2.95	2.6250000000000004	5.800000000000001	9.112499999999999	58.962500000000006	0.0	0.0	0.0	35423.0	1180.6	13.312500000000002	12.774999999999999	23.45	29.625000000000004	61.324999999999996	0.0	0.0	0.0	712192.0	23739.3	3.5	2.65	9.075	18.750000000000004	62.9
