concurrency	elapsed-r	errors-r	ops(total)-r	ops/sec(cum)-r	avg(ms)-r	p50(ms)-r	p95(ms)-r	p99(ms)-r	pMax(ms)-r	total-r	elapsed-w	errors-w	ops(total)-w	ops/sec(cum)-w	avg(ms)-w	p50(ms)-w	p95(ms)-w	p99(ms)-w	pMax(ms)-w	total-w	elapsed	errors	ops(total)	ops/sec(cum)	avg(ms)	p50(ms)	p95(ms)	p99(ms)	pMax(ms)
67	0.0	0.0	2604602.0	86816.3	4.16	3.2600000000000002	10.74	19.28	79.92	0.0	0.0	0.0	136936.0	4564.3	9.059999999999999	7.840000000000001	21.2	28.5	75.3	0.0	0.0	0.0	2741538.0	91380.80000000002	4.38	3.3800000000000003	12.320000000000002	20.14	79.92
