concurrency	elapsed-r	errors-r	ops(total)-r	ops/sec(cum)-r	avg(ms)-r	p50(ms)-r	p95(ms)-r	p99(ms)-r	pMax(ms)-r	total-r	elapsed-w	errors-w	ops(total)-w	ops/sec(cum)-w	avg(ms)-w	p50(ms)-w	p95(ms)-w	p99(ms)-w	pMax(ms)-w	total-w	elapsed	errors	ops(total)	ops/sec(cum)	avg(ms)	p50(ms)	p95(ms)	p99(ms)	pMax(ms)
120	0.0	0.0	2793017.0	93094.90000000002	6.0600000000000005	4.92	16.26	25.620000000000005	440.38	0.0	0.0	0.0	147319.0	4910.4	21.119999999999997	19.48	41.94	54.1	306.2	0.0	0.0	0.0	2940336.0	98005.3	6.820000000000002	5.08	19.94	33.34	440.38
