concurrency	elapsed-r	errors-r	ops(total)-r	ops/sec(cum)-r	avg(ms)-r	p50(ms)-r	p95(ms)-r	p99(ms)-r	pMax(ms)-r	total-r	elapsed	errors	ops(total)	ops/sec(cum)	avg(ms)	p50(ms)	p95(ms)	p99(ms)	pMax(ms)
55	0.0	0.0	1563027.0	52099.00000000001	7.8374999999999995	7.124999999999999	16.8	24.237499999999997	81.7875	0.0	0.0	0.0	1563027.0	52099.00000000001	7.8374999999999995	7.124999999999999	16.8	24.237499999999997	81.7875
