concurrency	elapsed-r	errors-r	ops(total)-r	ops/sec(cum)-r	avg(ms)-r	p50(ms)-r	p95(ms)-r	p99(ms)-r	pMax(ms)-r	total-r	elapsed-w	errors-w	ops(total)-w	ops/sec(cum)-w	avg(ms)-w	p50(ms)-w	p95(ms)-w	p99(ms)-w	pMax(ms)-w	total-w	elapsed	errors	ops(total)	ops/sec(cum)	avg(ms)	p50(ms)	p95(ms)	p99(ms)	pMax(ms)
13	0.0	0.0	1383780.0	46125.299999999996	1.6874999999999996	1.2625	4.4	6.674999999999999	31.575000000000003	0.0	0.0	0.0	72842.0	2428.1	7.3625	2.25	47.9375	67.625	88.62500000000001	0.0	0.0	0.0	1456622.0	48553.2	1.9625000000000001	1.3	4.575	8.675	88.62500000000001
