concurrency	elapsed-r	errors-r	ops(total)-r	ops/sec(cum)-r	avg(ms)-r	p50(ms)-r	p95(ms)-r	p99(ms)-r	pMax(ms)-r	total-r	elapsed-w	errors-w	ops(total)-w	ops/sec(cum)-w	avg(ms)-w	p50(ms)-w	p95(ms)-w	p99(ms)-w	pMax(ms)-w	total-w	elapsed	errors	ops(total)	ops/sec(cum)	avg(ms)	p50(ms)	p95(ms)	p99(ms)	pMax(ms)
20	0.0	0.0	924495.0	30816.0	1.7	1.25	4.15	5.625	59.224999999999994	0.0	0.0	0.0	48746.0	1625.0	13.55	2.1750000000000003	57.650000000000006	68.15	88.10000000000001	0.0	0.0	0.0	973241.0	32440.8	2.275	1.2999999999999998	4.45	38.225	88.10000000000001
