concurrency	elapsed-r	errors-r	ops(total)-r	ops/sec(cum)-r	avg(ms)-r	p50(ms)-r	p95(ms)-r	p99(ms)-r	pMax(ms)-r	total-r	elapsed-w	errors-w	ops(total)-w	ops/sec(cum)-w	avg(ms)-w	p50(ms)-w	p95(ms)-w	p99(ms)-w	pMax(ms)-w	total-w	elapsed	errors	ops(total)	ops/sec(cum)	avg(ms)	p50(ms)	p95(ms)	p99(ms)	pMax(ms)
24	0.0	0.0	1874765.0	62490.899999999994	2.525	2.2624999999999997	5.5	9.7875	80.5	0.0	0.0	0.0	98808.0	3293.6	4.675	4.3875	10.3125	14.700000000000001	29.1125	0.0	0.0	0.0	1973573.0	65784.5	2.6375	2.275	6.0249999999999995	10.3	82.19999999999999
