concurrency	elapsed-r	errors-r	ops(total)-r	ops/sec(cum)-r	avg(ms)-r	p50(ms)-r	p95(ms)-r	p99(ms)-r	pMax(ms)-r	total-r	elapsed-w	errors-w	ops(total)-w	ops/sec(cum)-w	avg(ms)-w	p50(ms)-w	p95(ms)-w	p99(ms)-w	pMax(ms)-w	total-w	elapsed	errors	ops(total)	ops/sec(cum)	avg(ms)	p50(ms)	p95(ms)	p99(ms)	pMax(ms)
143	0.0	0.0	2633448.0	87776.5	5.666666666666667	4.533333333333333	14.233333333333333	22.566666666666663	152.36666666666667	0.0	0.0	0.0	138097.0	4602.9	14.700000000000001	13.433333333333332	29.599999999999998	40.699999999999996	123.0	0.0	0.0	0.0	2771545.0	92379.5	6.133333333333333	4.733333333333333	16.433333333333334	26.76666666666667	155.16666666666666
