concurrency	elapsed-r	errors-r	ops(total)-r	ops/sec(cum)-r	avg(ms)-r	p50(ms)-r	p95(ms)-r	p99(ms)-r	pMax(ms)-r	total-r	elapsed-w	errors-w	ops(total)-w	ops/sec(cum)-w	avg(ms)-w	p50(ms)-w	p95(ms)-w	p99(ms)-w	pMax(ms)-w	total-w	elapsed	errors	ops(total)	ops/sec(cum)	avg(ms)	p50(ms)	p95(ms)	p99(ms)	pMax(ms)
55	0.0	0.0	1940954.0	64696.40000000001	5.6499999999999995	4.875	13.899999999999999	22.55	66.57500000000002	0.0	0.0	0.0	102237.0	3407.8999999999996	11.225	9.425	24.525	58.699999999999996	256.8875	0.0	0.0	0.0	2043191.0	68104.1	5.9375	4.95	14.700000000000001	23.599999999999998	256.8875
