concurrency	elapsed-r	errors-r	ops(total)-r	ops/sec(cum)-r	avg(ms)-r	p50(ms)-r	p95(ms)-r	p99(ms)-r	pMax(ms)-r	total-r	elapsed-w	errors-w	ops(total)-w	ops/sec(cum)-w	avg(ms)-w	p50(ms)-w	p95(ms)-w	p99(ms)-w	pMax(ms)-w	total-w	elapsed	errors	ops(total)	ops/sec(cum)	avg(ms)	p50(ms)	p95(ms)	p99(ms)	pMax(ms)
58	0.0	0.0	1923429.0	64111.5	6.0625	5.175000000000001	14.8	23.075	139.97500000000002	0.0	0.0	0.0	101347.0	3378.1000000000004	11.525	10.5	26.474999999999998	37.725	124.78750000000002	0.0	0.0	0.0	2024776.0	67489.6	6.325	5.325	16.0	25.049999999999997	164.62500000000003
