concurrency	elapsed-r	errors-r	ops(total)-r	ops/sec(cum)-r	avg(ms)-r	p50(ms)-r	p95(ms)-r	p99(ms)-r	pMax(ms)-r	total-r	elapsed-w	errors-w	ops(total)-w	ops/sec(cum)-w	avg(ms)-w	p50(ms)-w	p95(ms)-w	p99(ms)-w	pMax(ms)-w	total-w	elapsed	errors	ops(total)	ops/sec(cum)	avg(ms)	p50(ms)	p95(ms)	p99(ms)	pMax(ms)
31	0.0	0.0	1894645.0	63153.3	3.2374999999999994	2.85	7.325	12.2	158.8625	0.0	0.0	0.0	99371.0	3312.4000000000005	6.199999999999999	5.7375	13.412499999999998	19.525000000000002	46.9125	0.0	0.0	0.0	1994016.0	66465.59999999999	3.3875	2.8875	7.9875	12.912499999999998	159.125
