concurrency	elapsed-w	errors-w	ops(total)-w	ops/sec(cum)-w	avg(ms)-w	p50(ms)-w	p95(ms)-w	p99(ms)-w	pMax(ms)-w	total-w	elapsed	errors	ops(total)	ops/sec(cum)	avg(ms)	p50(ms)	p95(ms)	p99(ms)	pMax(ms)
16	0.0	0.0	3729269.0	124307.50000000001	0.8750000000000001	0.7000000000000001	2.0875	2.8249999999999997	67.625	0.0	0.0	0.0	3729269.0	124307.50000000001	0.8750000000000001	0.7000000000000001	2.0875	2.8249999999999997	67.625
