concurrency	elapsed-r	errors-r	ops(total)-r	ops/sec(cum)-r	avg(ms)-r	p50(ms)-r	p95(ms)-r	p99(ms)-r	pMax(ms)-r	total-r	elapsed-w	errors-w	ops(total)-w	ops/sec(cum)-w	avg(ms)-w	p50(ms)-w	p95(ms)-w	p99(ms)-w	pMax(ms)-w	total-w	elapsed	errors	ops(total)	ops/sec(cum)	avg(ms)	p50(ms)	p95(ms)	p99(ms)	pMax(ms)
55	0.0	0.0	1269908.0	42328.399999999994	8.875	7.887499999999999	19.650000000000002	28.600000000000005	126.3625	0.0	0.0	0.0	66475.0	2215.9	16.724999999999998	15.75	32.925	44.2625	85.98749999999998	0.0	0.0	0.0	1336383.0	44544.2	9.274999999999999	8.2	21.375	30.700000000000003	127.41249999999998
