concurrency	elapsed-w	errors-w	ops(total)-w	ops/sec(cum)-w	avg(ms)-w	p50(ms)-w	p95(ms)-w	p99(ms)-w	pMax(ms)-w	total-w	elapsed	errors	ops(total)	ops/sec(cum)	avg(ms)	p50(ms)	p95(ms)	p99(ms)	pMax(ms)
53	0.0	0.0	4903442.0	163444.3	2.2	1.9625000000000001	4.3	7.225	190.82500000000002	0.0	0.0	0.0	4903442.0	163444.3	2.2	1.9625000000000001	4.3	7.225	190.82500000000002
