concurrency	elapsed-r	errors-r	ops(total)-r	ops/sec(cum)-r	avg(ms)-r	p50(ms)-r	p95(ms)-r	p99(ms)-r	pMax(ms)-r	total-r	elapsed-w	errors-w	ops(total)-w	ops/sec(cum)-w	avg(ms)-w	p50(ms)-w	p95(ms)-w	p99(ms)-w	pMax(ms)-w	total-w	elapsed	errors	ops(total)	ops/sec(cum)	avg(ms)	p50(ms)	p95(ms)	p99(ms)	pMax(ms)
62	0.0	0.0	1962433.0	65411.7	6.325000000000001	5.65	14.825000000000001	23.099999999999998	64.21249999999999	0.0	0.0	0.0	102726.0	3424.0999999999995	11.3875	10.9375	24.924999999999997	34.3875	68.15	0.0	0.0	0.0	2065159.0	68835.59999999999	6.575	5.7	15.850000000000001	24.237499999999997	71.56250000000001
