concurrency	elapsed-r	errors-r	ops(total)-r	ops/sec(cum)-r	avg(ms)-r	p50(ms)-r	p95(ms)-r	p99(ms)-r	pMax(ms)-r	total-r	elapsed-w	errors-w	ops(total)-w	ops/sec(cum)-w	avg(ms)-w	p50(ms)-w	p95(ms)-w	p99(ms)-w	pMax(ms)-w	total-w	elapsed	errors	ops(total)	ops/sec(cum)	avg(ms)	p50(ms)	p95(ms)	p99(ms)	pMax(ms)
89	0.0	0.0	2657450.0	88577.9	5.4799999999999995	4.28	15.2	24.360000000000003	137.95999999999998	0.0	0.0	0.0	139420.0	4647.0	14.4	13.12	31.24	40.68	96.5	0.0	0.0	0.0	2796870.0	93225.0	5.92	4.4	17.52	27.020000000000003	137.95999999999998
