concurrency	elapsed-w	errors-w	ops(total)-w	ops/sec(cum)-w	avg(ms)-w	p50(ms)-w	p95(ms)-w	p99(ms)-w	pMax(ms)-w	total-w	elapsed	errors	ops(total)	ops/sec(cum)	avg(ms)	p50(ms)	p95(ms)	p99(ms)	pMax(ms)
16	0.0	0.0	665525.0	22183.899999999998	5.5	4.375	12.7	18.3125	70.77499999999999	0.0	0.0	0.0	665525.0	22183.899999999998	5.5	4.375	12.7	18.3125	70.77499999999999
