concurrency	elapsed-r	errors-r	ops(total)-r	ops/sec(cum)-r	avg(ms)-r	p50(ms)-r	p95(ms)-r	p99(ms)-r	pMax(ms)-r	total-r	elapsed-w	errors-w	ops(total)-w	ops/sec(cum)-w	avg(ms)-w	p50(ms)-w	p95(ms)-w	p99(ms)-w	pMax(ms)-w	total-w	elapsed	errors	ops(total)	ops/sec(cum)	avg(ms)	p50(ms)	p95(ms)	p99(ms)	pMax(ms)
44	0.0	0.0	1146418.0	38212.8	1.5	1.0	3.7999999999999994	6.0	20.599999999999998	0.0	0.0	0.0	60420.0	2013.8	33.73333333333334	1.7	184.5	192.9	209.69999999999996	0.0	0.0	0.0	1206838.0	40226.8	3.0666666666666664	1.0	4.1	11.533333333333333	209.69999999999996
