concurrency	elapsed-r	errors-r	ops(total)-r	ops/sec(cum)-r	avg(ms)-r	p50(ms)-r	p95(ms)-r	p99(ms)-r	pMax(ms)-r	total-r	elapsed-w	errors-w	ops(total)-w	ops/sec(cum)-w	avg(ms)-w	p50(ms)-w	p95(ms)-w	p99(ms)-w	pMax(ms)-w	total-w	elapsed	errors	ops(total)	ops/sec(cum)	avg(ms)	p50(ms)	p95(ms)	p99(ms)	pMax(ms)
42	0.0	0.0	1940310.0	64675.3	4.3999999999999995	3.6374999999999997	10.1625	15.812499999999998	61.58749999999999	0.0	0.0	0.0	102285.0	3409.5	6.3625	4.1125	17.687500000000004	25.7125	49.77499999999999	0.0	0.0	0.0	2042595.0	68084.79999999999	4.5	3.6624999999999996	10.6625	17.1625	62.89999999999999
