concurrency	elapsed-r	errors-r	ops(total)-r	ops/sec(cum)-r	avg(ms)-r	p50(ms)-r	p95(ms)-r	p99(ms)-r	pMax(ms)-r	total-r	elapsed	errors	ops(total)	ops/sec(cum)	avg(ms)	p50(ms)	p95(ms)	p99(ms)	pMax(ms)
47	0.0	0.0	1542158.0	51403.8	6.8374999999999995	6.15	14.887500000000001	22.025	79.1625	0.0	0.0	0.0	1542158.0	51403.8	6.8374999999999995	6.15	14.887500000000001	22.025	79.1625
