ops/sec(cum)	p50(ms)	p99(ms)	read_tp	read_p50	read_p99	write_tp	write_p50	write_p99
218547.46666666665	0.1695	0.6238333333333334	209695.71666666665	0.16883333333333334	0.6238333333333334	8850.75	0.1701666666666667	0.6335
