concurrency	elapsed-r	errors-r	ops(total)-r	ops/sec(cum)-r	avg(ms)-r	p50(ms)-r	p95(ms)-r	p99(ms)-r	pMax(ms)-r	total-r	elapsed-w	errors-w	ops(total)-w	ops/sec(cum)-w	avg(ms)-w	p50(ms)-w	p95(ms)-w	p99(ms)-w	pMax(ms)-w	total-w	elapsed	errors	ops(total)	ops/sec(cum)	avg(ms)	p50(ms)	p95(ms)	p99(ms)	pMax(ms)
80	0.0	0.0	4369222.0	145634.1	2.5	2.1	5.0600000000000005	12.0	61.9	0.0	0.0	0.0	229039.0	7634.299999999999	5.72	4.96	12.68	18.68	60.019999999999996	0.0	0.0	0.0	4598261.0	153268.3	2.66	2.14	6.319999999999999	12.639999999999999	62.120000000000005
