concurrency	elapsed-r	errors-r	ops(total)-r	ops/sec(cum)-r	avg(ms)-r	p50(ms)-r	p95(ms)-r	p99(ms)-r	pMax(ms)-r	total-r	elapsed-w	errors-w	ops(total)-w	ops/sec(cum)-w	avg(ms)-w	p50(ms)-w	p95(ms)-w	p99(ms)-w	pMax(ms)-w	total-w	elapsed	errors	ops(total)	ops/sec(cum)	avg(ms)	p50(ms)	p95(ms)	p99(ms)	pMax(ms)
45	0.0	0.0	3507007.0	116897.50000000001	2.5500000000000003	2.3875	4.25	8.25	27.149999999999995	0.0	0.0	0.0	184257.0	6141.8	2.7375	2.5875000000000004	4.525	8.575	21.2375	0.0	0.0	0.0	3691264.0	123039.20000000001	2.5500000000000003	2.3875	4.25	8.25	27.149999999999995
