concurrency	elapsed-r	errors-r	ops(total)-r	ops/sec(cum)-r	avg(ms)-r	p50(ms)-r	p95(ms)-r	p99(ms)-r	pMax(ms)-r	total-r	elapsed	errors	ops(total)	ops/sec(cum)	avg(ms)	p50(ms)	p95(ms)	p99(ms)	pMax(ms)
24	0.0	0.0	1370474.0	45681.59999999999	4.075	3.6999999999999997	7.8500000000000005	12.049999999999999	30.050000000000004	0.0	0.0	0.0	1370474.0	45681.59999999999	4.075	3.6999999999999997	7.8500000000000005	12.049999999999999	30.050000000000004
