concurrency	elapsed-r	errors-r	ops(total)-r	ops/sec(cum)-r	avg(ms)-r	p50(ms)-r	p95(ms)-r	p99(ms)-r	pMax(ms)-r	total-r	elapsed-w	errors-w	ops(total)-w	ops/sec(cum)-w	avg(ms)-w	p50(ms)-w	p95(ms)-w	p99(ms)-w	pMax(ms)-w	total-w	elapsed	errors	ops(total)	ops/sec(cum)	avg(ms)	p50(ms)	p95(ms)	p99(ms)	pMax(ms)
22	0.0	0.0	1353476.0	45115.00000000001	3.2875	3.3125	6.874999999999999	8.525	54.25	0.0	0.0	0.0	71431.0	2381.1	8.0125	5.3875	36.0375	61.324999999999996	95.45	0.0	0.0	0.0	1424907.0	47496.100000000006	3.5250000000000004	3.3375	7.175	9.9	95.45
