concurrency	elapsed-r	errors-r	ops(total)-r	ops/sec(cum)-r	avg(ms)-r	p50(ms)-r	p95(ms)-r	p99(ms)-r	pMax(ms)-r	total-r	elapsed-w	errors-w	ops(total)-w	ops/sec(cum)-w	avg(ms)-w	p50(ms)-w	p95(ms)-w	p99(ms)-w	pMax(ms)-w	total-w	elapsed	errors	ops(total)	ops/sec(cum)	avg(ms)	p50(ms)	p95(ms)	p99(ms)	pMax(ms)
152	0.0	0.0	2634002.0	87794.4	9.44	7.159999999999999	25.180000000000003	38.58	572.1	0.0	0.0	0.0	138156.0	4604.900000000001	25.7	23.060000000000002	54.94	73.41999999999999	521.76	0.0	0.0	0.0	2772158.0	92399.2	10.26	7.5	28.479999999999997	45.3	572.1
