concurrency	elapsed-r	errors-r	ops(total)-r	ops/sec(cum)-r	avg(ms)-r	p50(ms)-r	p95(ms)-r	p99(ms)-r	pMax(ms)-r	total-r	elapsed-w	errors-w	ops(total)-w	ops/sec(cum)-w	avg(ms)-w	p50(ms)-w	p95(ms)-w	p99(ms)-w	pMax(ms)-w	total-w	elapsed	errors	ops(total)	ops/sec(cum)	avg(ms)	p50(ms)	p95(ms)	p99(ms)	pMax(ms)
47	0.0	0.0	3319734.0	110654.4	2.9875000000000003	2.8625	6.949999999999999	10.1625	96.46249999999999	0.0	0.0	0.0	174518.0	5817.099999999999	3.0125	2.875	7.0249999999999995	10.225	43.5875	0.0	0.0	0.0	3494252.0	116471.4	2.9875000000000003	2.8625	6.949999999999999	10.1625	118.87500000000001
