concurrency	elapsed-r	errors-r	ops(total)-r	ops/sec(cum)-r	avg(ms)-r	p50(ms)-r	p95(ms)-r	p99(ms)-r	pMax(ms)-r	total-r	elapsed-w	errors-w	ops(total)-w	ops/sec(cum)-w	avg(ms)-w	p50(ms)-w	p95(ms)-w	p99(ms)-w	pMax(ms)-w	total-w	elapsed	errors	ops(total)	ops/sec(cum)	avg(ms)	p50(ms)	p95(ms)	p99(ms)	pMax(ms)
143	0.0	0.0	4624915.0	154149.7	4.48	3.5199999999999996	11.78	20.14	183.7	0.0	0.0	0.0	243167.0	8104.900000000001	11.98	10.02	28.18	39.64	199.44	0.0	0.0	0.0	4868082.0	162254.6	4.84	3.6599999999999993	13.319999999999999	24.2	244.12000000000003
