concurrency	elapsed-r	errors-r	ops(total)-r	ops/sec(cum)-r	avg(ms)-r	p50(ms)-r	p95(ms)-r	p99(ms)-r	pMax(ms)-r	total-r	elapsed-w	errors-w	ops(total)-w	ops/sec(cum)-w	avg(ms)-w	p50(ms)-w	p95(ms)-w	p99(ms)-w	pMax(ms)-w	total-w	elapsed	errors	ops(total)	ops/sec(cum)	avg(ms)	p50(ms)	p95(ms)	p99(ms)	pMax(ms)
46	0.0	0.0	1051145.0	35037.2	2.7000000000000006	2.1	5.8	17.8	82.50000000000001	0.0	0.0	0.0	55584.0	1852.8000000000002	5.233333333333333	4.2	15.733333333333334	35.300000000000004	83.9	0.0	0.0	0.0	1106729.0	36890.0	2.7999999999999994	2.2	6.599999999999999	18.53333333333333	85.3
