concurrency	elapsed-r	errors-r	ops(total)-r	ops/sec(cum)-r	avg(ms)-r	p50(ms)-r	p95(ms)-r	p99(ms)-r	pMax(ms)-r	total-r	elapsed-w	errors-w	ops(total)-w	ops/sec(cum)-w	avg(ms)-w	p50(ms)-w	p95(ms)-w	p99(ms)-w	pMax(ms)-w	total-w	elapsed	errors	ops(total)	ops/sec(cum)	avg(ms)	p50(ms)	p95(ms)	p99(ms)	pMax(ms)
72	0.0	0.0	2790648.0	93018.40000000001	3.7399999999999993	3.02	8.66	18.22	105.28	0.0	0.0	0.0	146609.0	4886.700000000001	10.78	9.52	23.160000000000004	30.9	109.88	0.0	0.0	0.0	2937257.0	97905.2	4.1	3.1	11.920000000000002	20.14	114.92
