concurrency	elapsed-r	errors-r	ops(total)-r	ops/sec(cum)-r	avg(ms)-r	p50(ms)-r	p95(ms)-r	p99(ms)-r	pMax(ms)-r	total-r	elapsed-w	errors-w	ops(total)-w	ops/sec(cum)-w	avg(ms)-w	p50(ms)-w	p95(ms)-w	p99(ms)-w	pMax(ms)-w	total-w	elapsed	errors	ops(total)	ops/sec(cum)	avg(ms)	p50(ms)	p95(ms)	p99(ms)	pMax(ms)
83	0.0	0.0	2868669.0	95619.5	4.0200000000000005	3.38	9.46	18.46	138.82	0.0	0.0	0.0	150421.0	5013.8	12.2	10.919999999999998	25.820000000000004	33.540000000000006	119.54	0.0	0.0	0.0	3019090.0	100633.3	4.42	3.38	13.339999999999998	21.4	142.57999999999998
