concurrency	elapsed-r	errors-r	ops(total)-r	ops/sec(cum)-r	avg(ms)-r	p50(ms)-r	p95(ms)-r	p99(ms)-r	pMax(ms)-r	total-r	elapsed-w	errors-w	ops(total)-w	ops/sec(cum)-w	avg(ms)-w	p50(ms)-w	p95(ms)-w	p99(ms)-w	pMax(ms)-w	total-w	elapsed	errors	ops(total)	ops/sec(cum)	avg(ms)	p50(ms)	p95(ms)	p99(ms)	pMax(ms)
35	0.0	0.0	1933865.0	64460.700000000004	3.5875	3.1750000000000003	8.325	13.537499999999998	59.1125	0.0	0.0	0.0	101103.0	3370.2000000000003	6.55	6.0625	14.512500000000001	20.8625	39.300000000000004	0.0	0.0	0.0	2034968.0	67830.70000000001	3.7375000000000003	3.2125000000000004	8.9	14.325000000000001	61.837500000000006
