concurrency	elapsed-r	errors-r	ops(total)-r	ops/sec(cum)-r	avg(ms)-r	p50(ms)-r	p95(ms)-r	p99(ms)-r	pMax(ms)-r	total-r	elapsed	errors	ops(total)	ops/sec(cum)	avg(ms)	p50(ms)	p95(ms)	p99(ms)	pMax(ms)
80	0.0	0.0	1891423.0	63044.6	9.3875	8.1875	22.424999999999997	34.125	81.275	0.0	0.0	0.0	1891423.0	63044.6	9.3875	8.1875	22.424999999999997	34.125	81.275
