concurrency	elapsed-r	errors-r	ops(total)-r	ops/sec(cum)-r	avg(ms)-r	p50(ms)-r	p95(ms)-r	p99(ms)-r	pMax(ms)-r	total-r	elapsed-w	errors-w	ops(total)-w	ops/sec(cum)-w	avg(ms)-w	p50(ms)-w	p95(ms)-w	p99(ms)-w	pMax(ms)-w	total-w	elapsed	errors	ops(total)	ops/sec(cum)	avg(ms)	p50(ms)	p95(ms)	p99(ms)	pMax(ms)
55	0.0	0.0	2836627.0	94550.90000000001	3.8875	3.4999999999999996	7.525	12.7	39.0375	0.0	0.0	0.0	149629.0	4987.5	4.475	3.7125000000000004	10.85	17.2875	39.55	0.0	0.0	0.0	2986256.0	99538.20000000001	3.9375000000000004	3.4999999999999996	7.8	12.899999999999999	41.1125
