concurrency	elapsed-r	errors-r	ops(total)-r	ops/sec(cum)-r	avg(ms)-r	p50(ms)-r	p95(ms)-r	p99(ms)-r	pMax(ms)-r	total-r	elapsed-w	errors-w	ops(total)-w	ops/sec(cum)-w	avg(ms)-w	p50(ms)-w	p95(ms)-w	p99(ms)-w	pMax(ms)-w	total-w	elapsed	errors	ops(total)	ops/sec(cum)	avg(ms)	p50(ms)	p95(ms)	p99(ms)	pMax(ms)
130	0.0	0.0	3510897.0	117024.0	2.8333333333333335	2.4	5.5	14.666666666666666	46.46666666666667	0.0	0.0	0.0	184879.0	6162.299999999999	6.066666666666666	5.266666666666667	13.266666666666666	19.766666666666666	41.93333333333334	0.0	0.0	0.0	3695776.0	123186.20000000001	3.0	2.5	6.533333333333334	14.866666666666665	46.46666666666667
