concurrency	elapsed-r	errors-r	ops(total)-r	ops/sec(cum)-r	avg(ms)-r	p50(ms)-r	p95(ms)-r	p99(ms)-r	pMax(ms)-r	total-r	elapsed-w	errors-w	ops(total)-w	ops/sec(cum)-w	avg(ms)-w	p50(ms)-w	p95(ms)-w	p99(ms)-w	pMax(ms)-w	total-w	elapsed	errors	ops(total)	ops/sec(cum)	avg(ms)	p50(ms)	p95(ms)	p99(ms)	pMax(ms)
43	0.0	0.0	1261590.0	42051.4	6.975	6.225	15.600000000000001	23.075	81.27499999999999	0.0	0.0	0.0	66727.0	2224.2	12.875	11.9875	25.562499999999996	36.199999999999996	71.0375	0.0	0.0	0.0	1328317.0	44275.6	7.275	6.3125	16.8	24.65	82.85
