concurrency	elapsed-r	errors-r	ops(total)-r	ops/sec(cum)-r	avg(ms)-r	p50(ms)-r	p95(ms)-r	p99(ms)-r	pMax(ms)-r	total-r	elapsed-w	errors-w	ops(total)-w	ops/sec(cum)-w	avg(ms)-w	p50(ms)-w	p95(ms)-w	p99(ms)-w	pMax(ms)-w	total-w	elapsed	errors	ops(total)	ops/sec(cum)	avg(ms)	p50(ms)	p95(ms)	p99(ms)	pMax(ms)
31	0.0	0.0	1427458.0	47580.5	4.425	3.8999999999999995	9.9	15.899999999999999	38.49999999999999	0.0	0.0	0.0	75262.0	2508.7000000000003	7.4625	6.6875	18.3	25.174999999999997	45.05	0.0	0.0	0.0	1502720.0	50089.299999999996	4.5625	4.0125	10.975	17.025	45.05
