concurrency	elapsed-w	errors-w	ops(total)-w	ops/sec(cum)-w	avg(ms)-w	p50(ms)-w	p95(ms)-w	p99(ms)-w	pMax(ms)-w	total-w	elapsed	errors	ops(total)	ops/sec(cum)	avg(ms)	p50(ms)	p95(ms)	p99(ms)	pMax(ms)
24	0.0	0.0	3255099.0	108501.8	1.5625	1.4375	2.8375	4.612500000000001	25.962500000000002	0.0	0.0	0.0	3255099.0	108501.8	1.5625	1.4375	2.8375	4.612500000000001	25.962500000000002
