concurrency	elapsed-r	errors-r	ops(total)-r	ops/sec(cum)-r	avg(ms)-r	p50(ms)-r	p95(ms)-r	p99(ms)-r	pMax(ms)-r	total-r	elapsed-w	errors-w	ops(total)-w	ops/sec(cum)-w	avg(ms)-w	p50(ms)-w	p95(ms)-w	p99(ms)-w	pMax(ms)-w	total-w	elapsed	errors	ops(total)	ops/sec(cum)	avg(ms)	p50(ms)	p95(ms)	p99(ms)	pMax(ms)
37	0.0	0.0	4581273.0	152706.09999999998	1.5499999999999998	1.4124999999999999	2.725	4.6375	217.04999999999998	0.0	0.0	0.0	240966.0	8032.0	1.5499999999999998	1.45	2.8500000000000005	5.7375	119.78750000000001	0.0	0.0	0.0	4822239.0	160738.0	1.5499999999999998	1.4124999999999999	2.725	4.75	217.04999999999998
