concurrency	elapsed-r	errors-r	ops(total)-r	ops/sec(cum)-r	avg(ms)-r	p50(ms)-r	p95(ms)-r	p99(ms)-r	pMax(ms)-r	total-r	elapsed-w	errors-w	ops(total)-w	ops/sec(cum)-w	avg(ms)-w	p50(ms)-w	p95(ms)-w	p99(ms)-w	pMax(ms)-w	total-w	elapsed	errors	ops(total)	ops/sec(cum)	avg(ms)	p50(ms)	p95(ms)	p99(ms)	pMax(ms)
32	0.0	0.0	2851369.0	95043.9	2.3375	2.125	4.65	7.162499999999999	75.775	0.0	0.0	0.0	149921.0	4997.400000000001	2.2875	2.0500000000000003	4.425	7.062499999999999	41.55	0.0	0.0	0.0	3001290.0	100041.3	2.3375	2.125	4.65	7.162499999999999	75.9
