concurrency	elapsed-w	errors-w	ops(total)-w	ops/sec(cum)-w	avg(ms)-w	p50(ms)-w	p95(ms)-w	p99(ms)-w	pMax(ms)-w	total-w	elapsed	errors	ops(total)	ops/sec(cum)	avg(ms)	p50(ms)	p95(ms)	p99(ms)	pMax(ms)
42	0.0	0.0	737328.0	24576.800000000003	13.274999999999999	11.025	32.1375	43.737500000000004	97.55	0.0	0.0	0.0	737328.0	24576.800000000003	13.274999999999999	11.025	32.1375	43.737500000000004	97.55
