concurrency	elapsed-r	errors-r	ops(total)-r	ops/sec(cum)-r	avg(ms)-r	p50(ms)-r	p95(ms)-r	p99(ms)-r	pMax(ms)-r	total-r	elapsed	errors	ops(total)	ops/sec(cum)	avg(ms)	p50(ms)	p95(ms)	p99(ms)	pMax(ms)
23	0.0	0.0	1534111.0	51136.200000000004	3.3	2.9499999999999997	7.1000000000000005	11.0	87.2875	0.0	0.0	0.0	1534111.0	51136.200000000004	3.3	2.9499999999999997	7.1000000000000005	11.0	87.2875
