concurrency	elapsed-r	errors-r	ops(total)-r	ops/sec(cum)-r	avg(ms)-r	p50(ms)-r	p95(ms)-r	p99(ms)-r	pMax(ms)-r	total-r	elapsed-w	errors-w	ops(total)-w	ops/sec(cum)-w	avg(ms)-w	p50(ms)-w	p95(ms)-w	p99(ms)-w	pMax(ms)-w	total-w	elapsed	errors	ops(total)	ops/sec(cum)	avg(ms)	p50(ms)	p95(ms)	p99(ms)	pMax(ms)
6	0.0	0.0	602122.0	20070.499999999996	1.9875	1.875	3.1250000000000004	4.325	15.075000000000001	0.0	0.0	0.0	31699.0	1056.6	3.6499999999999995	3.5625	5.325	7.6499999999999995	14.1625	0.0	0.0	0.0	633821.0	21127.2	2.0749999999999997	1.9	3.4999999999999996	4.875	15.412500000000001
