concurrency	elapsed-r	errors-r	ops(total)-r	ops/sec(cum)-r	avg(ms)-r	p50(ms)-r	p95(ms)-r	p99(ms)-r	pMax(ms)-r	total-r	elapsed-w	errors-w	ops(total)-w	ops/sec(cum)-w	avg(ms)-w	p50(ms)-w	p95(ms)-w	p99(ms)-w	pMax(ms)-w	total-w	elapsed	errors	ops(total)	ops/sec(cum)	avg(ms)	p50(ms)	p95(ms)	p99(ms)	pMax(ms)
47	0.0	0.0	1921360.0	64043.09999999999	4.8875	4.199999999999999	11.8	18.85	82.85	0.0	0.0	0.0	100733.0	3357.5000000000005	9.087499999999999	8.2	20.45	32.275000000000006	125.28749999999998	0.0	0.0	0.0	2022093.0	67400.8	5.0874999999999995	4.4	12.599999999999998	20.2	125.28749999999998
