concurrency	elapsed-r	errors-r	ops(total)-r	ops/sec(cum)-r	avg(ms)-r	p50(ms)-r	p95(ms)-r	p99(ms)-r	pMax(ms)-r	total-r	elapsed-w	errors-w	ops(total)-w	ops/sec(cum)-w	avg(ms)-w	p50(ms)-w	p95(ms)-w	p99(ms)-w	pMax(ms)-w	total-w	elapsed	errors	ops(total)	ops/sec(cum)	avg(ms)	p50(ms)	p95(ms)	p99(ms)	pMax(ms)
14	0.0	0.0	1450101.0	48336.1	1.875	1.6374999999999997	4.3374999999999995	5.5625	23.075	0.0	0.0	0.0	76359.0	2545.4	4.75	3.75	13.637499999999998	21.787499999999998	40.6	0.0	0.0	0.0	1526460.0	50881.3	2.0125	1.7249999999999999	4.6	7.624999999999999	40.6
