concurrency	elapsed-r	errors-r	ops(total)-r	ops/sec(cum)-r	avg(ms)-r	p50(ms)-r	p95(ms)-r	p99(ms)-r	pMax(ms)-r	total-r	elapsed-w	errors-w	ops(total)-w	ops/sec(cum)-w	avg(ms)-w	p50(ms)-w	p95(ms)-w	p99(ms)-w	pMax(ms)-w	total-w	elapsed	errors	ops(total)	ops/sec(cum)	avg(ms)	p50(ms)	p95(ms)	p99(ms)	pMax(ms)
52	0.0	0.0	1944439.0	64811.8	5.3500000000000005	4.775	12.599999999999998	19.650000000000002	56.8625	0.0	0.0	0.0	102346.0	3411.2999999999997	9.7375	9.2125	21.4875	29.762500000000003	68.14999999999999	0.0	0.0	0.0	2046785.0	68223.29999999999	5.55	4.825	13.474999999999998	20.85	69.725
