concurrency	elapsed-r	errors-r	ops(total)-r	ops/sec(cum)-r	avg(ms)-r	p50(ms)-r	p95(ms)-r	p99(ms)-r	pMax(ms)-r	total-r	elapsed-w	errors-w	ops(total)-w	ops/sec(cum)-w	avg(ms)-w	p50(ms)-w	p95(ms)-w	p99(ms)-w	pMax(ms)-w	total-w	elapsed	errors	ops(total)	ops/sec(cum)	avg(ms)	p50(ms)	p95(ms)	p99(ms)	pMax(ms)
54	0.0	0.0	1082641.0	36086.9	3.2000000000000006	2.4	8.4	19.9	134.23333333333335	0.0	0.0	0.0	57213.0	1907.0	1.4666666666666668	0.9	4.766666666666667	11.533333333333333	56.6	0.0	0.0	0.0	1139854.0	37993.9	3.1	2.2666666666666666	8.1	19.9	134.23333333333335
