concurrency	elapsed-r	errors-r	ops(total)-r	ops/sec(cum)-r	avg(ms)-r	p50(ms)-r	p95(ms)-r	p99(ms)-r	pMax(ms)-r	total-r	elapsed-w	errors-w	ops(total)-w	ops/sec(cum)-w	avg(ms)-w	p50(ms)-w	p95(ms)-w	p99(ms)-w	pMax(ms)-w	total-w	elapsed	errors	ops(total)	ops/sec(cum)	avg(ms)	p50(ms)	p95(ms)	p99(ms)	pMax(ms)
10	0.0	0.0	676101.0	22536.399999999998	2.85	2.4625000000000004	5.6	7.975	43.7375	0.0	0.0	0.0	35323.0	1177.3	9.425	9.025	16.65	21.35	44.525	0.0	0.0	0.0	711424.0	23713.800000000003	3.1500000000000004	2.6374999999999997	7.2375	12.849999999999998	46.625
