concurrency	elapsed-r	errors-r	ops(total)-r	ops/sec(cum)-r	avg(ms)-r	p50(ms)-r	p95(ms)-r	p99(ms)-r	pMax(ms)-r	total-r	elapsed-w	errors-w	ops(total)-w	ops/sec(cum)-w	avg(ms)-w	p50(ms)-w	p95(ms)-w	p99(ms)-w	pMax(ms)-w	total-w	elapsed	errors	ops(total)	ops/sec(cum)	avg(ms)	p50(ms)	p95(ms)	p99(ms)	pMax(ms)
31	0.0	0.0	179558.0	5985.0	5.0249999999999995	4.9375	8.95	12.2	27.925	0.0	0.0	0.0	9114.0	303.79999999999995	700.3249999999999	906.0	939.5	973.1000000000001	973.1000000000001	0.0	0.0	0.0	188672.0	6288.8	38.6375	5.025	12.45	939.5	973.1000000000001
