concurrency	elapsed-r	errors-r	ops(total)-r	ops/sec(cum)-r	avg(ms)-r	p50(ms)-r	p95(ms)-r	p99(ms)-r	pMax(ms)-r	total-r	elapsed-w	errors-w	ops(total)-w	ops/sec(cum)-w	avg(ms)-w	p50(ms)-w	p95(ms)-w	p99(ms)-w	pMax(ms)-w	total-w	elapsed	errors	ops(total)	ops/sec(cum)	avg(ms)	p50(ms)	p95(ms)	p99(ms)	pMax(ms)
32	0.0	0.0	829000.0	27632.6	2.7999999999999994	2.2	7.0	14.699999999999998	71.3	0.0	0.0	0.0	43528.0	1451.0	1.6666666666666667	1.0666666666666667	3.4	9.4	43.300000000000004	0.0	0.0	0.0	872528.0	29083.600000000002	2.7000000000000006	2.1666666666666665	6.8	14.699999999999998	71.3
