concurrency	elapsed-r	errors-r	ops(total)-r	ops/sec(cum)-r	avg(ms)-r	p50(ms)-r	p95(ms)-r	p99(ms)-r	pMax(ms)-r	total-r	elapsed-w	errors-w	ops(total)-w	ops/sec(cum)-w	avg(ms)-w	p50(ms)-w	p95(ms)-w	p99(ms)-w	pMax(ms)-w	total-w	elapsed	errors	ops(total)	ops/sec(cum)	avg(ms)	p50(ms)	p95(ms)	p99(ms)	pMax(ms)
46	0.0	0.0	4420870.0	147358.80000000002	2.0124999999999997	1.7874999999999999	3.9875	7.1	219.14999999999998	0.0	0.0	0.0	233300.0	7776.4	2.0625	1.7999999999999998	4.1625	7.95	94.83749999999998	0.0	0.0	0.0	4654170.0	155135.2	2.0124999999999997	1.7874999999999999	4.025	7.175	219.14999999999998
