concurrency	elapsed-w	errors-w	ops(total)-w	ops/sec(cum)-w	avg(ms)-w	p50(ms)-w	p95(ms)-w	p99(ms)-w	pMax(ms)-w	total-w	elapsed	errors	ops(total)	ops/sec(cum)	avg(ms)	p50(ms)	p95(ms)	p99(ms)	pMax(ms)
43	0.0	0.0	506239.0	16874.1	19.9625	18.099999999999998	47.9375	61.85	166.7125	0.0	0.0	0.0	506239.0	16874.1	19.9625	18.099999999999998	47.9375	61.85	166.7125
