concurrency	elapsed-w	errors-w	ops(total)-w	ops/sec(cum)-w	avg(ms)-w	p50(ms)-w	p95(ms)-w	p99(ms)-w	pMax(ms)-w	total-w	elapsed	errors	ops(total)	ops/sec(cum)	avg(ms)	p50(ms)	p95(ms)	p99(ms)	pMax(ms)
46	0.0	0.0	719320.0	23976.5	14.925	11.8625	37.2	51.08749999999999	150.46249999999998	0.0	0.0	0.0	719320.0	23976.5	14.925	11.8625	37.2	51.08749999999999	150.46249999999998
