concurrency	elapsed-r	errors-r	ops(total)-r	ops/sec(cum)-r	avg(ms)-r	p50(ms)-r	p95(ms)-r	p99(ms)-r	pMax(ms)-r	total-r	elapsed-w	errors-w	ops(total)-w	ops/sec(cum)-w	avg(ms)-w	p50(ms)-w	p95(ms)-w	p99(ms)-w	pMax(ms)-w	total-w	elapsed	errors	ops(total)	ops/sec(cum)	avg(ms)	p50(ms)	p95(ms)	p99(ms)	pMax(ms)
49	0.0	0.0	813900.0	27128.8	2.966666666666667	2.2	7.599999999999999	17.133333333333336	173.4	0.0	0.0	0.0	42470.0	1415.6	24.166666666666668	4.2	134.2	167.8	201.30000000000004	0.0	0.0	0.0	856370.0	28544.5	4.0	2.2	8.4	39.1	201.30000000000004
