concurrency	elapsed-r	errors-r	ops(total)-r	ops/sec(cum)-r	avg(ms)-r	p50(ms)-r	p95(ms)-r	p99(ms)-r	pMax(ms)-r	total-r	elapsed	errors	ops(total)	ops/sec(cum)	avg(ms)	p50(ms)	p95(ms)	p99(ms)	pMax(ms)
24	0.0	0.0	1383049.0	46100.700000000004	4.025	3.6500000000000004	7.85	11.737499999999999	29.900000000000002	0.0	0.0	0.0	1383049.0	46100.700000000004	4.025	3.6500000000000004	7.85	11.737499999999999	29.900000000000002
