concurrency	elapsed-r	errors-r	ops(total)-r	ops/sec(cum)-r	avg(ms)-r	p50(ms)-r	p95(ms)-r	p99(ms)-r	pMax(ms)-r	total-r	elapsed	errors	ops(total)	ops/sec(cum)	avg(ms)	p50(ms)	p95(ms)	p99(ms)	pMax(ms)
64	0.0	0.0	1255608.0	41851.799999999996	12.462500000000002	10.75	28.85	43.625	97.525	0.0	0.0	0.0	1255608.0	41851.799999999996	12.462500000000002	10.75	28.85	43.625	97.525
