concurrency	elapsed-r	errors-r	ops(total)-r	ops/sec(cum)-r	avg(ms)-r	p50(ms)-r	p95(ms)-r	p99(ms)-r	pMax(ms)-r	total-r	elapsed-w	errors-w	ops(total)-w	ops/sec(cum)-w	avg(ms)-w	p50(ms)-w	p95(ms)-w	p99(ms)-w	pMax(ms)-w	total-w	elapsed	errors	ops(total)	ops/sec(cum)	avg(ms)	p50(ms)	p95(ms)	p99(ms)	pMax(ms)
12	0.0	0.0	150855.0	5028.5	5.025	4.8	8.875	10.7875	19.199999999999996	0.0	0.0	0.0	7746.0	258.1	267.4125	302.0	352.30000000000007	369.09999999999997	381.70000000000005	0.0	0.0	0.0	158601.0	5286.7	17.8125	5.025	11.75	329.2375	381.70000000000005
