ops/sec(cum)	p50(ms)	p99(ms)	read_tp	read_p50	read_p99	write_tp	write_p50	write_p99
62189.75	2.672083333333333	15.771333333333333	59427.83333333333	2.762	15.771333333333333	2760.916666666667	2.5821666666666667	13.753833333333333
