concurrency	elapsed-r	errors-r	ops(total)-r	ops/sec(cum)-r	avg(ms)-r	p50(ms)-r	p95(ms)-r	p99(ms)-r	pMax(ms)-r	total-r	elapsed-w	errors-w	ops(total)-w	ops/sec(cum)-w	avg(ms)-w	p50(ms)-w	p95(ms)-w	p99(ms)-w	pMax(ms)-w	total-w	elapsed	errors	ops(total)	ops/sec(cum)	avg(ms)	p50(ms)	p95(ms)	p99(ms)	pMax(ms)
29	0.0	0.0	3257153.0	108569.99999999999	1.8375000000000001	1.6500000000000001	3.1625	6.2	140.3625	0.0	0.0	0.0	171247.0	5708.1	1.7750000000000001	1.6500000000000001	3.1125000000000003	6.05	41.61249999999999	0.0	0.0	0.0	3428400.0	114278.1	1.8375000000000001	1.6500000000000001	3.1375	6.1625000000000005	163.56250000000003
