concurrency	elapsed-r	errors-r	ops(total)-r	ops/sec(cum)-r	avg(ms)-r	p50(ms)-r	p95(ms)-r	p99(ms)-r	pMax(ms)-r	total-r	elapsed-w	errors-w	ops(total)-w	ops/sec(cum)-w	avg(ms)-w	p50(ms)-w	p95(ms)-w	p99(ms)-w	pMax(ms)-w	total-w	elapsed	errors	ops(total)	ops/sec(cum)	avg(ms)	p50(ms)	p95(ms)	p99(ms)	pMax(ms)
63	0.0	0.0	1089934.0	36329.3	11.049999999999999	7.1499999999999995	27.775000000000002	61.0625	918.55	0.0	0.0	0.0	57871.0	1929.0	42.9875	25.049999999999997	99.12500000000001	534.7625	1468.0125000000003	0.0	0.0	0.0	1147805.0	38258.4	12.6875	7.4	34.775	84.95	1468.0125000000003
