concurrency	elapsed-w	errors-w	ops(total)-w	ops/sec(cum)-w	avg(ms)-w	p50(ms)-w	p95(ms)-w	p99(ms)-w	pMax(ms)-w	total-w	elapsed	errors	ops(total)	ops/sec(cum)	avg(ms)	p50(ms)	p95(ms)	p99(ms)	pMax(ms)
37	0.0	0.0	3473262.0	115773.09999999999	2.3749999999999996	2.2	5.85	7.749999999999999	26.75	0.0	0.0	0.0	3473262.0	115773.09999999999	2.3749999999999996	2.2	5.85	7.749999999999999	26.75
