concurrency	elapsed-r	errors-r	ops(total)-r	ops/sec(cum)-r	avg(ms)-r	p50(ms)-r	p95(ms)-r	p99(ms)-r	pMax(ms)-r	total-r	elapsed-w	errors-w	ops(total)-w	ops/sec(cum)-w	avg(ms)-w	p50(ms)-w	p95(ms)-w	p99(ms)-w	pMax(ms)-w	total-w	elapsed	errors	ops(total)	ops/sec(cum)	avg(ms)	p50(ms)	p95(ms)	p99(ms)	pMax(ms)
107	0.0	0.0	903059.0	30100.1	7.599999999999999	6.3	19.9	30.399999999999995	475.3666666666666	0.0	0.0	0.0	47136.0	1571.1000000000001	26.733333333333334	25.2	52.4	67.1	318.76666666666665	0.0	0.0	0.0	950195.0	31671.199999999997	8.5	6.599999999999999	25.2	41.199999999999996	475.3666666666666
