concurrency	elapsed-r	errors-r	ops(total)-r	ops/sec(cum)-r	avg(ms)-r	p50(ms)-r	p95(ms)-r	p99(ms)-r	pMax(ms)-r	total-r	elapsed-w	errors-w	ops(total)-w	ops/sec(cum)-w	avg(ms)-w	p50(ms)-w	p95(ms)-w	p99(ms)-w	pMax(ms)-w	total-w	elapsed	errors	ops(total)	ops/sec(cum)	avg(ms)	p50(ms)	p95(ms)	p99(ms)	pMax(ms)
55	0.0	0.0	993505.0	33115.6	3.6	2.6	8.9	24.100000000000005	144.0	0.0	0.0	0.0	52365.0	1745.4	8.466666666666667	6.599999999999999	25.166666666666668	46.800000000000004	118.83333333333333	0.0	0.0	0.0	1045870.0	34860.899999999994	3.8333333333333335	2.7999999999999994	10.333333333333334	25.53333333333333	153.76666666666668
