concurrency	elapsed-r	errors-r	ops(total)-r	ops/sec(cum)-r	avg(ms)-r	p50(ms)-r	p95(ms)-r	p99(ms)-r	pMax(ms)-r	total-r	elapsed-w	errors-w	ops(total)-w	ops/sec(cum)-w	avg(ms)-w	p50(ms)-w	p95(ms)-w	p99(ms)-w	pMax(ms)-w	total-w	elapsed	errors	ops(total)	ops/sec(cum)	avg(ms)	p50(ms)	p95(ms)	p99(ms)	pMax(ms)
43	0.0	0.0	4585041.0	152830.19999999998	1.8125	1.6500000000000001	3.175	5.875	215.99999999999997	0.0	0.0	0.0	241425.0	8047.1	1.9124999999999999	1.6500000000000001	3.3999999999999995	7.4125	127.13749999999999	0.0	0.0	0.0	4826466.0	160877.3	1.8250000000000002	1.6500000000000001	3.175	5.925	215.99999999999997
