concurrency	elapsed-r	errors-r	ops(total)-r	ops/sec(cum)-r	avg(ms)-r	p50(ms)-r	p95(ms)-r	p99(ms)-r	pMax(ms)-r	total-r	elapsed-w	errors-w	ops(total)-w	ops/sec(cum)-w	avg(ms)-w	p50(ms)-w	p95(ms)-w	p99(ms)-w	pMax(ms)-w	total-w	elapsed	errors	ops(total)	ops/sec(cum)	avg(ms)	p50(ms)	p95(ms)	p99(ms)	pMax(ms)
49	0.0	0.0	3501209.0	116703.0	2.9375	2.5375	8.2125	12.224999999999998	121.125	0.0	0.0	0.0	184422.0	6147.099999999999	3.0	2.625	8.237499999999999	12.224999999999998	23.075	0.0	0.0	0.0	3685631.0	122850.09999999999	2.95	2.5625	8.2125	12.224999999999998	121.375
