concurrency	elapsed-r	errors-r	ops(total)-r	ops/sec(cum)-r	avg(ms)-r	p50(ms)-r	p95(ms)-r	p99(ms)-r	pMax(ms)-r	total-r	elapsed-w	errors-w	ops(total)-w	ops/sec(cum)-w	avg(ms)-w	p50(ms)-w	p95(ms)-w	p99(ms)-w	pMax(ms)-w	total-w	elapsed	errors	ops(total)	ops/sec(cum)	avg(ms)	p50(ms)	p95(ms)	p99(ms)	pMax(ms)
151	0.0	0.0	4637438.0	154571.2	4.640000000000001	3.9200000000000004	11.18	19.6	221.21999999999997	0.0	0.0	0.0	243808.0	8126.4	14.059999999999999	12.819999999999999	27.78	36.379999999999995	195.06	0.0	0.0	0.0	4881246.0	162697.60000000003	5.1	3.94	14.5	23.999999999999996	221.21999999999997
