concurrency	elapsed-r	errors-r	ops(total)-r	ops/sec(cum)-r	avg(ms)-r	p50(ms)-r	p95(ms)-r	p99(ms)-r	pMax(ms)-r	total-r	elapsed-w	errors-w	ops(total)-w	ops/sec(cum)-w	avg(ms)-w	p50(ms)-w	p95(ms)-w	p99(ms)-w	pMax(ms)-w	total-w	elapsed	errors	ops(total)	ops/sec(cum)	avg(ms)	p50(ms)	p95(ms)	p99(ms)	pMax(ms)
48	0.0	0.0	2255029.0	75165.0	4.2875	3.65	9.525	15.0	41.25000000000001	0.0	0.0	0.0	118901.0	3963.3	5.4875	3.8999999999999995	14.9625	22.162499999999998	45.3125	0.0	0.0	0.0	2373930.0	79128.20000000001	4.35	3.65	9.85	15.812499999999998	45.8375
