concurrency	elapsed-r	errors-r	ops(total)-r	ops/sec(cum)-r	avg(ms)-r	p50(ms)-r	p95(ms)-r	p99(ms)-r	pMax(ms)-r	total-r	elapsed-w	errors-w	ops(total)-w	ops/sec(cum)-w	avg(ms)-w	p50(ms)-w	p95(ms)-w	p99(ms)-w	pMax(ms)-w	total-w	elapsed	errors	ops(total)	ops/sec(cum)	avg(ms)	p50(ms)	p95(ms)	p99(ms)	pMax(ms)
72	0.0	0.0	2834596.0	94483.79999999999	3.5799999999999996	2.9400000000000004	7.8	16.96	122.47999999999999	0.0	0.0	0.0	148374.0	4945.599999999999	10.34	9.22	21.8	29.019999999999992	98.17999999999999	0.0	0.0	0.0	2982970.0	99429.3	3.9199999999999995	3.0599999999999996	11.34	18.880000000000003	123.31999999999998
