concurrency	elapsed-r	errors-r	ops(total)-r	ops/sec(cum)-r	avg(ms)-r	p50(ms)-r	p95(ms)-r	p99(ms)-r	pMax(ms)-r	total-r	elapsed-w	errors-w	ops(total)-w	ops/sec(cum)-w	avg(ms)-w	p50(ms)-w	p95(ms)-w	p99(ms)-w	pMax(ms)-w	total-w	elapsed	errors	ops(total)	ops/sec(cum)	avg(ms)	p50(ms)	p95(ms)	p99(ms)	pMax(ms)
48	0.0	0.0	3417871.0	113926.19999999998	2.9125	2.75	4.75	9.275	121.11249999999997	0.0	0.0	0.0	179101.0	5969.9	2.9125	2.75	4.699999999999999	9.200000000000001	20.450000000000003	0.0	0.0	0.0	3596972.0	119896.20000000001	2.9125	2.75	4.75	9.275	121.11249999999997
