concurrency	elapsed-r	errors-r	ops(total)-r	ops/sec(cum)-r	avg(ms)-r	p50(ms)-r	p95(ms)-r	p99(ms)-r	pMax(ms)-r	total-r	elapsed-w	errors-w	ops(total)-w	ops/sec(cum)-w	avg(ms)-w	p50(ms)-w	p95(ms)-w	p99(ms)-w	pMax(ms)-w	total-w	elapsed	errors	ops(total)	ops/sec(cum)	avg(ms)	p50(ms)	p95(ms)	p99(ms)	pMax(ms)
63	0.0	0.0	1948108.0	64934.49999999999	6.5125	5.699999999999999	15.450000000000001	24.375	66.05	0.0	0.0	0.0	102395.0	3413.0	11.725	11.0	25.949999999999996	36.699999999999996	77.33749999999999	0.0	0.0	0.0	2050503.0	68347.59999999999	6.7250000000000005	5.7749999999999995	16.4125	25.699999999999996	77.33749999999999
