concurrency	elapsed-r	errors-r	ops(total)-r	ops/sec(cum)-r	avg(ms)-r	p50(ms)-r	p95(ms)-r	p99(ms)-r	pMax(ms)-r	total-r	elapsed-w	errors-w	ops(total)-w	ops/sec(cum)-w	avg(ms)-w	p50(ms)-w	p95(ms)-w	p99(ms)-w	pMax(ms)-w	total-w	elapsed	errors	ops(total)	ops/sec(cum)	avg(ms)	p50(ms)	p95(ms)	p99(ms)	pMax(ms)
6	0.0	0.0	616551.0	20551.4	1.8375	1.4625000000000001	3.7499999999999996	4.875	56.075	0.0	0.0	0.0	32574.0	1085.9	5.525000000000001	2.5374999999999996	19.525000000000002	26.8875	43.2125	0.0	0.0	0.0	649125.0	21637.3	2.0125	1.5	4.0125	9.5	56.6
