concurrency	elapsed-r	errors-r	ops(total)-r	ops/sec(cum)-r	avg(ms)-r	p50(ms)-r	p95(ms)-r	p99(ms)-r	pMax(ms)-r	total-r	elapsed-w	errors-w	ops(total)-w	ops/sec(cum)-w	avg(ms)-w	p50(ms)-w	p95(ms)-w	p99(ms)-w	pMax(ms)-w	total-w	elapsed	errors	ops(total)	ops/sec(cum)	avg(ms)	p50(ms)	p95(ms)	p99(ms)	pMax(ms)
15	0.0	0.0	470823.0	15693.9	6.199999999999999	2.175	22.6875	70.77499999999999	398.475	0.0	0.0	0.0	24830.0	827.6999999999999	23.3125	4.4375	81.275	200.25000000000003	555.75	0.0	0.0	0.0	495653.0	16521.4	7.025	2.35	30.025000000000002	95.97500000000001	555.75
