concurrency	elapsed-r	errors-r	ops(total)-r	ops/sec(cum)-r	avg(ms)-r	p50(ms)-r	p95(ms)-r	p99(ms)-r	pMax(ms)-r	total-r	elapsed-w	errors-w	ops(total)-w	ops/sec(cum)-w	avg(ms)-w	p50(ms)-w	p95(ms)-w	p99(ms)-w	pMax(ms)-w	total-w	elapsed	errors	ops(total)	ops/sec(cum)	avg(ms)	p50(ms)	p95(ms)	p99(ms)	pMax(ms)
143	0.0	0.0	4403297.0	146764.80000000002	5.18	4.16	13.84	22.520000000000003	120.38	0.0	0.0	0.0	231156.0	7704.499999999999	13.88	12.360000000000001	29.199999999999996	38.58	127.5	0.0	0.0	0.0	4634453.0	154469.30000000002	5.62	4.3	16.06	25.14	130.02
