concurrency	elapsed-r	errors-r	ops(total)-r	ops/sec(cum)-r	avg(ms)-r	p50(ms)-r	p95(ms)-r	p99(ms)-r	pMax(ms)-r	total-r	elapsed-w	errors-w	ops(total)-w	ops/sec(cum)-w	avg(ms)-w	p50(ms)-w	p95(ms)-w	p99(ms)-w	pMax(ms)-w	total-w	elapsed	errors	ops(total)	ops/sec(cum)	avg(ms)	p50(ms)	p95(ms)	p99(ms)	pMax(ms)
45	0.0	0.0	1265524.0	42182.6	7.2625	6.425	16.2	23.849999999999998	78.11250000000001	0.0	0.0	0.0	66900.0	2230.0	13.875	12.987499999999999	27.9125	37.7125	61.85	0.0	0.0	0.0	1332424.0	44412.6	7.5875	6.624999999999999	17.55	25.674999999999994	79.425
