concurrency	elapsed-w	errors-w	ops(total)-w	ops/sec(cum)-w	avg(ms)-w	p50(ms)-w	p95(ms)-w	p99(ms)-w	pMax(ms)-w	total-w	elapsed	errors	ops(total)	ops/sec(cum)	avg(ms)	p50(ms)	p95(ms)	p99(ms)	pMax(ms)
45	0.0	0.0	707247.0	23574.2	14.85	12.1125	37.699999999999996	51.87499999999999	174.0625	0.0	0.0	0.0	707247.0	23574.2	14.85	12.1125	37.699999999999996	51.87499999999999	174.0625
