concurrency	elapsed-r	errors-r	ops(total)-r	ops/sec(cum)-r	avg(ms)-r	p50(ms)-r	p95(ms)-r	p99(ms)-r	pMax(ms)-r	total-r	elapsed-w	errors-w	ops(total)-w	ops/sec(cum)-w	avg(ms)-w	p50(ms)-w	p95(ms)-w	p99(ms)-w	pMax(ms)-w	total-w	elapsed	errors	ops(total)	ops/sec(cum)	avg(ms)	p50(ms)	p95(ms)	p99(ms)	pMax(ms)
31	0.0	0.0	1880330.0	62676.20000000001	2.9749999999999996	2.4125	7.800000000000001	12.849999999999998	52.662499999999994	0.0	0.0	0.0	98544.0	3284.7000000000003	12.65	4.625	21.6125	235.95	366.99999999999994	0.0	0.0	0.0	1978874.0	65960.9	3.4499999999999997	2.4749999999999996	8.2125	13.899999999999999	366.99999999999994
