concurrency	elapsed-r	errors-r	ops(total)-r	ops/sec(cum)-r	avg(ms)-r	p50(ms)-r	p95(ms)-r	p99(ms)-r	pMax(ms)-r	total-r	elapsed-w	errors-w	ops(total)-w	ops/sec(cum)-w	avg(ms)-w	p50(ms)-w	p95(ms)-w	p99(ms)-w	pMax(ms)-w	total-w	elapsed	errors	ops(total)	ops/sec(cum)	avg(ms)	p50(ms)	p95(ms)	p99(ms)	pMax(ms)
52	0.0	0.0	1721636.0	57385.9	6.2	5.1125	14.6125	22.299999999999997	56.6	0.0	0.0	0.0	90448.0	3014.6999999999994	9.225	6.05	24.65	34.375	62.112500000000004	0.0	0.0	0.0	1812084.0	60400.700000000004	6.3625	5.1125	15.437499999999998	23.737499999999997	63.95
