concurrency	elapsed-r	errors-r	ops(total)-r	ops/sec(cum)-r	avg(ms)-r	p50(ms)-r	p95(ms)-r	p99(ms)-r	pMax(ms)-r	total-r	elapsed-w	errors-w	ops(total)-w	ops/sec(cum)-w	avg(ms)-w	p50(ms)-w	p95(ms)-w	p99(ms)-w	pMax(ms)-w	total-w	elapsed	errors	ops(total)	ops/sec(cum)	avg(ms)	p50(ms)	p95(ms)	p99(ms)	pMax(ms)
104	0.0	0.0	2547119.0	84899.5	6.8199999999999985	5.06	19.5	33.739999999999995	238.64000000000001	0.0	0.0	0.0	134821.0	4493.6	19.46	15.719999999999999	39.2	87.64	534.36	0.0	0.0	0.0	2681940.0	89393.1	7.4799999999999995	5.180000000000001	22.26	37.12	534.36
