concurrency	elapsed-r	errors-r	ops(total)-r	ops/sec(cum)-r	avg(ms)-r	p50(ms)-r	p95(ms)-r	p99(ms)-r	pMax(ms)-r	total-r	elapsed-w	errors-w	ops(total)-w	ops/sec(cum)-w	avg(ms)-w	p50(ms)-w	p95(ms)-w	p99(ms)-w	pMax(ms)-w	total-w	elapsed	errors	ops(total)	ops/sec(cum)	avg(ms)	p50(ms)	p95(ms)	p99(ms)	pMax(ms)
22	0.0	0.0	1230746.0	41024.0	1.7999999999999998	1.45	4.225	6.699999999999999	46.9	0.0	0.0	0.0	64680.0	2156.0	3.4000000000000004	2.6	9.05	17.7	47.675	0.0	0.0	0.0	1295426.0	43180.0	1.875	1.4749999999999999	4.3	7.35	56.599999999999994
