concurrency	elapsed-r	errors-r	ops(total)-r	ops/sec(cum)-r	avg(ms)-r	p50(ms)-r	p95(ms)-r	p99(ms)-r	pMax(ms)-r	total-r	elapsed-w	errors-w	ops(total)-w	ops/sec(cum)-w	avg(ms)-w	p50(ms)-w	p95(ms)-w	p99(ms)-w	pMax(ms)-w	total-w	elapsed	errors	ops(total)	ops/sec(cum)	avg(ms)	p50(ms)	p95(ms)	p99(ms)	pMax(ms)
47	0.0	0.0	1941827.0	64725.5	4.937499999999999	4.15	11.299999999999999	17.975	50.5625	0.0	0.0	0.0	102139.0	3404.5999999999995	6.824999999999999	4.4750000000000005	18.75	27.000000000000004	51.875	0.0	0.0	0.0	2043966.0	68130.0	5.0375000000000005	4.15	11.95	19.0	52.4
