concurrency	elapsed-r	errors-r	ops(total)-r	ops/sec(cum)-r	avg(ms)-r	p50(ms)-r	p95(ms)-r	p99(ms)-r	pMax(ms)-r	total-r	elapsed	errors	ops(total)	ops/sec(cum)	avg(ms)	p50(ms)	p95(ms)	p99(ms)	pMax(ms)
19	0.0	0.0	1101198.0	36706.0	3.9624999999999995	3.7125000000000004	7.362500000000001	10.362499999999999	27.5125	0.0	0.0	0.0	1101198.0	36706.0	3.9624999999999995	3.7125000000000004	7.362500000000001	10.362499999999999	27.5125
