concurrency	elapsed-r	errors-r	ops(total)-r	ops/sec(cum)-r	avg(ms)-r	p50(ms)-r	p95(ms)-r	p99(ms)-r	pMax(ms)-r	total-r	elapsed	errors	ops(total)	ops/sec(cum)	avg(ms)	p50(ms)	p95(ms)	p99(ms)	pMax(ms)
40	0.0	0.0	1329767.0	44324.1	7.175000000000001	6.287499999999999	15.450000000000001	23.662499999999998	56.074999999999996	0.0	0.0	0.0	1329767.0	44324.1	7.175000000000001	6.287499999999999	15.450000000000001	23.662499999999998	56.074999999999996
