concurrency	elapsed-r	errors-r	ops(total)-r	ops/sec(cum)-r	avg(ms)-r	p50(ms)-r	p95(ms)-r	p99(ms)-r	pMax(ms)-r	total-r	elapsed-w	errors-w	ops(total)-w	ops/sec(cum)-w	avg(ms)-w	p50(ms)-w	p95(ms)-w	p99(ms)-w	pMax(ms)-w	total-w	elapsed	errors	ops(total)	ops/sec(cum)	avg(ms)	p50(ms)	p95(ms)	p99(ms)	pMax(ms)
25	0.0	0.0	3161137.0	105369.29999999999	1.5875	1.4749999999999999	2.875	5.6375	24.6375	0.0	0.0	0.0	166616.0	5553.900000000001	1.5749999999999997	1.4625	2.8625	5.575	18.0875	0.0	0.0	0.0	3327753.0	110923.1	1.5875	1.4749999999999999	2.875	5.6375	24.6375
