concurrency	elapsed-r	errors-r	ops(total)-r	ops/sec(cum)-r	avg(ms)-r	p50(ms)-r	p95(ms)-r	p99(ms)-r	pMax(ms)-r	total-r	elapsed-w	errors-w	ops(total)-w	ops/sec(cum)-w	avg(ms)-w	p50(ms)-w	p95(ms)-w	p99(ms)-w	pMax(ms)-w	total-w	elapsed	errors	ops(total)	ops/sec(cum)	avg(ms)	p50(ms)	p95(ms)	p99(ms)	pMax(ms)
4	0.0	0.0	259864.0	8662.1	1.0666666666666667	1.0333333333333334	1.3999999999999997	2.2	12.933333333333332	0.0	0.0	0.0	13699.0	456.7	1.5	1.4333333333333333	1.8333333333333333	3.1333333333333333	7.933333333333333	0.0	0.0	0.0	273563.0	9118.7	1.1	1.0333333333333334	1.5	2.2	12.933333333333332
