concurrency	elapsed-r	errors-r	ops(total)-r	ops/sec(cum)-r	avg(ms)-r	p50(ms)-r	p95(ms)-r	p99(ms)-r	pMax(ms)-r	total-r	elapsed-w	errors-w	ops(total)-w	ops/sec(cum)-w	avg(ms)-w	p50(ms)-w	p95(ms)-w	p99(ms)-w	pMax(ms)-w	total-w	elapsed	errors	ops(total)	ops/sec(cum)	avg(ms)	p50(ms)	p95(ms)	p99(ms)	pMax(ms)
47	0.0	0.0	2257990.0	75264.0	4.2250000000000005	3.55	9.325	14.8625	45.05	0.0	0.0	0.0	118473.0	3949.0000000000005	5.3	3.7624999999999997	14.425	21.4875	43.474999999999994	0.0	0.0	0.0	2376463.0	79213.0	4.275	3.5999999999999996	9.775	15.562499999999998	46.625
