concurrency	elapsed-r	errors-r	ops(total)-r	ops/sec(cum)-r	avg(ms)-r	p50(ms)-r	p95(ms)-r	p99(ms)-r	pMax(ms)-r	total-r	elapsed	errors	ops(total)	ops/sec(cum)	avg(ms)	p50(ms)	p95(ms)	p99(ms)	pMax(ms)
39	0.0	0.0	1005995.0	33532.2	9.3375	8.525	19.8125	28.075000000000003	78.125	0.0	0.0	0.0	1005995.0	33532.2	9.3375	8.525	19.8125	28.075000000000003	78.125
