concurrency	elapsed-r	errors-r	ops(total)-r	ops/sec(cum)-r	avg(ms)-r	p50(ms)-r	p95(ms)-r	p99(ms)-r	pMax(ms)-r	total-r	elapsed-w	errors-w	ops(total)-w	ops/sec(cum)-w	avg(ms)-w	p50(ms)-w	p95(ms)-w	p99(ms)-w	pMax(ms)-w	total-w	elapsed	errors	ops(total)	ops/sec(cum)	avg(ms)	p50(ms)	p95(ms)	p99(ms)	pMax(ms)
34	0.0	0.0	3511888.0	117060.4	1.9249999999999998	1.8250000000000002	2.9875000000000003	6.425	27.137500000000003	0.0	0.0	0.0	184988.0	6166.1	2.1999999999999997	2.1125000000000003	3.525	6.9	21.250000000000004	0.0	0.0	0.0	3696876.0	123226.7	1.9249999999999998	1.8250000000000002	3.0500000000000003	6.525	27.137500000000003
