concurrency	elapsed-r	errors-r	ops(total)-r	ops/sec(cum)-r	avg(ms)-r	p50(ms)-r	p95(ms)-r	p99(ms)-r	pMax(ms)-r	total-r	elapsed-w	errors-w	ops(total)-w	ops/sec(cum)-w	avg(ms)-w	p50(ms)-w	p95(ms)-w	p99(ms)-w	pMax(ms)-w	total-w	elapsed	errors	ops(total)	ops/sec(cum)	avg(ms)	p50(ms)	p95(ms)	p99(ms)	pMax(ms)
12	0.0	0.0	805234.0	26840.699999999997	1.4749999999999999	1.225	3.2249999999999996	4.35	14.8	0.0	0.0	0.0	42382.0	1412.8000000000002	2.7249999999999996	2.1	6.95	11.8	25.950000000000003	0.0	0.0	0.0	847616.0	28253.399999999998	1.5499999999999998	1.225	3.325	5.0249999999999995	25.950000000000003
