concurrency	elapsed-r	errors-r	ops(total)-r	ops/sec(cum)-r	avg(ms)-r	p50(ms)-r	p95(ms)-r	p99(ms)-r	pMax(ms)-r	total-r	elapsed-w	errors-w	ops(total)-w	ops/sec(cum)-w	avg(ms)-w	p50(ms)-w	p95(ms)-w	p99(ms)-w	pMax(ms)-w	total-w	elapsed	errors	ops(total)	ops/sec(cum)	avg(ms)	p50(ms)	p95(ms)	p99(ms)	pMax(ms)
22	0.0	0.0	2968253.0	98940.40000000001	1.4749999999999999	1.3375000000000001	2.575	4.3	21.7625	0.0	0.0	0.0	155813.0	5193.7	1.6500000000000001	1.4124999999999999	4.175	6.049999999999999	18.337500000000002	0.0	0.0	0.0	3124066.0	104133.90000000001	1.4749999999999999	1.3375000000000001	2.6	4.625	22.95
