concurrency	elapsed-r	errors-r	ops(total)-r	ops/sec(cum)-r	avg(ms)-r	p50(ms)-r	p95(ms)-r	p99(ms)-r	pMax(ms)-r	total-r	elapsed-w	errors-w	ops(total)-w	ops/sec(cum)-w	avg(ms)-w	p50(ms)-w	p95(ms)-w	p99(ms)-w	pMax(ms)-w	total-w	elapsed	errors	ops(total)	ops/sec(cum)	avg(ms)	p50(ms)	p95(ms)	p99(ms)	pMax(ms)
149	0.0	0.0	4655232.0	155161.30000000002	4.4399999999999995	3.6	11.24	19.080000000000002	214.76	0.0	0.0	0.0	244368.0	8144.9	13.0	12.1	26.459999999999997	35.0	166.72	0.0	0.0	0.0	4899600.0	163306.19999999998	4.840000000000001	3.8	13.680000000000001	22.56	215.37999999999997
