concurrency	elapsed-r	errors-r	ops(total)-r	ops/sec(cum)-r	avg(ms)-r	p50(ms)-r	p95(ms)-r	p99(ms)-r	pMax(ms)-r	total-r	elapsed-w	errors-w	ops(total)-w	ops/sec(cum)-w	avg(ms)-w	p50(ms)-w	p95(ms)-w	p99(ms)-w	pMax(ms)-w	total-w	elapsed	errors	ops(total)	ops/sec(cum)	avg(ms)	p50(ms)	p95(ms)	p99(ms)	pMax(ms)
32	0.0	0.0	2367881.0	52618.6	2.0799999999999996	1.58	5.2	15.2	68.35999999999999	0.0	0.0	0.0	125022.0	2778.3	4.0200000000000005	3.0	11.5	24.98	62.89999999999999	0.0	0.0	0.0	2492903.0	55396.8	2.1800000000000006	1.6	5.5600000000000005	15.7	70.46
