concurrency	elapsed-r	errors-r	ops(total)-r	ops/sec(cum)-r	avg(ms)-r	p50(ms)-r	p95(ms)-r	p99(ms)-r	pMax(ms)-r	total-r	elapsed-w	errors-w	ops(total)-w	ops/sec(cum)-w	avg(ms)-w	p50(ms)-w	p95(ms)-w	p99(ms)-w	pMax(ms)-w	total-w	elapsed	errors	ops(total)	ops/sec(cum)	avg(ms)	p50(ms)	p95(ms)	p99(ms)	pMax(ms)
30	0.0	0.0	1080169.0	36004.700000000004	6.1375	5.9875	11.125	15.4125	35.4875	0.0	0.0	0.0	57130.0	1904.3	6.312500000000001	6.137499999999999	11.575	15.862499999999999	32.0	0.0	0.0	0.0	1137299.0	37908.9	6.1375	5.9875	11.274999999999999	15.475	35.74999999999999
