concurrency	elapsed-r	errors-r	ops(total)-r	ops/sec(cum)-r	avg(ms)-r	p50(ms)-r	p95(ms)-r	p99(ms)-r	pMax(ms)-r	total-r	elapsed-w	errors-w	ops(total)-w	ops/sec(cum)-w	avg(ms)-w	p50(ms)-w	p95(ms)-w	p99(ms)-w	pMax(ms)-w	total-w	elapsed	errors	ops(total)	ops/sec(cum)	avg(ms)	p50(ms)	p95(ms)	p99(ms)	pMax(ms)
32	0.0	0.0	1023082.0	34101.399999999994	9.225000000000001	6.374999999999999	19.9	33.775	84.55000000000001	0.0	0.0	0.0	53772.0	1792.2999999999997	10.6625	8.6125	30.974999999999994	34.712500000000006	72.1125	0.0	0.0	0.0	1076854.0	35893.899999999994	9.3	6.5125	20.174999999999997	33.775	84.6875
