concurrency	elapsed-r	errors-r	ops(total)-r	ops/sec(cum)-r	avg(ms)-r	p50(ms)-r	p95(ms)-r	p99(ms)-r	pMax(ms)-r	total-r	elapsed-w	errors-w	ops(total)-w	ops/sec(cum)-w	avg(ms)-w	p50(ms)-w	p95(ms)-w	p99(ms)-w	pMax(ms)-w	total-w	elapsed	errors	ops(total)	ops/sec(cum)	avg(ms)	p50(ms)	p95(ms)	p99(ms)	pMax(ms)
51	0.0	0.0	4582846.0	152757.9	2.1	1.9249999999999998	3.9375	7.2250000000000005	218.09999999999997	0.0	0.0	0.0	241435.0	8047.599999999999	2.275	1.9625000000000001	4.125	9.0	182.97499999999997	0.0	0.0	0.0	4824281.0	160805.3	2.1	1.9249999999999998	3.9625	7.375	219.14999999999998
