concurrency	elapsed-r	errors-r	ops(total)-r	ops/sec(cum)-r	avg(ms)-r	p50(ms)-r	p95(ms)-r	p99(ms)-r	pMax(ms)-r	total-r	elapsed-w	errors-w	ops(total)-w	ops/sec(cum)-w	avg(ms)-w	p50(ms)-w	p95(ms)-w	p99(ms)-w	pMax(ms)-w	total-w	elapsed	errors	ops(total)	ops/sec(cum)	avg(ms)	p50(ms)	p95(ms)	p99(ms)	pMax(ms)
26	0.0	0.0	3301002.0	110031.69999999998	1.5624999999999998	1.4625	2.475	5.637499999999999	140.6375	0.0	0.0	0.0	173456.0	5781.8	1.5624999999999998	1.45	2.475	5.574999999999999	67.88749999999999	0.0	0.0	0.0	3474458.0	115813.49999999999	1.5624999999999998	1.4625	2.475	5.637499999999999	165.14999999999998
