concurrency	elapsed-r	errors-r	ops(total)-r	ops/sec(cum)-r	avg(ms)-r	p50(ms)-r	p95(ms)-r	p99(ms)-r	pMax(ms)-r	total-r	elapsed-w	errors-w	ops(total)-w	ops/sec(cum)-w	avg(ms)-w	p50(ms)-w	p95(ms)-w	p99(ms)-w	pMax(ms)-w	total-w	elapsed	errors	ops(total)	ops/sec(cum)	avg(ms)	p50(ms)	p95(ms)	p99(ms)	pMax(ms)
101	0.0	0.0	2629408.0	87643.09999999999	6.38	5.0	17.8	27.439999999999998	211.4	0.0	0.0	0.0	138515.0	4616.900000000001	17.34	15.62	36.88	48.66	163.57999999999998	0.0	0.0	0.0	2767923.0	92260.2	6.92	5.140000000000001	20.28	31.24	211.4
