concurrency	elapsed-r	errors-r	ops(total)-r	ops/sec(cum)-r	avg(ms)-r	p50(ms)-r	p95(ms)-r	p99(ms)-r	pMax(ms)-r	total-r	elapsed	errors	ops(total)	ops/sec(cum)	avg(ms)	p50(ms)	p95(ms)	p99(ms)	pMax(ms)
25	0.0	0.0	1388065.0	46268.0	2.0	1.9	3.2249999999999996	5.6000000000000005	16.650000000000002	0.0	0.0	0.0	1388065.0	46268.0	2.0	1.9	3.2249999999999996	5.6000000000000005	16.650000000000002
