concurrency	elapsed-r	errors-r	ops(total)-r	ops/sec(cum)-r	avg(ms)-r	p50(ms)-r	p95(ms)-r	p99(ms)-r	pMax(ms)-r	total-r	elapsed-w	errors-w	ops(total)-w	ops/sec(cum)-w	avg(ms)-w	p50(ms)-w	p95(ms)-w	p99(ms)-w	pMax(ms)-w	total-w	elapsed	errors	ops(total)	ops/sec(cum)	avg(ms)	p50(ms)	p95(ms)	p99(ms)	pMax(ms)
70	0.0	0.0	9341.0	155.6	4.2250000000000005	2.05	18.075	33.275000000000006	62.9	0.0	0.0	0.0	236.0	3.9	15.599999999999998	7.025	59.75	82.82499999999999	90.17500000000001	0.0	0.0	0.0	9577.0	159.60000000000002	4.525	2.075	19.4	35.875	94.375
