concurrency	elapsed-w	errors-w	ops(total)-w	ops/sec(cum)-w	avg(ms)-w	p50(ms)-w	p95(ms)-w	p99(ms)-w	pMax(ms)-w	total-w	elapsed	errors	ops(total)	ops/sec(cum)	avg(ms)	p50(ms)	p95(ms)	p99(ms)	pMax(ms)
35	0.0	0.0	3426711.0	114221.40000000001	2.2625	2.15	5.0	6.825	46.012499999999996	0.0	0.0	0.0	3426711.0	114221.40000000001	2.2625	2.15	5.0	6.825	46.012499999999996
