concurrency	elapsed-r	errors-r	ops(total)-r	ops/sec(cum)-r	avg(ms)-r	p50(ms)-r	p95(ms)-r	p99(ms)-r	pMax(ms)-r	total-r	elapsed-w	errors-w	ops(total)-w	ops/sec(cum)-w	avg(ms)-w	p50(ms)-w	p95(ms)-w	p99(ms)-w	pMax(ms)-w	total-w	elapsed	errors	ops(total)	ops/sec(cum)	avg(ms)	p50(ms)	p95(ms)	p99(ms)	pMax(ms)
60	0.0	0.0	4074534.0	135813.2	3.075	2.1125000000000003	8.575	13.349999999999998	194.49999999999997	0.0	0.0	0.0	214037.0	7134.3	3.1125	2.1125000000000003	8.575	13.85	145.21249999999998	0.0	0.0	0.0	4288571.0	142947.6	3.075	2.1125000000000003	8.575	13.424999999999999	203.93749999999997
