concurrency	elapsed-r	errors-r	ops(total)-r	ops/sec(cum)-r	avg(ms)-r	p50(ms)-r	p95(ms)-r	p99(ms)-r	pMax(ms)-r	total-r	elapsed	errors	ops(total)	ops/sec(cum)	avg(ms)	p50(ms)	p95(ms)	p99(ms)	pMax(ms)
39	0.0	0.0	1536784.0	51224.899999999994	5.65	5.1	12.224999999999998	18.075	117.96249999999999	0.0	0.0	0.0	1536784.0	51224.899999999994	5.65	5.1	12.224999999999998	18.075	117.96249999999999
