concurrency	elapsed-r	errors-r	ops(total)-r	ops/sec(cum)-r	avg(ms)-r	p50(ms)-r	p95(ms)-r	p99(ms)-r	pMax(ms)-r	total-r	elapsed-w	errors-w	ops(total)-w	ops/sec(cum)-w	avg(ms)-w	p50(ms)-w	p95(ms)-w	p99(ms)-w	pMax(ms)-w	total-w	elapsed	errors	ops(total)	ops/sec(cum)	avg(ms)	p50(ms)	p95(ms)	p99(ms)	pMax(ms)
57	0.0	0.0	789675.0	26321.7	3.7000000000000006	2.533333333333333	10.166666666666666	19.9	64.3	0.0	0.0	0.0	41706.0	1390.1	1.7333333333333334	1.2	3.7999999999999994	10.833333333333334	66.39999999999999	0.0	0.0	0.0	831381.0	27711.899999999998	3.6	2.166666666666667	10.0	19.9	74.8
