concurrency	elapsed-r	errors-r	ops(total)-r	ops/sec(cum)-r	avg(ms)-r	p50(ms)-r	p95(ms)-r	p99(ms)-r	pMax(ms)-r	total-r	elapsed-w	errors-w	ops(total)-w	ops/sec(cum)-w	avg(ms)-w	p50(ms)-w	p95(ms)-w	p99(ms)-w	pMax(ms)-w	total-w	elapsed	errors	ops(total)	ops/sec(cum)	avg(ms)	p50(ms)	p95(ms)	p99(ms)	pMax(ms)
24	0.0	0.0	1627844.0	36173.9	1.98	1.4	4.9399999999999995	12.1	161.08	0.0	0.0	0.0	85844.0	1907.6	10.52	2.5	59.11999999999999	92.3	308.71999999999997	0.0	0.0	0.0	1713688.0	38081.4	2.4	1.4600000000000002	5.4399999999999995	20.119999999999997	308.71999999999997
