concurrency	elapsed-r	errors-r	ops(total)-r	ops/sec(cum)-r	avg(ms)-r	p50(ms)-r	p95(ms)-r	p99(ms)-r	pMax(ms)-r	total-r	elapsed-w	errors-w	ops(total)-w	ops/sec(cum)-w	avg(ms)-w	p50(ms)-w	p95(ms)-w	p99(ms)-w	pMax(ms)-w	total-w	elapsed	errors	ops(total)	ops/sec(cum)	avg(ms)	p50(ms)	p95(ms)	p99(ms)	pMax(ms)
10	0.0	0.0	664765.0	22158.6	2.875	2.4625000000000004	5.6	9.287500000000001	42.949999999999996	0.0	0.0	0.0	34839.0	1161.3999999999999	9.5625	9.075	16.525	21.225	46.88750000000001	0.0	0.0	0.0	699604.0	23319.699999999997	3.2375	2.6375	7.624999999999999	13.925	47.150000000000006
