concurrency	elapsed-r	errors-r	ops(total)-r	ops/sec(cum)-r	avg(ms)-r	p50(ms)-r	p95(ms)-r	p99(ms)-r	pMax(ms)-r	total-r	elapsed-w	errors-w	ops(total)-w	ops/sec(cum)-w	avg(ms)-w	p50(ms)-w	p95(ms)-w	p99(ms)-w	pMax(ms)-w	total-w	elapsed	errors	ops(total)	ops/sec(cum)	avg(ms)	p50(ms)	p95(ms)	p99(ms)	pMax(ms)
16	0.0	0.0	1805392.0	60178.7	1.7249999999999999	1.5375	3.2500000000000004	6.699999999999999	162.54999999999998	0.0	0.0	0.0	94986.0	3166.3	3.1375	2.925	6.525	10.3125	58.462500000000006	0.0	0.0	0.0	1900378.0	63344.8	1.7874999999999999	1.575	3.6625	6.9875	163.6
