concurrency	elapsed-r	errors-r	ops(total)-r	ops/sec(cum)-r	avg(ms)-r	p50(ms)-r	p95(ms)-r	p99(ms)-r	pMax(ms)-r	total-r	elapsed-w	errors-w	ops(total)-w	ops/sec(cum)-w	avg(ms)-w	p50(ms)-w	p95(ms)-w	p99(ms)-w	pMax(ms)-w	total-w	elapsed	errors	ops(total)	ops/sec(cum)	avg(ms)	p50(ms)	p95(ms)	p99(ms)	pMax(ms)
16	0.0	0.0	505320.0	16843.7	6.15	1.9500000000000002	23.474999999999998	108.00000000000001	392.17499999999995	0.0	0.0	0.0	26716.0	890.6	22.9375	3.7624999999999997	84.425	198.14999999999998	478.1499999999999	0.0	0.0	0.0	532036.0	17734.2	7.0125	2.0	30.425	126.32499999999999	478.1499999999999
