concurrency	elapsed-r	errors-r	ops(total)-r	ops/sec(cum)-r	avg(ms)-r	p50(ms)-r	p95(ms)-r	p99(ms)-r	pMax(ms)-r	total-r	elapsed-w	errors-w	ops(total)-w	ops/sec(cum)-w	avg(ms)-w	p50(ms)-w	p95(ms)-w	p99(ms)-w	pMax(ms)-w	total-w	elapsed	errors	ops(total)	ops/sec(cum)	avg(ms)	p50(ms)	p95(ms)	p99(ms)	pMax(ms)
38	0.0	0.0	2585399.0	86178.09999999999	2.9375	2.625	5.8999999999999995	9.9	30.1625	0.0	0.0	0.0	135983.0	4532.700000000001	3.5250000000000004	2.75	9.175	13.85	31.874999999999996	0.0	0.0	0.0	2721382.0	90710.6	2.9749999999999996	2.6374999999999997	6.125000000000001	10.2875	33.3125
