concurrency	elapsed-r	errors-r	ops(total)-r	ops/sec(cum)-r	avg(ms)-r	p50(ms)-r	p95(ms)-r	p99(ms)-r	pMax(ms)-r	total-r	elapsed-w	errors-w	ops(total)-w	ops/sec(cum)-w	avg(ms)-w	p50(ms)-w	p95(ms)-w	p99(ms)-w	pMax(ms)-w	total-w	elapsed	errors	ops(total)	ops/sec(cum)	avg(ms)	p50(ms)	p95(ms)	p99(ms)	pMax(ms)
46	0.0	0.0	1042750.0	34757.5	2.7000000000000006	2.1	6.3	15.699999999999998	120.2	0.0	0.0	0.0	54512.0	1817.0	1.2333333333333334	0.9	2.533333333333333	6.266666666666667	51.699999999999996	0.0	0.0	0.0	1097262.0	36574.5	2.6	2.0	5.866666666666667	15.699999999999998	120.2
