concurrency	elapsed-r	errors-r	ops(total)-r	ops/sec(cum)-r	avg(ms)-r	p50(ms)-r	p95(ms)-r	p99(ms)-r	pMax(ms)-r	total-r	elapsed-w	errors-w	ops(total)-w	ops/sec(cum)-w	avg(ms)-w	p50(ms)-w	p95(ms)-w	p99(ms)-w	pMax(ms)-w	total-w	elapsed	errors	ops(total)	ops/sec(cum)	avg(ms)	p50(ms)	p95(ms)	p99(ms)	pMax(ms)
16	0.0	0.0	601409.0	20046.7	1.6333333333333335	1.5333333333333332	2.6	7.599999999999999	68.5	0.0	0.0	0.0	31553.0	1051.8000000000002	3.233333333333333	2.9	6.1000000000000005	14.166666666666666	37.06666666666667	0.0	0.0	0.0	632962.0	21098.5	1.7333333333333334	1.6000000000000003	3.1	7.966666666666666	68.5
