concurrency	elapsed-w	errors-w	ops(total)-w	ops/sec(cum)-w	avg(ms)-w	p50(ms)-w	p95(ms)-w	p99(ms)-w	pMax(ms)-w	total-w	elapsed	errors	ops(total)	ops/sec(cum)	avg(ms)	p50(ms)	p95(ms)	p99(ms)	pMax(ms)
46	0.0	0.0	755265.0	25174.6	14.1625	11.899999999999999	32.9375	45.3125	122.1625	0.0	0.0	0.0	755265.0	25174.6	14.1625	11.899999999999999	32.9375	45.3125	122.1625
