concurrency	elapsed-r	errors-r	ops(total)-r	ops/sec(cum)-r	avg(ms)-r	p50(ms)-r	p95(ms)-r	p99(ms)-r	pMax(ms)-r	total-r	elapsed	errors	ops(total)	ops/sec(cum)	avg(ms)	p50(ms)	p95(ms)	p99(ms)	pMax(ms)
32	0.0	0.0	1561650.0	52054.0	4.5375000000000005	4.137499999999999	10.0	14.575000000000001	50.849999999999994	0.0	0.0	0.0	1561650.0	52054.0	4.5375000000000005	4.137499999999999	10.0	14.575000000000001	50.849999999999994
