concurrency	elapsed-r	errors-r	ops(total)-r	ops/sec(cum)-r	avg(ms)-r	p50(ms)-r	p95(ms)-r	p99(ms)-r	pMax(ms)-r	total-r	elapsed-w	errors-w	ops(total)-w	ops/sec(cum)-w	avg(ms)-w	p50(ms)-w	p95(ms)-w	p99(ms)-w	pMax(ms)-w	total-w	elapsed	errors	ops(total)	ops/sec(cum)	avg(ms)	p50(ms)	p95(ms)	p99(ms)	pMax(ms)
32	0.0	0.0	932997.0	31098.899999999998	1.9125	1.35	4.925000000000001	7.925	114.2625	0.0	0.0	0.0	48589.0	1619.6000000000001	116.13749999999999	2.4000000000000004	666.9000000000001	704.6000000000001	805.3000000000001	0.0	0.0	0.0	981586.0	32718.300000000003	7.5625	1.35	5.1499999999999995	22.1375	805.3000000000001
