concurrency	elapsed-r	errors-r	ops(total)-r	ops/sec(cum)-r	avg(ms)-r	p50(ms)-r	p95(ms)-r	p99(ms)-r	pMax(ms)-r	total-r	elapsed	errors	ops(total)	ops/sec(cum)	avg(ms)	p50(ms)	p95(ms)	p99(ms)	pMax(ms)
15	0.0	0.0	1361999.0	45399.5	2.475	2.3249999999999997	4.2875	7.0625	19.012500000000003	0.0	0.0	0.0	1361999.0	45399.5	2.475	2.3249999999999997	4.2875	7.0625	19.012500000000003
