concurrency	elapsed-r	errors-r	ops(total)-r	ops/sec(cum)-r	avg(ms)-r	p50(ms)-r	p95(ms)-r	p99(ms)-r	pMax(ms)-r	total-r	elapsed-w	errors-w	ops(total)-w	ops/sec(cum)-w	avg(ms)-w	p50(ms)-w	p95(ms)-w	p99(ms)-w	pMax(ms)-w	total-w	elapsed	errors	ops(total)	ops/sec(cum)	avg(ms)	p50(ms)	p95(ms)	p99(ms)	pMax(ms)
152	0.0	0.0	4617611.0	153912.0	4.4799999999999995	3.7600000000000002	10.98	18.48	226.3	0.0	0.0	0.0	243075.0	8102.099999999999	13.62	12.739999999999998	26.939999999999998	35.32	181.0	0.0	0.0	0.0	4860686.0	162013.9	4.92	3.88	13.88	22.979999999999997	233.01999999999998
