concurrency	elapsed-r	errors-r	ops(total)-r	ops/sec(cum)-r	avg(ms)-r	p50(ms)-r	p95(ms)-r	p99(ms)-r	pMax(ms)-r	total-r	elapsed-w	errors-w	ops(total)-w	ops/sec(cum)-w	avg(ms)-w	p50(ms)-w	p95(ms)-w	p99(ms)-w	pMax(ms)-w	total-w	elapsed	errors	ops(total)	ops/sec(cum)	avg(ms)	p50(ms)	p95(ms)	p99(ms)	pMax(ms)
16	0.0	0.0	962281.0	32075.399999999998	3.3	2.0875	8.65	22.025	278.91249999999997	0.0	0.0	0.0	50266.0	1675.6	8.5875	3.8000000000000003	37.4625	61.58749999999999	277.875	0.0	0.0	0.0	1012547.0	33750.9	3.5625	2.1625000000000005	9.15	28.700000000000003	289.4125
