concurrency	elapsed-w	errors-w	ops(total)-w	ops/sec(cum)-w	avg(ms)-w	p50(ms)-w	p95(ms)-w	p99(ms)-w	pMax(ms)-w	total-w	elapsed	errors	ops(total)	ops/sec(cum)	avg(ms)	p50(ms)	p95(ms)	p99(ms)	pMax(ms)
39	0.0	0.0	692154.0	23071.1	13.1375	8.475	35.625	49.512499999999996	156.7625	0.0	0.0	0.0	692154.0	23071.1	13.1375	8.475	35.625	49.512499999999996	156.7625
