concurrency	elapsed-w	errors-w	ops(total)-w	ops/sec(cum)-w	avg(ms)-w	p50(ms)-w	p95(ms)-w	p99(ms)-w	pMax(ms)-w	total-w	elapsed	errors	ops(total)	ops/sec(cum)	avg(ms)	p50(ms)	p95(ms)	p99(ms)	pMax(ms)
48	0.0	0.0	3477491.0	115913.9	3.0749999999999997	2.9	6.6000000000000005	9.5	52.95	0.0	0.0	0.0	3477491.0	115913.9	3.0749999999999997	2.9	6.6000000000000005	9.5	52.95
