concurrency	elapsed-r	errors-r	ops(total)-r	ops/sec(cum)-r	avg(ms)-r	p50(ms)-r	p95(ms)-r	p99(ms)-r	pMax(ms)-r	total-r	elapsed	errors	ops(total)	ops/sec(cum)	avg(ms)	p50(ms)	p95(ms)	p99(ms)	pMax(ms)
18	0.0	0.0	1000339.0	33344.2	4.15	4.0	7.8	10.337499999999999	29.487500000000004	0.0	0.0	0.0	1000339.0	33344.2	4.15	4.0	7.8	10.337499999999999	29.487500000000004
