concurrency	elapsed-r	errors-r	ops(total)-r	ops/sec(cum)-r	avg(ms)-r	p50(ms)-r	p95(ms)-r	p99(ms)-r	pMax(ms)-r	total-r	elapsed-w	errors-w	ops(total)-w	ops/sec(cum)-w	avg(ms)-w	p50(ms)-w	p95(ms)-w	p99(ms)-w	pMax(ms)-w	total-w	elapsed	errors	ops(total)	ops/sec(cum)	avg(ms)	p50(ms)	p95(ms)	p99(ms)	pMax(ms)
35	0.0	0.0	3318296.0	110607.4	2.15	2.0	3.5999999999999996	7.187500000000001	32.3625	0.0	0.0	0.0	174720.0	5823.8	2.4000000000000004	2.2874999999999996	3.9125	7.512499999999999	47.974999999999994	0.0	0.0	0.0	3493016.0	116431.09999999999	2.1875	2.0	3.6499999999999995	7.2250000000000005	54.51249999999999
