concurrency	elapsed-r	errors-r	ops(total)-r	ops/sec(cum)-r	avg(ms)-r	p50(ms)-r	p95(ms)-r	p99(ms)-r	pMax(ms)-r	total-r	elapsed-w	errors-w	ops(total)-w	ops/sec(cum)-w	avg(ms)-w	p50(ms)-w	p95(ms)-w	p99(ms)-w	pMax(ms)-w	total-w	elapsed	errors	ops(total)	ops/sec(cum)	avg(ms)	p50(ms)	p95(ms)	p99(ms)	pMax(ms)
27	0.0	0.0	1289756.0	42991.0	1.3999999999999997	1.0	3.4	6.1000000000000005	14.333333333333334	0.0	0.0	0.0	67660.0	2255.4	5.733333333333333	1.6000000000000003	29.399999999999995	41.9	54.5	0.0	0.0	0.0	1357416.0	45246.399999999994	1.6000000000000003	1.0	3.7000000000000006	9.4	54.5
