concurrency	elapsed-r	errors-r	ops(total)-r	ops/sec(cum)-r	avg(ms)-r	p50(ms)-r	p95(ms)-r	p99(ms)-r	pMax(ms)-r	total-r	elapsed-w	errors-w	ops(total)-w	ops/sec(cum)-w	avg(ms)-w	p50(ms)-w	p95(ms)-w	p99(ms)-w	pMax(ms)-w	total-w	elapsed	errors	ops(total)	ops/sec(cum)	avg(ms)	p50(ms)	p95(ms)	p99(ms)	pMax(ms)
48	0.0	0.0	4417135.0	147233.8	2.1	1.9124999999999999	4.0875	7.325	195.02499999999998	0.0	0.0	0.0	232673.0	7755.599999999999	2.1875	1.9124999999999999	4.125	8.325000000000001	128.175	0.0	0.0	0.0	4649808.0	154989.3	2.1	1.9124999999999999	4.0875	7.362500000000001	195.02499999999998
