concurrency	elapsed-r	errors-r	ops(total)-r	ops/sec(cum)-r	avg(ms)-r	p50(ms)-r	p95(ms)-r	p99(ms)-r	pMax(ms)-r	total-r	elapsed	errors	ops(total)	ops/sec(cum)	avg(ms)	p50(ms)	p95(ms)	p99(ms)	pMax(ms)
16	0.0	0.0	1364852.0	45494.2	2.6249999999999996	2.5	4.6625000000000005	7.325	19.4125	0.0	0.0	0.0	1364852.0	45494.2	2.6249999999999996	2.5	4.6625000000000005	7.325	19.4125
