concurrency	elapsed-r	errors-r	ops(total)-r	ops/sec(cum)-r	avg(ms)-r	p50(ms)-r	p95(ms)-r	p99(ms)-r	pMax(ms)-r	total-r	elapsed-w	errors-w	ops(total)-w	ops/sec(cum)-w	avg(ms)-w	p50(ms)-w	p95(ms)-w	p99(ms)-w	pMax(ms)-w	total-w	elapsed	errors	ops(total)	ops/sec(cum)	avg(ms)	p50(ms)	p95(ms)	p99(ms)	pMax(ms)
45	0.0	0.0	1080754.0	36024.0	2.7999999999999994	2.2	7.099999999999999	17.8	184.53333333333333	0.0	0.0	0.0	56883.0	1896.0	1.2	0.9	2.6	6.3999999999999995	48.20000000000001	0.0	0.0	0.0	1137637.0	37920.1	2.7000000000000006	2.1	6.8	17.46666666666667	184.53333333333333
