concurrency	elapsed-r	errors-r	ops(total)-r	ops/sec(cum)-r	avg(ms)-r	p50(ms)-r	p95(ms)-r	p99(ms)-r	pMax(ms)-r	total-r	elapsed-w	errors-w	ops(total)-w	ops/sec(cum)-w	avg(ms)-w	p50(ms)-w	p95(ms)-w	p99(ms)-w	pMax(ms)-w	total-w	elapsed	errors	ops(total)	ops/sec(cum)	avg(ms)	p50(ms)	p95(ms)	p99(ms)	pMax(ms)
47	0.0	0.0	3214562.0	107148.6	3.0000000000000004	2.7375	5.375	11.75	203.4125	0.0	0.0	0.0	169086.0	5636.0	2.9875000000000003	2.7	5.324999999999999	12.125	84.66250000000001	0.0	0.0	0.0	3383648.0	112784.5	3.0000000000000004	2.7375	5.375	11.75	203.4125
