concurrency	elapsed-r	errors-r	ops(total)-r	ops/sec(cum)-r	avg(ms)-r	p50(ms)-r	p95(ms)-r	p99(ms)-r	pMax(ms)-r	total-r	elapsed-w	errors-w	ops(total)-w	ops/sec(cum)-w	avg(ms)-w	p50(ms)-w	p95(ms)-w	p99(ms)-w	pMax(ms)-w	total-w	elapsed	errors	ops(total)	ops/sec(cum)	avg(ms)	p50(ms)	p95(ms)	p99(ms)	pMax(ms)
15	0.0	0.0	1330772.0	44358.299999999996	1.6749999999999998	1.2499999999999998	4.5625	6.9	85.975	0.0	0.0	0.0	69777.0	2325.9	16.2	2.25	121.07500000000002	142.6	168.85	0.0	0.0	0.0	1400549.0	46684.299999999996	2.4	1.2625	4.8	8.825	168.85
