concurrency	elapsed-r	errors-r	ops(total)-r	ops/sec(cum)-r	avg(ms)-r	p50(ms)-r	p95(ms)-r	p99(ms)-r	pMax(ms)-r	total-r	elapsed	errors	ops(total)	ops/sec(cum)	avg(ms)	p50(ms)	p95(ms)	p99(ms)	pMax(ms)
32	0.0	0.0	1519119.0	50636.200000000004	4.687500000000001	4.2375	10.0625	14.825000000000001	92.52499999999999	0.0	0.0	0.0	1519119.0	50636.200000000004	4.687500000000001	4.2375	10.0625	14.825000000000001	92.52499999999999
