concurrency	elapsed-r	errors-r	ops(total)-r	ops/sec(cum)-r	avg(ms)-r	p50(ms)-r	p95(ms)-r	p99(ms)-r	pMax(ms)-r	total-r	elapsed-w	errors-w	ops(total)-w	ops/sec(cum)-w	avg(ms)-w	p50(ms)-w	p95(ms)-w	p99(ms)-w	pMax(ms)-w	total-w	elapsed	errors	ops(total)	ops/sec(cum)	avg(ms)	p50(ms)	p95(ms)	p99(ms)	pMax(ms)
36	0.0	0.0	2135407.0	71178.5	3.3875	2.875	7.425	12.7	42.7125	0.0	0.0	0.0	112630.0	3754.2999999999997	4.8625	3.3624999999999994	12.7	19.1375	43.362500000000004	0.0	0.0	0.0	2248037.0	74932.5	3.4375000000000004	2.875	7.9125	13.449999999999998	50.9625
