concurrency	elapsed-r	errors-r	ops(total)-r	ops/sec(cum)-r	avg(ms)-r	p50(ms)-r	p95(ms)-r	p99(ms)-r	pMax(ms)-r	total-r	elapsed-w	errors-w	ops(total)-w	ops/sec(cum)-w	avg(ms)-w	p50(ms)-w	p95(ms)-w	p99(ms)-w	pMax(ms)-w	total-w	elapsed	errors	ops(total)	ops/sec(cum)	avg(ms)	p50(ms)	p95(ms)	p99(ms)	pMax(ms)
155	0.0	0.0	2528161.0	84267.79999999999	5.58	3.84	17.96	31.96	172.4	0.0	0.0	0.0	132894.0	4429.5	115.55999999999999	10.86	46.959999999999994	4375.54	4858.7	0.0	0.0	0.0	2661055.0	88697.4	11.080000000000002	4.0200000000000005	19.82	36.260000000000005	4858.7
