concurrency	elapsed-r	errors-r	ops(total)-r	ops/sec(cum)-r	avg(ms)-r	p50(ms)-r	p95(ms)-r	p99(ms)-r	pMax(ms)-r	total-r	elapsed-w	errors-w	ops(total)-w	ops/sec(cum)-w	avg(ms)-w	p50(ms)-w	p95(ms)-w	p99(ms)-w	pMax(ms)-w	total-w	elapsed	errors	ops(total)	ops/sec(cum)	avg(ms)	p50(ms)	p95(ms)	p99(ms)	pMax(ms)
32	0.0	0.0	3817.0	63.599999999999994	2.6	1.875	7.2250000000000005	13.875	25.700000000000003	0.0	0.0	0.0	121.0	2.0	4.475	3.3500000000000005	11.850000000000001	13.025	13.025	0.0	0.0	0.0	3938.0	65.5	2.6500000000000004	1.875	7.475	14.0	25.700000000000003
