concurrency	elapsed-w	errors-w	ops(total)-w	ops/sec(cum)-w	avg(ms)-w	p50(ms)-w	p95(ms)-w	p99(ms)-w	pMax(ms)-w	total-w	elapsed	errors	ops(total)	ops/sec(cum)	avg(ms)	p50(ms)	p95(ms)	p99(ms)	pMax(ms)
31	0.0	0.0	3420329.0	114009.00000000001	1.975	1.9500000000000002	4.125	5.75	21.099999999999998	0.0	0.0	0.0	3420329.0	114009.00000000001	1.975	1.9500000000000002	4.125	5.75	21.099999999999998
