concurrency	elapsed-r	errors-r	ops(total)-r	ops/sec(cum)-r	avg(ms)-r	p50(ms)-r	p95(ms)-r	p99(ms)-r	pMax(ms)-r	total-r	elapsed-w	errors-w	ops(total)-w	ops/sec(cum)-w	avg(ms)-w	p50(ms)-w	p95(ms)-w	p99(ms)-w	pMax(ms)-w	total-w	elapsed	errors	ops(total)	ops/sec(cum)	avg(ms)	p50(ms)	p95(ms)	p99(ms)	pMax(ms)
144	0.0	0.0	2827104.0	94227.6	6.980000000000001	5.56	18.240000000000002	29.560000000000002	483.16	0.0	0.0	0.0	148706.0	4956.400000000001	26.4	24.560000000000002	52.85999999999999	67.14	406.82	0.0	0.0	0.0	2975810.0	99184.0	7.94	5.74	23.7	41.519999999999996	496.58000000000004
