concurrency	elapsed-r	errors-r	ops(total)-r	ops/sec(cum)-r	avg(ms)-r	p50(ms)-r	p95(ms)-r	p99(ms)-r	pMax(ms)-r	total-r	elapsed-w	errors-w	ops(total)-w	ops/sec(cum)-w	avg(ms)-w	p50(ms)-w	p95(ms)-w	p99(ms)-w	pMax(ms)-w	total-w	elapsed	errors	ops(total)	ops/sec(cum)	avg(ms)	p50(ms)	p95(ms)	p99(ms)	pMax(ms)
144	0.0	0.0	2624188.0	87465.4	9.219999999999999	7.12	25.54	37.12	354.02000000000004	0.0	0.0	0.0	138135.0	4604.2	26.380000000000003	24.160000000000004	54.1	69.66	315.41999999999996	0.0	0.0	0.0	2762323.0	92069.5	10.100000000000001	7.459999999999999	29.54	44.86	359.06
