concurrency	elapsed-r	errors-r	ops(total)-r	ops/sec(cum)-r	avg(ms)-r	p50(ms)-r	p95(ms)-r	p99(ms)-r	pMax(ms)-r	total-r	elapsed-w	errors-w	ops(total)-w	ops/sec(cum)-w	avg(ms)-w	p50(ms)-w	p95(ms)-w	p99(ms)-w	pMax(ms)-w	total-w	elapsed	errors	ops(total)	ops/sec(cum)	avg(ms)	p50(ms)	p95(ms)	p99(ms)	pMax(ms)
155	0.0	0.0	4650857.0	155018.0	4.6	3.78	11.18	19.82	262.15999999999997	0.0	0.0	0.0	244196.0	8139.299999999999	14.02	12.86	28.439999999999998	38.58	212.85999999999999	0.0	0.0	0.0	4895053.0	163157.3	5.0600000000000005	3.94	14.440000000000001	24.080000000000002	262.15999999999997
