concurrency	elapsed-r	errors-r	ops(total)-r	ops/sec(cum)-r	avg(ms)-r	p50(ms)-r	p95(ms)-r	p99(ms)-r	pMax(ms)-r	total-r	elapsed	errors	ops(total)	ops/sec(cum)	avg(ms)	p50(ms)	p95(ms)	p99(ms)	pMax(ms)
18	0.0	0.0	1329989.0	44332.399999999994	1.475	1.4249999999999998	2.2	4.125	15.075	0.0	0.0	0.0	1329989.0	44332.399999999994	1.475	1.4249999999999998	2.2	4.125	15.075
