concurrency	elapsed-r	errors-r	ops(total)-r	ops/sec(cum)-r	avg(ms)-r	p50(ms)-r	p95(ms)-r	p99(ms)-r	pMax(ms)-r	total-r	elapsed-w	errors-w	ops(total)-w	ops/sec(cum)-w	avg(ms)-w	p50(ms)-w	p95(ms)-w	p99(ms)-w	pMax(ms)-w	total-w	elapsed	errors	ops(total)	ops/sec(cum)	avg(ms)	p50(ms)	p95(ms)	p99(ms)	pMax(ms)
47	0.0	0.0	3252527.0	108414.89999999998	3.0375	2.9000000000000004	5.1	9.325	50.474999999999994	0.0	0.0	0.0	170833.0	5694.4	3.025	2.9000000000000004	5.0625	9.3125	20.575000000000003	0.0	0.0	0.0	3423360.0	114109.1	3.0375	2.9000000000000004	5.1	9.325	50.7375
