concurrency	elapsed-r	errors-r	ops(total)-r	ops/sec(cum)-r	avg(ms)-r	p50(ms)-r	p95(ms)-r	p99(ms)-r	pMax(ms)-r	total-r	elapsed-w	errors-w	ops(total)-w	ops/sec(cum)-w	avg(ms)-w	p50(ms)-w	p95(ms)-w	p99(ms)-w	pMax(ms)-w	total-w	elapsed	errors	ops(total)	ops/sec(cum)	avg(ms)	p50(ms)	p95(ms)	p99(ms)	pMax(ms)
39	0.0	0.0	576669.0	19221.499999999996	9.8	2.45	32.0125	202.35	461.3625	0.0	0.0	0.0	30114.0	1003.8000000000001	118.275	113.20000000000002	159.4	316.70000000000005	557.8375000000001	0.0	0.0	0.0	606783.0	20225.2	15.1875	2.6250000000000004	113.72500000000002	209.70000000000002	568.325
