concurrency	elapsed-r	errors-r	ops(total)-r	ops/sec(cum)-r	avg(ms)-r	p50(ms)-r	p95(ms)-r	p99(ms)-r	pMax(ms)-r	total-r	elapsed	errors	ops(total)	ops/sec(cum)	avg(ms)	p50(ms)	p95(ms)	p99(ms)	pMax(ms)
30	0.0	0.0	999274.0	33308.4	7.1125	6.449999999999999	14.325	20.2625	57.3875	0.0	0.0	0.0	999274.0	33308.4	7.1125	6.449999999999999	14.325	20.2625	57.3875
