concurrency	elapsed-r	errors-r	ops(total)-r	ops/sec(cum)-r	avg(ms)-r	p50(ms)-r	p95(ms)-r	p99(ms)-r	pMax(ms)-r	total-r	elapsed-w	errors-w	ops(total)-w	ops/sec(cum)-w	avg(ms)-w	p50(ms)-w	p95(ms)-w	p99(ms)-w	pMax(ms)-w	total-w	elapsed	errors	ops(total)	ops/sec(cum)	avg(ms)	p50(ms)	p95(ms)	p99(ms)	pMax(ms)
47	0.0	0.0	547033.0	18233.7	12.612499999999999	2.65	65.0	253.775	559.9499999999999	0.0	0.0	0.0	29032.0	967.7	145.9625	142.6	202.35000000000002	400.5875	666.9	0.0	0.0	0.0	576065.0	19201.3	19.3375	2.7749999999999995	142.6	262.1	666.9
