concurrency	elapsed-r	errors-r	ops(total)-r	ops/sec(cum)-r	avg(ms)-r	p50(ms)-r	p95(ms)-r	p99(ms)-r	pMax(ms)-r	total-r	elapsed-w	errors-w	ops(total)-w	ops/sec(cum)-w	avg(ms)-w	p50(ms)-w	p95(ms)-w	p99(ms)-w	pMax(ms)-w	total-w	elapsed	errors	ops(total)	ops/sec(cum)	avg(ms)	p50(ms)	p95(ms)	p99(ms)	pMax(ms)
7	0.0	0.0	372128.0	12403.900000000001	2.55	2.2625	4.95	6.2875	16.849999999999998	0.0	0.0	0.0	19649.0	655.0	32.5375	40.324999999999996	75.5	87.05	103.32500000000002	0.0	0.0	0.0	391777.0	13058.900000000001	4.0875	2.35	5.6	62.11249999999999	103.32500000000002
