concurrency	elapsed-w	errors-w	ops(total)-w	ops/sec(cum)-w	avg(ms)-w	p50(ms)-w	p95(ms)-w	p99(ms)-w	pMax(ms)-w	total-w	elapsed	errors	ops(total)	ops/sec(cum)	avg(ms)	p50(ms)	p95(ms)	p99(ms)	pMax(ms)
59	0.0	0.0	4243219.0	141435.9	3.05	1.6375000000000002	9.2125	14.450000000000001	177.72499999999997	0.0	0.0	0.0	4243219.0	141435.9	3.05	1.6375000000000002	9.2125	14.450000000000001	177.72499999999997
