concurrency	elapsed-r	errors-r	ops(total)-r	ops/sec(cum)-r	avg(ms)-r	p50(ms)-r	p95(ms)-r	p99(ms)-r	pMax(ms)-r	total-r	elapsed	errors	ops(total)	ops/sec(cum)	avg(ms)	p50(ms)	p95(ms)	p99(ms)	pMax(ms)
31	0.0	0.0	1520783.0	50691.6	4.5249999999999995	4.0249999999999995	9.925	14.825000000000001	112.46249999999998	0.0	0.0	0.0	1520783.0	50691.6	4.5249999999999995	4.0249999999999995	9.925	14.825000000000001	112.46249999999998
