concurrency	elapsed-r	errors-r	ops(total)-r	ops/sec(cum)-r	avg(ms)-r	p50(ms)-r	p95(ms)-r	p99(ms)-r	pMax(ms)-r	total-r	elapsed-w	errors-w	ops(total)-w	ops/sec(cum)-w	avg(ms)-w	p50(ms)-w	p95(ms)-w	p99(ms)-w	pMax(ms)-w	total-w	elapsed	errors	ops(total)	ops/sec(cum)	avg(ms)	p50(ms)	p95(ms)	p99(ms)	pMax(ms)
47	0.0	0.0	1944400.0	64811.3	4.824999999999999	4.2	11.375	17.55	47.9375	0.0	0.0	0.0	101963.0	3398.7	8.799999999999999	8.225	19.525000000000002	27.0125	53.18750000000001	0.0	0.0	0.0	2046363.0	68209.90000000001	5.0249999999999995	4.4	12.2	18.750000000000004	54.7625
