concurrency	elapsed-r	errors-r	ops(total)-r	ops/sec(cum)-r	avg(ms)-r	p50(ms)-r	p95(ms)-r	p99(ms)-r	pMax(ms)-r	total-r	elapsed-w	errors-w	ops(total)-w	ops/sec(cum)-w	avg(ms)-w	p50(ms)-w	p95(ms)-w	p99(ms)-w	pMax(ms)-w	total-w	elapsed	errors	ops(total)	ops/sec(cum)	avg(ms)	p50(ms)	p95(ms)	p99(ms)	pMax(ms)
81	0.0	0.0	1643178.0	54770.700000000004	3.0	1.9333333333333333	8.799999999999999	14.5	49.63333333333333	0.0	0.0	0.0	87033.0	2901.0	108.76666666666665	3.8000000000000003	634.7333333333333	682.9666666666667	739.5666666666666	0.0	0.0	0.0	1730211.0	57671.799999999996	8.333333333333334	1.9666666666666668	9.466666666666667	24.833333333333332	739.5666666666666
