concurrency	elapsed-w	errors-w	ops(total)-w	ops/sec(cum)-w	avg(ms)-w	p50(ms)-w	p95(ms)-w	p99(ms)-w	pMax(ms)-w	total-w	elapsed	errors	ops(total)	ops/sec(cum)	avg(ms)	p50(ms)	p95(ms)	p99(ms)	pMax(ms)
32	0.0	0.0	3329401.0	110978.3	2.0999999999999996	1.9625	3.6875	6.25	20.7125	0.0	0.0	0.0	3329401.0	110978.3	2.0999999999999996	1.9625	3.6875	6.25	20.7125
