concurrency	elapsed-r	errors-r	ops(total)-r	ops/sec(cum)-r	avg(ms)-r	p50(ms)-r	p95(ms)-r	p99(ms)-r	pMax(ms)-r	total-r	elapsed-w	errors-w	ops(total)-w	ops/sec(cum)-w	avg(ms)-w	p50(ms)-w	p95(ms)-w	p99(ms)-w	pMax(ms)-w	total-w	elapsed	errors	ops(total)	ops/sec(cum)	avg(ms)	p50(ms)	p95(ms)	p99(ms)	pMax(ms)
43	0.0	0.0	1949720.0	64988.299999999996	4.3875	3.8875	10.25	15.850000000000001	75.475	0.0	0.0	0.0	102713.0	3423.5999999999995	7.9375	7.449999999999999	17.55	24.112499999999997	48.9875	0.0	0.0	0.0	2052433.0	68412.1	4.5625	3.9125	10.875	16.925	76.0
