concurrency	elapsed-r	errors-r	ops(total)-r	ops/sec(cum)-r	avg(ms)-r	p50(ms)-r	p95(ms)-r	p99(ms)-r	pMax(ms)-r	total-r	elapsed-w	errors-w	ops(total)-w	ops/sec(cum)-w	avg(ms)-w	p50(ms)-w	p95(ms)-w	p99(ms)-w	pMax(ms)-w	total-w	elapsed	errors	ops(total)	ops/sec(cum)	avg(ms)	p50(ms)	p95(ms)	p99(ms)	pMax(ms)
80	0.0	0.0	704747.0	23490.5	5.833333333333333	3.5	13.799999999999999	27.633333333333336	192.9333333333333	0.0	0.0	0.0	37334.0	1244.3000000000002	12.633333333333335	10.666666666666666	31.833333333333332	51.699999999999996	114.60000000000001	0.0	0.0	0.0	742081.0	24734.899999999998	6.2	3.7000000000000006	16.3	29.73333333333333	192.9333333333333
