concurrency	elapsed-r	errors-r	ops(total)-r	ops/sec(cum)-r	avg(ms)-r	p50(ms)-r	p95(ms)-r	p99(ms)-r	pMax(ms)-r	total-r	elapsed-w	errors-w	ops(total)-w	ops/sec(cum)-w	avg(ms)-w	p50(ms)-w	p95(ms)-w	p99(ms)-w	pMax(ms)-w	total-w	elapsed	errors	ops(total)	ops/sec(cum)	avg(ms)	p50(ms)	p95(ms)	p99(ms)	pMax(ms)
24	0.0	0.0	1870156.0	62337.09999999999	2.5124999999999997	2.2375000000000003	5.5	9.775	61.4625	0.0	0.0	0.0	98612.0	3287.0	4.875	4.55	10.625	15.512500000000001	31.875000000000007	0.0	0.0	0.0	1968768.0	65624.2	2.6374999999999997	2.2625	6.0	10.5	63.3
