concurrency	elapsed-w	errors-w	ops(total)-w	ops/sec(cum)-w	avg(ms)-w	p50(ms)-w	p95(ms)-w	p99(ms)-w	pMax(ms)-w	total-w	elapsed	errors	ops(total)	ops/sec(cum)	avg(ms)	p50(ms)	p95(ms)	p99(ms)	pMax(ms)
16	0.0	0.0	3369665.0	112320.80000000002	0.9750000000000001	0.8750000000000001	2.3499999999999996	2.9875	17.7	0.0	0.0	0.0	3369665.0	112320.80000000002	0.9750000000000001	0.8750000000000001	2.3499999999999996	2.9875	17.7
