concurrency	elapsed-r	errors-r	ops(total)-r	ops/sec(cum)-r	avg(ms)-r	p50(ms)-r	p95(ms)-r	p99(ms)-r	pMax(ms)-r	total-r	elapsed-w	errors-w	ops(total)-w	ops/sec(cum)-w	avg(ms)-w	p50(ms)-w	p95(ms)-w	p99(ms)-w	pMax(ms)-w	total-w	elapsed	errors	ops(total)	ops/sec(cum)	avg(ms)	p50(ms)	p95(ms)	p99(ms)	pMax(ms)
39	0.0	0.0	2147972.0	71597.40000000001	3.65	3.0875000000000004	8.2	13.8	42.6875	0.0	0.0	0.0	113168.0	3772.4	5.0874999999999995	3.575	12.825	19.674999999999997	41.525000000000006	0.0	0.0	0.0	2261140.0	75369.59999999999	3.75	3.0875000000000004	8.5625	14.3	44.00000000000001
