concurrency	elapsed-r	errors-r	ops(total)-r	ops/sec(cum)-r	avg(ms)-r	p50(ms)-r	p95(ms)-r	p99(ms)-r	pMax(ms)-r	total-r	elapsed-w	errors-w	ops(total)-w	ops/sec(cum)-w	avg(ms)-w	p50(ms)-w	p95(ms)-w	p99(ms)-w	pMax(ms)-w	total-w	elapsed	errors	ops(total)	ops/sec(cum)	avg(ms)	p50(ms)	p95(ms)	p99(ms)	pMax(ms)
13	0.0	0.0	963423.0	32113.6	1.3499999999999999	1.1749999999999998	2.8000000000000003	4.125	17.8	0.0	0.0	0.0	50351.0	1678.4	2.275	2.025	4.775	8.174999999999999	19.925	0.0	0.0	0.0	1013774.0	33791.9	1.3499999999999999	1.1749999999999998	2.9	4.3999999999999995	20.175
