concurrency	elapsed-r	errors-r	ops(total)-r	ops/sec(cum)-r	avg(ms)-r	p50(ms)-r	p95(ms)-r	p99(ms)-r	pMax(ms)-r	total-r	elapsed-w	errors-w	ops(total)-w	ops/sec(cum)-w	avg(ms)-w	p50(ms)-w	p95(ms)-w	p99(ms)-w	pMax(ms)-w	total-w	elapsed	errors	ops(total)	ops/sec(cum)	avg(ms)	p50(ms)	p95(ms)	p99(ms)	pMax(ms)
84	0.0	0.0	2822593.0	47042.600000000006	3.4250000000000003	2.075	11.525	26.2	192.925	0.0	0.0	0.0	147792.0	2463.2	6.700000000000001	4.2749999999999995	23.35	39.8	155.2	0.0	0.0	0.0	2970385.0	49505.8	3.575	2.15	12.35	27.55	199.20000000000002
