concurrency	elapsed-r	errors-r	ops(total)-r	ops/sec(cum)-r	avg(ms)-r	p50(ms)-r	p95(ms)-r	p99(ms)-r	pMax(ms)-r	total-r	elapsed-w	errors-w	ops(total)-w	ops/sec(cum)-w	avg(ms)-w	p50(ms)-w	p95(ms)-w	p99(ms)-w	pMax(ms)-w	total-w	elapsed	errors	ops(total)	ops/sec(cum)	avg(ms)	p50(ms)	p95(ms)	p99(ms)	pMax(ms)
73	0.0	0.0	3006219.0	100203.29999999999	1.8599999999999999	1.3	4.859999999999999	7.659999999999999	40.26	0.0	0.0	0.0	158117.0	5270.400000000001	48.38	2.2600000000000002	260.78000000000003	275.78	322.98	0.0	0.0	0.0	3164336.0	105473.59999999999	4.180000000000001	1.32	5.18	14.139999999999997	322.98
