concurrency	elapsed-r	errors-r	ops(total)-r	ops/sec(cum)-r	avg(ms)-r	p50(ms)-r	p95(ms)-r	p99(ms)-r	pMax(ms)-r	total-r	elapsed-w	errors-w	ops(total)-w	ops/sec(cum)-w	avg(ms)-w	p50(ms)-w	p95(ms)-w	p99(ms)-w	pMax(ms)-w	total-w	elapsed	errors	ops(total)	ops/sec(cum)	avg(ms)	p50(ms)	p95(ms)	p99(ms)	pMax(ms)
88	0.0	0.0	2903194.0	96768.9	2.0200000000000005	1.4	5.34	8.54	27.580000000000002	0.0	0.0	0.0	153049.0	5101.400000000001	72.32000000000001	2.4	398.04	420.68	457.18	0.0	0.0	0.0	3056243.0	101870.3	5.540000000000001	1.44	5.76	16.06	457.18
