concurrency	elapsed-r	errors-r	ops(total)-r	ops/sec(cum)-r	avg(ms)-r	p50(ms)-r	p95(ms)-r	p99(ms)-r	pMax(ms)-r	total-r	elapsed-w	errors-w	ops(total)-w	ops/sec(cum)-w	avg(ms)-w	p50(ms)-w	p95(ms)-w	p99(ms)-w	pMax(ms)-w	total-w	elapsed	errors	ops(total)	ops/sec(cum)	avg(ms)	p50(ms)	p95(ms)	p99(ms)	pMax(ms)
80	0.0	0.0	2828852.0	94292.1	3.9800000000000004	3.34	9.260000000000002	18.46	171.51999999999998	0.0	0.0	0.0	148591.0	4952.799999999999	12.38	11.059999999999999	25.620000000000005	33.440000000000005	125.4	0.0	0.0	0.0	2977443.0	99244.9	4.42	3.38	13.219999999999999	21.639999999999997	174.87999999999997
