concurrency	elapsed-r	errors-r	ops(total)-r	ops/sec(cum)-r	avg(ms)-r	p50(ms)-r	p95(ms)-r	p99(ms)-r	pMax(ms)-r	total-r	elapsed-w	errors-w	ops(total)-w	ops/sec(cum)-w	avg(ms)-w	p50(ms)-w	p95(ms)-w	p99(ms)-w	pMax(ms)-w	total-w	elapsed	errors	ops(total)	ops/sec(cum)	avg(ms)	p50(ms)	p95(ms)	p99(ms)	pMax(ms)
49	0.0	0.0	2418400.0	80610.70000000001	4.075	3.4874999999999994	8.825	14.6125	50.5625	0.0	0.0	0.0	127312.0	4243.6	5.237500000000001	3.8375000000000004	13.6375	21.1125	52.662499999999994	0.0	0.0	0.0	2545712.0	84854.4	4.125	3.5124999999999993	9.325	15.200000000000001	54.5
