concurrency	elapsed-r	errors-r	ops(total)-r	ops/sec(cum)-r	avg(ms)-r	p50(ms)-r	p95(ms)-r	p99(ms)-r	pMax(ms)-r	total-r	elapsed	errors	ops(total)	ops/sec(cum)	avg(ms)	p50(ms)	p95(ms)	p99(ms)	pMax(ms)
24	0.0	0.0	1355840.0	45193.899999999994	4.0875	3.7874999999999996	7.85	11.799999999999999	28.325000000000003	0.0	0.0	0.0	1355840.0	45193.899999999994	4.0875	3.7874999999999996	7.85	11.799999999999999	28.325000000000003
