concurrency	elapsed-r	errors-r	ops(total)-r	ops/sec(cum)-r	avg(ms)-r	p50(ms)-r	p95(ms)-r	p99(ms)-r	pMax(ms)-r	total-r	elapsed	errors	ops(total)	ops/sec(cum)	avg(ms)	p50(ms)	p95(ms)	p99(ms)	pMax(ms)
48	0.0	0.0	1576550.0	52550.09999999999	6.800000000000001	6.25	14.450000000000001	20.8625	98.3	0.0	0.0	0.0	1576550.0	52550.09999999999	6.800000000000001	6.25	14.450000000000001	20.8625	98.3
