concurrency	elapsed-r	errors-r	ops(total)-r	ops/sec(cum)-r	avg(ms)-r	p50(ms)-r	p95(ms)-r	p99(ms)-r	pMax(ms)-r	total-r	elapsed	errors	ops(total)	ops/sec(cum)	avg(ms)	p50(ms)	p95(ms)	p99(ms)	pMax(ms)
43	0.0	0.0	1221110.0	40702.600000000006	8.4375	7.574999999999999	17.825	26.725	66.05	0.0	0.0	0.0	1221110.0	40702.600000000006	8.4375	7.574999999999999	17.825	26.725	66.05
