concurrency	elapsed-r	errors-r	ops(total)-r	ops/sec(cum)-r	avg(ms)-r	p50(ms)-r	p95(ms)-r	p99(ms)-r	pMax(ms)-r	total-r	elapsed	errors	ops(total)	ops/sec(cum)	avg(ms)	p50(ms)	p95(ms)	p99(ms)	pMax(ms)
32	0.0	0.0	1344303.0	44809.19999999999	5.5874999999999995	5.074999999999999	11.287499999999998	17.3	42.95	0.0	0.0	0.0	1344303.0	44809.19999999999	5.5874999999999995	5.074999999999999	11.287499999999998	17.3	42.95
