concurrency	elapsed-r	errors-r	ops(total)-r	ops/sec(cum)-r	avg(ms)-r	p50(ms)-r	p95(ms)-r	p99(ms)-r	pMax(ms)-r	total-r	elapsed	errors	ops(total)	ops/sec(cum)	avg(ms)	p50(ms)	p95(ms)	p99(ms)	pMax(ms)
69	0.0	0.0	1560515.0	52015.1	9.924999999999999	9.025	21.25	29.900000000000002	83.0875	0.0	0.0	0.0	1560515.0	52015.1	9.924999999999999	9.025	21.25	29.900000000000002	83.0875
