concurrency	elapsed-r	errors-r	ops(total)-r	ops/sec(cum)-r	avg(ms)-r	p50(ms)-r	p95(ms)-r	p99(ms)-r	pMax(ms)-r	total-r	elapsed-w	errors-w	ops(total)-w	ops/sec(cum)-w	avg(ms)-w	p50(ms)-w	p95(ms)-w	p99(ms)-w	pMax(ms)-w	total-w	elapsed	errors	ops(total)	ops/sec(cum)	avg(ms)	p50(ms)	p95(ms)	p99(ms)	pMax(ms)
40	0.0	0.0	917000.0	30565.699999999997	2.7999999999999994	2.3333333333333335	5.0	16.633333333333336	167.76666666666668	0.0	0.0	0.0	48338.0	1611.2000000000003	5.966666666666666	5.0	11.700000000000001	31.133333333333336	86.66666666666667	0.0	0.0	0.0	965338.0	32177.0	2.9333333333333336	2.4	6.0	17.8	180.33333333333334
