concurrency	elapsed-r	errors-r	ops(total)-r	ops/sec(cum)-r	avg(ms)-r	p50(ms)-r	p95(ms)-r	p99(ms)-r	pMax(ms)-r	total-r	elapsed-w	errors-w	ops(total)-w	ops/sec(cum)-w	avg(ms)-w	p50(ms)-w	p95(ms)-w	p99(ms)-w	pMax(ms)-w	total-w	elapsed	errors	ops(total)	ops/sec(cum)	avg(ms)	p50(ms)	p95(ms)	p99(ms)	pMax(ms)
39	0.0	0.0	1918898.0	63960.700000000004	4.0375	3.5249999999999995	9.4	14.887500000000001	68.15	0.0	0.0	0.0	101204.0	3373.4	7.474999999999999	6.924999999999999	16.425	23.724999999999998	56.6	0.0	0.0	0.0	2020102.0	67334.09999999999	4.2124999999999995	3.5749999999999997	10.125	15.700000000000001	69.2
