concurrency	elapsed-r	errors-r	ops(total)-r	ops/sec(cum)-r	avg(ms)-r	p50(ms)-r	p95(ms)-r	p99(ms)-r	pMax(ms)-r	total-r	elapsed-w	errors-w	ops(total)-w	ops/sec(cum)-w	avg(ms)-w	p50(ms)-w	p95(ms)-w	p99(ms)-w	pMax(ms)-w	total-w	elapsed	errors	ops(total)	ops/sec(cum)	avg(ms)	p50(ms)	p95(ms)	p99(ms)	pMax(ms)
111	0.0	0.0	4417299.0	147235.0	3.6399999999999997	3.0599999999999996	7.9799999999999995	16.279999999999998	130.66	0.0	0.0	0.0	231653.0	7721.4	9.84	8.86	20.380000000000003	27.78	111.34	0.0	0.0	0.0	4648952.0	154956.40000000002	3.94	3.08	10.899999999999999	17.759999999999998	130.66
