concurrency	elapsed-r	errors-r	ops(total)-r	ops/sec(cum)-r	avg(ms)-r	p50(ms)-r	p95(ms)-r	p99(ms)-r	pMax(ms)-r	total-r	elapsed-w	errors-w	ops(total)-w	ops/sec(cum)-w	avg(ms)-w	p50(ms)-w	p95(ms)-w	p99(ms)-w	pMax(ms)-w	total-w	elapsed	errors	ops(total)	ops/sec(cum)	avg(ms)	p50(ms)	p95(ms)	p99(ms)	pMax(ms)
56	0.0	0.0	1318000.0	43931.700000000004	2.6666666666666665	2.0	7.099999999999999	18.9	82.50000000000001	0.0	0.0	0.0	69241.0	2307.8999999999996	5.2	3.9	15.533333333333331	35.7	69.2	0.0	0.0	0.0	1387241.0	46239.7	2.7999999999999994	2.0	7.599999999999999	19.9	82.50000000000001
