concurrency	elapsed-r	errors-r	ops(total)-r	ops/sec(cum)-r	avg(ms)-r	p50(ms)-r	p95(ms)-r	p99(ms)-r	pMax(ms)-r	total-r	elapsed-w	errors-w	ops(total)-w	ops/sec(cum)-w	avg(ms)-w	p50(ms)-w	p95(ms)-w	p99(ms)-w	pMax(ms)-w	total-w	elapsed	errors	ops(total)	ops/sec(cum)	avg(ms)	p50(ms)	p95(ms)	p99(ms)	pMax(ms)
48	0.0	0.0	2201877.0	73394.0	1.7000000000000002	1.3666666666666665	3.8333333333333335	6.333333333333333	29.7	0.0	0.0	0.0	114682.0	3822.6	3.0	2.3000000000000003	7.633333333333333	13.1	33.56666666666667	0.0	0.0	0.0	2316559.0	77216.6	1.7666666666666666	1.3666666666666665	3.9333333333333336	6.866666666666667	33.9
