concurrency	elapsed-r	errors-r	ops(total)-r	ops/sec(cum)-r	avg(ms)-r	p50(ms)-r	p95(ms)-r	p99(ms)-r	pMax(ms)-r	total-r	elapsed-w	errors-w	ops(total)-w	ops/sec(cum)-w	avg(ms)-w	p50(ms)-w	p95(ms)-w	p99(ms)-w	pMax(ms)-w	total-w	elapsed	errors	ops(total)	ops/sec(cum)	avg(ms)	p50(ms)	p95(ms)	p99(ms)	pMax(ms)
63	0.0	0.0	4288093.0	142931.8	2.925	2.5125	6.35	10.6875	218.09999999999997	0.0	0.0	0.0	225858.0	7528.299999999999	3.0250000000000004	2.525	6.499999999999999	11.674999999999999	181.4	0.0	0.0	0.0	4513951.0	150460.2	2.925	2.525	6.35	10.725	219.14999999999998
