concurrency	elapsed-r	errors-r	ops(total)-r	ops/sec(cum)-r	avg(ms)-r	p50(ms)-r	p95(ms)-r	p99(ms)-r	pMax(ms)-r	total-r	elapsed-w	errors-w	ops(total)-w	ops/sec(cum)-w	avg(ms)-w	p50(ms)-w	p95(ms)-w	p99(ms)-w	pMax(ms)-w	total-w	elapsed	errors	ops(total)	ops/sec(cum)	avg(ms)	p50(ms)	p95(ms)	p99(ms)	pMax(ms)
6	0.0	0.0	791777.0	26392.2	1.4875	1.275	3.125	4.3	76.78750000000001	0.0	0.0	0.0	41815.0	1393.8	2.7249999999999996	2.15	6.5874999999999995	11.275	39.1875	0.0	0.0	0.0	833592.0	27786.0	1.5374999999999999	1.2874999999999999	3.224999999999999	4.7875	96.5875
