concurrency	elapsed-r	errors-r	ops(total)-r	ops/sec(cum)-r	avg(ms)-r	p50(ms)-r	p95(ms)-r	p99(ms)-r	pMax(ms)-r	total-r	elapsed-w	errors-w	ops(total)-w	ops/sec(cum)-w	avg(ms)-w	p50(ms)-w	p95(ms)-w	p99(ms)-w	pMax(ms)-w	total-w	elapsed	errors	ops(total)	ops/sec(cum)	avg(ms)	p50(ms)	p95(ms)	p99(ms)	pMax(ms)
32	0.0	0.0	3306800.0	110224.5	1.9999999999999998	1.9	3.7	6.6000000000000005	118.5	0.0	0.0	0.0	173870.0	5795.699999999999	1.9999999999999998	1.9	3.7125	6.7250000000000005	17.562499999999996	0.0	0.0	0.0	3480670.0	116020.1	1.9999999999999998	1.9	3.7	6.6000000000000005	118.5
