concurrency	elapsed-r	errors-r	ops(total)-r	ops/sec(cum)-r	avg(ms)-r	p50(ms)-r	p95(ms)-r	p99(ms)-r	pMax(ms)-r	total-r	elapsed-w	errors-w	ops(total)-w	ops/sec(cum)-w	avg(ms)-w	p50(ms)-w	p95(ms)-w	p99(ms)-w	pMax(ms)-w	total-w	elapsed	errors	ops(total)	ops/sec(cum)	avg(ms)	p50(ms)	p95(ms)	p99(ms)	pMax(ms)
63	0.0	0.0	1961278.0	65372.5	6.425	5.737499999999999	15.075000000000001	23.099999999999998	60.012499999999996	0.0	0.0	0.0	103197.0	3439.6000000000004	11.625	11.125	25.324999999999996	34.775000000000006	60.0125	0.0	0.0	0.0	2064475.0	68812.0	6.675000000000001	5.85	16.0	24.237499999999997	62.375
