concurrency	elapsed-r	errors-r	ops(total)-r	ops/sec(cum)-r	avg(ms)-r	p50(ms)-r	p95(ms)-r	p99(ms)-r	pMax(ms)-r	total-r	elapsed-w	errors-w	ops(total)-w	ops/sec(cum)-w	avg(ms)-w	p50(ms)-w	p95(ms)-w	p99(ms)-w	pMax(ms)-w	total-w	elapsed	errors	ops(total)	ops/sec(cum)	avg(ms)	p50(ms)	p95(ms)	p99(ms)	pMax(ms)
16	0.0	0.0	606516.0	20216.7	1.9749999999999999	1.5	4.325	5.6	111.67500000000001	0.0	0.0	0.0	31862.0	1062.1	78.7375	2.65	218.09999999999997	234.90000000000003	255.85	0.0	0.0	0.0	638378.0	21278.7	5.799999999999999	1.5499999999999998	4.6625000000000005	209.70000000000002	255.85
