concurrency	elapsed-r	errors-r	ops(total)-r	ops/sec(cum)-r	avg(ms)-r	p50(ms)-r	p95(ms)-r	p99(ms)-r	pMax(ms)-r	total-r	elapsed	errors	ops(total)	ops/sec(cum)	avg(ms)	p50(ms)	p95(ms)	p99(ms)	pMax(ms)
23	0.0	0.0	1384507.0	46149.5	3.825	3.4999999999999996	7.2	10.899999999999999	29.762500000000003	0.0	0.0	0.0	1384507.0	46149.5	3.825	3.4999999999999996	7.2	10.899999999999999	29.762500000000003
