concurrency	elapsed-r	errors-r	ops(total)-r	ops/sec(cum)-r	avg(ms)-r	p50(ms)-r	p95(ms)-r	p99(ms)-r	pMax(ms)-r	total-r	elapsed-w	errors-w	ops(total)-w	ops/sec(cum)-w	avg(ms)-w	p50(ms)-w	p95(ms)-w	p99(ms)-w	pMax(ms)-w	total-w	elapsed	errors	ops(total)	ops/sec(cum)	avg(ms)	p50(ms)	p95(ms)	p99(ms)	pMax(ms)
37	0.0	0.0	1942668.0	64754.09999999999	3.8000000000000003	3.325	8.9	13.899999999999999	37.9875	0.0	0.0	0.0	102259.0	3408.7	6.7875000000000005	6.4125	14.887500000000001	21.125	47.4125	0.0	0.0	0.0	2044927.0	68162.7	3.9374999999999996	3.4000000000000004	9.4	14.950000000000001	47.9375
