concurrency	elapsed-r	errors-r	ops(total)-r	ops/sec(cum)-r	avg(ms)-r	p50(ms)-r	p95(ms)-r	p99(ms)-r	pMax(ms)-r	total-r	elapsed-w	errors-w	ops(total)-w	ops/sec(cum)-w	avg(ms)-w	p50(ms)-w	p95(ms)-w	p99(ms)-w	pMax(ms)-w	total-w	elapsed	errors	ops(total)	ops/sec(cum)	avg(ms)	p50(ms)	p95(ms)	p99(ms)	pMax(ms)
48	0.0	0.0	2051274.0	68374.20000000001	2.0	1.7	2.9333333333333336	10.699999999999998	88.23333333333333	0.0	0.0	0.0	107625.0	3587.4	3.9	3.5333333333333337	7.3	14.433333333333332	22.73333333333333	0.0	0.0	0.0	2158899.0	71961.5	2.066666666666667	1.7666666666666668	3.8000000000000003	11.066666666666668	88.39999999999999
