concurrency	elapsed-r	errors-r	ops(total)-r	ops/sec(cum)-r	avg(ms)-r	p50(ms)-r	p95(ms)-r	p99(ms)-r	pMax(ms)-r	total-r	elapsed-w	errors-w	ops(total)-w	ops/sec(cum)-w	avg(ms)-w	p50(ms)-w	p95(ms)-w	p99(ms)-w	pMax(ms)-w	total-w	elapsed	errors	ops(total)	ops/sec(cum)	avg(ms)	p50(ms)	p95(ms)	p99(ms)	pMax(ms)
160	0.0	0.0	2775993.0	92526.09999999999	5.84	3.9799999999999995	19.1	38.14	434.53999999999996	0.0	0.0	0.0	145927.0	4863.799999999999	72.85999999999999	13.86	44.879999999999995	1993.1200000000001	7355.139999999999	0.0	0.0	0.0	2921920.0	97389.90000000001	9.239999999999998	4.0600000000000005	21.619999999999997	42.76	7355.139999999999
