concurrency	elapsed-r	errors-r	ops(total)-r	ops/sec(cum)-r	avg(ms)-r	p50(ms)-r	p95(ms)-r	p99(ms)-r	pMax(ms)-r	total-r	elapsed-w	errors-w	ops(total)-w	ops/sec(cum)-w	avg(ms)-w	p50(ms)-w	p95(ms)-w	p99(ms)-w	pMax(ms)-w	total-w	elapsed	errors	ops(total)	ops/sec(cum)	avg(ms)	p50(ms)	p95(ms)	p99(ms)	pMax(ms)
66	0.0	0.0	4073160.0	135766.8	3.3500000000000005	2.3125	9.05	14.7375	218.09999999999997	0.0	0.0	0.0	214076.0	7135.5	3.5	2.3625000000000003	9.5	15.200000000000001	152.0375	0.0	0.0	0.0	4287236.0	142902.3	3.3500000000000005	2.3125	9.05	14.7375	219.14999999999995
