concurrency	elapsed-r	errors-r	ops(total)-r	ops/sec(cum)-r	avg(ms)-r	p50(ms)-r	p95(ms)-r	p99(ms)-r	pMax(ms)-r	total-r	elapsed	errors	ops(total)	ops/sec(cum)	avg(ms)	p50(ms)	p95(ms)	p99(ms)	pMax(ms)
10	0.0	0.0	1270817.0	42360.200000000004	1.7249999999999999	1.6250000000000002	2.6499999999999995	4.8625	15.8125	0.0	0.0	0.0	1270817.0	42360.200000000004	1.7249999999999999	1.6250000000000002	2.6499999999999995	4.8625	15.8125
