concurrency	elapsed-r	errors-r	ops(total)-r	ops/sec(cum)-r	avg(ms)-r	p50(ms)-r	p95(ms)-r	p99(ms)-r	pMax(ms)-r	total-r	elapsed-w	errors-w	ops(total)-w	ops/sec(cum)-w	avg(ms)-w	p50(ms)-w	p95(ms)-w	p99(ms)-w	pMax(ms)-w	total-w	elapsed	errors	ops(total)	ops/sec(cum)	avg(ms)	p50(ms)	p95(ms)	p99(ms)	pMax(ms)
115	0.0	0.0	4446556.0	148207.2	3.9400000000000004	3.2600000000000002	9.16	17.72	118.7	0.0	0.0	0.0	234518.0	7816.5999999999985	10.239999999999998	9.059999999999999	21.280000000000005	29.46	96.9	0.0	0.0	0.0	4681074.0	156023.9	4.26	3.2800000000000002	11.72	19.46	118.7
