concurrency	elapsed-r	errors-r	ops(total)-r	ops/sec(cum)-r	avg(ms)-r	p50(ms)-r	p95(ms)-r	p99(ms)-r	pMax(ms)-r	total-r	elapsed-w	errors-w	ops(total)-w	ops/sec(cum)-w	avg(ms)-w	p50(ms)-w	p95(ms)-w	p99(ms)-w	pMax(ms)-w	total-w	elapsed	errors	ops(total)	ops/sec(cum)	avg(ms)	p50(ms)	p95(ms)	p99(ms)	pMax(ms)
80	0.0	0.0	2546336.0	84875.4	2.966666666666667	2.533333333333333	6.1000000000000005	14.166666666666666	64.5	0.0	0.0	0.0	133848.0	4461.400000000001	7.133333333333334	6.166666666666667	15.5	23.433333333333334	53.46666666666666	0.0	0.0	0.0	2680184.0	89336.8	3.2000000000000006	2.533333333333333	7.6000000000000005	14.833333333333334	64.66666666666667
