concurrency	elapsed-r	errors-r	ops(total)-r	ops/sec(cum)-r	avg(ms)-r	p50(ms)-r	p95(ms)-r	p99(ms)-r	pMax(ms)-r	total-r	elapsed-w	errors-w	ops(total)-w	ops/sec(cum)-w	avg(ms)-w	p50(ms)-w	p95(ms)-w	p99(ms)-w	pMax(ms)-w	total-w	elapsed	errors	ops(total)	ops/sec(cum)	avg(ms)	p50(ms)	p95(ms)	p99(ms)	pMax(ms)
54	0.0	0.0	3314223.0	110470.4	3.4750000000000005	3.325	7.9875	11.725	50.86249999999999	0.0	0.0	0.0	174178.0	5805.700000000001	3.4750000000000005	3.325	8.025	11.875	23.225	0.0	0.0	0.0	3488401.0	116276.20000000001	3.4750000000000005	3.325	7.9875	11.725	50.86249999999999
