concurrency	elapsed-r	errors-r	ops(total)-r	ops/sec(cum)-r	avg(ms)-r	p50(ms)-r	p95(ms)-r	p99(ms)-r	pMax(ms)-r	total-r	elapsed-w	errors-w	ops(total)-w	ops/sec(cum)-w	avg(ms)-w	p50(ms)-w	p95(ms)-w	p99(ms)-w	pMax(ms)-w	total-w	elapsed	errors	ops(total)	ops/sec(cum)	avg(ms)	p50(ms)	p95(ms)	p99(ms)	pMax(ms)
51	0.0	0.0	1957217.0	65238.5	5.1875	4.65	12.224999999999998	18.900000000000002	47.93749999999999	0.0	0.0	0.0	103892.0	3463.0000000000005	9.325000000000001	8.9625	20.0375	28.062500000000004	51.612500000000004	0.0	0.0	0.0	2061109.0	68701.4	5.387499999999999	4.775	12.849999999999998	19.900000000000002	52.662499999999994
