concurrency	elapsed-w	errors-w	ops(total)-w	ops/sec(cum)-w	avg(ms)-w	p50(ms)-w	p95(ms)-w	p99(ms)-w	pMax(ms)-w	total-w	elapsed	errors	ops(total)	ops/sec(cum)	avg(ms)	p50(ms)	p95(ms)	p99(ms)	pMax(ms)
11	0.0	0.0	639031.0	21300.8	3.8874999999999997	2.9749999999999996	7.4875	37.2125	108.0125	0.0	0.0	0.0	639031.0	21300.8	3.8874999999999997	2.9749999999999996	7.4875	37.2125	108.0125
