concurrency	elapsed-r	errors-r	ops(total)-r	ops/sec(cum)-r	avg(ms)-r	p50(ms)-r	p95(ms)-r	p99(ms)-r	pMax(ms)-r	total-r	elapsed-w	errors-w	ops(total)-w	ops/sec(cum)-w	avg(ms)-w	p50(ms)-w	p95(ms)-w	p99(ms)-w	pMax(ms)-w	total-w	elapsed	errors	ops(total)	ops/sec(cum)	avg(ms)	p50(ms)	p95(ms)	p99(ms)	pMax(ms)
14	0.0	0.0	974773.0	32492.0	2.8749999999999996	2.0	7.4	14.5625	181.38750000000002	0.0	0.0	0.0	51321.0	1710.6999999999998	6.4375	3.525	24.375	40.849999999999994	191.88750000000002	0.0	0.0	0.0	1026094.0	34202.6	3.0375	2.0	7.85	18.762500000000003	193.9625
