concurrency	elapsed-r	errors-r	ops(total)-r	ops/sec(cum)-r	avg(ms)-r	p50(ms)-r	p95(ms)-r	p99(ms)-r	pMax(ms)-r	total-r	elapsed-w	errors-w	ops(total)-w	ops/sec(cum)-w	avg(ms)-w	p50(ms)-w	p95(ms)-w	p99(ms)-w	pMax(ms)-w	total-w	elapsed	errors	ops(total)	ops/sec(cum)	avg(ms)	p50(ms)	p95(ms)	p99(ms)	pMax(ms)
39	0.0	0.0	462496.0	15416.1	3.65	2.3125000000000004	9.787500000000001	16.1375	73.1375	0.0	0.0	0.0	24112.0	803.7	304.5625	4.325	1610.6000000000001	1728.0249999999996	1879.0	0.0	0.0	0.0	486608.0	16219.900000000001	18.575	2.3499999999999996	10.625	499.1125	1879.0
