concurrency	elapsed-r	errors-r	ops(total)-r	ops/sec(cum)-r	avg(ms)-r	p50(ms)-r	p95(ms)-r	p99(ms)-r	pMax(ms)-r	total-r	elapsed-w	errors-w	ops(total)-w	ops/sec(cum)-w	avg(ms)-w	p50(ms)-w	p95(ms)-w	p99(ms)-w	pMax(ms)-w	total-w	elapsed	errors	ops(total)	ops/sec(cum)	avg(ms)	p50(ms)	p95(ms)	p99(ms)	pMax(ms)
48	0.0	0.0	1935260.0	64506.2	4.9875	4.3	11.925	18.75	102.77499999999999	0.0	0.0	0.0	101664.0	3388.8	9.1625	8.325	20.7125	28.987500000000004	57.3875	0.0	0.0	0.0	2036924.0	67895.0	5.1875	4.425000000000001	12.724999999999998	19.7875	104.35
