concurrency	elapsed-r	errors-r	ops(total)-r	ops/sec(cum)-r	avg(ms)-r	p50(ms)-r	p95(ms)-r	p99(ms)-r	pMax(ms)-r	total-r	elapsed	errors	ops(total)	ops/sec(cum)	avg(ms)	p50(ms)	p95(ms)	p99(ms)	pMax(ms)
7	0.0	0.0	1199452.0	39981.3	1.2750000000000001	1.2000000000000002	1.75	3.1249999999999996	12.399999999999999	0.0	0.0	0.0	1199452.0	39981.3	1.2750000000000001	1.2000000000000002	1.75	3.1249999999999996	12.399999999999999
