concurrency	elapsed-r	errors-r	ops(total)-r	ops/sec(cum)-r	avg(ms)-r	p50(ms)-r	p95(ms)-r	p99(ms)-r	pMax(ms)-r	total-r	elapsed-w	errors-w	ops(total)-w	ops/sec(cum)-w	avg(ms)-w	p50(ms)-w	p95(ms)-w	p99(ms)-w	pMax(ms)-w	total-w	elapsed	errors	ops(total)	ops/sec(cum)	avg(ms)	p50(ms)	p95(ms)	p99(ms)	pMax(ms)
136	0.0	0.0	4661229.0	155363.3	3.9599999999999995	3.4	8.82	17.599999999999998	149.54000000000002	0.0	0.0	0.0	245104.0	8169.5	12.24	11.52	24.419999999999998	31.859999999999996	130.44	0.0	0.0	0.0	4906333.0	163532.7	4.380000000000001	3.4	12.959999999999999	20.56	153.92000000000002
