concurrency	elapsed-r	errors-r	ops(total)-r	ops/sec(cum)-r	avg(ms)-r	p50(ms)-r	p95(ms)-r	p99(ms)-r	pMax(ms)-r	total-r	elapsed-w	errors-w	ops(total)-w	ops/sec(cum)-w	avg(ms)-w	p50(ms)-w	p95(ms)-w	p99(ms)-w	pMax(ms)-w	total-w	elapsed	errors	ops(total)	ops/sec(cum)	avg(ms)	p50(ms)	p95(ms)	p99(ms)	pMax(ms)
64	0.0	0.0	951771.0	31724.199999999997	4.0	3.0	8.4	23.433333333333337	78.3	0.0	0.0	0.0	49926.0	1664.1	9.133333333333333	7.8	22.733333333333334	51.0	83.89999999999999	0.0	0.0	0.0	1001697.0	33388.4	4.2	3.1	10.333333333333334	25.2	83.89999999999999
