concurrency	elapsed-w	errors-w	ops(total)-w	ops/sec(cum)-w	avg(ms)-w	p50(ms)-w	p95(ms)-w	p99(ms)-w	pMax(ms)-w	total-w	elapsed	errors	ops(total)	ops/sec(cum)	avg(ms)	p50(ms)	p95(ms)	p99(ms)	pMax(ms)
42	0.0	0.0	3545229.0	118171.80000000002	2.5875	2.5000000000000004	4.7625	7.925	27.1375	0.0	0.0	0.0	3545229.0	118171.80000000002	2.5875	2.5000000000000004	4.7625	7.925	27.1375
