concurrency	elapsed-r	errors-r	ops(total)-r	ops/sec(cum)-r	avg(ms)-r	p50(ms)-r	p95(ms)-r	p99(ms)-r	pMax(ms)-r	total-r	elapsed-w	errors-w	ops(total)-w	ops/sec(cum)-w	avg(ms)-w	p50(ms)-w	p95(ms)-w	p99(ms)-w	pMax(ms)-w	total-w	elapsed	errors	ops(total)	ops/sec(cum)	avg(ms)	p50(ms)	p95(ms)	p99(ms)	pMax(ms)
34	0.0	0.0	2847844.0	94926.20000000001	2.4000000000000004	2.2	4.35	8.1625	49.275	0.0	0.0	0.0	149768.0	4992.3	2.7499999999999996	2.2874999999999996	6.6125	10.475	24.249999999999996	0.0	0.0	0.0	2997612.0	99918.4	2.4000000000000004	2.2125	4.375	8.35	49.275
