concurrency	elapsed-r	errors-r	ops(total)-r	ops/sec(cum)-r	avg(ms)-r	p50(ms)-r	p95(ms)-r	p99(ms)-r	pMax(ms)-r	total-r	elapsed-w	errors-w	ops(total)-w	ops/sec(cum)-w	avg(ms)-w	p50(ms)-w	p95(ms)-w	p99(ms)-w	pMax(ms)-w	total-w	elapsed	errors	ops(total)	ops/sec(cum)	avg(ms)	p50(ms)	p95(ms)	p99(ms)	pMax(ms)
31	0.0	0.0	163396.0	5446.1	5.35	5.4	9.525	12.712499999999999	68.025	0.0	0.0	0.0	8431.0	281.0	758.75	973.1000000000001	1040.2	1040.2	1082.1	0.0	0.0	0.0	171827.0	5727.3	42.3875	5.499999999999999	13.374999999999998	1006.6000000000001	1082.1
