concurrency	elapsed-r	errors-r	ops(total)-r	ops/sec(cum)-r	avg(ms)-r	p50(ms)-r	p95(ms)-r	p99(ms)-r	pMax(ms)-r	total-r	elapsed	errors	ops(total)	ops/sec(cum)	avg(ms)	p50(ms)	p95(ms)	p99(ms)	pMax(ms)
38	0.0	0.0	1542164.0	51403.600000000006	5.4624999999999995	4.975	11.95	17.4875	163.8375	0.0	0.0	0.0	1542164.0	51403.600000000006	5.4624999999999995	4.975	11.95	17.4875	163.8375
