concurrency	elapsed-r	errors-r	ops(total)-r	ops/sec(cum)-r	avg(ms)-r	p50(ms)-r	p95(ms)-r	p99(ms)-r	pMax(ms)-r	total-r	elapsed	errors	ops(total)	ops/sec(cum)	avg(ms)	p50(ms)	p95(ms)	p99(ms)	pMax(ms)
25	0.0	0.0	1363470.0	45448.399999999994	2.05	1.925	3.375	5.875	20.974999999999998	0.0	0.0	0.0	1363470.0	45448.399999999994	2.05	1.925	3.375	5.875	20.974999999999998
