concurrency	elapsed-r	errors-r	ops(total)-r	ops/sec(cum)-r	avg(ms)-r	p50(ms)-r	p95(ms)-r	p99(ms)-r	pMax(ms)-r	total-r	elapsed-w	errors-w	ops(total)-w	ops/sec(cum)-w	avg(ms)-w	p50(ms)-w	p95(ms)-w	p99(ms)-w	pMax(ms)-w	total-w	elapsed	errors	ops(total)	ops/sec(cum)	avg(ms)	p50(ms)	p95(ms)	p99(ms)	pMax(ms)
80	0.0	0.0	3128645.0	104284.9	3.325	2.675	6.8999999999999995	16.1	66.32499999999999	0.0	0.0	0.0	164892.0	5496.200000000001	7.7	6.8	16.525	24.05	59.0	0.0	0.0	0.0	3293537.0	109781.3	3.525	2.8	8.25	16.925000000000004	66.32499999999999
