concurrency	elapsed-r	errors-r	ops(total)-r	ops/sec(cum)-r	avg(ms)-r	p50(ms)-r	p95(ms)-r	p99(ms)-r	pMax(ms)-r	total-r	elapsed-w	errors-w	ops(total)-w	ops/sec(cum)-w	avg(ms)-w	p50(ms)-w	p95(ms)-w	p99(ms)-w	pMax(ms)-w	total-w	elapsed	errors	ops(total)	ops/sec(cum)	avg(ms)	p50(ms)	p95(ms)	p99(ms)	pMax(ms)
26	0.0	0.0	1196390.0	39878.799999999996	4.750000000000001	4.7	8.3375	10.0	22.424999999999997	0.0	0.0	0.0	63213.0	2106.9999999999995	4.799999999999999	4.737500000000001	8.3125	10.0	19.074999999999996	0.0	0.0	0.0	1259603.0	41985.6	4.750000000000001	4.7	8.3375	10.0	23.6
