concurrency	elapsed-r	errors-r	ops(total)-r	ops/sec(cum)-r	avg(ms)-r	p50(ms)-r	p95(ms)-r	p99(ms)-r	pMax(ms)-r	total-r	elapsed-w	errors-w	ops(total)-w	ops/sec(cum)-w	avg(ms)-w	p50(ms)-w	p95(ms)-w	p99(ms)-w	pMax(ms)-w	total-w	elapsed	errors	ops(total)	ops/sec(cum)	avg(ms)	p50(ms)	p95(ms)	p99(ms)	pMax(ms)
15	0.0	0.0	1629135.0	54303.6	1.8375000000000001	1.6124999999999998	3.4749999999999996	7.3500000000000005	21.1	0.0	0.0	0.0	85436.0	2847.9	2.8125	2.275	6.3	10.55	19.400000000000002	0.0	0.0	0.0	1714571.0	57151.50000000001	1.875	1.6375	3.825	7.5874999999999995	21.5
