concurrency	elapsed-r	errors-r	ops(total)-r	ops/sec(cum)-r	avg(ms)-r	p50(ms)-r	p95(ms)-r	p99(ms)-r	pMax(ms)-r	total-r	elapsed-w	errors-w	ops(total)-w	ops/sec(cum)-w	avg(ms)-w	p50(ms)-w	p95(ms)-w	p99(ms)-w	pMax(ms)-w	total-w	elapsed	errors	ops(total)	ops/sec(cum)	avg(ms)	p50(ms)	p95(ms)	p99(ms)	pMax(ms)
37	0.0	0.0	1929552.0	64316.799999999996	3.8000000000000003	3.2625	9.025	14.362499999999999	61.325	0.0	0.0	0.0	100919.0	3363.8999999999996	7.4	6.7375	16.7375	23.749999999999996	66.0375	0.0	0.0	0.0	2030471.0	67680.79999999999	3.9750000000000005	3.3625000000000003	9.775	15.400000000000002	77.0625
