concurrency	elapsed-r	errors-r	ops(total)-r	ops/sec(cum)-r	avg(ms)-r	p50(ms)-r	p95(ms)-r	p99(ms)-r	pMax(ms)-r	total-r	elapsed-w	errors-w	ops(total)-w	ops/sec(cum)-w	avg(ms)-w	p50(ms)-w	p95(ms)-w	p99(ms)-w	pMax(ms)-w	total-w	elapsed	errors	ops(total)	ops/sec(cum)	avg(ms)	p50(ms)	p95(ms)	p99(ms)	pMax(ms)
33	0.0	0.0	1008995.0	33632.299999999996	10.95	11.6	26.9375	33.65	73.89999999999999	0.0	0.0	0.0	53062.0	1768.6999999999998	13.1875	14.075000000000001	32.8375	47.949999999999996	108.525	0.0	0.0	0.0	1062057.0	35400.8	11.05	11.725000000000001	27.324999999999996	33.65	108.525
