concurrency	elapsed-r	errors-r	ops(total)-r	ops/sec(cum)-r	avg(ms)-r	p50(ms)-r	p95(ms)-r	p99(ms)-r	pMax(ms)-r	total-r	elapsed-w	errors-w	ops(total)-w	ops/sec(cum)-w	avg(ms)-w	p50(ms)-w	p95(ms)-w	p99(ms)-w	pMax(ms)-w	total-w	elapsed	errors	ops(total)	ops/sec(cum)	avg(ms)	p50(ms)	p95(ms)	p99(ms)	pMax(ms)
52	0.0	0.0	3435936.0	114528.20000000001	3.1125	2.9125000000000005	5.199999999999999	9.975	51.2625	0.0	0.0	0.0	181024.0	6033.899999999999	3.1249999999999996	2.9125000000000005	5.3	10.0	48.099999999999994	0.0	0.0	0.0	3616960.0	120561.8	3.1125	2.9125000000000005	5.199999999999999	9.975	73.9375
