concurrency	elapsed-r	errors-r	ops(total)-r	ops/sec(cum)-r	avg(ms)-r	p50(ms)-r	p95(ms)-r	p99(ms)-r	pMax(ms)-r	total-r	elapsed-w	errors-w	ops(total)-w	ops/sec(cum)-w	avg(ms)-w	p50(ms)-w	p95(ms)-w	p99(ms)-w	pMax(ms)-w	total-w	elapsed	errors	ops(total)	ops/sec(cum)	avg(ms)	p50(ms)	p95(ms)	p99(ms)	pMax(ms)
17	0.0	0.0	1414559.0	47151.1	1.6999999999999997	1.2875	4.35	6.75	51.36250000000001	0.0	0.0	0.0	74383.0	2479.2000000000003	19.3375	2.2749999999999995	148.89999999999998	174.1	221.24999999999997	0.0	0.0	0.0	1488942.0	49630.600000000006	2.5375	1.3250000000000002	4.5625	8.825	221.24999999999997
