concurrency	elapsed-r	errors-r	ops(total)-r	ops/sec(cum)-r	avg(ms)-r	p50(ms)-r	p95(ms)-r	p99(ms)-r	pMax(ms)-r	total-r	elapsed-w	errors-w	ops(total)-w	ops/sec(cum)-w	avg(ms)-w	p50(ms)-w	p95(ms)-w	p99(ms)-w	pMax(ms)-w	total-w	elapsed	errors	ops(total)	ops/sec(cum)	avg(ms)	p50(ms)	p95(ms)	p99(ms)	pMax(ms)
49	0.0	0.0	3296842.0	109891.6	3.0749999999999997	2.725	5.35	15.049999999999999	76.3	0.0	0.0	0.0	173646.0	5788.0	3.2125	2.825	5.825	15.412499999999998	73.4	0.0	0.0	0.0	3470488.0	115679.8	3.0749999999999997	2.7375	5.3875	15.049999999999999	78.6375
