concurrency	elapsed-r	errors-r	ops(total)-r	ops/sec(cum)-r	avg(ms)-r	p50(ms)-r	p95(ms)-r	p99(ms)-r	pMax(ms)-r	total-r	elapsed-w	errors-w	ops(total)-w	ops/sec(cum)-w	avg(ms)-w	p50(ms)-w	p95(ms)-w	p99(ms)-w	pMax(ms)-w	total-w	elapsed	errors	ops(total)	ops/sec(cum)	avg(ms)	p50(ms)	p95(ms)	p99(ms)	pMax(ms)
72	0.0	0.0	2708135.0	90267.8	4.279999999999999	3.6	10.02	18.68	95.17999999999999	0.0	0.0	0.0	141943.0	4731.200000000001	9.74	8.620000000000001	21.3	30.18	78.86	0.0	0.0	0.0	2850078.0	94999.1	4.5600000000000005	3.6	12.24	20.14	95.17999999999999
