concurrency	elapsed-r	errors-r	ops(total)-r	ops/sec(cum)-r	avg(ms)-r	p50(ms)-r	p95(ms)-r	p99(ms)-r	pMax(ms)-r	total-r	elapsed-w	errors-w	ops(total)-w	ops/sec(cum)-w	avg(ms)-w	p50(ms)-w	p95(ms)-w	p99(ms)-w	pMax(ms)-w	total-w	elapsed	errors	ops(total)	ops/sec(cum)	avg(ms)	p50(ms)	p95(ms)	p99(ms)	pMax(ms)
31	0.0	0.0	1250727.0	41689.700000000004	5.0375	4.35	11.875	18.35	95.175	0.0	0.0	0.0	65970.0	2199.0	9.5375	8.4625	20.0375	32.262499999999996	96.5	0.0	0.0	0.0	1316697.0	43888.700000000004	5.2625	4.5	12.474999999999998	19.775000000000002	101.73750000000001
