concurrency	elapsed-r	errors-r	ops(total)-r	ops/sec(cum)-r	avg(ms)-r	p50(ms)-r	p95(ms)-r	p99(ms)-r	pMax(ms)-r	total-r	elapsed	errors	ops(total)	ops/sec(cum)	avg(ms)	p50(ms)	p95(ms)	p99(ms)	pMax(ms)	elapsed-w	errors-w	ops(total)-w	ops/sec(cum)-w	avg(ms)-w	p50(ms)-w	p95(ms)-w	p99(ms)-w	pMax(ms)-w	total-w
39	0.0	0.0	75.0	2.4999999999999996	454.23749999999995	354.925	1002.4250000000001	1136.6375	1136.6375	0.0	0.0	0.0	76.0	2.5999999999999996	460.42499999999995	371.71250000000003	998.2375000000001	1136.6375	1136.6375	0.0	0.0	1.0	0.0	119.5375	121.6375	121.6375	121.6375	121.6375	0.0
