concurrency	elapsed-r	errors-r	ops(total)-r	ops/sec(cum)-r	avg(ms)-r	p50(ms)-r	p95(ms)-r	p99(ms)-r	pMax(ms)-r	total-r	elapsed-w	errors-w	ops(total)-w	ops/sec(cum)-w	avg(ms)-w	p50(ms)-w	p95(ms)-w	p99(ms)-w	pMax(ms)-w	total-w	elapsed	errors	ops(total)	ops/sec(cum)	avg(ms)	p50(ms)	p95(ms)	p99(ms)	pMax(ms)
55	0.0	0.0	3282043.0	109398.5	3.4000000000000004	3.0999999999999996	6.024999999999999	12.8	94.4	0.0	0.0	0.0	172778.0	5759.199999999999	3.4375	3.0999999999999996	6.1125	12.812499999999998	79.3125	0.0	0.0	0.0	3454821.0	115157.4	3.4000000000000004	3.0999999999999996	6.024999999999999	12.8625	94.92500000000001
