concurrency	elapsed-r	errors-r	ops(total)-r	ops/sec(cum)-r	avg(ms)-r	p50(ms)-r	p95(ms)-r	p99(ms)-r	pMax(ms)-r	total-r	elapsed-w	errors-w	ops(total)-w	ops/sec(cum)-w	avg(ms)-w	p50(ms)-w	p95(ms)-w	p99(ms)-w	pMax(ms)-w	total-w	elapsed	errors	ops(total)	ops/sec(cum)	avg(ms)	p50(ms)	p95(ms)	p99(ms)	pMax(ms)
36	0.0	0.0	1101878.0	36728.5	2.1	1.7	3.733333333333333	11.5	70.60000000000001	0.0	0.0	0.0	58203.0	1940.1	3.7999999999999994	3.1	8.299999999999999	23.76666666666667	67.8	0.0	0.0	0.0	1160081.0	38668.600000000006	2.2	1.7666666666666666	4.5	12.6	70.60000000000001
