concurrency	elapsed-r	errors-r	ops(total)-r	ops/sec(cum)-r	avg(ms)-r	p50(ms)-r	p95(ms)-r	p99(ms)-r	pMax(ms)-r	total-r	elapsed-w	errors-w	ops(total)-w	ops/sec(cum)-w	avg(ms)-w	p50(ms)-w	p95(ms)-w	p99(ms)-w	pMax(ms)-w	total-w	elapsed	errors	ops(total)	ops/sec(cum)	avg(ms)	p50(ms)	p95(ms)	p99(ms)	pMax(ms)
76	0.0	0.0	196900.0	3281.7000000000003	3.3499999999999996	2.1	9.575	23.075000000000003	231.75	0.0	0.0	0.0	9906.0	165.1	37.900000000000006	5.05	197.10000000000002	251.675	285.2	0.0	0.0	0.0	206806.0	3446.8	5.025	2.1750000000000003	11.4	73.925	289.4
