concurrency	elapsed-r	errors-r	ops(total)-r	ops/sec(cum)-r	avg(ms)-r	p50(ms)-r	p95(ms)-r	p99(ms)-r	pMax(ms)-r	total-r	elapsed-w	errors-w	ops(total)-w	ops/sec(cum)-w	avg(ms)-w	p50(ms)-w	p95(ms)-w	p99(ms)-w	pMax(ms)-w	total-w	elapsed	errors	ops(total)	ops/sec(cum)	avg(ms)	p50(ms)	p95(ms)	p99(ms)	pMax(ms)
83	0.0	0.0	2428285.0	80939.1	2.233333333333333	1.5666666666666667	5.8999999999999995	9.6	46.13333333333333	0.0	0.0	0.0	128108.0	4270.1	19.166666666666668	2.8000000000000003	102.76666666666665	123.73333333333333	158.66666666666666	0.0	0.0	0.0	2556393.0	85209.2	3.0666666666666664	1.5999999999999999	6.3	17.666666666666668	158.66666666666666
