concurrency	elapsed-r	errors-r	ops(total)-r	ops/sec(cum)-r	avg(ms)-r	p50(ms)-r	p95(ms)-r	p99(ms)-r	pMax(ms)-r	total-r	elapsed-w	errors-w	ops(total)-w	ops/sec(cum)-w	avg(ms)-w	p50(ms)-w	p95(ms)-w	p99(ms)-w	pMax(ms)-w	total-w	elapsed	errors	ops(total)	ops/sec(cum)	avg(ms)	p50(ms)	p95(ms)	p99(ms)	pMax(ms)
62	0.0	0.0	1226617.0	40885.8	3.1	2.2	8.9	23.100000000000005	90.89999999999999	0.0	0.0	0.0	64752.0	2158.3	5.8	4.2	18.9	38.4	93.7	0.0	0.0	0.0	1291369.0	43044.100000000006	3.2000000000000006	2.2	9.4	23.76666666666667	95.10000000000001
