concurrency	elapsed-r	errors-r	ops(total)-r	ops/sec(cum)-r	avg(ms)-r	p50(ms)-r	p95(ms)-r	p99(ms)-r	pMax(ms)-r	total-r	elapsed-w	errors-w	ops(total)-w	ops/sec(cum)-w	avg(ms)-w	p50(ms)-w	p95(ms)-w	p99(ms)-w	pMax(ms)-w	total-w	elapsed	errors	ops(total)	ops/sec(cum)	avg(ms)	p50(ms)	p95(ms)	p99(ms)	pMax(ms)
8	0.0	0.0	939124.0	31303.8	1.6249999999999998	1.2875	3.5625000000000004	4.85	14.9375	0.0	0.0	0.0	49438.0	1647.8999999999999	4.5375000000000005	2.2000000000000006	18.150000000000002	27.4125	43.2125	0.0	0.0	0.0	988562.0	32951.600000000006	1.7625	1.3125	3.7249999999999996	7.3875	43.2125
