concurrency	elapsed-r	errors-r	ops(total)-r	ops/sec(cum)-r	avg(ms)-r	p50(ms)-r	p95(ms)-r	p99(ms)-r	pMax(ms)-r	total-r	elapsed-w	errors-w	ops(total)-w	ops/sec(cum)-w	avg(ms)-w	p50(ms)-w	p95(ms)-w	p99(ms)-w	pMax(ms)-w	total-w	elapsed	errors	ops(total)	ops/sec(cum)	avg(ms)	p50(ms)	p95(ms)	p99(ms)	pMax(ms)
11	0.0	0.0	1393638.0	46453.8	1.5125	1.2375	3.7499999999999996	5.762499999999999	41.3375	0.0	0.0	0.0	73294.0	2443.2000000000003	3.4124999999999996	2.15	12.2625	25.049999999999997	52.4	0.0	0.0	0.0	1466932.0	48896.90000000001	1.6124999999999998	1.2375	3.9249999999999994	6.749999999999999	55.550000000000004
