concurrency	elapsed-r	errors-r	ops(total)-r	ops/sec(cum)-r	avg(ms)-r	p50(ms)-r	p95(ms)-r	p99(ms)-r	pMax(ms)-r	total-r	elapsed-w	errors-w	ops(total)-w	ops/sec(cum)-w	avg(ms)-w	p50(ms)-w	p95(ms)-w	p99(ms)-w	pMax(ms)-w	total-w	elapsed	errors	ops(total)	ops/sec(cum)	avg(ms)	p50(ms)	p95(ms)	p99(ms)	pMax(ms)
39	0.0	0.0	1205688.0	40188.5	13.012500000000003	15.325	31.15	33.25	107.7625	0.0	0.0	0.0	63807.0	2127.0	13.1625	15.475000000000001	31.674999999999997	33.2875	74.72500000000001	0.0	0.0	0.0	1269495.0	42315.5	13.025000000000002	15.45	31.15	33.2875	107.7625
