concurrency	elapsed-r	errors-r	ops(total)-r	ops/sec(cum)-r	avg(ms)-r	p50(ms)-r	p95(ms)-r	p99(ms)-r	pMax(ms)-r	total-r	elapsed	errors	ops(total)	ops/sec(cum)	avg(ms)	p50(ms)	p95(ms)	p99(ms)	pMax(ms)
47	0.0	0.0	1251097.0	41701.9	9.049999999999999	8.175	19.125	29.2375	71.0375	0.0	0.0	0.0	1251097.0	41701.9	9.049999999999999	8.175	19.125	29.2375	71.0375
