concurrency	elapsed-r	errors-r	ops(total)-r	ops/sec(cum)-r	avg(ms)-r	p50(ms)-r	p95(ms)-r	p99(ms)-r	pMax(ms)-r	total-r	elapsed-w	errors-w	ops(total)-w	ops/sec(cum)-w	avg(ms)-w	p50(ms)-w	p95(ms)-w	p99(ms)-w	pMax(ms)-w	total-w	elapsed	errors	ops(total)	ops/sec(cum)	avg(ms)	p50(ms)	p95(ms)	p99(ms)	pMax(ms)
154	0.0	0.0	4707977.0	156919.7	4.5200000000000005	3.7399999999999998	10.860000000000001	18.86	238.66	0.0	0.0	0.0	248285.0	8275.5	13.679999999999998	12.62	27.5	36.06	182.24	0.0	0.0	0.0	4956262.0	165195.1	4.96	3.9199999999999995	14.2	22.66	238.66
