concurrency	elapsed-r	errors-r	ops(total)-r	ops/sec(cum)-r	avg(ms)-r	p50(ms)-r	p95(ms)-r	p99(ms)-r	pMax(ms)-r	total-r	elapsed-w	errors-w	ops(total)-w	ops/sec(cum)-w	avg(ms)-w	p50(ms)-w	p95(ms)-w	p99(ms)-w	pMax(ms)-w	total-w	elapsed	errors	ops(total)	ops/sec(cum)	avg(ms)	p50(ms)	p95(ms)	p99(ms)	pMax(ms)
152	0.0	0.0	4534826.0	151148.6	5.180000000000001	4.1	13.2	22.04	196.08	0.0	0.0	0.0	238429.0	7947.0	14.8	13.160000000000002	31.560000000000002	45.0	192.50000000000003	0.0	0.0	0.0	4773255.0	159095.4	5.68	4.24	16.0	26.4	199.42000000000002
