concurrency	elapsed-r	errors-r	ops(total)-r	ops/sec(cum)-r	avg(ms)-r	p50(ms)-r	p95(ms)-r	p99(ms)-r	pMax(ms)-r	total-r	elapsed-w	errors-w	ops(total)-w	ops/sec(cum)-w	avg(ms)-w	p50(ms)-w	p95(ms)-w	p99(ms)-w	pMax(ms)-w	total-w	elapsed	errors	ops(total)	ops/sec(cum)	avg(ms)	p50(ms)	p95(ms)	p99(ms)	pMax(ms)
16	0.0	0.0	1469198.0	48972.1	1.5999999999999999	1.2249999999999999	4.325	6.5	19.974999999999998	0.0	0.0	0.0	76988.0	2566.2	15.25	2.25	112.17500000000001	131.05	163.6	0.0	0.0	0.0	1546186.0	51538.399999999994	2.3000000000000003	1.2499999999999998	4.45	8.3625	163.6
