concurrency	elapsed-r	errors-r	ops(total)-r	ops/sec(cum)-r	avg(ms)-r	p50(ms)-r	p95(ms)-r	p99(ms)-r	pMax(ms)-r	total-r	elapsed-w	errors-w	ops(total)-w	ops/sec(cum)-w	avg(ms)-w	p50(ms)-w	p95(ms)-w	p99(ms)-w	pMax(ms)-w	total-w	elapsed	errors	ops(total)	ops/sec(cum)	avg(ms)	p50(ms)	p95(ms)	p99(ms)	pMax(ms)
47	0.0	0.0	421943.0	14064.3	4.05	2.45	10.8125	19.400000000000002	81.79999999999998	0.0	0.0	0.0	21912.0	730.1999999999999	416.75	4.775	2281.7000000000003	2298.4750000000004	2415.9	0.0	0.0	0.0	443855.0	14794.800000000001	24.437499999999996	2.5375	11.674999999999999	547.3625000000001	2415.9
