concurrency	elapsed-r	errors-r	ops(total)-r	ops/sec(cum)-r	avg(ms)-r	p50(ms)-r	p95(ms)-r	p99(ms)-r	pMax(ms)-r	total-r	elapsed-w	errors-w	ops(total)-w	ops/sec(cum)-w	avg(ms)-w	p50(ms)-w	p95(ms)-w	p99(ms)-w	pMax(ms)-w	total-w	elapsed	errors	ops(total)	ops/sec(cum)	avg(ms)	p50(ms)	p95(ms)	p99(ms)	pMax(ms)
55	0.0	0.0	9243.0	154.0	2.7499999999999996	1.875	8.65	16.400000000000002	37.2	0.0	0.0	0.0	333.0	5.3999999999999995	5.0	3.2249999999999996	15.325	23.35	34.1	0.0	0.0	0.0	9576.0	159.60000000000002	2.8249999999999997	1.9	8.825000000000001	17.45	38.75
