concurrency	elapsed-w	errors-w	ops(total)-w	ops/sec(cum)-w	avg(ms)-w	p50(ms)-w	p95(ms)-w	p99(ms)-w	pMax(ms)-w	total-w	elapsed	errors	ops(total)	ops/sec(cum)	avg(ms)	p50(ms)	p95(ms)	p99(ms)	pMax(ms)
13	0.0	0.0	671124.0	22370.4	4.3999999999999995	3.35	8.9	25.437499999999996	126.85000000000001	0.0	0.0	0.0	671124.0	22370.4	4.3999999999999995	3.35	8.9	25.437499999999996	126.85000000000001
