concurrency	elapsed-r	errors-r	ops(total)-r	ops/sec(cum)-r	avg(ms)-r	p50(ms)-r	p95(ms)-r	p99(ms)-r	pMax(ms)-r	total-r	elapsed	errors	ops(total)	ops/sec(cum)	avg(ms)	p50(ms)	p95(ms)	p99(ms)	pMax(ms)
14	0.0	0.0	1279265.0	42641.700000000004	2.4499999999999997	2.35	4.25	6.875000000000001	21.4375	0.0	0.0	0.0	1279265.0	42641.700000000004	2.4499999999999997	2.35	4.25	6.875000000000001	21.4375
