concurrency	elapsed-r	errors-r	ops(total)-r	ops/sec(cum)-r	avg(ms)-r	p50(ms)-r	p95(ms)-r	p99(ms)-r	pMax(ms)-r	total-r	elapsed-w	errors-w	ops(total)-w	ops/sec(cum)-w	avg(ms)-w	p50(ms)-w	p95(ms)-w	p99(ms)-w	pMax(ms)-w	total-w	elapsed	errors	ops(total)	ops/sec(cum)	avg(ms)	p50(ms)	p95(ms)	p99(ms)	pMax(ms)
91	0.0	0.0	2684528.0	89481.1	5.5200000000000005	4.28	15.419999999999998	24.360000000000003	174.04000000000002	0.0	0.0	0.0	141634.0	4720.900000000001	13.219999999999999	11.3	30.18	40.160000000000004	156.22	0.0	0.0	0.0	2826162.0	94202.0	5.9	4.4399999999999995	17.22	26.620000000000005	177.82
