concurrency	elapsed-r	errors-r	ops(total)-r	ops/sec(cum)-r	avg(ms)-r	p50(ms)-r	p95(ms)-r	p99(ms)-r	pMax(ms)-r	total-r	elapsed-w	errors-w	ops(total)-w	ops/sec(cum)-w	avg(ms)-w	p50(ms)-w	p95(ms)-w	p99(ms)-w	pMax(ms)-w	total-w	elapsed	errors	ops(total)	ops/sec(cum)	avg(ms)	p50(ms)	p95(ms)	p99(ms)	pMax(ms)
47	0.0	0.0	1114283.0	37141.7	2.5	2.066666666666667	5.933333333333334	15.699999999999998	57.300000000000004	0.0	0.0	0.0	58643.0	1954.6999999999998	1.3999999999999997	0.9	2.4	8.033333333333333	71.3	0.0	0.0	0.0	1172926.0	39096.3	2.4333333333333336	2.0	5.6000000000000005	15.699999999999998	71.3
