concurrency	elapsed-r	errors-r	ops(total)-r	ops/sec(cum)-r	avg(ms)-r	p50(ms)-r	p95(ms)-r	p99(ms)-r	pMax(ms)-r	total-r	elapsed-w	errors-w	ops(total)-w	ops/sec(cum)-w	avg(ms)-w	p50(ms)-w	p95(ms)-w	p99(ms)-w	pMax(ms)-w	total-w	elapsed	errors	ops(total)	ops/sec(cum)	avg(ms)	p50(ms)	p95(ms)	p99(ms)	pMax(ms)
15	0.0	0.0	1785971.0	59531.4	1.625	1.425	3.4625	6.575	41.0125	0.0	0.0	0.0	94214.0	3140.5000000000005	2.9	2.6500000000000004	6.299999999999999	10.175	67.625	0.0	0.0	0.0	1880185.0	62671.899999999994	1.6999999999999997	1.425	3.675	6.874999999999999	67.625
