concurrency	elapsed-r	errors-r	ops(total)-r	ops/sec(cum)-r	avg(ms)-r	p50(ms)-r	p95(ms)-r	p99(ms)-r	pMax(ms)-r	total-r	elapsed-w	errors-w	ops(total)-w	ops/sec(cum)-w	avg(ms)-w	p50(ms)-w	p95(ms)-w	p99(ms)-w	pMax(ms)-w	total-w	elapsed	errors	ops(total)	ops/sec(cum)	avg(ms)	p50(ms)	p95(ms)	p99(ms)	pMax(ms)
104	0.0	0.0	4423892.0	147455.09999999998	3.22	2.58	8.08	15.580000000000002	101.5	0.0	0.0	0.0	232453.0	7748.0	8.26	7.159999999999999	17.919999999999998	25.78	90.6	0.0	0.0	0.0	4656345.0	155203.2	3.5	2.64	10.000000000000002	16.999999999999996	102.75999999999999
