concurrency	elapsed-r	errors-r	ops(total)-r	ops/sec(cum)-r	avg(ms)-r	p50(ms)-r	p95(ms)-r	p99(ms)-r	pMax(ms)-r	total-r	elapsed	errors	ops(total)	ops/sec(cum)	avg(ms)	p50(ms)	p95(ms)	p99(ms)	pMax(ms)
41	0.0	0.0	1562172.0	52071.200000000004	5.824999999999999	5.324999999999999	12.599999999999998	18.900000000000002	66.57499999999999	0.0	0.0	0.0	1562172.0	52071.200000000004	5.824999999999999	5.324999999999999	12.599999999999998	18.900000000000002	66.57499999999999
