concurrency	elapsed-r	errors-r	ops(total)-r	ops/sec(cum)-r	avg(ms)-r	p50(ms)-r	p95(ms)-r	p99(ms)-r	pMax(ms)-r	total-r	elapsed-w	errors-w	ops(total)-w	ops/sec(cum)-w	avg(ms)-w	p50(ms)-w	p95(ms)-w	p99(ms)-w	pMax(ms)-w	total-w	elapsed	errors	ops(total)	ops/sec(cum)	avg(ms)	p50(ms)	p95(ms)	p99(ms)	pMax(ms)
38	0.0	0.0	1909088.0	63634.100000000006	3.9625	3.3750000000000004	9.4875	15.075000000000001	41.637499999999996	0.0	0.0	0.0	99977.0	3332.5999999999995	7.387499999999999	6.65	16.55	23.874999999999996	44.00000000000001	0.0	0.0	0.0	2009065.0	66966.7	4.1375	3.4875	10.25	16.125	44.525000000000006
