concurrency	elapsed-r	errors-r	ops(total)-r	ops/sec(cum)-r	avg(ms)-r	p50(ms)-r	p95(ms)-r	p99(ms)-r	pMax(ms)-r	total-r	elapsed-w	errors-w	ops(total)-w	ops/sec(cum)-w	avg(ms)-w	p50(ms)-w	p95(ms)-w	p99(ms)-w	pMax(ms)-w	total-w	elapsed	errors	ops(total)	ops/sec(cum)	avg(ms)	p50(ms)	p95(ms)	p99(ms)	pMax(ms)
103	0.0	0.0	789688.0	26321.3	9.1	7.3	24.46666666666667	35.7	296.40000000000003	0.0	0.0	0.0	41593.0	1386.3	19.533333333333335	17.8	43.300000000000004	56.6	226.5333333333333	0.0	0.0	0.0	831281.0	27707.7	9.6	7.599999999999999	26.2	37.7	296.40000000000003
