concurrency	elapsed-r	errors-r	ops(total)-r	ops/sec(cum)-r	avg(ms)-r	p50(ms)-r	p95(ms)-r	p99(ms)-r	pMax(ms)-r	total-r	elapsed-w	errors-w	ops(total)-w	ops/sec(cum)-w	avg(ms)-w	p50(ms)-w	p95(ms)-w	p99(ms)-w	pMax(ms)-w	total-w	elapsed	errors	ops(total)	ops/sec(cum)	avg(ms)	p50(ms)	p95(ms)	p99(ms)	pMax(ms)
33	0.0	0.0	165092.0	5502.8	5.3500000000000005	5.4375	9.525	12.524999999999999	53.199999999999996	0.0	0.0	0.0	8464.0	282.2	812.4875	1040.2	1140.8999999999999	1140.8999999999999	1140.8999999999999	0.0	0.0	0.0	173556.0	5784.9	44.737500000000004	5.475	13.037499999999998	1073.7	1140.8999999999999
