concurrency	elapsed-r	errors-r	ops(total)-r	ops/sec(cum)-r	avg(ms)-r	p50(ms)-r	p95(ms)-r	p99(ms)-r	pMax(ms)-r	total-r	elapsed-w	errors-w	ops(total)-w	ops/sec(cum)-w	avg(ms)-w	p50(ms)-w	p95(ms)-w	p99(ms)-w	pMax(ms)-w	total-w	elapsed	errors	ops(total)	ops/sec(cum)	avg(ms)	p50(ms)	p95(ms)	p99(ms)	pMax(ms)
40	0.0	0.0	1964649.0	65486.899999999994	1.5666666666666667	1.3666666666666665	3.3666666666666667	5.6000000000000005	23.03333333333333	0.0	0.0	0.0	103891.0	3463.0	2.6666666666666665	2.3000000000000003	6.133333333333334	9.700000000000001	30.03333333333333	0.0	0.0	0.0	2068540.0	68949.9	1.6666666666666667	1.3666666666666665	3.533333333333333	5.966666666666668	30.03333333333333
