concurrency	elapsed-r	errors-r	ops(total)-r	ops/sec(cum)-r	avg(ms)-r	p50(ms)-r	p95(ms)-r	p99(ms)-r	pMax(ms)-r	total-r	elapsed	errors	ops(total)	ops/sec(cum)	avg(ms)	p50(ms)	p95(ms)	p99(ms)	pMax(ms)
23	0.0	0.0	1390668.0	46354.700000000004	3.8124999999999996	3.474999999999999	7.2	10.962499999999999	26.750000000000004	0.0	0.0	0.0	1390668.0	46354.700000000004	3.8124999999999996	3.474999999999999	7.2	10.962499999999999	26.750000000000004
