concurrency	elapsed-r	errors-r	ops(total)-r	ops/sec(cum)-r	avg(ms)-r	p50(ms)-r	p95(ms)-r	p99(ms)-r	pMax(ms)-r	total-r	elapsed-w	errors-w	ops(total)-w	ops/sec(cum)-w	avg(ms)-w	p50(ms)-w	p95(ms)-w	p99(ms)-w	pMax(ms)-w	total-w	elapsed	errors	ops(total)	ops/sec(cum)	avg(ms)	p50(ms)	p95(ms)	p99(ms)	pMax(ms)
73	0.0	0.0	563756.0	9395.9	2.725	1.8250000000000002	7.074999999999999	18.325000000000003	394.25	0.0	0.0	0.0	29416.0	490.29999999999995	15.375	3.225	91.25	138.4	461.35	0.0	0.0	0.0	593172.0	9886.199999999999	3.35	1.85	8.075	35.15	465.55
