concurrency	elapsed-r	errors-r	ops(total)-r	ops/sec(cum)-r	avg(ms)-r	p50(ms)-r	p95(ms)-r	p99(ms)-r	pMax(ms)-r	total-r	elapsed-w	errors-w	ops(total)-w	ops/sec(cum)-w	avg(ms)-w	p50(ms)-w	p95(ms)-w	p99(ms)-w	pMax(ms)-w	total-w	elapsed	errors	ops(total)	ops/sec(cum)	avg(ms)	p50(ms)	p95(ms)	p99(ms)	pMax(ms)
51	0.0	0.0	2142237.0	71405.7	4.8375	4.074999999999999	11.424999999999999	18.25	50.0375	0.0	0.0	0.0	112512.0	3750.2999999999997	6.7375	4.5625	17.825000000000003	26.3625	53.7125	0.0	0.0	0.0	2254749.0	75155.90000000001	4.925	4.1	11.8875	19.125	53.7125
