ops/sec(cum)	p50(ms)	p99(ms)	read_tp	read_p50	read_p99	write_tp	write_p50	write_p99
264330.7	0.2205	0.892	253012.05000000005	0.22042857142857142	0.892	11317.649999999998	0.22057142857142856	0.8775714285714286
