concurrency	elapsed-r	errors-r	ops(total)-r	ops/sec(cum)-r	avg(ms)-r	p50(ms)-r	p95(ms)-r	p99(ms)-r	pMax(ms)-r	total-r	elapsed	errors	ops(total)	ops/sec(cum)	avg(ms)	p50(ms)	p95(ms)	p99(ms)	pMax(ms)
19	0.0	0.0	1098751.0	36624.4	3.9749999999999996	3.6999999999999993	7.4	10.575	28.212500000000006	0.0	0.0	0.0	1098751.0	36624.4	3.9749999999999996	3.6999999999999993	7.4	10.575	28.212500000000006
