concurrency	elapsed-r	errors-r	ops(total)-r	ops/sec(cum)-r	avg(ms)-r	p50(ms)-r	p95(ms)-r	p99(ms)-r	pMax(ms)-r	total-r	elapsed-w	errors-w	ops(total)-w	ops/sec(cum)-w	avg(ms)-w	p50(ms)-w	p95(ms)-w	p99(ms)-w	pMax(ms)-w	total-w	elapsed	errors	ops(total)	ops/sec(cum)	avg(ms)	p50(ms)	p95(ms)	p99(ms)	pMax(ms)
24	0.0	0.0	643982.0	21465.3	1.9875	1.4375	4.55	6.025	30.6	0.0	0.0	0.0	33891.0	1129.6000000000001	127.775	2.6750000000000003	419.40000000000003	429.9	450.9	0.0	0.0	0.0	677873.0	22595.100000000002	8.275	1.5	4.9	400.59999999999997	450.9
