concurrency	elapsed-r	errors-r	ops(total)-r	ops/sec(cum)-r	avg(ms)-r	p50(ms)-r	p95(ms)-r	p99(ms)-r	pMax(ms)-r	total-r	elapsed-w	errors-w	ops(total)-w	ops/sec(cum)-w	avg(ms)-w	p50(ms)-w	p95(ms)-w	p99(ms)-w	pMax(ms)-w	total-w	elapsed	errors	ops(total)	ops/sec(cum)	avg(ms)	p50(ms)	p95(ms)	p99(ms)	pMax(ms)
31	0.0	0.0	1913546.0	63783.3	3.2125	2.8000000000000003	7.4	12.274999999999999	61.3125	0.0	0.0	0.0	100584.0	3352.9	5.8625	5.4	13.037499999999998	18.887500000000003	36.3125	0.0	0.0	0.0	2014130.0	67136.2	3.3625000000000003	2.875	7.925000000000001	13.037499999999998	61.8375
