concurrency	elapsed-r	errors-r	ops(total)-r	ops/sec(cum)-r	avg(ms)-r	p50(ms)-r	p95(ms)-r	p99(ms)-r	pMax(ms)-r	total-r	elapsed-w	errors-w	ops(total)-w	ops/sec(cum)-w	avg(ms)-w	p50(ms)-w	p95(ms)-w	p99(ms)-w	pMax(ms)-w	total-w	elapsed	errors	ops(total)	ops/sec(cum)	avg(ms)	p50(ms)	p95(ms)	p99(ms)	pMax(ms)
11	0.0	0.0	147661.0	4922.000000000001	4.7875000000000005	4.550000000000001	8.4125	10.412500000000001	17.175	0.0	0.0	0.0	7739.0	258.0	243.3875	260.0	302.0	318.8	333.4125	0.0	0.0	0.0	155400.0	5179.900000000001	16.6875	4.800000000000001	12.462499999999999	285.2	333.4125
