concurrency	elapsed-r	errors-r	ops(total)-r	ops/sec(cum)-r	avg(ms)-r	p50(ms)-r	p95(ms)-r	p99(ms)-r	pMax(ms)-r	total-r	elapsed-w	errors-w	ops(total)-w	ops/sec(cum)-w	avg(ms)-w	p50(ms)-w	p95(ms)-w	p99(ms)-w	pMax(ms)-w	total-w	elapsed	errors	ops(total)	ops/sec(cum)	avg(ms)	p50(ms)	p95(ms)	p99(ms)	pMax(ms)
18	0.0	0.0	643718.0	21456.6	3.8499999999999996	2.4625000000000004	13.474999999999998	23.0875	53.45	0.0	0.0	0.0	33596.0	1119.8999999999999	49.9125	9.725	103.5375	989.8500000000001	1191.225	0.0	0.0	0.0	677314.0	22576.7	6.125	2.6375	14.575000000000001	25.187499999999996	1191.225
