concurrency	elapsed-r	errors-r	ops(total)-r	ops/sec(cum)-r	avg(ms)-r	p50(ms)-r	p95(ms)-r	p99(ms)-r	pMax(ms)-r	total-r	elapsed-w	errors-w	ops(total)-w	ops/sec(cum)-w	avg(ms)-w	p50(ms)-w	p95(ms)-w	p99(ms)-w	pMax(ms)-w	total-w	elapsed	errors	ops(total)	ops/sec(cum)	avg(ms)	p50(ms)	p95(ms)	p99(ms)	pMax(ms)
96	0.0	0.0	4251440.0	141709.2	3.3400000000000007	2.7	8.139999999999999	15.9	85.34	0.0	0.0	0.0	223446.0	7447.999999999999	8.120000000000001	7.12	17.459999999999997	24.52	111.34	0.0	0.0	0.0	4474886.0	149157.19999999998	3.54	2.8200000000000003	10.08	17.099999999999998	113.85999999999999
