concurrency	elapsed-r	errors-r	ops(total)-r	ops/sec(cum)-r	avg(ms)-r	p50(ms)-r	p95(ms)-r	p99(ms)-r	pMax(ms)-r	total-r	elapsed-w	errors-w	ops(total)-w	ops/sec(cum)-w	avg(ms)-w	p50(ms)-w	p95(ms)-w	p99(ms)-w	pMax(ms)-w	total-w	elapsed	errors	ops(total)	ops/sec(cum)	avg(ms)	p50(ms)	p95(ms)	p99(ms)	pMax(ms)
49	0.0	0.0	1934067.0	64466.5	5.0625	4.475	11.95	18.762500000000003	130.0375	0.0	0.0	0.0	101635.0	3387.8	9.4375	8.9	20.8625	29.375000000000004	88.1	0.0	0.0	0.0	2035702.0	67854.0	5.275	4.625	12.724999999999998	19.900000000000002	133.7125
