concurrency	elapsed-r	errors-r	ops(total)-r	ops/sec(cum)-r	avg(ms)-r	p50(ms)-r	p95(ms)-r	p99(ms)-r	pMax(ms)-r	total-r	elapsed-w	errors-w	ops(total)-w	ops/sec(cum)-w	avg(ms)-w	p50(ms)-w	p95(ms)-w	p99(ms)-w	pMax(ms)-w	total-w	elapsed	errors	ops(total)	ops/sec(cum)	avg(ms)	p50(ms)	p95(ms)	p99(ms)	pMax(ms)
36	0.0	0.0	1982951.0	44064.700000000004	2.3	1.6	5.96	15.7	67.52000000000001	0.0	0.0	0.0	104394.0	2319.7999999999997	14.84	3.0	108.26000000000002	154.35999999999999	199.62	0.0	0.0	0.0	2087345.0	46384.7	2.9	1.6	6.6	22.880000000000003	199.62
