concurrency	elapsed-r	errors-r	ops(total)-r	ops/sec(cum)-r	avg(ms)-r	p50(ms)-r	p95(ms)-r	p99(ms)-r	pMax(ms)-r	total-r	elapsed-w	errors-w	ops(total)-w	ops/sec(cum)-w	avg(ms)-w	p50(ms)-w	p95(ms)-w	p99(ms)-w	pMax(ms)-w	total-w	elapsed	errors	ops(total)	ops/sec(cum)	avg(ms)	p50(ms)	p95(ms)	p99(ms)	pMax(ms)
16	0.0	0.0	1566728.0	34815.5	1.6800000000000002	1.4	3.46	10.0	63.32000000000001	0.0	0.0	0.0	82530.0	1833.9999999999998	2.84	2.4	6.82	18.46	53.239999999999995	0.0	0.0	0.0	1649258.0	36649.5	1.7599999999999998	1.4	3.66	10.7	63.32000000000001
