concurrency	elapsed-r	errors-r	ops(total)-r	ops/sec(cum)-r	avg(ms)-r	p50(ms)-r	p95(ms)-r	p99(ms)-r	pMax(ms)-r	total-r	elapsed-w	errors-w	ops(total)-w	ops/sec(cum)-w	avg(ms)-w	p50(ms)-w	p95(ms)-w	p99(ms)-w	pMax(ms)-w	total-w	elapsed	errors	ops(total)	ops/sec(cum)	avg(ms)	p50(ms)	p95(ms)	p99(ms)	pMax(ms)
42	0.0	0.0	1934050.0	64466.600000000006	4.3125	3.725	10.25	16.4	102.74999999999999	0.0	0.0	0.0	101818.0	3393.8	7.925000000000001	7.3625	17.675	24.5125	59.225	0.0	0.0	0.0	2035868.0	67860.5	4.5	3.8499999999999996	10.9375	17.3	107.21249999999999
