concurrency	elapsed-w	errors-w	ops(total)-w	ops/sec(cum)-w	avg(ms)-w	p50(ms)-w	p95(ms)-w	p99(ms)-w	pMax(ms)-w	total-w	elapsed	errors	ops(total)	ops/sec(cum)	avg(ms)	p50(ms)	p95(ms)	p99(ms)	pMax(ms)
19	0.0	0.0	3192350.0	106410.4	1.2500000000000002	1.15	2.375	3.7125	25.5625	0.0	0.0	0.0	3192350.0	106410.4	1.2500000000000002	1.15	2.375	3.7125	25.5625
