concurrency	elapsed-r	errors-r	ops(total)-r	ops/sec(cum)-r	avg(ms)-r	p50(ms)-r	p95(ms)-r	p99(ms)-r	pMax(ms)-r	total-r	elapsed	errors	ops(total)	ops/sec(cum)	avg(ms)	p50(ms)	p95(ms)	p99(ms)	pMax(ms)
28	0.0	0.0	1404286.0	46808.40000000001	4.625	4.2	9.25	13.7	36.162499999999994	0.0	0.0	0.0	1404286.0	46808.40000000001	4.625	4.2	9.25	13.7	36.162499999999994
