concurrency	elapsed-r	errors-r	ops(total)-r	ops/sec(cum)-r	avg(ms)-r	p50(ms)-r	p95(ms)-r	p99(ms)-r	pMax(ms)-r	total-r	elapsed-w	errors-w	ops(total)-w	ops/sec(cum)-w	avg(ms)-w	p50(ms)-w	p95(ms)-w	p99(ms)-w	pMax(ms)-w	total-w	elapsed	errors	ops(total)	ops/sec(cum)	avg(ms)	p50(ms)	p95(ms)	p99(ms)	pMax(ms)
51	0.0	0.0	1265369.0	42177.3	8.25	7.3125	18.35	27.025000000000002	141.0625	0.0	0.0	0.0	66682.0	2222.7	15.725	14.700000000000001	31.875	43.7375	102.2375	0.0	0.0	0.0	1332051.0	44400.100000000006	8.65	7.550000000000001	19.925	29.400000000000002	146.825
