concurrency	elapsed-r	errors-r	ops(total)-r	ops/sec(cum)-r	avg(ms)-r	p50(ms)-r	p95(ms)-r	p99(ms)-r	pMax(ms)-r	total-r	elapsed-w	errors-w	ops(total)-w	ops/sec(cum)-w	avg(ms)-w	p50(ms)-w	p95(ms)-w	p99(ms)-w	pMax(ms)-w	total-w	elapsed	errors	ops(total)	ops/sec(cum)	avg(ms)	p50(ms)	p95(ms)	p99(ms)	pMax(ms)
29	0.0	0.0	1889028.0	62966.1	2.8	2.2624999999999997	7.4750000000000005	12.3875	36.1875	0.0	0.0	0.0	99327.0	3310.9999999999995	10.875	4.25	19.525000000000002	219.14999999999998	360.70000000000005	0.0	0.0	0.0	1988355.0	66276.8	3.2	2.3000000000000003	7.85	13.424999999999997	360.70000000000005
