ops/sec(cum)	p50(ms)	p99(ms)	read_tp	read_p50	read_p99	write_tp	write_p50	write_p99
274368.0333333333	0.25075000000000003	1.3323333333333334	263858.1166666667	0.2505	1.3323333333333334	10508.916666666668	0.251	1.3103333333333333
