concurrency	elapsed-w	errors-w	ops(total)-w	ops/sec(cum)-w	avg(ms)-w	p50(ms)-w	p95(ms)-w	p99(ms)-w	pMax(ms)-w	total-w	elapsed	errors	ops(total)	ops/sec(cum)	avg(ms)	p50(ms)	p95(ms)	p99(ms)	pMax(ms)
47	0.0	0.0	3709498.0	123647.60000000002	2.775	2.675	4.675	8.625	28.325000000000003	0.0	0.0	0.0	3709498.0	123647.60000000002	2.775	2.675	4.675	8.625	28.325000000000003
