concurrency	elapsed-r	errors-r	ops(total)-r	ops/sec(cum)-r	avg(ms)-r	p50(ms)-r	p95(ms)-r	p99(ms)-r	pMax(ms)-r	total-r	elapsed-w	errors-w	ops(total)-w	ops/sec(cum)-w	avg(ms)-w	p50(ms)-w	p95(ms)-w	p99(ms)-w	pMax(ms)-w	total-w	elapsed	errors	ops(total)	ops/sec(cum)	avg(ms)	p50(ms)	p95(ms)	p99(ms)	pMax(ms)
39	0.0	0.0	3263523.0	108781.5	2.3875	2.275	4.075	7.85	33.5375	0.0	0.0	0.0	171526.0	5717.400000000001	2.5500000000000003	2.3	4.775	8.6375	26.287500000000005	0.0	0.0	0.0	3435049.0	114498.7	2.3875	2.275	4.075	7.975	33.925000000000004
