concurrency	elapsed-r	errors-r	ops(total)-r	ops/sec(cum)-r	avg(ms)-r	p50(ms)-r	p95(ms)-r	p99(ms)-r	pMax(ms)-r	total-r	elapsed-w	errors-w	ops(total)-w	ops/sec(cum)-w	avg(ms)-w	p50(ms)-w	p95(ms)-w	p99(ms)-w	pMax(ms)-w	total-w	elapsed	errors	ops(total)	ops/sec(cum)	avg(ms)	p50(ms)	p95(ms)	p99(ms)	pMax(ms)
27	0.0	0.0	1034976.0	34498.5	5.750000000000001	5.799999999999999	10.125	11.5	40.1125	0.0	0.0	0.0	55105.0	1836.8000000000002	6.112500000000001	5.925	10.1875	12.287499999999998	121.08750000000002	0.0	0.0	0.0	1090081.0	36335.2	5.750000000000001	5.799999999999999	10.125	11.5	121.08750000000002
