concurrency	elapsed-r	errors-r	ops(total)-r	ops/sec(cum)-r	avg(ms)-r	p50(ms)-r	p95(ms)-r	p99(ms)-r	pMax(ms)-r	total-r	elapsed-w	errors-w	ops(total)-w	ops/sec(cum)-w	avg(ms)-w	p50(ms)-w	p95(ms)-w	p99(ms)-w	pMax(ms)-w	total-w	elapsed	errors	ops(total)	ops/sec(cum)	avg(ms)	p50(ms)	p95(ms)	p99(ms)	pMax(ms)
31	0.0	0.0	1578747.0	52623.6	1.9000000000000001	1.3875	5.4125	9.15	65.7875	0.0	0.0	0.0	82997.0	2766.6000000000004	49.3625	2.5250000000000004	612.375	675.2875	805.3000000000001	0.0	0.0	0.0	1661744.0	55390.0	4.25	1.425	5.6499999999999995	10.425	805.3000000000001
