concurrency	elapsed-r	errors-r	ops(total)-r	ops/sec(cum)-r	avg(ms)-r	p50(ms)-r	p95(ms)-r	p99(ms)-r	pMax(ms)-r	total-r	elapsed	errors	ops(total)	ops/sec(cum)	avg(ms)	p50(ms)	p95(ms)	p99(ms)	pMax(ms)
14	0.0	0.0	977660.0	32588.3	3.2500000000000004	3.05	5.8999999999999995	7.9624999999999995	21.7625	0.0	0.0	0.0	977660.0	32588.3	3.2500000000000004	3.05	5.8999999999999995	7.9624999999999995	21.7625
