concurrency	elapsed-w	errors-w	ops(total)-w	ops/sec(cum)-w	avg(ms)-w	p50(ms)-w	p95(ms)-w	p99(ms)-w	pMax(ms)-w	total-w	elapsed	errors	ops(total)	ops/sec(cum)	avg(ms)	p50(ms)	p95(ms)	p99(ms)	pMax(ms)
16	0.0	0.0	3580291.0	119341.7	0.925	0.8750000000000001	1.2125000000000001	2.2375	25.962499999999995	0.0	0.0	0.0	3580291.0	119341.7	0.925	0.8750000000000001	1.2125000000000001	2.2375	25.962499999999995
