concurrency	elapsed-r	errors-r	ops(total)-r	ops/sec(cum)-r	avg(ms)-r	p50(ms)-r	p95(ms)-r	p99(ms)-r	pMax(ms)-r	total-r	elapsed-w	errors-w	ops(total)-w	ops/sec(cum)-w	avg(ms)-w	p50(ms)-w	p95(ms)-w	p99(ms)-w	pMax(ms)-w	total-w	elapsed	errors	ops(total)	ops/sec(cum)	avg(ms)	p50(ms)	p95(ms)	p99(ms)	pMax(ms)
27	0.0	0.0	166842.0	5561.199999999999	5.1625000000000005	5.25	9.0625	11.5625	31.6	0.0	0.0	0.0	8535.0	284.4	643.2249999999999	838.8999999999999	872.3999999999999	906.0	931.1375	0.0	0.0	0.0	175377.0	5845.799999999999	36.225	5.362500000000001	11.75	838.8999999999999	931.1375
