concurrency	elapsed-w	errors-w	ops(total)-w	ops/sec(cum)-w	avg(ms)-w	p50(ms)-w	p95(ms)-w	p99(ms)-w	pMax(ms)-w	total-w	elapsed	errors	ops(total)	ops/sec(cum)	avg(ms)	p50(ms)	p95(ms)	p99(ms)	pMax(ms)
48	0.0	0.0	699621.0	23319.7	16.0375	9.799999999999999	45.3375	59.225	123.2125	0.0	0.0	0.0	699621.0	23319.7	16.0375	9.799999999999999	45.3375	59.225	123.2125
