concurrency	elapsed-r	errors-r	ops(total)-r	ops/sec(cum)-r	avg(ms)-r	p50(ms)-r	p95(ms)-r	p99(ms)-r	pMax(ms)-r	total-r	elapsed-w	errors-w	ops(total)-w	ops/sec(cum)-w	avg(ms)-w	p50(ms)-w	p95(ms)-w	p99(ms)-w	pMax(ms)-w	total-w	elapsed	errors	ops(total)	ops/sec(cum)	avg(ms)	p50(ms)	p95(ms)	p99(ms)	pMax(ms)
6	0.0	0.0	459785.0	15326.000000000002	0.9	0.9	1.1	2.3666666666666667	9.066666666666666	0.0	0.0	0.0	24491.0	816.3000000000001	1.3333333333333333	1.3	1.6000000000000003	3.5	7.599999999999999	0.0	0.0	0.0	484276.0	16142.5	0.9333333333333332	0.9	1.2333333333333334	2.4333333333333336	9.700000000000001
