concurrency	elapsed-r	errors-r	ops(total)-r	ops/sec(cum)-r	avg(ms)-r	p50(ms)-r	p95(ms)-r	p99(ms)-r	pMax(ms)-r	total-r	elapsed-w	errors-w	ops(total)-w	ops/sec(cum)-w	avg(ms)-w	p50(ms)-w	p95(ms)-w	p99(ms)-w	pMax(ms)-w	total-w	elapsed	errors	ops(total)	ops/sec(cum)	avg(ms)	p50(ms)	p95(ms)	p99(ms)	pMax(ms)
35	0.0	0.0	1747551.0	38833.8	2.5	1.6	7.18	17.8	174.52000000000004	0.0	0.0	0.0	92667.0	2059.2999999999997	14.14	3.4200000000000004	99.85999999999999	151.0	234.9	0.0	0.0	0.0	1840218.0	40893.0	3.1	1.7	8.059999999999999	22.880000000000003	234.9
