concurrency	elapsed-r	errors-r	ops(total)-r	ops/sec(cum)-r	avg(ms)-r	p50(ms)-r	p95(ms)-r	p99(ms)-r	pMax(ms)-r	total-r	elapsed-w	errors-w	ops(total)-w	ops/sec(cum)-w	avg(ms)-w	p50(ms)-w	p95(ms)-w	p99(ms)-w	pMax(ms)-w	total-w	elapsed	errors	ops(total)	ops/sec(cum)	avg(ms)	p50(ms)	p95(ms)	p99(ms)	pMax(ms)
44	0.0	0.0	3510358.0	117008.9	2.6374999999999997	2.25	7.325	10.375	169.87499999999997	0.0	0.0	0.0	184524.0	6150.500000000001	2.65	2.2875	7.35	10.375	22.8	0.0	0.0	0.0	3694882.0	123159.5	2.6374999999999997	2.25	7.35	10.375	169.87499999999997
