concurrency	elapsed-r	errors-r	ops(total)-r	ops/sec(cum)-r	avg(ms)-r	p50(ms)-r	p95(ms)-r	p99(ms)-r	pMax(ms)-r	total-r	elapsed-w	errors-w	ops(total)-w	ops/sec(cum)-w	avg(ms)-w	p50(ms)-w	p95(ms)-w	p99(ms)-w	pMax(ms)-w	total-w	elapsed	errors	ops(total)	ops/sec(cum)	avg(ms)	p50(ms)	p95(ms)	p99(ms)	pMax(ms)
146	0.0	0.0	4644795.0	154812.30000000002	4.279999999999999	3.5200000000000005	10.74	18.78	146.38	0.0	0.0	0.0	244629.0	8153.5	13.919999999999998	12.78	28.1	37.52	129.16	0.0	0.0	0.0	4889424.0	162965.9	4.76	3.5400000000000005	13.88	23.88	149.3
