ops/sec(cum)	p50(ms)	p99(ms)	read_tp	read_p50	read_p99	write_tp	write_p50	write_p99
197836.25000000003	0.30333333333333334	1.7483333333333333	189283.1166666667	0.30283333333333334	1.7483333333333333	8552.133333333333	0.30383333333333334	1.702
