concurrency	elapsed-r	errors-r	ops(total)-r	ops/sec(cum)-r	avg(ms)-r	p50(ms)-r	p95(ms)-r	p99(ms)-r	pMax(ms)-r	total-r	elapsed-w	errors-w	ops(total)-w	ops/sec(cum)-w	avg(ms)-w	p50(ms)-w	p95(ms)-w	p99(ms)-w	pMax(ms)-w	total-w	elapsed	errors	ops(total)	ops/sec(cum)	avg(ms)	p50(ms)	p95(ms)	p99(ms)	pMax(ms)
40	0.0	0.0	1927833.0	64259.29999999999	4.15	3.5999999999999996	9.825	15.6	58.175000000000004	0.0	0.0	0.0	101761.0	3391.9999999999995	7.5875	6.949999999999999	16.925	23.9875	47.9375	0.0	0.0	0.0	2029594.0	67651.3	4.325	3.6875	10.5	16.65	58.175000000000004
