concurrency	elapsed-r	errors-r	ops(total)-r	ops/sec(cum)-r	avg(ms)-r	p50(ms)-r	p95(ms)-r	p99(ms)-r	pMax(ms)-r	total-r	elapsed-w	errors-w	ops(total)-w	ops/sec(cum)-w	avg(ms)-w	p50(ms)-w	p95(ms)-w	p99(ms)-w	pMax(ms)-w	total-w	elapsed	errors	ops(total)	ops/sec(cum)	avg(ms)	p50(ms)	p95(ms)	p99(ms)	pMax(ms)
48	0.0	0.0	1072937.0	35763.40000000001	12.174999999999999	12.724999999999998	33.5875	36.9375	190.85	0.0	0.0	0.0	56215.0	1873.8000000000002	39.175	32.05	122.425	179.30000000000004	252.7	0.0	0.0	0.0	1129152.0	37637.0	13.5125	13.662499999999998	34.699999999999996	52.4125	252.7
