concurrency	elapsed-r	errors-r	ops(total)-r	ops/sec(cum)-r	avg(ms)-r	p50(ms)-r	p95(ms)-r	p99(ms)-r	pMax(ms)-r	total-r	elapsed-w	errors-w	ops(total)-w	ops/sec(cum)-w	avg(ms)-w	p50(ms)-w	p95(ms)-w	p99(ms)-w	pMax(ms)-w	total-w	elapsed	errors	ops(total)	ops/sec(cum)	avg(ms)	p50(ms)	p95(ms)	p99(ms)	pMax(ms)
10	0.0	0.0	620732.0	20690.9	2.375	1.6750000000000003	5.8375	7.775	17.25	0.0	0.0	0.0	32638.0	1087.9	24.7375	3.1874999999999996	109.10000000000001	122.12500000000001	143.65	0.0	0.0	0.0	653370.0	21778.7	3.4875000000000003	1.6875000000000004	6.2124999999999995	82.325	143.65
