concurrency	elapsed-r	errors-r	ops(total)-r	ops/sec(cum)-r	avg(ms)-r	p50(ms)-r	p95(ms)-r	p99(ms)-r	pMax(ms)-r	total-r	elapsed-w	errors-w	ops(total)-w	ops/sec(cum)-w	avg(ms)-w	p50(ms)-w	p95(ms)-w	p99(ms)-w	pMax(ms)-w	total-w	elapsed	errors	ops(total)	ops/sec(cum)	avg(ms)	p50(ms)	p95(ms)	p99(ms)	pMax(ms)
62	0.0	0.0	3162184.0	105402.7	4.1499999999999995	3.925	7.4	11.95	54.39999999999999	0.0	0.0	0.0	166317.0	5543.7	4.1499999999999995	3.925	7.4	11.95	25.849999999999998	0.0	0.0	0.0	3328501.0	110946.50000000001	4.1499999999999995	3.925	7.4	11.95	54.39999999999999
