concurrency	elapsed-r	errors-r	ops(total)-r	ops/sec(cum)-r	avg(ms)-r	p50(ms)-r	p95(ms)-r	p99(ms)-r	pMax(ms)-r	total-r	elapsed	errors	ops(total)	ops/sec(cum)	avg(ms)	p50(ms)	p95(ms)	p99(ms)	pMax(ms)
32	0.0	0.0	949711.0	31656.300000000003	8.0625	7.324999999999999	16.775000000000002	23.537499999999998	66.575	0.0	0.0	0.0	949711.0	31656.300000000003	8.0625	7.324999999999999	16.775000000000002	23.537499999999998	66.575
