concurrency	elapsed-w	errors-w	ops(total)-w	ops/sec(cum)-w	avg(ms)-w	p50(ms)-w	p95(ms)-w	p99(ms)-w	pMax(ms)-w	total-w	elapsed	errors	ops(total)	ops/sec(cum)	avg(ms)	p50(ms)	p95(ms)	p99(ms)	pMax(ms)
32	0.0	0.0	3860155.0	128669.5	1.7875	1.225	4.925	6.249999999999999	105.37499999999997	0.0	0.0	0.0	3860155.0	128669.5	1.7875	1.225	4.925	6.249999999999999	105.37499999999997
