concurrency	elapsed-r	errors-r	ops(total)-r	ops/sec(cum)-r	avg(ms)-r	p50(ms)-r	p95(ms)-r	p99(ms)-r	pMax(ms)-r	total-r	elapsed-w	errors-w	ops(total)-w	ops/sec(cum)-w	avg(ms)-w	p50(ms)-w	p95(ms)-w	p99(ms)-w	pMax(ms)-w	total-w	elapsed	errors	ops(total)	ops/sec(cum)	avg(ms)	p50(ms)	p95(ms)	p99(ms)	pMax(ms)
26	0.0	0.0	1893367.0	63110.90000000001	2.7250000000000005	2.35	6.225	10.8125	56.474999999999994	0.0	0.0	0.0	99018.0	3300.7	4.9125	4.55	11.0	16.325	46.1	0.0	0.0	0.0	1992385.0	66411.4	2.8375000000000004	2.4749999999999996	6.699999999999999	11.1875	57.125
