concurrency	elapsed-r	errors-r	ops(total)-r	ops/sec(cum)-r	avg(ms)-r	p50(ms)-r	p95(ms)-r	p99(ms)-r	pMax(ms)-r	total-r	elapsed-w	errors-w	ops(total)-w	ops/sec(cum)-w	avg(ms)-w	p50(ms)-w	p95(ms)-w	p99(ms)-w	pMax(ms)-w	total-w	elapsed	errors	ops(total)	ops/sec(cum)	avg(ms)	p50(ms)	p95(ms)	p99(ms)	pMax(ms)
5	0.0	0.0	318105.0	10603.4	2.7874999999999996	2.5	5.324999999999999	6.549999999999999	13.237499999999999	0.0	0.0	0.0	16776.0	559.1	14.512500000000001	11.937499999999998	38.75	48.987500000000004	67.3625	0.0	0.0	0.0	334881.0	11162.4	3.3625000000000003	2.6250000000000004	6.012499999999999	26.074999999999996	67.3625
