concurrency	elapsed-r	errors-r	ops(total)-r	ops/sec(cum)-r	avg(ms)-r	p50(ms)-r	p95(ms)-r	p99(ms)-r	pMax(ms)-r	total-r	elapsed-w	errors-w	ops(total)-w	ops/sec(cum)-w	avg(ms)-w	p50(ms)-w	p95(ms)-w	p99(ms)-w	pMax(ms)-w	total-w	elapsed	errors	ops(total)	ops/sec(cum)	avg(ms)	p50(ms)	p95(ms)	p99(ms)	pMax(ms)
46	0.0	0.0	3443330.0	114774.90000000001	2.8	2.675	4.775	9.05	94.6375	0.0	0.0	0.0	180656.0	6021.700000000001	2.8	2.675	4.824999999999999	8.975	19.662499999999998	0.0	0.0	0.0	3623986.0	120796.49999999999	2.8	2.675	4.775	9.05	94.6375
