concurrency	elapsed-r	errors-r	ops(total)-r	ops/sec(cum)-r	avg(ms)-r	p50(ms)-r	p95(ms)-r	p99(ms)-r	pMax(ms)-r	total-r	elapsed-w	errors-w	ops(total)-w	ops/sec(cum)-w	avg(ms)-w	p50(ms)-w	p95(ms)-w	p99(ms)-w	pMax(ms)-w	total-w	elapsed	errors	ops(total)	ops/sec(cum)	avg(ms)	p50(ms)	p95(ms)	p99(ms)	pMax(ms)
34	0.0	0.0	3318400.0	110611.09999999998	2.0749999999999997	1.9249999999999998	3.3749999999999996	6.824999999999999	51.800000000000004	0.0	0.0	0.0	174636.0	5821.1	2.1	1.9249999999999998	3.4875	6.8875	49.7625	0.0	0.0	0.0	3493036.0	116432.2	2.0749999999999997	1.9249999999999998	3.3749999999999996	6.824999999999999	52.2
