concurrency	elapsed-w	errors-w	ops(total)-w	ops/sec(cum)-w	avg(ms)-w	p50(ms)-w	p95(ms)-w	p99(ms)-w	pMax(ms)-w	total-w	elapsed	errors	ops(total)	ops/sec(cum)	avg(ms)	p50(ms)	p95(ms)	p99(ms)	pMax(ms)
63	0.0	0.0	4239094.0	141298.8	3.2624999999999997	1.7999999999999998	9.85	15.162500000000001	136.82500000000002	0.0	0.0	0.0	4239094.0	141298.8	3.2624999999999997	1.7999999999999998	9.85	15.162500000000001	136.82500000000002
