concurrency	elapsed-r	errors-r	ops(total)-r	ops/sec(cum)-r	avg(ms)-r	p50(ms)-r	p95(ms)-r	p99(ms)-r	pMax(ms)-r	total-r	elapsed	errors	ops(total)	ops/sec(cum)	avg(ms)	p50(ms)	p95(ms)	p99(ms)	pMax(ms)
16	0.0	0.0	1400351.0	46677.5	2.5749999999999997	2.5	4.4875	7.175	19.587500000000002	0.0	0.0	0.0	1400351.0	46677.5	2.5749999999999997	2.5	4.4875	7.175	19.587500000000002
