concurrency	elapsed-r	errors-r	ops(total)-r	ops/sec(cum)-r	avg(ms)-r	p50(ms)-r	p95(ms)-r	p99(ms)-r	pMax(ms)-r	total-r	elapsed-w	errors-w	ops(total)-w	ops/sec(cum)-w	avg(ms)-w	p50(ms)-w	p95(ms)-w	p99(ms)-w	pMax(ms)-w	total-w	elapsed	errors	ops(total)	ops/sec(cum)	avg(ms)	p50(ms)	p95(ms)	p99(ms)	pMax(ms)
32	0.0	0.0	3079372.0	102643.5	2.0374999999999996	1.9375	3.425	6.5875	24.900000000000002	0.0	0.0	0.0	162071.0	5402.4	2.2624999999999997	1.9874999999999998	5.0625	8.0	20.387500000000003	0.0	0.0	0.0	3241443.0	108045.90000000001	2.0625	1.9375	3.4875000000000003	6.675	25.025000000000002
