concurrency	elapsed-r	errors-r	ops(total)-r	ops/sec(cum)-r	avg(ms)-r	p50(ms)-r	p95(ms)-r	p99(ms)-r	pMax(ms)-r	total-r	elapsed-w	errors-w	ops(total)-w	ops/sec(cum)-w	avg(ms)-w	p50(ms)-w	p95(ms)-w	p99(ms)-w	pMax(ms)-w	total-w	elapsed	errors	ops(total)	ops/sec(cum)	avg(ms)	p50(ms)	p95(ms)	p99(ms)	pMax(ms)
47	0.0	0.0	3260112.0	108667.3	2.8500000000000005	2.675	4.9625	9.15	27.2625	0.0	0.0	0.0	172358.0	5745.099999999999	2.9499999999999997	2.7125	5.7375	10.025	23.987499999999997	0.0	0.0	0.0	3432470.0	114412.4	2.8500000000000005	2.675	4.975	9.15	28.1875
