concurrency	elapsed-r	errors-r	ops(total)-r	ops/sec(cum)-r	avg(ms)-r	p50(ms)-r	p95(ms)-r	p99(ms)-r	pMax(ms)-r	total-r	elapsed-w	errors-w	ops(total)-w	ops/sec(cum)-w	avg(ms)-w	p50(ms)-w	p95(ms)-w	p99(ms)-w	pMax(ms)-w	total-w	elapsed	errors	ops(total)	ops/sec(cum)	avg(ms)	p50(ms)	p95(ms)	p99(ms)	pMax(ms)
32	0.0	0.0	654502.0	21816.2	2.7000000000000006	1.8999999999999997	7.099999999999999	15.033333333333331	58.0	0.0	0.0	0.0	34348.0	1144.9	18.266666666666666	3.5	100.7	127.2	170.6	0.0	0.0	0.0	688850.0	22961.1	3.5	1.9333333333333333	7.599999999999999	30.066666666666663	170.6
