concurrency	elapsed-w	errors-w	ops(total)-w	ops/sec(cum)-w	avg(ms)-w	p50(ms)-w	p95(ms)-w	p99(ms)-w	pMax(ms)-w	total-w	elapsed	errors	ops(total)	ops/sec(cum)	avg(ms)	p50(ms)	p95(ms)	p99(ms)	pMax(ms)
34	0.0	0.0	3433674.0	114454.00000000001	2.1875	2.15	4.65	6.549999999999999	21.3625	0.0	0.0	0.0	3433674.0	114454.00000000001	2.1875	2.15	4.65	6.549999999999999	21.3625
