concurrency	elapsed-r	errors-r	ops(total)-r	ops/sec(cum)-r	avg(ms)-r	p50(ms)-r	p95(ms)-r	p99(ms)-r	pMax(ms)-r	total-r	elapsed-w	errors-w	ops(total)-w	ops/sec(cum)-w	avg(ms)-w	p50(ms)-w	p95(ms)-w	p99(ms)-w	pMax(ms)-w	total-w	elapsed	errors	ops(total)	ops/sec(cum)	avg(ms)	p50(ms)	p95(ms)	p99(ms)	pMax(ms)
70	0.0	0.0	4063658.0	135448.80000000002	3.6125	2.45	10.1	15.899999999999999	224.39999999999998	0.0	0.0	0.0	213727.0	7123.899999999999	3.6875	2.4375	10.1625	16.3375	120.57499999999999	0.0	0.0	0.0	4277385.0	142572.8	3.6249999999999996	2.45	10.1	15.899999999999999	224.39999999999998
