ops/sec(cum)	p50(ms)	p99(ms)	read_tp	read_p50	read_p99	write_tp	write_p50	write_p99
124150.65000000001	0.84475	4.2945	118687.03333333334	0.8578333333333333	4.2945	5462.616666666667	0.8316666666666667	4.076666666666667
