concurrency	elapsed-r	errors-r	ops(total)-r	ops/sec(cum)-r	avg(ms)-r	p50(ms)-r	p95(ms)-r	p99(ms)-r	pMax(ms)-r	total-r	elapsed-w	errors-w	ops(total)-w	ops/sec(cum)-w	avg(ms)-w	p50(ms)-w	p95(ms)-w	p99(ms)-w	pMax(ms)-w	total-w	elapsed	errors	ops(total)	ops/sec(cum)	avg(ms)	p50(ms)	p95(ms)	p99(ms)	pMax(ms)
49	0.0	0.0	1138480.0	37948.3	2.6	2.033333333333333	6.1000000000000005	16.8	209.70000000000002	0.0	0.0	0.0	59507.0	1983.5	1.1333333333333333	0.9	2.4	6.2	46.1	0.0	0.0	0.0	1197987.0	39931.8	2.533333333333333	1.8999999999999997	5.8	16.3	209.70000000000002
