concurrency	elapsed-r	errors-r	ops(total)-r	ops/sec(cum)-r	avg(ms)-r	p50(ms)-r	p95(ms)-r	p99(ms)-r	pMax(ms)-r	total-r	elapsed-w	errors-w	ops(total)-w	ops/sec(cum)-w	avg(ms)-w	p50(ms)-w	p95(ms)-w	p99(ms)-w	pMax(ms)-w	total-w	elapsed	errors	ops(total)	ops/sec(cum)	avg(ms)	p50(ms)	p95(ms)	p99(ms)	pMax(ms)
15	0.0	0.0	1381371.0	46044.899999999994	2.1750000000000003	1.9874999999999998	4.2	8.25	110.36249999999998	0.0	0.0	0.0	72871.0	2428.9	3.65	3.4999999999999996	7.925	12.2	23.712500000000002	0.0	0.0	0.0	1454242.0	48473.8	2.25	2.0124999999999997	4.725	8.6125	110.74999999999999
