concurrency	elapsed-r	errors-r	ops(total)-r	ops/sec(cum)-r	avg(ms)-r	p50(ms)-r	p95(ms)-r	p99(ms)-r	pMax(ms)-r	total-r	elapsed-w	errors-w	ops(total)-w	ops/sec(cum)-w	avg(ms)-w	p50(ms)-w	p95(ms)-w	p99(ms)-w	pMax(ms)-w	total-w	elapsed	errors	ops(total)	ops/sec(cum)	avg(ms)	p50(ms)	p95(ms)	p99(ms)	pMax(ms)
39	0.0	0.0	1253007.0	41765.5	6.375	5.7	14.175	21.225	76.01249999999999	0.0	0.0	0.0	65908.0	2197.0000000000005	11.787500000000001	11.025	23.8625	32.4	64.73750000000001	0.0	0.0	0.0	1318915.0	43962.299999999996	6.65	5.825	15.012500000000001	22.424999999999997	85.46249999999999
