concurrency	elapsed-r	errors-r	ops(total)-r	ops/sec(cum)-r	avg(ms)-r	p50(ms)-r	p95(ms)-r	p99(ms)-r	pMax(ms)-r	total-r	elapsed-w	errors-w	ops(total)-w	ops/sec(cum)-w	avg(ms)-w	p50(ms)-w	p95(ms)-w	p99(ms)-w	pMax(ms)-w	total-w	elapsed	errors	ops(total)	ops/sec(cum)	avg(ms)	p50(ms)	p95(ms)	p99(ms)	pMax(ms)
144	0.0	0.0	2609184.0	86967.4	9.44	7.12	25.660000000000004	38.38	640.8999999999999	0.0	0.0	0.0	136844.0	4561.1	28.120000000000005	26.220000000000006	59.14000000000001	74.7	476.5	0.0	0.0	0.0	2746028.0	91528.5	10.38	7.459999999999999	29.54	47.38	640.8999999999999
