concurrency	elapsed-r	errors-r	ops(total)-r	ops/sec(cum)-r	avg(ms)-r	p50(ms)-r	p95(ms)-r	p99(ms)-r	pMax(ms)-r	total-r	elapsed-w	errors-w	ops(total)-w	ops/sec(cum)-w	avg(ms)-w	p50(ms)-w	p95(ms)-w	p99(ms)-w	pMax(ms)-w	total-w	elapsed	errors	ops(total)	ops/sec(cum)	avg(ms)	p50(ms)	p95(ms)	p99(ms)	pMax(ms)
32	0.0	0.0	3285338.0	109509.09999999999	1.9874999999999998	1.85	3.4999999999999996	6.7	37.075	0.0	0.0	0.0	173232.0	5774.3	2.1375	1.9749999999999999	3.6750000000000003	6.887499999999999	30.875	0.0	0.0	0.0	3458570.0	115283.5	2.0125	1.85	3.4999999999999996	6.7	37.075
