concurrency	elapsed-r	errors-r	ops(total)-r	ops/sec(cum)-r	avg(ms)-r	p50(ms)-r	p95(ms)-r	p99(ms)-r	pMax(ms)-r	total-r	elapsed	errors	ops(total)	ops/sec(cum)	avg(ms)	p50(ms)	p95(ms)	p99(ms)	pMax(ms)
16	0.0	0.0	991881.0	33062.2	3.6875	3.4374999999999996	6.800000000000001	9.15	25.562499999999996	0.0	0.0	0.0	991881.0	33062.2	3.6875	3.4374999999999996	6.800000000000001	9.15	25.562499999999996
