concurrency	elapsed-w	errors-w	ops(total)-w	ops/sec(cum)-w	avg(ms)-w	p50(ms)-w	p95(ms)-w	p99(ms)-w	pMax(ms)-w	total-w	elapsed	errors	ops(total)	ops/sec(cum)	avg(ms)	p50(ms)	p95(ms)	p99(ms)	pMax(ms)
46	0.0	0.0	3567498.0	118914.1	2.85	2.7249999999999996	5.375	8.6	30.937499999999996	0.0	0.0	0.0	3567498.0	118914.1	2.85	2.7249999999999996	5.375	8.6	30.937499999999996
