concurrency	elapsed-r	errors-r	ops(total)-r	ops/sec(cum)-r	avg(ms)-r	p50(ms)-r	p95(ms)-r	p99(ms)-r	pMax(ms)-r	total-r	elapsed-w	errors-w	ops(total)-w	ops/sec(cum)-w	avg(ms)-w	p50(ms)-w	p95(ms)-w	p99(ms)-w	pMax(ms)-w	total-w	elapsed	errors	ops(total)	ops/sec(cum)	avg(ms)	p50(ms)	p95(ms)	p99(ms)	pMax(ms)
50	0.0	0.0	4419168.0	147301.4	2.2	1.95	4.325	7.8999999999999995	218.09999999999997	0.0	0.0	0.0	232234.0	7740.900000000001	2.3	2.0	4.6	9.0	171.95000000000002	0.0	0.0	0.0	4651402.0	155042.00000000003	2.2	1.9625000000000001	4.325	8.0875	218.09999999999997
