concurrency	elapsed-w	errors-w	ops(total)-w	ops/sec(cum)-w	avg(ms)-w	p50(ms)-w	p95(ms)-w	p99(ms)-w	pMax(ms)-w	total-w	elapsed	errors	ops(total)	ops/sec(cum)	avg(ms)	p50(ms)	p95(ms)	p99(ms)	pMax(ms)
39	0.0	0.0	3484324.0	116141.59999999999	2.4875000000000003	2.4	4.925	7.349999999999999	26.4875	0.0	0.0	0.0	3484324.0	116141.59999999999	2.4875000000000003	2.4	4.925	7.349999999999999	26.4875
