concurrency	elapsed-r	errors-r	ops(total)-r	ops/sec(cum)-r	avg(ms)-r	p50(ms)-r	p95(ms)-r	p99(ms)-r	pMax(ms)-r	total-r	elapsed-w	errors-w	ops(total)-w	ops/sec(cum)-w	avg(ms)-w	p50(ms)-w	p95(ms)-w	p99(ms)-w	pMax(ms)-w	total-w	elapsed	errors	ops(total)	ops/sec(cum)	avg(ms)	p50(ms)	p95(ms)	p99(ms)	pMax(ms)
13	0.0	0.0	754987.0	25165.7	1.6500000000000001	1.3249999999999997	3.6499999999999995	4.925	27.275000000000002	0.0	0.0	0.0	40031.0	1334.4	4.35	2.275	15.325	23.6	49.775	0.0	0.0	0.0	795018.0	26500.1	1.7999999999999998	1.3249999999999997	3.875	7.35	52.925000000000004
