concurrency	elapsed-r	errors-r	ops(total)-r	ops/sec(cum)-r	avg(ms)-r	p50(ms)-r	p95(ms)-r	p99(ms)-r	pMax(ms)-r	total-r	elapsed-w	errors-w	ops(total)-w	ops/sec(cum)-w	avg(ms)-w	p50(ms)-w	p95(ms)-w	p99(ms)-w	pMax(ms)-w	total-w	elapsed	errors	ops(total)	ops/sec(cum)	avg(ms)	p50(ms)	p95(ms)	p99(ms)	pMax(ms)
31	0.0	0.0	1428270.0	47607.600000000006	5.075	3.4499999999999997	16.912499999999998	27.387500000000006	55.037499999999994	0.0	0.0	0.0	75469.0	2515.6	5.1000000000000005	3.4375	16.912499999999998	28.837500000000006	47.037499999999994	0.0	0.0	0.0	1503739.0	50123.1	5.075	3.4499999999999997	16.912499999999998	27.387500000000006	55.037499999999994
