concurrency	elapsed-r	errors-r	ops(total)-r	ops/sec(cum)-r	avg(ms)-r	p50(ms)-r	p95(ms)-r	p99(ms)-r	pMax(ms)-r	total-r	elapsed-w	errors-w	ops(total)-w	ops/sec(cum)-w	avg(ms)-w	p50(ms)-w	p95(ms)-w	p99(ms)-w	pMax(ms)-w	total-w	elapsed	errors	ops(total)	ops/sec(cum)	avg(ms)	p50(ms)	p95(ms)	p99(ms)	pMax(ms)
14	0.0	0.0	1023041.0	34100.799999999996	2.9124999999999996	2.8625	5.275	6.225	22.2875	0.0	0.0	0.0	53822.0	1794.2	3.0125	2.9124999999999996	5.5	6.624999999999999	13.975	0.0	0.0	0.0	1076863.0	35894.8	2.925	2.875	5.275	6.262499999999999	22.2875
