concurrency	elapsed-r	errors-r	ops(total)-r	ops/sec(cum)-r	avg(ms)-r	p50(ms)-r	p95(ms)-r	p99(ms)-r	pMax(ms)-r	total-r	elapsed-w	errors-w	ops(total)-w	ops/sec(cum)-w	avg(ms)-w	p50(ms)-w	p95(ms)-w	p99(ms)-w	pMax(ms)-w	total-w	elapsed	errors	ops(total)	ops/sec(cum)	avg(ms)	p50(ms)	p95(ms)	p99(ms)	pMax(ms)
86	0.0	0.0	16351.0	272.40000000000003	9.0	3.5500000000000003	38.25	107.0	197.125	0.0	0.0	0.0	588.0	9.700000000000001	48.099999999999994	26.75	191.875	299.90000000000003	423.65000000000003	0.0	0.0	0.0	16939.0	282.29999999999995	10.35	3.675	47.675	119.5	423.65000000000003
