concurrency	elapsed-r	errors-r	ops(total)-r	ops/sec(cum)-r	avg(ms)-r	p50(ms)-r	p95(ms)-r	p99(ms)-r	pMax(ms)-r	total-r	elapsed-w	errors-w	ops(total)-w	ops/sec(cum)-w	avg(ms)-w	p50(ms)-w	p95(ms)-w	p99(ms)-w	pMax(ms)-w	total-w	elapsed	errors	ops(total)	ops/sec(cum)	avg(ms)	p50(ms)	p95(ms)	p99(ms)	pMax(ms)
161	0.0	0.0	4547596.0	151574.4	5.34	4.4399999999999995	13.419999999999998	22.14	183.3	0.0	0.0	0.0	237729.0	7923.6	15.879999999999999	14.76	30.880000000000003	41.21999999999999	136.72	0.0	0.0	0.0	4785325.0	159498.2	5.88	4.62	16.06	26.18	187.06
