concurrency	elapsed-r	errors-r	ops(total)-r	ops/sec(cum)-r	avg(ms)-r	p50(ms)-r	p95(ms)-r	p99(ms)-r	pMax(ms)-r	total-r	elapsed-w	errors-w	ops(total)-w	ops/sec(cum)-w	avg(ms)-w	p50(ms)-w	p95(ms)-w	p99(ms)-w	pMax(ms)-w	total-w	elapsed	errors	ops(total)	ops/sec(cum)	avg(ms)	p50(ms)	p95(ms)	p99(ms)	pMax(ms)
51	0.0	0.0	1933194.0	64437.90000000001	5.2749999999999995	4.550000000000001	12.662499999999998	20.175	69.725	0.0	0.0	0.0	102210.0	3407.0000000000005	9.9375	9.1	22.412499999999998	32.537499999999994	67.8875	0.0	0.0	0.0	2035404.0	67844.8	5.5	4.725	13.549999999999997	21.625	77.07499999999999
