concurrency	elapsed-w	errors-w	ops(total)-w	ops/sec(cum)-w	avg(ms)-w	p50(ms)-w	p95(ms)-w	p99(ms)-w	pMax(ms)-w	total-w	elapsed	errors	ops(total)	ops/sec(cum)	avg(ms)	p50(ms)	p95(ms)	p99(ms)	pMax(ms)
47	0.0	0.0	3408466.0	113612.5	3.0875000000000004	2.9375	7.300000000000001	10.4375	24.25	0.0	0.0	0.0	3408466.0	113612.5	3.0875000000000004	2.9375	7.300000000000001	10.4375	24.25
