concurrency	elapsed-r	errors-r	ops(total)-r	ops/sec(cum)-r	avg(ms)-r	p50(ms)-r	p95(ms)-r	p99(ms)-r	pMax(ms)-r	total-r	elapsed-w	errors-w	ops(total)-w	ops/sec(cum)-w	avg(ms)-w	p50(ms)-w	p95(ms)-w	p99(ms)-w	pMax(ms)-w	total-w	elapsed	errors	ops(total)	ops/sec(cum)	avg(ms)	p50(ms)	p95(ms)	p99(ms)	pMax(ms)
32	0.0	0.0	1939158.0	64636.799999999996	3.2625	2.8999999999999995	7.299999999999999	12.099999999999998	47.9625	0.0	0.0	0.0	101713.0	3390.5	5.9125	5.5	12.974999999999998	18.4875	44.425	0.0	0.0	0.0	2040871.0	68027.3	3.3749999999999996	2.9625000000000004	7.8999999999999995	12.787499999999998	56.0875
