concurrency	elapsed-r	errors-r	ops(total)-r	ops/sec(cum)-r	avg(ms)-r	p50(ms)-r	p95(ms)-r	p99(ms)-r	pMax(ms)-r	total-r	elapsed-w	errors-w	ops(total)-w	ops/sec(cum)-w	avg(ms)-w	p50(ms)-w	p95(ms)-w	p99(ms)-w	pMax(ms)-w	total-w	elapsed	errors	ops(total)	ops/sec(cum)	avg(ms)	p50(ms)	p95(ms)	p99(ms)	pMax(ms)
55	0.0	0.0	1275036.0	42499.6	8.8375	7.799999999999999	20.0375	30.150000000000002	171.4375	0.0	0.0	0.0	67124.0	2237.3999999999996	16.887500000000003	15.512500000000001	33.5875	48.2	195.0125	0.0	0.0	0.0	1342160.0	44736.899999999994	9.225	8.0	21.25	32.1125	200.25
