concurrency	elapsed-r	errors-r	ops(total)-r	ops/sec(cum)-r	avg(ms)-r	p50(ms)-r	p95(ms)-r	p99(ms)-r	pMax(ms)-r	total-r	elapsed	errors	ops(total)	ops/sec(cum)	avg(ms)	p50(ms)	p95(ms)	p99(ms)	pMax(ms)
42	0.0	0.0	1553830.0	51793.1	6.0249999999999995	5.425000000000001	12.849999999999998	19.150000000000002	115.3375	0.0	0.0	0.0	1553830.0	51793.1	6.0249999999999995	5.425000000000001	12.849999999999998	19.150000000000002	115.3375
