concurrency	elapsed-r	errors-r	ops(total)-r	ops/sec(cum)-r	avg(ms)-r	p50(ms)-r	p95(ms)-r	p99(ms)-r	pMax(ms)-r	total-r	elapsed-w	errors-w	ops(total)-w	ops/sec(cum)-w	avg(ms)-w	p50(ms)-w	p95(ms)-w	p99(ms)-w	pMax(ms)-w	total-w	elapsed	errors	ops(total)	ops/sec(cum)	avg(ms)	p50(ms)	p95(ms)	p99(ms)	pMax(ms)
32	0.0	0.0	905115.0	30169.799999999996	2.2666666666666666	1.8999999999999997	4.366666666666666	13.1	67.10000000000001	0.0	0.0	0.0	47530.0	1584.4	4.166666666666667	3.5	9.799999999999999	27.266666666666666	74.10000000000001	0.0	0.0	0.0	952645.0	31753.999999999996	2.3333333333333335	2.0	5.066666666666666	13.6	74.10000000000001
