concurrency	elapsed-w	errors-w	ops(total)-w	ops/sec(cum)-w	avg(ms)-w	p50(ms)-w	p95(ms)-w	p99(ms)-w	pMax(ms)-w	total-w	elapsed	errors	ops(total)	ops/sec(cum)	avg(ms)	p50(ms)	p95(ms)	p99(ms)	pMax(ms)
7	0.0	0.0	37125.0	1237.5	22.299999999999997	3.7750000000000004	83.9	91.25	100.7	0.0	0.0	0.0	37125.0	1237.5	22.299999999999997	3.7750000000000004	83.9	91.25	100.7
