concurrency	elapsed-r	errors-r	ops(total)-r	ops/sec(cum)-r	avg(ms)-r	p50(ms)-r	p95(ms)-r	p99(ms)-r	pMax(ms)-r	total-r	elapsed	errors	ops(total)	ops/sec(cum)	avg(ms)	p50(ms)	p95(ms)	p99(ms)	pMax(ms)
23	0.0	0.0	1360675.0	45354.899999999994	3.8874999999999997	3.5999999999999996	7.7875	11.575	28.2	0.0	0.0	0.0	1360675.0	45354.899999999994	3.8874999999999997	3.5999999999999996	7.7875	11.575	28.2
