concurrency	elapsed-r	errors-r	ops(total)-r	ops/sec(cum)-r	avg(ms)-r	p50(ms)-r	p95(ms)-r	p99(ms)-r	pMax(ms)-r	total-r	elapsed-w	errors-w	ops(total)-w	ops/sec(cum)-w	avg(ms)-w	p50(ms)-w	p95(ms)-w	p99(ms)-w	pMax(ms)-w	total-w	elapsed	errors	ops(total)	ops/sec(cum)	avg(ms)	p50(ms)	p95(ms)	p99(ms)	pMax(ms)
22	0.0	0.0	1256974.0	27932.399999999998	2.0599999999999996	1.4600000000000002	4.7	11.5	143.45999999999998	0.0	0.0	0.0	66190.0	1470.9	20.080000000000002	2.54	91.46	108.25999999999999	139.24	0.0	0.0	0.0	1323164.0	29403.2	2.96	1.48	5.5	54.92	156.04000000000002
