concurrency	elapsed-r	errors-r	ops(total)-r	ops/sec(cum)-r	avg(ms)-r	p50(ms)-r	p95(ms)-r	p99(ms)-r	pMax(ms)-r	total-r	elapsed-w	errors-w	ops(total)-w	ops/sec(cum)-w	avg(ms)-w	p50(ms)-w	p95(ms)-w	p99(ms)-w	pMax(ms)-w	total-w	elapsed	errors	ops(total)	ops/sec(cum)	avg(ms)	p50(ms)	p95(ms)	p99(ms)	pMax(ms)
46	0.0	0.0	3219746.0	107322.29999999999	2.9999999999999996	2.8	5.025	9.5125	77.475	0.0	0.0	0.0	169186.0	5639.4	2.9874999999999994	2.7875	5.025	9.5125	23.462500000000002	0.0	0.0	0.0	3388932.0	112961.8	2.9999999999999996	2.8	5.025	9.5125	77.475
