concurrency	elapsed-r	errors-r	ops(total)-r	ops/sec(cum)-r	avg(ms)-r	p50(ms)-r	p95(ms)-r	p99(ms)-r	pMax(ms)-r	total-r	elapsed	errors	ops(total)	ops/sec(cum)	avg(ms)	p50(ms)	p95(ms)	p99(ms)	pMax(ms)
15	0.0	0.0	1359598.0	45319.3	2.4875	2.3249999999999997	4.25	7.15	19.537499999999998	0.0	0.0	0.0	1359598.0	45319.3	2.4875	2.3249999999999997	4.25	7.15	19.537499999999998
