concurrency	elapsed-r	errors-r	ops(total)-r	ops/sec(cum)-r	avg(ms)-r	p50(ms)-r	p95(ms)-r	p99(ms)-r	pMax(ms)-r	total-r	elapsed-w	errors-w	ops(total)-w	ops/sec(cum)-w	avg(ms)-w	p50(ms)-w	p95(ms)-w	p99(ms)-w	pMax(ms)-w	total-w	elapsed	errors	ops(total)	ops/sec(cum)	avg(ms)	p50(ms)	p95(ms)	p99(ms)	pMax(ms)
82	0.0	0.0	2772959.0	46215.299999999996	3.2750000000000004	2.05	10.625	25.45	155.175	0.0	0.0	0.0	145408.0	2423.2999999999997	6.425	4.0	22.825000000000003	39.275	72.35000000000001	0.0	0.0	0.0	2918367.0	48638.899999999994	3.45	2.1	11.25	26.75	155.175
