concurrency	elapsed-w	errors-w	ops(total)-w	ops/sec(cum)-w	avg(ms)-w	p50(ms)-w	p95(ms)-w	p99(ms)-w	pMax(ms)-w	total-w	elapsed	errors	ops(total)	ops/sec(cum)	avg(ms)	p50(ms)	p95(ms)	p99(ms)	pMax(ms)
64	0.0	0.0	724402.0	24145.8	20.675	18.225	50.300000000000004	68.14999999999999	200.2625	0.0	0.0	0.0	724402.0	24145.8	20.675	18.225	50.300000000000004	68.14999999999999	200.2625
