concurrency	elapsed-r	errors-r	ops(total)-r	ops/sec(cum)-r	avg(ms)-r	p50(ms)-r	p95(ms)-r	p99(ms)-r	pMax(ms)-r	total-r	elapsed-w	errors-w	ops(total)-w	ops/sec(cum)-w	avg(ms)-w	p50(ms)-w	p95(ms)-w	p99(ms)-w	pMax(ms)-w	total-w	elapsed	errors	ops(total)	ops/sec(cum)	avg(ms)	p50(ms)	p95(ms)	p99(ms)	pMax(ms)
40	0.0	0.0	850466.0	28348.300000000003	3.2999999999999994	2.5	8.1	19.9	85.30000000000001	0.0	0.0	0.0	45007.0	1500.2	1.3999999999999997	1.0	3.4333333333333336	8.733333333333334	58.70000000000001	0.0	0.0	0.0	895473.0	29848.4	3.2000000000000006	2.4	7.900000000000001	19.9	85.30000000000001
