concurrency	elapsed-r	errors-r	ops(total)-r	ops/sec(cum)-r	avg(ms)-r	p50(ms)-r	p95(ms)-r	p99(ms)-r	pMax(ms)-r	total-r	elapsed-w	errors-w	ops(total)-w	ops/sec(cum)-w	avg(ms)-w	p50(ms)-w	p95(ms)-w	p99(ms)-w	pMax(ms)-w	total-w	elapsed	errors	ops(total)	ops/sec(cum)	avg(ms)	p50(ms)	p95(ms)	p99(ms)	pMax(ms)
75	0.0	0.0	2662792.0	88756.3	4.3	3.4200000000000004	11.7	20.58	127.88	0.0	0.0	0.0	140654.0	4688.3	11.620000000000001	10.219999999999999	25.520000000000003	34.6	145.54000000000002	0.0	0.0	0.0	2803446.0	93444.4	4.66	3.4200000000000004	13.939999999999998	23.1	146.36
