concurrency	elapsed-r	errors-r	ops(total)-r	ops/sec(cum)-r	avg(ms)-r	p50(ms)-r	p95(ms)-r	p99(ms)-r	pMax(ms)-r	total-r	elapsed-w	errors-w	ops(total)-w	ops/sec(cum)-w	avg(ms)-w	p50(ms)-w	p95(ms)-w	p99(ms)-w	pMax(ms)-w	total-w	elapsed	errors	ops(total)	ops/sec(cum)	avg(ms)	p50(ms)	p95(ms)	p99(ms)	pMax(ms)
49	0.0	0.0	1115243.0	37172.80000000001	8.35	5.475	18.075	35.0375	1061.1625000000001	0.0	0.0	0.0	58770.0	1958.8999999999999	33.0625	11.8625	40.3375	826.2874999999999	1182.8375	0.0	0.0	0.0	1174013.0	39131.600000000006	9.6	5.5	19.5375	39.8	1182.8375
